# Blender 4.5.3 LTS
# www.blender.org
mtllib hourglass_cd.mtl
o CD_container
v -0.465022 0.863395 0.346944
v -0.451884 0.863384 0.363931
v -0.445923 0.863379 0.371031
v -0.431785 0.863367 0.387477
v -0.425891 0.863362 0.394031
v -0.417503 0.863355 0.402629
v -0.410252 0.863349 0.410253
v -0.387477 0.863329 0.431785
v -0.371030 0.863315 0.445924
v -0.354289 0.863301 0.459231
v -0.346944 0.863295 0.465022
v -0.329044 0.863280 0.477672
v -0.222596 0.863189 0.535776
v -0.187577 0.863159 0.548867
v -0.179899 0.863153 0.551403
v -0.141494 0.863120 0.562666
v -0.111711 0.863095 0.569330
v -0.096773 0.863082 0.571878
v -0.081913 0.863070 0.574382
v -0.067025 0.863057 0.576132
v -0.052124 0.863044 0.577858
v -0.037231 0.863032 0.578833
v -0.022210 0.863019 0.579792
v -0.007555 0.863006 0.580184
v 0.007395 0.862994 0.579997
v 0.022335 0.862981 0.579786
v 0.052125 0.862956 0.577858
v 0.067009 0.862943 0.576134
v 0.081913 0.862930 0.574381
v 0.096758 0.862918 0.571880
v 0.111711 0.862905 0.569329
v 0.156327 0.862867 0.558541
v 0.187584 0.862841 0.548864
v 0.201119 0.862829 0.544244
v 0.230666 0.862804 0.532183
v -0.472302 0.863401 0.336669
v -0.437723 0.863372 0.380506
v -0.261329 0.863222 0.517795
v 0.037193 0.862969 0.578836
v 0.141495 0.862880 0.562664
v 0.282860 0.862759 0.506411
v -0.494790 0.863420 0.303033
v -0.483790 0.863411 0.320263
v -0.402627 0.863342 0.417504
v -0.394033 0.863335 0.425889
v -0.380502 0.863323 0.437726
v -0.363931 0.863309 0.451883
v -0.336673 0.863286 0.472299
v -0.310356 0.863264 0.489983
v -0.253743 0.863216 0.521614
v -0.230664 0.863196 0.532186
v -0.201122 0.863171 0.544244
v -0.156318 0.863133 0.558544
v -0.231211 0.863196 0.491595
v -0.130254 0.863110 0.524315
v 0.037937 0.862967 0.547113
v 0.320260 0.862728 0.483789
v -0.510128 0.863433 0.276339
v -0.506411 0.863430 0.282872
v -0.489984 0.863416 0.310356
v -0.302801 0.863257 0.443212
v -0.228849 0.863194 0.474462
v -0.142368 0.863121 0.505866
v -0.042232 0.863036 0.526962
v 0.081805 0.862930 0.532171
v 0.149257 0.862873 0.530003
v 0.336668 0.862714 0.472299
v -0.502483 0.863427 0.289681
v 0.354290 0.862699 0.459228
v -0.532182 0.863452 0.230675
v -0.521615 0.863443 0.253742
v -0.459231 0.863390 0.354290
v -0.369477 0.863314 0.386991
v 0.193633 0.862835 0.473814
v -0.535777 0.863455 0.222594
v 0.069648 0.862940 0.478001
v 0.247554 0.862789 0.394376
v -0.551404 0.863469 0.179899
v -0.548866 0.863466 0.187581
v -0.544244 0.863462 0.201121
v -0.185512 0.863157 0.441040
v -0.026986 0.863022 0.482520
v -0.268316 0.863228 0.395814
v -0.062957 0.863053 0.424467
v 0.126850 0.862892 0.402808
v -0.517793 0.863440 0.261334
v -0.395184 0.863336 0.281007
v -0.566772 0.863482 0.123247
v -0.558540 0.863475 0.156337
v -0.260045 0.863221 0.288888
v 0.402626 0.862658 0.417503
v -0.401529 0.863341 0.159397
v -0.153521 0.863130 0.329640
v -0.052060 0.863044 0.307389
v 0.044716 0.862962 0.332197
v 0.472294 0.862599 0.336676
v -0.580185 0.863493 0.007555
v -0.303424 0.863258 0.193441
v -0.182373 0.863155 0.207786
v -0.578834 0.863492 0.037232
v 0.102179 0.862913 0.257080
v 0.194480 0.862835 0.301194
v 0.311029 0.862736 0.284886
v 0.489980 0.862584 0.310356
v -0.352608 0.863300 0.072662
v -0.247828 0.863210 0.128504
v -0.125450 0.863106 0.146968
v -0.008920 0.863007 0.207646
v -0.464949 0.863395 0.067144
v 0.155663 0.862868 0.179903
v 0.532186 0.862548 0.230657
v -0.451817 0.863384 -0.080516
v -0.293415 0.863249 -0.025742
v 0.366147 0.862689 0.188776
v 0.544242 0.862538 0.201119
v -0.571881 0.863486 -0.096759
v -0.551406 0.863469 -0.179892
v 0.071854 0.862939 0.082566
v 0.249096 0.862788 0.166556
v -0.558537 0.863475 -0.156345
v -0.165625 0.863141 0.002303
v -0.068625 0.863058 0.043531
v 0.562663 0.862522 0.141492
v -0.189059 0.863161 -0.121382
v 0.448330 0.862619 0.098241
v 0.558534 0.862525 0.156344
v -0.367415 0.863312 -0.114977
v 0.569327 0.862516 0.111710
v -0.521618 0.863443 -0.253734
v -0.230743 0.863196 -0.226149
v -0.056672 0.863048 -0.098724
v 0.027888 0.862977 -0.052422
v 0.127227 0.862893 -0.032942
v 0.221172 0.862813 0.035872
v 0.332131 0.862718 0.077088
v 0.571872 0.862514 0.096787
v 0.574379 0.862512 0.081911
v -0.446786 0.863380 -0.212469
v -0.297072 0.863253 -0.166001
v 0.576131 0.862511 0.067008
v 0.577855 0.862509 0.052124
v 0.578831 0.862508 0.037213
v -0.349409 0.863297 -0.256064
v 0.063407 0.862947 -0.170220
v 0.579789 0.862507 0.022211
v 0.580181 0.862507 0.007556
v -0.152482 0.863130 -0.286176
v -0.079265 0.863068 -0.215950
v 0.281172 0.862762 -0.094378
v 0.579993 0.862507 -0.007453
v -0.477675 0.863406 -0.329038
v 0.579783 0.862507 -0.022334
v 0.578833 0.862508 -0.037192
v -0.334618 0.863285 -0.360018
v 0.018129 0.862985 -0.286719
v 0.129845 0.862890 -0.222819
v 0.183237 0.862845 -0.151996
v 0.577856 0.862509 -0.052123
v -0.459230 0.863390 -0.354289
v -0.437719 0.863372 -0.380507
v 0.400750 0.862660 -0.067357
v 0.576131 0.862511 -0.067008
v -0.451883 0.863384 -0.363930
v 0.574378 0.862512 -0.081912
v 0.477969 0.862594 -0.034044
v 0.571875 0.862514 -0.096772
v -0.085026 0.863073 -0.360795
v 0.096621 0.862918 -0.330252
v 0.291103 0.862753 -0.212742
v 0.415032 0.862648 -0.184059
v -0.425890 0.863362 -0.394031
v -0.254306 0.863216 -0.385957
v -0.417504 0.863355 -0.402627
v 0.565023 0.862520 -0.131014
v -0.402628 0.863342 -0.417503
v 0.558531 0.862526 -0.156352
v -0.410252 0.863349 -0.410252
v -0.394032 0.863335 -0.425888
v -0.143013 0.863122 -0.435452
v -0.044860 0.863039 -0.447306
v 0.046079 0.862962 -0.409836
v 0.142648 0.862880 -0.410682
v 0.203321 0.862828 -0.321546
v -0.380499 0.863324 -0.437727
v -0.253727 0.863216 -0.521620
v -0.387476 0.863329 -0.431785
v 0.077932 0.862935 -0.482873
v 0.339013 0.862713 -0.361724
v -0.354288 0.863301 -0.459231
v -0.282861 0.863241 -0.506413
v -0.538694 0.863458 0.215341
v -0.320263 0.863272 0.483790
v -0.245780 0.863209 0.525560
v -0.171259 0.863145 0.554341
v -0.579997 0.863493 -0.007414
v -0.578836 0.863492 -0.037192
v -0.576133 0.863490 -0.067025
v -0.548868 0.863466 -0.187575
v -0.525559 0.863447 -0.245781
v -0.517796 0.863440 -0.261326
v -0.371030 0.863315 -0.445922
v -0.215340 0.863183 -0.538692
v -0.156327 0.863133 -0.558539
v -0.123258 0.863105 -0.566766
v 0.261329 0.862778 0.517794
v 0.245778 0.862791 0.525559
v 0.303033 0.862742 0.494788
v 0.387472 0.862671 0.431782
v 0.425831 0.862638 0.394095
v 0.445921 0.862621 0.371029
v 0.410251 0.862651 0.410251
v 0.465020 0.862605 0.346944
v 0.494786 0.862580 0.303033
v 0.506407 0.862570 0.282864
v 0.525558 0.862554 0.245777
v 0.517787 0.862560 0.261338
v 0.354288 0.862699 -0.459229
v 0.431781 0.862633 -0.387472
v 0.402626 0.862658 -0.417501
v 0.022333 0.862981 -0.579785
v 0.052126 0.862956 -0.577856
v 0.081913 0.862931 -0.574379
v 0.111712 0.862905 -0.569327
v 0.130916 0.862889 -0.565046
v 0.156354 0.862868 -0.558531
v 0.187573 0.862841 -0.548865
v 0.261332 0.862778 -0.517790
v 0.320260 0.862728 -0.483787
v 0.554338 0.862529 -0.171258
v 0.532179 0.862548 -0.230669
v 0.551400 0.862532 -0.179898
v 0.502463 0.862573 -0.289713
v 0.494786 0.862580 -0.303032
v -0.477673 0.863406 0.329042
v -0.562666 0.863478 0.141495
v -0.569331 0.863484 0.111712
v -0.574382 0.863488 0.081915
v -0.577859 0.863491 0.052125
v -0.579792 0.863493 0.022211
v -0.282867 0.863240 0.506412
v -0.215342 0.863183 0.538693
v -0.123263 0.863105 0.566767
v -0.579787 0.863493 -0.022335
v -0.577859 0.863491 -0.052125
v -0.574382 0.863488 -0.081913
v -0.569330 0.863484 -0.111713
v -0.554341 0.863471 -0.171260
v -0.544244 0.863462 -0.201122
v -0.472294 0.863401 -0.336678
v -0.346944 0.863295 -0.465022
v -0.303032 0.863258 -0.494789
v -0.245780 0.863209 -0.525558
v -0.171259 0.863146 -0.554339
v -0.111711 0.863095 -0.569328
v -0.081913 0.863070 -0.574379
v -0.052125 0.863044 -0.577856
v -0.022212 0.863019 -0.579790
v 0.130920 0.862889 0.565047
v 0.179901 0.862847 0.551401
v 0.222597 0.862811 0.535774
v 0.289821 0.862754 0.502402
v 0.310357 0.862736 0.489981
v 0.329043 0.862720 0.477670
v 0.380437 0.862677 0.437781
v 0.394092 0.862665 0.425833
v 0.431781 0.862633 0.387473
v 0.459229 0.862610 0.354289
v 0.483788 0.862589 0.320260
v 0.510169 0.862567 0.276259
v 0.502449 0.862573 0.289739
v 0.535773 0.862545 0.222596
v 0.551399 0.862532 0.179903
v 0.565044 0.862520 0.130923
v 0.465020 0.862605 -0.346942
v 0.459229 0.862610 -0.354287
v 0.346943 0.862705 -0.465021
v 0.336679 0.862714 -0.472291
v 0.380442 0.862677 -0.437774
v 0.371029 0.862685 -0.445920
v 0.394091 0.862665 -0.425832
v 0.230671 0.862805 -0.532179
v 0.123261 0.862895 -0.566765
v 0.179895 0.862847 -0.551401
v 0.215341 0.862817 -0.538690
v 0.253738 0.862785 -0.521612
v 0.245778 0.862791 -0.525557
v 0.276278 0.862765 -0.510158
v 0.310355 0.862737 -0.489980
v 0.548861 0.862534 -0.187584
v 0.510168 0.862567 -0.276259
v 0.489979 0.862584 -0.310355
v -0.525560 0.863447 0.245781
v -0.565050 0.863480 0.130912
v -0.571881 0.863486 0.096759
v -0.576137 0.863490 0.066992
v -0.289675 0.863246 0.502487
v -0.565050 0.863480 -0.130911
v -0.535777 0.863455 -0.222594
v -0.510126 0.863433 -0.276340
v -0.489983 0.863416 -0.310355
v -0.465022 0.863395 -0.346943
v -0.445923 0.863379 -0.371030
v -0.363930 0.863309 -0.451883
v -0.201122 0.863171 -0.544242
v -0.130914 0.863111 -0.565047
v 0.171259 0.862854 0.554340
v 0.123265 0.862895 0.566766
v 0.215343 0.862817 0.538691
v 0.276278 0.862765 0.510160
v 0.371030 0.862685 0.445921
v 0.451881 0.862616 0.363930
v 0.477669 0.862594 0.329043
v 0.554338 0.862529 0.171258
v 0.445921 0.862621 -0.371027
v 0.425830 0.862638 -0.394094
v 0.451880 0.862616 -0.363929
v 0.387472 0.862671 -0.431781
v 0.410250 0.862652 -0.410250
v 0.007434 0.862994 -0.579994
v 0.037192 0.862969 -0.578833
v 0.066974 0.862943 -0.576136
v 0.096772 0.862918 -0.571875
v 0.222595 0.862811 -0.535773
v 0.282864 0.862760 -0.506407
v 0.303032 0.862743 -0.494786
v 0.329042 0.862721 -0.477670
v 0.569327 0.862516 -0.111710
v 0.562662 0.862522 -0.141493
v 0.566763 0.862518 -0.123266
v 0.544241 0.862538 -0.201119
v 0.538688 0.862542 -0.215345
v 0.525556 0.862554 -0.245778
v 0.506400 0.862570 -0.282873
v 0.477669 0.862594 -0.329042
v -0.554341 0.863471 0.171260
v -0.303033 0.863257 0.494790
v -0.276321 0.863235 0.510137
v -0.130918 0.863111 0.565048
v -0.562666 0.863478 -0.141494
v -0.566769 0.863482 -0.123256
v -0.538694 0.863458 -0.215339
v -0.532181 0.863452 -0.230674
v -0.506413 0.863430 -0.282866
v -0.502497 0.863427 -0.289656
v -0.483788 0.863411 -0.320263
v -0.494790 0.863420 -0.303032
v -0.431784 0.863367 -0.387476
v -0.329042 0.863280 -0.477672
v -0.141494 0.863120 -0.562663
v -0.067009 0.863057 -0.576132
v -0.037195 0.863032 -0.578834
v -0.007554 0.863007 -0.580182
v 0.253736 0.862784 0.521615
v 0.346943 0.862705 0.465020
v 0.363930 0.862691 0.451881
v 0.417503 0.862645 0.402626
v 0.437784 0.862628 0.380432
v 0.521611 0.862557 0.253742
v 0.548861 0.862534 0.187585
v 0.538689 0.862542 0.215344
v 0.566763 0.862518 0.123268
v 0.437782 0.862628 -0.380433
v 0.417500 0.862646 -0.402627
v 0.363929 0.862691 -0.451881
v 0.141493 0.862880 -0.562663
v 0.171258 0.862855 -0.554338
v 0.201120 0.862829 -0.544241
v 0.289720 0.862754 -0.502459
v 0.535772 0.862545 -0.222596
v 0.521609 0.862557 -0.253745
v 0.517795 0.862560 -0.261321
v 0.399552 0.862661 -0.276317
v -0.336673 0.863286 -0.472297
v -0.096089 0.863082 -0.501438
v 0.211338 0.862821 -0.439707
v -0.320263 0.863272 -0.483788
v -0.101276 0.863087 -0.535783
v 0.085848 0.862927 -0.517291
v 0.234066 0.862801 -0.470687
v -0.310355 0.863264 -0.489982
v 0.096878 0.862919 -0.531025
v 0.231238 0.862805 -0.491581
v -0.276321 0.863235 -0.510135
v 0.307100 0.862740 -0.435811
v -0.289561 0.863246 -0.502551
v -0.261336 0.863222 -0.517790
v -0.187577 0.863160 -0.548865
v -0.096773 0.863083 -0.571876
v 0.472290 0.862599 -0.336680
v -0.230672 0.863196 -0.532180
v -0.222594 0.863189 -0.535775
v -0.179897 0.863153 -0.551402
v 0.483787 0.862589 -0.320260
v -0.465022 -0.863395 0.346944
v -0.451884 -0.863384 0.363931
v -0.445923 -0.863379 0.371031
v -0.431785 -0.863367 0.387477
v -0.425891 -0.863362 0.394031
v -0.417503 -0.863355 0.402629
v -0.387477 -0.863329 0.431785
v -0.371030 -0.863315 0.445924
v -0.354289 -0.863301 0.459231
v -0.346944 -0.863295 0.465022
v -0.329044 -0.863280 0.477672
v -0.222596 -0.863189 0.535776
v -0.187577 -0.863159 0.548867
v -0.179899 -0.863153 0.551403
v -0.141494 -0.863120 0.562666
v -0.111711 -0.863095 0.569330
v -0.081913 -0.863070 0.574382
v -0.052124 -0.863044 0.577858
v -0.022210 -0.863019 0.579792
v -0.007555 -0.863007 0.580184
v 0.052125 -0.862956 0.577858
v 0.156327 -0.862867 0.558541
v 0.222597 -0.862811 0.535774
v 0.253736 -0.862785 0.521615
v -0.459232 -0.863390 0.354289
v -0.437723 -0.863372 0.380505
v -0.261329 -0.863222 0.517795
v 0.067009 -0.862943 0.576133
v 0.081913 -0.862930 0.574381
v 0.096758 -0.862918 0.571880
v 0.111711 -0.862905 0.569329
v 0.289821 -0.862754 0.502402
v -0.506411 -0.863430 0.282872
v -0.502483 -0.863427 0.289681
v -0.494790 -0.863420 0.303033
v -0.483790 -0.863411 0.320263
v -0.410252 -0.863349 0.410252
v -0.402627 -0.863342 0.417504
v -0.380502 -0.863324 0.437725
v -0.363931 -0.863309 0.451883
v -0.336672 -0.863286 0.472299
v -0.310356 -0.863264 0.489983
v -0.253743 -0.863216 0.521614
v -0.230664 -0.863196 0.532186
v -0.201122 -0.863171 0.544244
v -0.156319 -0.863133 0.558544
v -0.096773 -0.863082 0.571878
v -0.067025 -0.863057 0.576132
v -0.037231 -0.863032 0.578833
v 0.007395 -0.862994 0.579997
v 0.022335 -0.862981 0.579786
v 0.037193 -0.862969 0.578835
v 0.141495 -0.862880 0.562664
v 0.179901 -0.862847 0.551401
v 0.230666 -0.862804 0.532183
v 0.276278 -0.862765 0.510160
v 0.303033 -0.862742 0.494787
v -0.426334 -0.863362 0.370168
v -0.130254 -0.863110 0.524314
v 0.037937 -0.862967 0.547112
v 0.282860 -0.862760 0.506411
v 0.310357 -0.862736 0.489981
v -0.264663 -0.863224 0.472610
v 0.187587 -0.862841 0.548863
v 0.261332 -0.862778 0.517792
v 0.320260 -0.862728 0.483789
v -0.510128 -0.863433 0.276338
v -0.489984 -0.863416 0.310356
v -0.312371 -0.863265 0.436420
v -0.194116 -0.863165 0.488806
v -0.094547 -0.863080 0.517677
v 0.048822 -0.862958 0.522589
v 0.346943 -0.862705 0.465020
v 0.201118 -0.862829 0.544244
v -0.521615 -0.863443 0.253742
v -0.517792 -0.863440 0.261336
v -0.381547 -0.863324 0.374955
v -0.535777 -0.863455 0.222594
v -0.092027 -0.863078 0.474722
v 0.380437 -0.862677 0.437781
v 0.387472 -0.862671 0.431782
v -0.472301 -0.863401 0.336670
v 0.354290 -0.862699 0.459228
v -0.551404 -0.863469 0.179899
v -0.548866 -0.863466 0.187581
v -0.544244 -0.863462 0.201121
v 0.394092 -0.862665 0.425833
v -0.294368 -0.863250 0.390058
v 0.410251 -0.862652 0.410251
v 0.175229 -0.862851 0.457849
v 0.417503 -0.862645 0.402626
v -0.208713 -0.863177 0.406920
v -0.082173 -0.863070 0.402453
v 0.071326 -0.862939 0.458764
v 0.336675 -0.862714 0.472294
v 0.425831 -0.862638 0.394094
v -0.383910 -0.863326 0.281439
v -0.292931 -0.863249 0.299935
v 0.437784 -0.862628 0.380432
v -0.532182 -0.863452 0.230674
v 0.029889 -0.862974 0.359807
v 0.459229 -0.862610 0.354288
v 0.451881 -0.862616 0.363929
v -0.451139 -0.863383 0.172333
v -0.338396 -0.863287 0.189139
v -0.227894 -0.863194 0.243569
v -0.140522 -0.863119 0.306613
v 0.166308 -0.862858 0.373788
v 0.402626 -0.862658 0.417503
v 0.477669 -0.862594 0.329043
v -0.578835 -0.863492 0.037213
v -0.580185 -0.863493 0.007555
v 0.085977 -0.862927 0.291981
v -0.039379 -0.863033 0.270887
v -0.579997 -0.863493 -0.007415
v -0.478328 -0.863406 0.041713
v -0.124130 -0.863105 0.172421
v 0.187141 -0.862841 0.273717
v 0.275599 -0.862766 0.295303
v 0.472294 -0.862599 0.336676
v 0.489980 -0.862584 0.310356
v -0.387403 -0.863329 0.085883
v -0.268205 -0.863228 0.113242
v 0.061539 -0.862948 0.205482
v 0.517787 -0.862560 0.261338
v 0.532186 -0.862548 0.230657
v -0.459869 -0.863391 -0.051201
v 0.264776 -0.862775 0.202913
v 0.535773 -0.862545 0.222596
v 0.544242 -0.862538 0.201119
v -0.571881 -0.863486 -0.096759
v -0.293418 -0.863249 -0.025742
v -0.073818 -0.863063 0.078117
v 0.548861 -0.862534 0.187585
v 0.031985 -0.862973 0.070446
v 0.178378 -0.862848 0.133839
v 0.366147 -0.862689 0.188775
v 0.521612 -0.862557 0.253740
v 0.551399 -0.862532 0.179902
v -0.558537 -0.863475 -0.156345
v -0.172288 -0.863146 0.021197
v 0.562663 -0.862522 0.141492
v 0.558534 -0.862525 0.156344
v -0.403291 -0.863343 -0.129266
v 0.569327 -0.862516 0.111710
v -0.208592 -0.863177 -0.126748
v -0.063761 -0.863054 -0.078558
v 0.058589 -0.862951 -0.059662
v 0.117669 -0.862900 0.021108
v 0.222757 -0.862811 0.015658
v 0.320152 -0.862728 0.066753
v 0.432138 -0.862633 0.102494
v 0.571873 -0.862514 0.096786
v 0.574379 -0.862512 0.081911
v -0.297085 -0.863253 -0.166009
v 0.576131 -0.862511 0.067008
v 0.577855 -0.862509 0.052124
v 0.578831 -0.862508 0.037213
v -0.384815 -0.863327 -0.250872
v -0.232767 -0.863198 -0.237530
v 0.056890 -0.862952 -0.159018
v 0.579789 -0.862507 0.022211
v 0.580181 -0.862507 0.007555
v -0.104570 -0.863089 -0.216251
v 0.279288 -0.862763 -0.088052
v 0.579993 -0.862507 -0.007453
v 0.389079 -0.862670 -0.084602
v 0.458828 -0.862610 -0.005128
v 0.579783 -0.862507 -0.022334
v 0.578833 -0.862508 -0.037192
v 0.020693 -0.862983 -0.260224
v 0.182858 -0.862845 -0.151682
v 0.576131 -0.862511 -0.067008
v 0.577856 -0.862509 -0.052123
v 0.574378 -0.862512 -0.081912
v 0.571875 -0.862514 -0.096772
v -0.117996 -0.863101 -0.350022
v 0.037241 -0.862969 -0.348027
v 0.132234 -0.862888 -0.256133
v 0.238679 -0.862798 -0.273518
v 0.316578 -0.862731 -0.191231
v 0.565023 -0.862520 -0.131014
v 0.558531 -0.862526 -0.156353
v -0.029983 -0.863026 -0.423414
v 0.172338 -0.862854 -0.381285
v -0.276772 -0.863235 -0.372124
v 0.438553 -0.862628 -0.194853
v 0.532179 -0.862548 -0.230669
v 0.544241 -0.862538 -0.201119
v 0.305729 -0.862741 -0.329138
v -0.538694 -0.863458 0.215340
v -0.558537 -0.863475 0.156346
v -0.566769 -0.863482 0.123257
v -0.320263 -0.863272 0.483789
v -0.245780 -0.863209 0.525560
v -0.171259 -0.863146 0.554341
v -0.394034 -0.863335 0.425889
v -0.578836 -0.863492 -0.037193
v -0.576133 -0.863490 -0.067026
v -0.548868 -0.863466 -0.187575
v -0.525559 -0.863447 -0.245781
v -0.517796 -0.863440 -0.261326
v -0.394032 -0.863335 -0.425888
v -0.371030 -0.863315 -0.445922
v -0.354288 -0.863301 -0.459231
v -0.336673 -0.863286 -0.472298
v -0.310355 -0.863264 -0.489982
v -0.282861 -0.863241 -0.506414
v -0.289561 -0.863246 -0.502551
v -0.215340 -0.863183 -0.538692
v -0.156327 -0.863133 -0.558540
v -0.123258 -0.863105 -0.566766
v 0.245778 -0.862791 0.525558
v 0.445921 -0.862621 0.371029
v 0.465020 -0.862605 0.346944
v 0.494786 -0.862580 0.303033
v 0.506407 -0.862570 0.282864
v 0.525558 -0.862554 0.245777
v 0.472290 -0.862599 -0.336679
v 0.354288 -0.862699 -0.459229
v 0.431781 -0.862633 -0.387472
v 0.402626 -0.862658 -0.417501
v 0.022333 -0.862981 -0.579785
v 0.052126 -0.862956 -0.577856
v 0.081913 -0.862930 -0.574379
v 0.111712 -0.862905 -0.569327
v 0.130916 -0.862889 -0.565046
v 0.156354 -0.862868 -0.558531
v 0.187573 -0.862841 -0.548865
v 0.261332 -0.862778 -0.517790
v 0.320260 -0.862728 -0.483787
v 0.554338 -0.862529 -0.171258
v 0.551400 -0.862532 -0.179899
v 0.502463 -0.862573 -0.289712
v 0.494786 -0.862580 -0.303032
v -0.477673 -0.863406 0.329042
v -0.562666 -0.863478 0.141495
v -0.569331 -0.863484 0.111712
v -0.574382 -0.863488 0.081915
v -0.577859 -0.863491 0.052125
v -0.579792 -0.863493 0.022211
v -0.282867 -0.863240 0.506412
v -0.215342 -0.863183 0.538693
v -0.123263 -0.863105 0.566767
v -0.579787 -0.863493 -0.022335
v -0.577859 -0.863491 -0.052125
v -0.574382 -0.863488 -0.081913
v -0.569330 -0.863484 -0.111713
v -0.554341 -0.863471 -0.171260
v -0.544244 -0.863462 -0.201122
v -0.551406 -0.863469 -0.179892
v -0.521618 -0.863443 -0.253734
v -0.477675 -0.863406 -0.329038
v -0.472294 -0.863401 -0.336678
v -0.459230 -0.863390 -0.354289
v -0.387476 -0.863329 -0.431785
v -0.380499 -0.863323 -0.437727
v -0.346944 -0.863295 -0.465022
v -0.303032 -0.863257 -0.494789
v -0.320263 -0.863272 -0.483788
v -0.261336 -0.863222 -0.517790
v -0.245780 -0.863209 -0.525558
v -0.187577 -0.863160 -0.548865
v -0.171259 -0.863146 -0.554339
v -0.111711 -0.863095 -0.569328
v -0.081913 -0.863070 -0.574380
v -0.052125 -0.863044 -0.577857
v -0.022212 -0.863019 -0.579790
v 0.130920 -0.862889 0.565046
v 0.329043 -0.862721 0.477670
v 0.431781 -0.862633 0.387473
v 0.483788 -0.862589 0.320260
v 0.510169 -0.862567 0.276259
v 0.502449 -0.862573 0.289739
v 0.565044 -0.862520 0.130923
v 0.465020 -0.862605 -0.346943
v 0.459229 -0.862610 -0.354287
v 0.346943 -0.862705 -0.465021
v 0.336679 -0.862714 -0.472291
v 0.380442 -0.862677 -0.437774
v 0.371029 -0.862685 -0.445920
v 0.394091 -0.862665 -0.425832
v 0.230671 -0.862804 -0.532179
v 0.123261 -0.862895 -0.566765
v 0.179895 -0.862847 -0.551402
v 0.215341 -0.862817 -0.538690
v 0.253738 -0.862785 -0.521612
v 0.245778 -0.862791 -0.525557
v 0.276278 -0.862765 -0.510158
v 0.310355 -0.862737 -0.489980
v 0.548861 -0.862534 -0.187584
v 0.510168 -0.862567 -0.276259
v 0.489979 -0.862584 -0.310355
v -0.525560 -0.863447 0.245781
v -0.565050 -0.863480 0.130912
v -0.571881 -0.863486 0.096759
v -0.576137 -0.863490 0.066992
v -0.289675 -0.863246 0.502487
v -0.565050 -0.863480 -0.130911
v -0.535777 -0.863455 -0.222594
v -0.510126 -0.863433 -0.276340
v -0.489983 -0.863416 -0.310355
v -0.465022 -0.863395 -0.346943
v -0.445923 -0.863379 -0.371030
v -0.425890 -0.863362 -0.394031
v -0.402628 -0.863342 -0.417503
v -0.363930 -0.863309 -0.451883
v -0.410252 -0.863349 -0.410252
v -0.276321 -0.863235 -0.510136
v -0.253727 -0.863216 -0.521620
v -0.222594 -0.863189 -0.535775
v -0.179897 -0.863153 -0.551402
v -0.201121 -0.863171 -0.544242
v -0.130914 -0.863111 -0.565047
v 0.171259 -0.862855 0.554340
v 0.123265 -0.862895 0.566766
v 0.215343 -0.862817 0.538691
v 0.371030 -0.862685 0.445921
v 0.554338 -0.862529 0.171258
v 0.445921 -0.862621 -0.371027
v 0.425830 -0.862638 -0.394094
v 0.451880 -0.862616 -0.363929
v 0.387472 -0.862671 -0.431781
v 0.410250 -0.862652 -0.410251
v 0.007434 -0.862994 -0.579994
v 0.037192 -0.862969 -0.578833
v 0.066974 -0.862943 -0.576136
v 0.096772 -0.862918 -0.571876
v 0.222595 -0.862811 -0.535773
v 0.282864 -0.862760 -0.506407
v 0.303032 -0.862743 -0.494786
v 0.329042 -0.862720 -0.477670
v 0.569327 -0.862516 -0.111710
v 0.562662 -0.862522 -0.141493
v 0.566763 -0.862518 -0.123266
v 0.538689 -0.862542 -0.215343
v 0.525556 -0.862554 -0.245778
v 0.506406 -0.862570 -0.282863
v 0.477669 -0.862594 -0.329042
v -0.554341 -0.863471 0.171260
v -0.303033 -0.863258 0.494790
v -0.276321 -0.863235 0.510137
v -0.130918 -0.863111 0.565048
v -0.562666 -0.863478 -0.141494
v -0.566769 -0.863482 -0.123256
v -0.538694 -0.863458 -0.215339
v -0.532181 -0.863452 -0.230674
v -0.506413 -0.863430 -0.282867
v -0.502497 -0.863427 -0.289656
v -0.483788 -0.863411 -0.320264
v -0.494790 -0.863420 -0.303032
v -0.437718 -0.863372 -0.380508
v -0.417504 -0.863355 -0.402628
v -0.431784 -0.863367 -0.387476
v -0.451883 -0.863384 -0.363930
v -0.329042 -0.863280 -0.477672
v -0.230672 -0.863196 -0.532180
v -0.141494 -0.863120 -0.562664
v -0.096773 -0.863083 -0.571876
v -0.067009 -0.863057 -0.576132
v -0.037195 -0.863032 -0.578834
v -0.007554 -0.863007 -0.580182
v 0.363930 -0.862691 0.451881
v 0.538689 -0.862542 0.215344
v 0.566763 -0.862518 0.123268
v 0.417499 -0.862645 -0.402628
v 0.363929 -0.862691 -0.451881
v 0.141493 -0.862880 -0.562663
v 0.171258 -0.862855 -0.554338
v 0.201120 -0.862829 -0.544241
v 0.289720 -0.862754 -0.502459
v 0.535772 -0.862545 -0.222596
v 0.521609 -0.862557 -0.253745
v 0.517795 -0.862560 -0.261321
v -0.184054 -0.863157 -0.457713
v -0.065712 -0.863056 -0.499986
v 0.046739 -0.862961 -0.462269
v 0.134096 -0.862887 -0.463798
v 0.221902 -0.862812 -0.438486
v 0.404766 -0.862656 -0.278281
v 0.022912 -0.862981 -0.528063
v 0.179742 -0.862848 -0.492109
v 0.109642 -0.862908 -0.529271
v 0.231238 -0.862804 -0.491581
v 0.302623 -0.862743 -0.437168
v 0.437782 -0.862628 -0.380433
v -0.121197 -0.863103 -0.532326
v 0.002650 -0.862999 -0.545676
v 0.483787 -0.862589 -0.320260
v -0.503110 0.804709 0.285894
v -0.531915 0.806235 0.228556
v -0.493040 0.714527 0.273494
v -0.540320 0.863460 0.216194
v -0.576689 0.863490 0.074008
v -0.537957 0.732876 0.181318
v -0.569967 0.775645 0.038998
v -0.560053 0.800167 0.145569
v -0.573798 0.808042 0.080540
v -0.561132 0.707408 0.026103
v -0.502515 0.653025 0.218790
v -0.515823 0.634410 0.165651
v -0.551580 0.709237 0.110476
v -0.531618 0.617858 0.067924
v -0.535851 0.620613 0.000747
v -0.502391 0.577641 0.142525
v -0.495631 0.528514 0.080395
v -0.271312 0.768215 0.506210
v -0.213886 0.688372 0.513811
v -0.196625 0.863011 0.547183
v -0.100596 0.810785 0.570790
v 0.013065 0.862755 0.581454
v 0.015381 0.765186 0.574522
v -0.198243 0.763966 0.538670
v -0.142191 0.683230 0.536875
v -0.162641 0.631328 0.515827
v -0.101264 0.743840 0.560935
v -0.077064 0.624225 0.532715
v -0.041316 0.682611 0.553907
v 0.014044 0.651403 0.547228
v -0.039076 0.560713 0.514155
v 0.020274 0.538521 0.506117
v -0.415760 0.808467 0.403827
v -0.341285 0.863102 0.470740
v -0.338943 0.767649 0.463444
v -0.448041 0.756900 0.357428
v -0.422999 0.679784 0.359447
v -0.359584 0.705976 0.432061
v -0.356810 0.624776 0.403984
v -0.454062 0.646848 0.302722
v -0.425723 0.575157 0.302867
v -0.462486 0.552509 0.224351
v -0.388741 0.489456 0.290642
v -0.276324 0.691569 0.484418
v -0.302007 0.603041 0.437582
v -0.227843 0.618372 0.485769
v -0.381167 0.586470 0.363310
v -0.299601 0.524570 0.401556
v -0.261521 0.546474 0.438489
v -0.354064 0.508181 0.345130
v -0.468591 0.501184 0.143597
v -0.176645 0.559640 0.484890
v -0.163057 0.483910 0.453876
v -0.091472 0.531317 0.495410
v -0.226745 0.434931 0.393011
v -0.291744 0.454951 0.362903
v -0.344921 0.435766 0.296749
v -0.433216 0.431309 0.130009
v -0.477543 0.482356 0.024237
v -0.389881 0.372121 0.118871
v -0.427509 0.402045 0.028113
v -0.411063 0.449092 0.215423
v -0.367203 0.363348 0.158335
v -0.318344 0.346632 0.216173
v -0.361901 0.329490 0.033946
v -0.285341 0.388278 0.309994
v -0.152414 0.376526 0.381357
v -0.197837 0.319975 0.296106
v -0.095377 0.447774 0.451563
v -0.001926 0.464417 0.470360
v 0.017516 0.358898 0.394067
v -0.069357 0.364337 0.393773
v -0.081826 0.227329 0.222737
v -0.177264 0.217329 0.136125
v -0.225030 0.228174 0.080475
v -0.131698 0.219184 0.182007
v -0.025861 0.217203 0.221070
v -0.231384 0.225035 0.022211
v -0.164201 0.172285 0.039149
v -0.112864 0.142133 0.081493
v -0.047389 0.138151 0.128860
v -0.123828 0.125181 -0.004202
v -0.090308 0.084076 0.008720
v -0.070125 0.041776 0.014617
v -0.028444 0.079369 0.083516
v 0.000986 0.032740 0.071394
v -0.047567 0.030221 0.048230
v -0.576689 0.863490 -0.074008
v -0.551296 0.709237 -0.110419
v -0.560053 0.800167 -0.145569
v -0.531915 0.806235 -0.228555
v -0.503110 0.804709 -0.285894
v -0.448041 0.756900 -0.357428
v -0.561052 0.707408 -0.026100
v -0.530334 0.617858 -0.067787
v -0.537950 0.732876 -0.181315
v -0.513890 0.634410 -0.165048
v -0.492974 0.528514 -0.080067
v -0.509907 0.550493 0.004876
v -0.499546 0.577641 -0.141771
v -0.492753 0.714527 -0.273335
v -0.500734 0.653025 -0.218025
v -0.415760 0.808467 -0.403827
v -0.341285 0.863103 -0.470740
v -0.338943 0.767649 -0.463444
v -0.458473 0.552509 -0.222477
v -0.452692 0.646848 -0.301823
v -0.422419 0.679784 -0.358958
v -0.359464 0.705976 -0.431919
v -0.356234 0.624776 -0.403357
v -0.423375 0.575157 -0.301252
v -0.379899 0.586470 -0.362150
v -0.385448 0.489456 -0.288338
v -0.276324 0.691569 -0.484422
v -0.301835 0.603041 -0.437374
v -0.227843 0.618372 -0.485802
v -0.299129 0.524570 -0.401039
v -0.261521 0.546474 -0.438581
v -0.176645 0.559641 -0.484969
v -0.091472 0.531317 -0.495521
v 0.020274 0.538522 -0.506213
v -0.268246 0.863016 -0.516331
v -0.271312 0.768215 -0.506210
v -0.213886 0.688372 -0.513816
v -0.196625 0.863011 -0.547183
v -0.100596 0.810785 -0.570790
v -0.198243 0.763967 -0.538670
v -0.101264 0.743840 -0.560935
v 0.013065 0.862755 -0.581454
v 0.015381 0.765187 -0.574522
v -0.142191 0.683230 -0.536881
v -0.162641 0.631328 -0.515852
v -0.077064 0.624225 -0.532743
v -0.041316 0.682611 -0.553912
v 0.014044 0.651404 -0.547242
v -0.039076 0.560713 -0.514230
v -0.464396 0.501184 -0.142450
v -0.384671 0.372121 -0.117704
v -0.428317 0.431309 -0.128804
v -0.360734 0.363348 -0.155990
v -0.405345 0.449092 -0.212649
v -0.341937 0.435766 -0.294442
v -0.283596 0.388278 -0.308484
v -0.425624 0.402045 -0.028329
v -0.220769 0.228174 -0.079955
v -0.313349 0.346632 -0.213286
v -0.352267 0.508181 -0.343511
v -0.290851 0.454951 -0.362021
v -0.197740 0.319975 -0.296591
v -0.226745 0.434931 -0.393288
v -0.163057 0.483910 -0.454057
v -0.152414 0.376526 -0.381794
v -0.095377 0.447774 -0.451813
v -0.001926 0.464417 -0.470570
v -0.069357 0.364337 -0.394245
v -0.161190 0.170933 -0.039746
v -0.131417 0.219184 -0.182706
v -0.173643 0.217329 -0.134400
v -0.047389 0.138151 -0.130337
v -0.081826 0.227329 -0.223798
v -0.025861 0.217203 -0.222170
v -0.107342 0.142133 -0.078806
v -0.071844 0.073476 -0.046674
v -0.028444 0.079369 -0.084993
v -0.052813 0.025905 -0.043383
v 0.131900 0.862663 0.567092
v 0.116778 0.754876 0.560208
v 0.174597 0.709622 0.534517
v 0.220090 0.798333 0.535409
v 0.082365 0.643374 0.537639
v 0.259982 0.732000 0.503947
v 0.177350 0.634175 0.509671
v 0.250949 0.667196 0.489184
v 0.131735 0.578651 0.503822
v 0.245373 0.862790 0.526585
v 0.314025 0.804565 0.486405
v 0.182143 0.518803 0.459433
v 0.427683 0.802514 0.389489
v 0.373808 0.763467 0.434696
v 0.475263 0.805186 0.330784
v 0.460195 0.707799 0.321913
v 0.237422 0.581486 0.463464
v 0.339095 0.641303 0.421370
v 0.321334 0.707771 0.460474
v 0.286526 0.593200 0.438690
v 0.271589 0.499871 0.399279
v 0.334795 0.568597 0.388635
v 0.328972 0.452975 0.315779
v 0.382435 0.691772 0.403914
v 0.418210 0.633018 0.339761
v 0.382726 0.557415 0.335629
v 0.451862 0.592834 0.267712
v 0.438134 0.500538 0.211927
v 0.461216 0.488849 0.142133
v 0.484481 0.493112 0.056271
v 0.495099 0.504920 -0.034748
v 0.086684 0.426462 0.436288
v 0.132522 0.358126 0.365811
v 0.066930 0.244128 0.248254
v 0.106736 0.500243 0.475395
v 0.200044 0.435347 0.400344
v 0.212745 0.346208 0.306841
v 0.168924 0.219876 0.141237
v 0.305629 0.330570 0.188438
v 0.116704 0.230625 0.203359
v 0.021454 0.183714 0.178774
v 0.078732 0.168190 0.139666
v 0.043536 0.106812 0.099114
v 0.131694 0.156265 0.073743
v 0.099290 0.112587 0.052008
v 0.064548 0.030378 0.033114
v 0.220155 0.225737 0.074987
v 0.238428 0.227423 0.017943
v 0.164148 0.169561 0.008027
v 0.272650 0.431253 0.346960
v 0.344238 0.383531 0.221003
v 0.399410 0.505288 0.277322
v 0.379272 0.442541 0.244250
v 0.364501 0.343112 0.104905
v 0.407475 0.367232 0.002203
v 0.416146 0.422098 0.149821
v 0.442894 0.428066 0.079182
v 0.522154 0.862393 0.255818
v 0.510620 0.748829 0.255783
v 0.550018 0.806720 0.181770
v 0.573313 0.812452 0.084831
v 0.534878 0.712416 0.175177
v 0.579877 0.823151 -0.001937
v 0.575116 0.772617 -0.014495
v 0.551146 0.663541 0.032337
v 0.489867 0.666315 0.250191
v 0.491072 0.605061 0.202991
v 0.535073 0.660285 0.125406
v 0.524669 0.594439 0.075665
v 0.558818 0.740677 0.108083
v 0.493486 0.551167 0.137478
v 0.514491 0.559363 0.049538
v 0.184069 0.518804 -0.464374
v 0.461384 0.707799 -0.322745
v 0.427683 0.802514 -0.389489
v 0.373808 0.763467 -0.434696
v 0.410221 0.712960 -0.387711
v 0.495585 0.605061 -0.204897
v 0.467961 0.488849 -0.144390
v 0.498221 0.551167 -0.138890
v 0.446932 0.500538 -0.216329
v 0.321962 0.707772 -0.461373
v 0.342283 0.641303 -0.425333
v 0.277820 0.499871 -0.408540
v 0.290114 0.593200 -0.444203
v 0.422649 0.633018 -0.343379
v 0.400310 0.552358 -0.327714
v 0.457785 0.592834 -0.271262
v 0.341079 0.568597 -0.395964
v 0.131900 0.862663 -0.567091
v 0.116778 0.754877 -0.560208
v 0.174726 0.709622 -0.534910
v 0.220090 0.798333 -0.535409
v 0.082388 0.643374 -0.537802
v 0.132199 0.578651 -0.505634
v 0.252018 0.667196 -0.491264
v 0.239900 0.581486 -0.468327
v 0.178040 0.634175 -0.511660
v 0.314025 0.804565 -0.486405
v 0.260041 0.732000 -0.504061
v 0.067185 0.244128 -0.250111
v 0.121163 0.230625 -0.212048
v 0.373126 0.343112 -0.107945
v 0.319478 0.330570 -0.197539
v 0.177143 0.218648 -0.148891
v 0.017516 0.358898 -0.394545
v 0.086810 0.426462 -0.437198
v 0.134470 0.358126 -0.371610
v 0.204169 0.435347 -0.408808
v 0.107065 0.500244 -0.476988
v 0.221188 0.346208 -0.319460
v 0.139303 0.156265 -0.079375
v 0.080302 0.168190 -0.143657
v 0.021454 0.183714 -0.179988
v 0.061867 0.052612 -0.045713
v 0.086602 0.073703 0.005067
v 0.043536 0.106812 -0.100591
v 0.229540 0.225737 -0.079248
v 0.357777 0.383531 -0.230076
v 0.425342 0.422098 -0.153443
v 0.391322 0.442541 -0.252245
v 0.287248 0.356153 -0.278249
v 0.447914 0.428066 -0.080388
v 0.409404 0.505288 -0.284384
v 0.282065 0.431253 -0.359156
v 0.356655 0.479767 -0.330403
v 0.573313 0.812452 -0.084831
v 0.558938 0.740677 -0.108106
v 0.550018 0.806720 -0.181770
v 0.475263 0.805186 -0.330784
v 0.551593 0.663541 -0.032379
v 0.536812 0.660285 -0.125830
v 0.492591 0.666315 -0.251591
v 0.535736 0.712416 -0.175460
v 0.526690 0.594439 -0.076012
v 0.510674 0.748829 -0.255810
v 0.368354 0.862606 0.450511
v -0.087518 0.863074 0.574249
v -0.410546 0.863349 0.410467
v 0.462615 0.862608 0.351864
v 0.573138 0.862513 0.105309
v 0.368354 0.862606 -0.450511
v 0.462615 0.862608 -0.351864
v -0.469293 0.863159 -0.343406
v -0.410546 0.863349 -0.410467
v -0.087518 0.863074 -0.574249
v 0.573138 0.862513 -0.105309
v 0.522154 0.862393 -0.255818
v -0.469293 0.863159 0.343406
v -0.268246 0.863016 0.516331
v -0.540320 0.863460 -0.216194
v 0.245373 0.862791 -0.526585
v -0.510399 -0.763782 0.262222
v -0.572409 -0.802702 0.087156
v -0.548585 -0.763688 0.169397
v -0.567661 -0.741277 0.036087
v -0.524727 -0.689496 0.187489
v -0.519849 -0.631722 0.143918
v -0.549890 -0.689678 0.087064
v -0.563141 -0.713144 -0.015223
v -0.516123 -0.583074 0.077747
v -0.534242 -0.627213 0.060708
v -0.507310 -0.548490 0.005660
v -0.279298 -0.780820 0.504766
v -0.277706 -0.686911 0.483275
v -0.263810 -0.605301 0.464135
v -0.193190 -0.789444 0.543633
v -0.164693 -0.720855 0.541341
v -0.090089 -0.801205 0.571962
v -0.044542 -0.719095 0.563383
v 0.023876 -0.785076 0.577100
v -0.132189 -0.645679 0.529446
v -0.204910 -0.644684 0.505745
v -0.170886 -0.567876 0.491542
v -0.036108 -0.639398 0.542530
v -0.081726 -0.581398 0.518123
v -0.098682 -0.513721 0.487657
v -0.013744 -0.556976 0.513896
v -0.384659 -0.806446 0.432506
v -0.435111 -0.810530 0.382504
v -0.411967 -0.712726 0.385232
v -0.467781 -0.765497 0.332105
v -0.351191 -0.748420 0.450726
v -0.475163 -0.702280 0.298760
v -0.382973 -0.616315 0.376808
v -0.443624 -0.634399 0.311701
v -0.494259 -0.625960 0.214745
v -0.450547 -0.564721 0.256034
v -0.396840 -0.547709 0.324593
v -0.433867 -0.486087 0.210531
v -0.360807 -0.463031 0.305801
v -0.331216 -0.652379 0.436703
v -0.333057 -0.573744 0.402615
v -0.260770 -0.545219 0.440880
v -0.310678 -0.495996 0.379679
v -0.483037 -0.550130 0.166344
v -0.214544 -0.470074 0.426016
v -0.154217 -0.497860 0.465792
v -0.018164 -0.476074 0.476787
v -0.296704 -0.361457 0.267883
v -0.479236 -0.504155 0.094314
v -0.430069 -0.419766 0.093765
v -0.446475 -0.435082 0.013567
v -0.369388 -0.412871 0.238233
v -0.405208 -0.413166 0.165147
v -0.344736 -0.352636 0.178854
v -0.368694 -0.340720 0.001708
v -0.354128 -0.333811 0.095616
v -0.253179 -0.244167 0.015703
v -0.115359 -0.435835 0.441421
v -0.270058 -0.428345 0.362685
v -0.175021 -0.365324 0.365352
v -0.243862 -0.352164 0.306803
v -0.070044 -0.359412 0.390674
v -0.094027 -0.241374 0.241620
v -0.028401 -0.229347 0.237796
v -0.197104 -0.231579 0.143534
v -0.127679 -0.217388 0.185513
v -0.203040 -0.216746 0.080613
v -0.193280 -0.198702 0.020599
v -0.026331 -0.177220 0.174085
v -0.077949 -0.146977 0.121935
v -0.117837 -0.145125 0.074198
v 0.000351 -0.118400 0.118502
v -0.095762 -0.101845 0.040039
v -0.068202 -0.040837 0.018074
v -0.010676 -0.045463 0.072301
v -0.041093 -0.034082 0.056504
v -0.576689 -0.863490 -0.074008
v -0.572409 -0.802702 -0.087156
v -0.548585 -0.763688 -0.169397
v -0.510399 -0.763782 -0.262222
v -0.467781 -0.765497 -0.332105
v -0.549890 -0.689678 -0.087067
v -0.534242 -0.627213 -0.060728
v -0.524727 -0.689496 -0.187493
v -0.516123 -0.583074 -0.077794
v -0.519849 -0.631722 -0.143940
v -0.475163 -0.702280 -0.298763
v -0.411967 -0.712726 -0.385234
v -0.435111 -0.810530 -0.382504
v -0.384659 -0.806445 -0.432506
v -0.494259 -0.625960 -0.214772
v -0.483037 -0.550130 -0.166427
v -0.443624 -0.634399 -0.311727
v -0.351191 -0.748420 -0.450726
v -0.450547 -0.564721 -0.256109
v -0.396840 -0.547709 -0.324691
v -0.382973 -0.616315 -0.376847
v -0.331216 -0.652379 -0.436722
v -0.277706 -0.686911 -0.483283
v -0.310678 -0.495996 -0.379852
v -0.333057 -0.573744 -0.402688
v -0.263810 -0.605301 -0.464182
v -0.260770 -0.545219 -0.440984
v -0.170886 -0.567876 -0.491620
v -0.154217 -0.497860 -0.465959
v -0.098682 -0.513721 -0.487796
v -0.279298 -0.780819 -0.504766
v -0.204910 -0.644684 -0.505768
v -0.193190 -0.789444 -0.543634
v -0.090089 -0.801205 -0.571962
v -0.044542 -0.719095 -0.563384
v 0.014212 -0.862986 -0.580869
v 0.023876 -0.785076 -0.577100
v -0.164693 -0.720855 -0.541343
v -0.132189 -0.645678 -0.529467
v -0.081726 -0.581398 -0.518185
v -0.036108 -0.639398 -0.542552
v -0.013744 -0.556976 -0.513977
v -0.430069 -0.419766 -0.094055
v -0.479236 -0.504155 -0.094447
v -0.405208 -0.413166 -0.165469
v -0.433867 -0.486087 -0.210707
v -0.369388 -0.412871 -0.238570
v -0.354128 -0.333811 -0.096169
v -0.344736 -0.352636 -0.179366
v -0.296704 -0.361457 -0.268382
v -0.360807 -0.463031 -0.306029
v -0.270058 -0.428345 -0.362995
v -0.203040 -0.216746 -0.081685
v -0.243862 -0.352164 -0.307340
v -0.197104 -0.231579 -0.144578
v -0.175021 -0.365324 -0.365841
v -0.214544 -0.470074 -0.426235
v -0.115359 -0.435834 -0.441707
v -0.018164 -0.476074 -0.476980
v -0.070044 -0.359412 -0.391172
v 0.023967 -0.360813 -0.394884
v -0.187388 -0.196890 -0.045988
v -0.095762 -0.101845 -0.041516
v -0.117837 -0.145125 -0.075536
v -0.077949 -0.146977 -0.123412
v -0.026331 -0.177220 -0.175355
v 0.000351 -0.118400 -0.119979
v -0.127679 -0.217388 -0.186655
v -0.094027 -0.241374 -0.242633
v -0.028401 -0.229347 -0.238840
v -0.078391 -0.071041 -0.023663
v -0.041093 -0.034082 -0.057981
v -0.010676 -0.045463 -0.073777
v 0.130814 -0.819139 0.565440
v 0.101085 -0.729390 0.557503
v 0.168407 -0.725913 0.540794
v 0.227444 -0.806460 0.532417
v 0.060897 -0.581227 0.519505
v 0.145459 -0.570792 0.495871
v 0.120325 -0.641917 0.529424
v 0.237314 -0.698901 0.506003
v 0.272075 -0.790393 0.509836
v 0.216271 -0.631187 0.493001
v 0.175146 -0.523890 0.464158
v 0.316861 -0.721611 0.467865
v 0.362278 -0.808903 0.452315
v 0.430867 -0.786835 0.384412
v 0.462303 -0.804457 0.348065
v 0.477881 -0.702596 0.293254
v 0.298301 -0.648868 0.454170
v 0.350771 -0.628489 0.406286
v 0.241308 -0.576237 0.457981
v 0.302211 -0.474563 0.359850
v 0.303326 -0.556285 0.408407
v 0.388627 -0.514801 0.301155
v 0.425360 -0.639893 0.334920
v 0.389382 -0.562382 0.333808
v 0.449721 -0.594592 0.271715
v 0.429903 -0.495547 0.220787
v 0.471682 -0.558034 0.198807
v 0.477346 -0.489136 0.047666
v 0.005769 -0.439535 0.456503
v 0.023967 -0.360813 0.394412
v 0.066618 -0.512281 0.489095
v 0.112454 -0.453013 0.446167
v 0.107230 -0.369319 0.384583
v 0.177456 -0.434720 0.409123
v 0.232372 -0.488399 0.415598
v 0.172974 -0.339967 0.325559
v 0.247113 -0.399732 0.340047
v 0.046961 -0.233486 0.236821
v 0.143707 -0.237013 0.197733
v 0.290890 -0.328457 0.210969
v 0.053210 -0.169728 0.154025
v 0.110501 -0.175591 0.125547
v 0.199684 -0.228052 0.123700
v 0.118350 -0.123732 0.034376
v 0.131085 -0.151678 0.067799
v 0.052077 -0.082055 0.074226
v 0.041990 -0.029118 0.056300
v 0.075832 -0.096352 0.067021
v 0.076844 -0.051710 0.007677
v 0.190161 -0.200318 0.064991
v 0.246217 -0.237299 0.040460
v 0.170134 -0.174317 -0.011546
v 0.319467 -0.400229 0.276446
v 0.365004 -0.450718 0.275791
v 0.388468 -0.407712 0.185413
v 0.425899 -0.412750 0.082168
v 0.357635 -0.339869 0.106082
v 0.438806 -0.421633 -0.001884
v 0.527691 -0.805093 0.238197
v 0.502521 -0.749158 0.271585
v 0.538616 -0.758951 0.196273
v 0.572901 -0.802375 0.084125
v 0.560549 -0.745452 0.105141
v 0.573147 -0.759606 0.001011
v 0.500361 -0.643880 0.210630
v 0.533466 -0.692077 0.159562
v 0.511533 -0.606328 0.141572
v 0.550488 -0.686857 0.075106
v 0.550488 -0.686857 -0.075108
v 0.533614 -0.626219 0.060222
v 0.509053 -0.566109 0.076409
v 0.511492 -0.557956 0.008282
v 0.470506 -0.503354 0.127052
v 0.005769 -0.439535 -0.456765
v 0.176354 -0.523889 -0.467440
v 0.243156 -0.576237 -0.461521
v 0.235749 -0.488399 -0.421754
v 0.376103 -0.738952 -0.426426
v 0.430867 -0.786835 -0.384412
v 0.477346 -0.489136 -0.047816
v 0.470525 -0.503354 -0.127187
v 0.472740 -0.558034 -0.199321
v 0.299584 -0.648867 -0.456125
v 0.306516 -0.474563 -0.365131
v 0.306358 -0.556285 -0.412540
v 0.478123 -0.702596 -0.293403
v 0.430354 -0.687478 -0.352556
v 0.451275 -0.594592 -0.272691
v 0.384190 -0.686047 -0.402305
v 0.391989 -0.562382 -0.336101
v 0.426659 -0.639893 -0.335955
v 0.130814 -0.819139 -0.565440
v 0.101085 -0.729390 -0.557503
v 0.168409 -0.725913 -0.540798
v 0.227444 -0.806460 -0.532417
v 0.056308 -0.673553 -0.549650
v 0.120380 -0.641917 -0.529677
v 0.060897 -0.581227 -0.519559
v 0.145878 -0.570792 -0.497345
v 0.237519 -0.698901 -0.506439
v 0.217010 -0.631187 -0.494696
v 0.272075 -0.790393 -0.509836
v 0.316898 -0.721611 -0.467920
v 0.362278 -0.808903 -0.452315
v 0.047321 -0.233486 -0.239562
v 0.108128 -0.369319 -0.388192
v 0.246217 -0.237299 -0.041415
v 0.373203 -0.341682 0.001689
v 0.294735 -0.328457 -0.214319
v 0.112934 -0.453013 -0.448269
v 0.179913 -0.434720 -0.415001
v 0.252245 -0.399732 -0.347408
v 0.054188 -0.169728 -0.158054
v 0.082862 -0.136399 -0.107622
v 0.148216 -0.237013 -0.204845
v 0.176924 -0.339967 -0.333458
v 0.033165 -0.029628 -0.062419
v 0.070028 -0.047326 -0.019437
v 0.050047 -0.031894 -0.049762
v 0.118350 -0.123732 -0.035853
v 0.201929 -0.228052 -0.126097
v 0.390417 -0.407712 -0.186661
v 0.357635 -0.339869 -0.106603
v 0.324551 -0.395017 -0.273396
v 0.425899 -0.412750 -0.082471
v 0.431863 -0.495547 -0.221936
v 0.368653 -0.450718 -0.278763
v 0.391686 -0.514801 -0.303636
v 0.572901 -0.802375 -0.084125
v 0.560549 -0.745452 -0.105141
v 0.502521 -0.749158 -0.271585
v 0.527691 -0.805093 -0.238197
v 0.538616 -0.758951 -0.196273
v 0.462303 -0.804457 -0.348065
v 0.533614 -0.626219 -0.060242
v 0.511717 -0.606328 -0.141654
v 0.500927 -0.643880 -0.210881
v 0.533563 -0.692077 -0.159593
v 0.509053 -0.566109 -0.076468
v -0.487490 -0.863199 0.317618
v -0.343400 -0.863053 -0.469293
v -0.237258 -0.863037 -0.530855
v 0.245370 -0.862792 0.526572
v 0.513002 -0.862504 0.274941
v -0.531841 -0.863215 0.234788
v -0.410469 -0.863349 0.410544
v -0.531841 -0.863215 -0.234788
v 0.133970 -0.862886 0.565644
v 0.445657 -0.862621 0.371960
v 0.365267 -0.862690 -0.453097
v 0.567649 -0.862413 -0.130337
v 0.513002 -0.862504 -0.274941
v -0.558157 -0.863256 0.162106
v -0.576689 -0.863490 0.074008
v -0.130498 -0.862998 0.567630
v -0.487490 -0.863199 -0.317618
v -0.130498 -0.862998 -0.567630
v 0.581136 -0.861923 0.004105
v 0.133970 -0.862886 -0.565644
v -0.343400 -0.863054 0.469293
v -0.237258 -0.863037 0.530855
v -0.558157 -0.863256 -0.162106
v -0.410469 -0.863349 -0.410544
v 0.014212 -0.862986 0.580869
v 0.365267 -0.862690 0.453097
v 0.567649 -0.862413 0.130337
v 0.245370 -0.862792 -0.526572
v -0.295725 0.288189 0.119128
v -0.049673 0.289394 0.315811
v -0.192662 0.288693 0.253338
v -0.277475 0.288282 0.155878
v -0.303761 0.288129 -0.059389
v -0.312199 0.288090 0.001151
v -0.114987 0.289074 -0.298055
v 0.096124 0.290120 0.300591
v 0.307394 0.291172 0.093154
v 0.318678 0.291207 0.038338
v 0.316395 0.291172 -0.096647
v 0.177736 0.290507 -0.273040
v 0.241112 0.290806 -0.223954
v -0.302709 0.288152 0.098588
v -0.261991 0.288357 0.184245
v -0.229383 0.288517 0.219776
v -0.192008 0.288693 -0.253236
v 0.045468 0.289865 0.313180
v 0.195405 0.290633 0.241553
v 0.325219 0.291234 0.009997
v -0.311612 0.288102 0.051193
v -0.179672 0.288754 0.264730
v -0.315364 0.288078 0.029762
v -0.162751 0.288838 0.274119
v -0.289979 0.288189 -0.117542
v -0.257350 0.288357 -0.181712
v -0.179538 0.288754 -0.265293
v -0.001336 0.289632 -0.319929
v 0.276752 0.291037 0.150022
v 0.128138 0.290269 -0.294780
v -0.049673 0.289394 -0.316573
v 0.125265 0.290269 0.287520
v 0.320702 0.291195 -0.056880
v 0.289725 0.291037 -0.157790
v 0.275248 0.290968 -0.182617
v 0.204520 0.290632 -0.254055
v 0.045468 0.289865 -0.313919
v -0.075647 0.289267 0.309365
v -0.114987 0.289074 0.297285
v -0.001336 0.289632 0.319178
v -0.297750 0.288152 -0.097706
v -0.226875 0.288517 -0.218120
v -0.162751 0.288838 -0.274885
v -0.271419 0.288282 -0.153201
v -0.075647 0.289267 -0.310133
v 0.261777 0.290967 0.173301
v 0.170618 0.290507 0.261477
v 0.097212 0.290120 -0.304676
v -0.082920 -0.291045 0.311333
v -0.001441 -0.290354 0.318574
v -0.290138 -0.292831 0.140793
v -0.154398 -0.291648 -0.287257
v 0.118297 -0.289311 0.286992
v 0.305549 -0.287707 0.075310
v 0.035858 -0.290033 -0.315600
v -0.154398 -0.291648 0.286475
v -0.317310 -0.293133 -0.011867
v -0.223677 -0.292236 -0.234704
v 0.181703 -0.288753 0.250027
v 0.075551 -0.289693 -0.308745
v 0.120790 -0.289311 -0.293702
v 0.236223 -0.288331 -0.211054
v -0.315956 -0.293120 0.008115
v -0.050170 -0.290769 0.317980
v -0.311979 -0.293051 -0.083456
v -0.198174 -0.292019 -0.259955
v -0.278734 -0.292725 -0.163870
v -0.001441 -0.290354 -0.319325
v -0.082920 -0.291045 -0.312108
v 0.231854 -0.288331 0.206444
v 0.291476 -0.287830 0.113873
v 0.312713 -0.287642 0.020235
v 0.312701 -0.287642 -0.018927
v 0.163985 -0.288944 -0.275071
v 0.261118 -0.288111 -0.182279
v 0.305549 -0.287707 -0.076037
v 0.292156 -0.287830 -0.114871
v -0.223677 -0.292236 0.233925
v -0.278734 -0.292725 0.163118
v -0.307783 -0.293007 -0.091787
v -0.290138 -0.292831 -0.141534
v -0.312271 -0.293058 0.061839
v -0.130579 -0.291447 0.297566
v -0.198174 -0.292019 0.259175
v -0.249110 -0.292459 0.208246
v -0.307783 -0.293007 0.091071
v -0.130578 -0.291447 -0.298347
v -0.249110 -0.292459 -0.209014
v -0.050170 -0.290769 -0.318745
v 0.074888 -0.289693 0.305361
v 0.035858 -0.290034 0.314865
v 0.257690 -0.288111 0.179170
v 0.159571 -0.288944 0.267020
vn 0.3496 -0.9105 0.2209
vn -0.0009 -1.0000 -0.0000
vn -0.0008 -1.0000 -0.0000
vn -0.0009 -1.0000 -0.0002
vn -0.0007 -1.0000 -0.0000
vn -0.0011 -1.0000 -0.0007
vn -0.0008 -1.0000 -0.0004
vn -0.0006 -1.0000 0.0003
vn 0.6054 -0.7913 0.0860
vn -0.0008 -1.0000 0.0001
vn -0.0005 -1.0000 0.0005
vn -0.0005 -1.0000 0.0006
vn -0.0010 -1.0000 -0.0002
vn -0.0012 -1.0000 -0.0002
vn -0.0002 -1.0000 0.0009
vn -0.0007 -1.0000 0.0003
vn 0.0249 -0.9997 -0.0015
vn -0.0007 -1.0000 0.0001
vn -0.0008 -1.0000 0.0002
vn -0.0012 -1.0000 0.0002
vn -0.0008 -1.0000 -0.0001
vn -0.0011 -1.0000 0.0004
vn -0.0011 -1.0000 0.0003
vn -0.0011 -1.0000 -0.0000
vn -0.2341 -0.8999 0.3680
vn -0.0006 -1.0000 0.0005
vn -0.0009 -1.0000 0.0002
vn -0.0007 -1.0000 -0.0002
vn -0.0006 -1.0000 0.0006
vn -0.0011 -1.0000 0.0007
vn -0.0008 -1.0000 0.0005
vn -0.0005 -1.0000 -0.0006
vn -0.0008 -1.0000 -0.0003
vn -0.0008 -1.0000 -0.0006
vn -0.0007 -1.0000 -0.0007
vn -0.0009 -1.0000 0.0004
vn -0.0006 -1.0000 -0.0004
vn -0.0007 -1.0000 -0.0009
vn -0.0010 -1.0000 0.0005
vn -0.0009 -1.0000 0.0003
vn -0.0009 -1.0000 -0.0005
vn -0.0890 -0.9908 0.1020
vn -0.0011 -1.0000 0.0009
vn -0.0014 -1.0000 0.0009
vn -0.0008 -1.0000 -0.0002
vn -0.0010 -1.0000 -0.0000
vn -0.0009 -1.0000 0.0001
vn -0.0010 -1.0000 0.0003
vn -0.0011 -1.0000 0.0011
vn -0.0007 -1.0000 -0.0010
vn 0.5190 -0.7747 -0.3611
vn -0.0010 -1.0000 -0.0004
vn -0.0004 -1.0000 0.0007
vn -0.0013 -1.0000 0.0004
vn -0.0009 -1.0000 -0.0001
vn -0.0011 -1.0000 -0.0001
vn -0.0012 -1.0000 0.0001
vn -0.0007 -1.0000 -0.0001
vn -0.0006 -1.0000 0.0008
vn -0.0005 -1.0000 -0.0000
vn -0.0004 -1.0000 0.0004
vn -0.0004 -1.0000 0.0003
vn -0.1148 -0.9527 0.2815
vn -0.0006 1.0000 -0.0000
vn -0.0009 1.0000 -0.0000
vn -0.0008 1.0000 -0.0000
vn -0.0010 1.0000 0.0001
vn -0.0009 1.0000 -0.0002
vn -0.0007 1.0000 0.0001
vn -0.0011 1.0000 -0.0004
vn -0.0009 1.0000 0.0001
vn -0.0008 1.0000 -0.0002
vn -0.0007 1.0000 -0.0000
vn -0.1040 0.7919 0.6017
vn -0.0014 1.0000 -0.0000
vn -0.0010 1.0000 -0.0000
vn -0.0006 1.0000 0.0003
vn -0.0005 1.0000 0.0010
vn -0.0005 1.0000 0.0007
vn -0.0005 1.0000 0.0008
vn -0.0016 1.0000 -0.0000
vn -0.0011 1.0000 -0.0000
vn -0.0010 1.0000 -0.0001
vn -0.0011 1.0000 -0.0003
vn -0.0012 1.0000 -0.0002
vn -0.0006 1.0000 0.0005
vn -0.0004 1.0000 0.0004
vn 0.0242 0.9997 -0.0056
vn -0.0008 1.0000 0.0001
vn -0.0006 1.0000 0.0004
vn -0.0007 1.0000 0.0004
vn -0.0007 1.0000 0.0005
vn -0.0008 1.0000 0.0002
vn -0.0007 1.0000 0.0006
vn -0.0007 1.0000 0.0002
vn -0.0008 1.0000 0.0004
vn -0.0008 1.0000 0.0005
vn -0.0004 1.0000 -0.0006
vn -0.0007 1.0000 -0.0006
vn -0.0005 1.0000 -0.0006
vn -0.0006 1.0000 -0.0005
vn 0.1015 0.9940 0.0397
vn -0.0006 1.0000 -0.0013
vn -0.0009 1.0000 0.0006
vn -0.0010 1.0000 0.0007
vn -0.0010 1.0000 0.0002
vn -0.0007 1.0000 -0.0005
vn -0.0013 1.0000 0.0012
vn -0.0012 1.0000 0.0007
vn -0.0011 1.0000 0.0010
vn -0.0010 1.0000 0.0005
vn -0.0008 1.0000 -0.0004
vn -0.0008 1.0000 -0.0003
vn -0.0013 1.0000 0.0002
vn -0.0010 1.0000 0.0003
vn -0.0009 1.0000 0.0002
vn -0.0014 1.0000 0.0005
vn -0.0011 1.0000 0.0001
vn -0.0008 1.0000 0.0007
vn -0.0015 1.0000 0.0002
vn -0.0014 1.0000 0.0007
vn -0.0010 1.0000 0.0004
vn -0.0017 1.0000 0.0004
vn -0.0017 1.0000 0.0013
vn -0.0012 1.0000 -0.0000
vn -0.0006 1.0000 -0.0008
vn -0.0005 1.0000 0.0001
vn -0.0008 1.0000 0.0003
vn -0.0008 1.0000 -0.0001
vn -0.0007 1.0000 -0.0001
vn -0.5084 0.7848 0.3545
vn -0.0011 1.0000 0.0003
vn -0.0013 1.0000 0.0004
vn -0.0012 1.0000 0.0001
vn -0.0006 1.0000 0.0011
vn -0.0007 1.0000 0.0003
vn -0.0006 1.0000 0.0002
vn -0.0005 1.0000 0.0003
vn -0.1228 0.9523 -0.2793
vn -0.3424 0.9300 0.1334
vn -0.0006 -1.0000 -0.0000
vn -0.0012 -1.0000 -0.0000
vn -0.0010 -1.0000 -0.0001
vn -0.0002 -1.0000 0.0003
vn -0.0008 -1.0000 0.0004
vn -0.0008 -1.0000 0.0006
vn -0.0008 -1.0000 0.0007
vn -0.0007 -1.0000 -0.0003
vn -0.0009 -1.0000 0.0007
vn -0.0009 -1.0000 0.0006
vn -0.0423 -0.9937 -0.1037
vn -0.0010 -1.0000 0.0002
vn -0.0008 -1.0000 -0.0005
vn -0.0012 -1.0000 0.0007
vn -0.0011 -1.0000 0.0008
vn -0.0011 -1.0000 0.0005
vn -0.0010 -1.0000 0.0004
vn -0.0012 -1.0000 0.0006
vn -0.0011 -1.0000 0.0002
vn -0.0012 -1.0000 0.0003
vn -0.0010 -1.0000 -0.0009
vn -0.1517 -0.9077 -0.3912
vn -0.0010 -1.0000 -0.0003
vn -0.0004 -1.0000 -0.0000
vn 0.0952 -0.9708 0.2201
vn -0.0004 -1.0000 0.0010
vn -0.0003 -1.0000 0.0006
vn -0.6096 -0.7861 -0.1022
vn -0.0006 -1.0000 0.0004
vn -0.0003 -1.0000 0.0005
vn -0.3388 -0.8055 -0.4862
vn -0.0303 -0.9995 0.0036
vn -0.0005 -1.0000 0.0001
vn -0.0003 -1.0000 0.0001
vn 0.3792 0.9105 0.1650
vn -0.0009 1.0000 -0.0001
vn -0.0006 1.0000 0.0001
vn -0.0003 1.0000 0.0005
vn -0.0012 1.0000 0.0003
vn -0.0008 1.0000 0.0008
vn -0.0007 1.0000 -0.0003
vn -0.0006 1.0000 -0.0007
vn -0.0009 1.0000 0.0007
vn -0.0009 1.0000 0.0005
vn -0.0009 1.0000 0.0003
vn -0.0009 1.0000 -0.0003
vn -0.0007 1.0000 -0.0004
vn -0.0011 1.0000 0.0004
vn 0.0516 0.9910 0.1239
vn -0.0010 1.0000 -0.0009
vn -0.3839 0.9082 -0.1670
vn -0.0014 1.0000 0.0004
vn -0.0013 1.0000 0.0010
vn 0.1095 0.7750 -0.6224
vn 0.1906 0.9709 0.1452
vn -0.0005 1.0000 0.0009
vn -0.0010 1.0000 -0.0003
vn -0.0012 1.0000 0.0004
vn -0.0003 1.0000 0.0007
vn -0.5846 0.8046 -0.1037
vn -0.0004 1.0000 -0.0000
vn 0.0188 0.9996 -0.0207
vn -0.0005 1.0000 -0.0000
vn -0.0003 1.0000 0.0001
vn -0.0004 1.0000 0.0001
vn 0.8531 0.2065 -0.4792
vn 0.9128 0.1304 -0.3870
vn 0.8572 0.0859 -0.5077
vn 0.7738 0.1639 -0.6119
vn 0.8163 0.0380 -0.5764
vn 0.9624 0.0866 -0.2573
vn 0.9974 0.0531 -0.0487
vn 0.9292 0.0008 -0.3696
vn 0.9206 0.2027 -0.3338
vn 0.9517 0.2352 -0.1973
vn 0.9883 0.1287 -0.0817
vn 0.9747 0.2152 -0.0611
vn -0.2789 0.6396 -0.7163
vn 0.8737 0.2868 -0.3929
vn 0.7942 0.2908 -0.5336
vn 0.9137 0.3023 -0.2717
vn 0.9406 0.3151 -0.1263
vn 0.9004 0.3599 -0.2444
vn 0.8979 0.4201 -0.1315
vn 0.4681 0.0768 -0.8803
vn 0.5764 0.1277 -0.8071
vn 0.6027 0.0656 -0.7953
vn 0.4872 0.2423 -0.8390
vn 0.4697 0.1398 -0.8717
vn 0.3391 0.1456 -0.9294
vn 0.1631 0.0843 -0.9830
vn 0.3076 0.0578 -0.9498
vn 0.1613 0.0249 -0.9866
vn -0.0122 0.0660 -0.9977
vn -0.0305 0.1383 -0.9899
vn 0.1618 0.1881 -0.9687
vn 0.3670 0.2519 -0.8955
vn 0.2796 0.3080 -0.9094
vn 0.4167 0.3136 -0.8532
vn 0.2331 0.2443 -0.9413
vn 0.1564 0.3234 -0.9332
vn 0.0958 0.2387 -0.9664
vn -0.0424 0.2798 -0.9591
vn 0.0516 0.3518 -0.9346
vn -0.0677 0.3883 -0.9190
vn 0.1528 0.4141 -0.8973
vn 0.6333 0.2278 -0.7397
vn 0.6946 0.1006 -0.7123
vn 0.7051 0.0188 -0.7088
vn 0.6423 0.2878 -0.7104
vn 0.7367 0.2566 -0.6257
vn 0.6729 0.3389 -0.6575
vn 0.7377 0.4398 -0.5123
vn 0.8314 0.3844 -0.4012
vn 0.7747 0.3533 -0.5245
vn 0.5447 0.3108 -0.7789
vn 0.8570 0.4327 -0.2797
vn 0.3155 0.4780 -0.8198
vn 0.3012 0.3648 -0.8810
vn 0.6404 0.5564 -0.5294
vn 0.6456 0.4257 -0.6340
vn 0.5432 0.5078 -0.6687
vn 0.5054 0.6511 -0.5663
vn 0.8194 0.5373 -0.1998
vn 0.7499 0.5275 -0.3992
vn 0.6765 0.6692 -0.3074
vn 0.7229 0.6714 -0.1632
vn 0.6003 0.6845 -0.4136
vn 0.6977 0.7153 -0.0396
vn 0.8012 0.5954 -0.0597
vn 0.6318 0.7510 -0.1919
vn 0.5427 0.8169 -0.1953
vn 0.6295 0.7638 -0.1424
vn 0.4201 0.5494 -0.7223
vn 0.4324 0.4091 -0.8036
vn -0.0065 0.5117 -0.8591
vn 0.1421 0.5427 -0.8278
vn 0.1135 0.7798 -0.6156
vn 0.0008 0.7697 -0.6384
vn 0.0356 0.8070 -0.5895
vn 0.1122 0.6456 -0.7554
vn 0.2813 0.6492 -0.7067
vn 0.4398 0.7869 -0.4329
vn 0.4443 0.8082 -0.3865
vn 0.4912 0.7835 -0.3806
vn 0.4097 0.7937 -0.4496
vn 0.6686 0.7436 -0.0107
vn 0.2676 0.7962 -0.5426
vn 0.3292 0.7840 -0.5263
vn 0.3515 0.7715 -0.5303
vn 0.5514 0.7738 -0.3117
vn 0.5854 0.7669 -0.2630
vn 0.6270 0.7613 -0.1653
vn 0.6618 0.7495 0.0157
vn 0.2186 0.8658 -0.4501
vn 0.8925 0.3133 -0.3246
vn 0.8383 0.5444 -0.0286
vn 0.6214 0.6777 -0.3931
vn 0.9166 -0.1975 -0.3476
vn 0.7049 0.0722 -0.7056
vn 0.2775 0.5055 -0.8169
vn 0.2693 0.7232 -0.6360
vn 0.7382 0.6721 0.0577
vn 0.5521 0.4070 -0.7277
vn 0.9877 0.1393 0.0715
vn 0.9928 0.0857 0.0839
vn 0.9458 0.2533 0.2031
vn 0.9732 0.1041 0.2051
vn 0.9292 0.0008 0.3696
vn 0.9185 0.2121 0.3336
vn 0.9125 0.1313 0.3874
vn 0.8514 0.2185 0.4768
vn 0.8573 0.0873 0.5073
vn 0.7734 0.1679 0.6112
vn 0.8163 0.0380 0.5764
vn 0.9523 0.3052 0.0085
vn 0.9352 0.3265 0.1368
vn 0.8681 0.3067 0.3903
vn 0.9064 0.3190 0.2770
vn 0.8833 0.4534 0.1197
vn 0.8915 0.3741 0.2556
vn 0.7927 0.3071 0.5266
vn 0.6027 0.0656 0.7953
vn 0.6945 0.1011 0.7124
vn 0.5769 0.1285 0.8067
vn 0.7051 0.0188 0.7088
vn 0.9074 0.4188 0.0348
vn 0.7839 0.6135 0.0960
vn 0.8476 0.4428 0.2922
vn 0.7767 0.3674 0.5116
vn 0.6783 0.3479 0.6472
vn 0.8254 0.4007 0.3978
vn 0.7441 0.4487 0.4949
vn 0.4881 0.2429 0.8383
vn 0.6348 0.2317 0.7371
vn 0.6477 0.2952 0.7024
vn 0.5506 0.3126 0.7740
vn 0.4178 0.3131 0.8529
vn 0.4397 0.4117 0.7982
vn 0.5637 0.4091 0.7175
vn 0.7368 0.2673 0.6210
vn 0.6562 0.4330 0.6180
vn 0.3012 0.3643 0.8812
vn 0.3157 0.4769 0.8203
vn 0.4681 0.0768 0.8803
vn 0.4697 0.1398 0.8717
vn 0.3391 0.1455 0.9294
vn 0.1631 0.0843 0.9830
vn 0.1618 0.1880 0.9687
vn -0.0304 0.1382 0.9899
vn -0.0122 0.0660 0.9977
vn 0.3668 0.2516 0.8956
vn 0.2795 0.3075 0.9096
vn 0.2331 0.2441 0.9413
vn 0.0958 0.2385 0.9664
vn 0.1566 0.3228 0.9334
vn 0.1529 0.4132 0.8977
vn 0.0516 0.3512 0.9349
vn -0.0414 0.2789 0.9594
vn 0.3076 0.0578 0.9498
vn 0.8089 0.5435 0.2241
vn 0.7156 0.6793 0.1623
vn 0.7473 0.5348 0.3944
vn 0.6107 0.6841 0.3989
vn 0.6533 0.5596 0.5099
vn 0.5578 0.5110 0.6540
vn 0.4277 0.5495 0.7177
vn 0.4200 0.7822 0.4602
vn 0.3477 0.7856 0.5118
vn 0.3749 0.7912 0.4832
vn 0.5465 0.7895 0.2794
vn 0.5046 0.7620 0.4059
vn 0.5398 0.7766 0.3248
vn 0.5278 0.6499 0.5469
vn 0.4019 0.7215 0.5638
vn 0.2819 0.6461 0.7093
vn 0.1285 0.6725 0.7289
vn -0.0398 0.6671 0.7439
vn 0.1416 0.5404 0.8294
vn -0.0023 0.5109 0.8596
vn 0.2539 0.7700 0.5854
vn 0.1934 0.8257 0.5299
vn 0.1981 0.7436 0.6386
vn 0.0692 0.7755 0.6276
vn 0.2700 0.7687 0.5798
vn 0.2635 0.7360 0.6236
vn 0.6083 0.6841 0.4023
vn 0.0394 0.7706 0.6361
vn -0.0991 0.7556 0.6475
vn 0.7189 0.5404 0.4373
vn 0.1801 0.6004 0.7791
vn 0.7025 0.1534 0.6949
vn -0.1766 0.4936 0.8516
vn 0.5708 -0.1183 0.8125
vn 0.6238 0.7618 0.1747
vn -0.3608 0.1099 -0.9262
vn -0.4472 0.2012 -0.8715
vn -0.3089 0.2427 -0.9196
vn -0.1858 0.1763 -0.9666
vn -0.1688 0.3028 -0.9380
vn -0.2427 0.3691 -0.8971
vn -0.3170 0.3142 -0.8949
vn -0.4498 0.3006 -0.8410
vn -0.4102 0.3775 -0.8302
vn -0.5303 0.0978 -0.8421
vn -0.6374 0.0284 -0.7700
vn -0.4457 0.0067 -0.8952
vn -0.5559 0.2404 -0.7957
vn -0.3603 0.4417 -0.8217
vn -0.2106 0.4652 -0.8598
vn -0.5250 0.4538 -0.7200
vn -0.6721 0.1705 -0.7205
vn -0.7351 0.1492 -0.6614
vn -0.7384 0.2579 -0.6231
vn -0.7820 0.0105 -0.6232
vn -0.8046 0.1373 -0.5778
vn -0.8125 0.2418 -0.5305
vn -0.5263 0.3583 -0.7712
vn -0.6036 0.3331 -0.7243
vn -0.5968 0.3994 -0.6959
vn -0.8430 0.2818 -0.4581
vn -0.7843 0.3685 -0.4991
vn -0.6628 0.4086 -0.6275
vn -0.7976 0.4426 -0.4099
vn -0.8872 0.3759 -0.2674
vn -0.8382 0.4702 -0.2763
vn -0.1928 0.5659 -0.8016
vn -0.0537 0.6671 -0.7431
vn -0.2703 0.6794 -0.6822
vn -0.4619 0.6860 -0.5622
vn -0.3755 0.5561 -0.7414
vn -0.5197 0.5949 -0.6132
vn -0.2004 0.7583 -0.6203
vn -0.2836 0.7736 -0.5667
vn -0.4094 0.7783 -0.4760
vn -0.3208 0.7782 -0.5399
vn -0.3748 0.7770 -0.5058
vn -0.6040 0.6426 -0.4715
vn -0.5565 0.7176 -0.4188
vn -0.6151 0.7619 -0.2028
vn -0.5707 0.7628 -0.3040
vn -0.5661 0.8191 -0.0925
vn -0.6086 0.7806 -0.1423
vn -0.6231 0.7812 -0.0375
vn -0.5069 0.7520 -0.4213
vn -0.1190 0.7544 -0.6455
vn -0.3932 0.7346 -0.5530
vn -0.3031 0.6144 -0.7285
vn -0.0782 0.2016 -0.9763
vn -0.7836 0.2468 -0.5702
vn -0.5639 -0.2146 -0.7974
vn -0.5618 0.7485 -0.3523
vn -0.7273 0.5615 -0.3948
vn -0.5495 0.7856 -0.2843
vn -0.4995 0.7497 -0.4341
vn -0.6090 0.5147 -0.6035
vn -0.6847 0.6913 -0.2307
vn -0.7465 0.5755 -0.3340
vn -0.7011 0.5384 -0.4675
vn -0.8059 0.5648 -0.1777
vn -0.8707 0.4840 -0.0875
vn -0.7627 0.6461 -0.0290
vn -0.9016 0.0393 -0.4309
vn -0.8821 0.1620 -0.4423
vn -0.9448 0.0961 -0.3131
vn -0.9160 0.2347 -0.3252
vn -0.9855 -0.0473 -0.1631
vn -0.9828 0.1391 -0.1217
vn -0.9626 0.1902 -0.1931
vn -0.9999 -0.0144 -0.0000
vn -0.9679 0.2408 -0.0725
vn -0.8696 0.3324 -0.3650
vn -0.9280 0.2923 -0.2310
vn -0.8217 0.1146 0.5582
vn -0.7062 0.2062 0.6773
vn -0.8072 0.2043 0.5539
vn -0.6405 0.1377 0.7555
vn -0.7272 0.0839 0.6813
vn -0.7820 0.0105 0.6232
vn -0.5301 0.0947 0.8426
vn -0.6374 0.0284 0.7700
vn -0.9029 0.3579 0.2378
vn -0.8230 0.4158 0.3869
vn -0.8631 0.4511 0.2271
vn -0.3884 0.3495 0.8527
vn -0.5150 0.3195 0.7954
vn -0.4442 0.2681 0.8549
vn -0.6079 0.2663 0.7480
vn -0.5658 0.2121 0.7968
vn -0.7134 0.3471 0.6087
vn -0.6255 0.4762 0.6180
vn -0.7558 0.4074 0.5127
vn -0.8553 0.2452 0.4565
vn -0.7375 0.2818 0.6137
vn -0.8094 0.3266 0.4880
vn -0.6226 0.3503 0.6998
vn -0.2040 0.0679 0.9766
vn -0.1846 0.1749 0.9671
vn -0.3609 0.1083 0.9263
vn -0.3038 0.2312 0.9242
vn -0.4457 0.0067 0.8952
vn -0.1607 0.2969 0.9413
vn -0.0592 0.3845 0.9212
vn -0.1807 0.4622 0.8682
vn -0.2196 0.3597 0.9069
vn -0.4460 0.1856 0.8756
vn -0.0381 0.7718 0.6348
vn -0.0892 0.7691 0.6328
vn -0.6147 0.7750 0.1469
vn -0.6577 0.7511 0.0570
vn -0.6996 0.6945 0.1680
vn -0.5288 0.7806 0.3333
vn -0.4732 0.7685 0.4306
vn -0.4060 0.8198 0.4039
vn -0.3837 0.6903 0.6133
vn -0.2448 0.7600 0.6021
vn -0.3024 0.7716 0.5596
vn -0.1604 0.5637 0.8103
vn -0.1418 0.7700 0.6221
vn -0.1122 0.7921 0.6000
vn -0.3296 0.5443 0.7714
vn -0.2282 0.6766 0.7001
vn -0.3247 0.4247 0.8451
vn -0.3027 0.7924 0.5296
vn -0.3426 0.7554 0.5586
vn -0.8829 0.4689 0.0238
vn -0.7682 0.3644 0.5264
vn -0.9130 -0.2567 0.3172
vn -0.6058 0.7187 0.3414
vn -0.5881 0.7892 0.1771
vn -0.8293 0.5523 0.0843
vn -0.5908 0.7219 0.3604
vn -0.6510 0.6138 0.4466
vn -0.5334 0.6653 0.5225
vn -0.9030 0.4261 0.0546
vn -0.7709 0.5648 0.2945
vn -0.7259 0.5173 0.4532
vn -0.5228 0.5579 0.6445
vn -0.9853 -0.0476 0.1643
vn -0.9830 0.1020 0.1528
vn -0.9845 0.1750 0.0108
vn -0.9677 0.1828 0.1738
vn -0.9451 0.0932 0.3132
vn -0.8850 0.1459 0.4421
vn -0.9220 0.2146 0.3221
vn -0.9016 0.0389 0.4309
vn -0.8858 0.3024 0.3520
vn -0.9371 0.2728 0.2179
vn -0.9413 0.3204 -0.1061
vn -0.9424 0.3285 0.0634
vn -0.9284 0.3655 -0.0669
vn -0.9708 0.2264 0.0795
vn 0.6685 0.7357 0.1082
vn -0.5226 -0.2786 0.8058
vn -0.7220 0.2174 0.6569
vn 0.2051 -0.4228 -0.8827
vn 0.9133 -0.0741 -0.4004
vn 0.8858 -0.1399 -0.4425
vn 0.8352 -0.0558 -0.5471
vn 0.9612 -0.0587 -0.2694
vn 0.9449 -0.1444 -0.2938
vn 0.8678 -0.3010 -0.3954
vn 0.8320 -0.2494 -0.4955
vn 0.9089 -0.2436 -0.3384
vn 0.9668 -0.2549 0.0202
vn 0.9574 -0.2367 -0.1653
vn 0.9924 -0.1207 -0.0240
vn 0.9491 -0.3099 -0.0560
vn 0.9194 -0.3150 -0.2357
vn 0.9769 -0.1232 -0.1747
vn 0.5940 -0.1745 -0.7853
vn 0.4708 -0.1332 -0.8721
vn 0.5679 -0.0535 -0.8213
vn 0.2976 -0.2056 -0.9323
vn 0.1443 -0.1053 -0.9839
vn 0.3237 -0.1049 -0.9403
vn 0.2196 -0.0356 -0.9749
vn -0.0134 -0.0238 -0.9996
vn 0.0577 -0.2331 -0.9707
vn -0.0475 -0.1856 -0.9815
vn 0.3633 -0.2742 -0.8904
vn 0.4645 -0.2242 -0.8567
vn 0.1524 -0.3422 -0.9272
vn 0.2088 -0.2773 -0.9378
vn 0.3100 -0.3505 -0.8838
vn 0.0560 -0.3027 -0.9515
vn 0.4182 -0.0409 -0.9074
vn 0.4672 -0.3143 -0.8264
vn 0.7134 -0.2223 -0.6645
vn 0.6698 -0.1018 -0.7355
vn 0.7542 -0.0872 -0.6508
vn 0.7187 -0.0062 -0.6953
vn 0.8076 -0.1413 -0.5726
vn 0.7840 -0.2968 -0.5453
vn 0.6763 -0.4974 -0.5433
vn 0.8032 -0.3892 -0.4510
vn 0.8065 -0.4734 -0.3543
vn 0.5945 -0.2667 -0.7586
vn 0.5972 -0.3513 -0.7211
vn 0.5740 -0.4376 -0.6922
vn 0.4500 -0.3925 -0.8021
vn 0.6892 -0.2955 -0.6616
vn 0.8782 -0.3854 -0.2833
vn 0.3908 -0.5009 -0.7723
vn 0.3097 -0.4313 -0.8474
vn 0.1482 -0.4215 -0.8947
vn 0.0391 -0.4582 -0.8880
vn 0.0105 -0.3862 -0.9223
vn 0.5049 -0.5622 -0.6550
vn 0.8736 -0.4610 -0.1558
vn 0.8042 -0.5761 -0.1462
vn 0.7612 -0.5874 -0.2748
vn 0.8357 -0.5492 -0.0026
vn 0.6430 -0.6956 -0.3206
vn 0.6984 -0.5755 -0.4255
vn 0.7258 -0.6879 0.0026
vn 0.6946 -0.7049 -0.1440
vn 0.3125 -0.6596 -0.6836
vn 0.4562 -0.6924 -0.5590
vn -0.0334 -0.5602 -0.8277
vn 0.1923 -0.5516 -0.8117
vn 0.1139 -0.6764 -0.7277
vn 0.5438 -0.7698 -0.3343
vn 0.5724 -0.7850 -0.2368
vn 0.2226 -0.7657 -0.6034
vn 0.3214 -0.7774 -0.5407
vn 0.6584 -0.7471 -0.0911
vn 0.5944 -0.7737 -0.2192
vn 0.5994 -0.7994 -0.0412
vn 0.0884 -0.7699 -0.6319
vn 0.0149 -0.8160 -0.5779
vn 0.2229 -0.8040 -0.5512
vn 0.6873 -0.6963 0.2071
vn 0.6507 -0.7298 -0.2098
vn -0.0833 -0.6343 -0.7686
vn 0.4292 -0.7286 -0.5338
vn 0.5841 -0.1479 -0.7981
vn 0.7580 -0.5331 -0.3758
vn 0.5702 -0.6649 -0.4824
vn 0.5149 -0.7621 -0.3925
vn 0.0892 -0.7777 -0.6222
vn 0.1507 -0.7616 -0.6302
vn 0.9955 -0.0532 0.0781
vn 0.9897 -0.1079 0.0939
vn 0.9974 -0.0655 -0.0315
vn 0.9612 -0.0587 0.2694
vn 0.9449 -0.1444 0.2938
vn 0.8858 -0.1399 0.4425
vn 0.8076 -0.1413 0.5726
vn 0.8320 -0.2494 0.4955
vn 0.8352 -0.0558 0.5471
vn 0.9088 -0.2439 0.3385
vn 0.9194 -0.3149 0.2357
vn 0.9569 -0.2302 0.1774
vn 0.8679 -0.3008 0.3954
vn 0.9466 -0.3172 0.0579
vn 0.9137 -0.3799 0.1443
vn 0.8993 -0.4372 0.0118
vn 0.8781 -0.3852 0.2839
vn 0.8744 -0.4584 0.1594
vn 0.6699 -0.1018 0.7355
vn 0.7135 -0.2221 0.6645
vn 0.7542 -0.0872 0.6508
vn 0.5940 -0.1745 0.7853
vn 0.5679 -0.0535 0.8213
vn 0.7187 -0.0062 0.6953
vn 0.8031 -0.3887 0.4516
vn 0.8067 -0.4729 0.3544
vn 0.7840 -0.2966 0.5453
vn 0.6768 -0.4964 0.5437
vn 0.7110 -0.3779 0.5930
vn 0.4643 -0.2242 0.8568
vn 0.4673 -0.3138 0.8265
vn 0.5944 -0.2660 0.7589
vn 0.5973 -0.3507 0.7213
vn 0.4514 -0.3933 0.8010
vn 0.5744 -0.4368 0.6923
vn 0.6893 -0.2952 0.6616
vn 0.3099 -0.3497 0.8841
vn 0.3089 -0.4272 0.8497
vn 0.3889 -0.5002 0.7737
vn 0.1483 -0.4215 0.8946
vn -0.0015 -0.3908 0.9205
vn 0.0810 -0.4735 0.8771
vn 0.4708 -0.1332 0.8721
vn 0.4182 -0.0409 0.9074
vn 0.1443 -0.1053 0.9839
vn 0.2976 -0.2055 0.9323
vn 0.3237 -0.1049 0.9403
vn 0.2196 -0.0356 0.9749
vn -0.0134 -0.0238 0.9996
vn 0.0892 -0.2221 0.9709
vn -0.0437 -0.1362 0.9897
vn 0.3634 -0.2738 0.8905
vn 0.2091 -0.2760 0.9381
vn 0.1523 -0.3409 0.9277
vn 0.0393 -0.2994 0.9533
vn 0.7610 -0.5870 0.2763
vn 0.8203 -0.5598 0.1168
vn 0.6991 -0.5741 0.4263
vn 0.6439 -0.6936 0.3229
vn 0.6975 -0.6996 0.1551
vn 0.5051 -0.5613 0.6556
vn 0.4864 -0.8170 0.3096
vn 0.5822 -0.7699 0.2613
vn 0.5454 -0.7780 0.3117
vn 0.2128 -0.8116 0.5441
vn 0.2963 -0.7800 0.5511
vn 0.2227 -0.7621 0.6080
vn 0.3176 -0.6562 0.6845
vn 0.4565 -0.6915 0.5599
vn 0.1920 -0.5500 0.8128
vn 0.1143 -0.6751 0.7289
vn -0.0774 -0.5070 0.8585
vn 0.5890 -0.8048 0.0729
vn 0.5730 -0.7862 0.2313
vn 0.5957 -0.7091 0.3773
vn 0.4222 -0.7334 0.5328
vn 0.3867 -0.7636 0.5172
vn 0.0259 -0.8151 0.5787
vn 0.0951 -0.7692 0.6319
vn 0.0501 -0.6143 0.7874
vn 0.2962 -0.3243 0.8984
vn 0.9349 -0.2847 0.2119
vn 0.6559 -0.7533 0.0479
vn 0.6432 -0.7646 -0.0407
vn 0.4939 -0.7763 0.3918
vn 0.5623 -0.6699 0.4848
vn 0.0676 -0.7815 0.6202
vn 0.1628 -0.7546 0.6356
vn -0.2047 -0.0906 -0.9746
vn -0.2634 -0.0150 -0.9646
vn -0.1279 -0.2285 -0.9651
vn -0.3537 -0.1074 -0.9292
vn -0.4474 -0.0120 -0.8942
vn -0.3031 -0.2188 -0.9275
vn -0.1004 -0.2643 -0.9592
vn -0.1510 -0.4370 -0.8867
vn -0.3679 -0.3135 -0.8754
vn -0.4274 -0.2341 -0.8732
vn -0.2554 -0.3029 -0.9182
vn -0.2802 -0.3690 -0.8862
vn -0.5741 -0.2433 -0.7818
vn -0.5875 -0.0947 -0.8037
vn -0.5014 -0.1053 -0.8588
vn -0.6152 -0.0251 -0.7879
vn -0.5608 -0.2884 -0.7761
vn -0.3235 -0.4453 -0.8349
vn -0.4354 -0.3850 -0.8138
vn -0.7065 -0.2114 -0.6754
vn -0.7631 -0.0181 -0.6460
vn -0.8204 -0.1022 -0.5626
vn -0.8763 -0.0415 -0.4799
vn -0.6454 -0.2786 -0.7112
vn -0.5544 -0.3988 -0.7305
vn -0.5704 -0.4880 -0.6607
vn -0.6692 -0.3847 -0.6357
vn -0.8063 -0.2166 -0.5504
vn -0.7261 -0.2713 -0.6319
vn -0.7103 -0.4385 -0.5506
vn -0.7971 -0.3593 -0.4852
vn -0.8774 -0.4732 -0.0788
vn -0.9251 -0.3797 0.0001
vn -0.9095 -0.3911 -0.1410
vn -0.8487 -0.4669 -0.2486
vn -0.9099 -0.3368 -0.2420
vn -0.8526 -0.3793 -0.3595
vn -0.7858 -0.4616 -0.4116
vn -0.1948 -0.7494 -0.6328
vn -0.0788 -0.6754 -0.7332
vn -0.1117 -0.7773 -0.6192
vn -0.2123 -0.5367 -0.8166
vn -0.3573 -0.5627 -0.7454
vn -0.3381 -0.6976 -0.6317
vn -0.4705 -0.6319 -0.6160
vn -0.2219 -0.6499 -0.7270
vn -0.5252 -0.7748 -0.3519
vn -0.5493 -0.7084 -0.4431
vn -0.4445 -0.7709 -0.4562
vn -0.3489 -0.7743 -0.5279
vn -0.3710 -0.7747 -0.5120
vn -0.4013 -0.7645 -0.5045
vn -0.2800 -0.7784 -0.5619
vn -0.1286 -0.7796 -0.6130
vn -0.2390 -0.7426 -0.6256
vn -0.7180 -0.6622 -0.2144
vn -0.6863 -0.7268 -0.0282
vn -0.6229 -0.7570 -0.1973
vn -0.5294 -0.6121 -0.5874
vn -0.4998 -0.7315 -0.4638
vn -0.8859 -0.3978 -0.2387
vn -0.3124 -0.3985 -0.8623
vn -0.5777 -0.8101 -0.1000
vn -0.4952 -0.7899 -0.3617
vn -0.5403 -0.7144 -0.4447
vn -0.5828 -0.6152 -0.5309
vn -0.7276 -0.5909 -0.3485
vn -0.6770 -0.5219 -0.5190
vn -0.6304 -0.7615 -0.1506
vn -0.6799 -0.6983 -0.2238
vn -0.5644 -0.7836 -0.2598
vn -0.6405 -0.7667 -0.0440
vn -0.7212 -0.6928 -0.0022
vn -0.7963 -0.5836 -0.1589
vn -0.4529 -0.4761 -0.7538
vn -0.8671 -0.1754 -0.4663
vn -0.9334 -0.1665 -0.3178
vn -0.9237 -0.0591 -0.3785
vn -0.9641 -0.0403 -0.2623
vn -0.9641 -0.1983 -0.1769
vn -0.9846 -0.0910 -0.1491
vn -0.9836 -0.1804 -0.0006
vn -0.8767 -0.2843 -0.3881
vn -0.9278 -0.2693 -0.2581
vn -0.9520 -0.3016 -0.0532
vn -0.9567 -0.2759 -0.0926
vn -0.9574 -0.2779 0.0783
vn -0.1149 -0.3844 0.9160
vn -0.2245 -0.4019 0.8877
vn -0.2634 -0.4285 0.8643
vn -0.4257 -0.3624 0.8291
vn -0.5484 -0.2099 0.8094
vn -0.6097 -0.1123 0.7847
vn -0.6471 -0.1832 0.7400
vn -0.7372 -0.1453 0.6599
vn -0.8020 -0.0267 0.5967
vn -0.8137 -0.2473 0.5261
vn -0.8521 -0.4649 0.2405
vn -0.9114 -0.3909 0.1291
vn -0.8799 -0.4689 0.0767
vn -0.6145 -0.4056 0.6767
vn -0.7279 -0.3661 0.5798
vn -0.7251 -0.4277 0.5398
vn -0.8064 -0.3483 0.4779
vn -0.8810 -0.2782 0.3827
vn -0.6855 -0.3320 0.6480
vn -0.6360 -0.3446 0.6905
vn -0.7555 -0.2136 0.6194
vn -0.8592 -0.3754 0.3476
vn -0.2634 -0.0150 0.9646
vn -0.2047 -0.0906 0.9746
vn -0.1703 -0.1982 0.9653
vn -0.3534 -0.1062 0.9294
vn -0.4474 -0.0120 0.8942
vn -0.3004 -0.2143 0.9294
vn -0.0701 -0.2590 0.9633
vn -0.4271 -0.2202 0.8770
vn -0.3584 -0.2963 0.8853
vn -0.2314 -0.2923 0.9279
vn -0.5023 -0.1034 0.8585
vn -0.6680 0.0368 0.7432
vn -0.5716 -0.3179 0.7564
vn -0.6550 -0.7552 0.0266
vn -0.4338 -0.7534 0.4942
vn -0.4171 -0.7764 0.4725
vn -0.3564 -0.7801 0.5142
vn -0.7320 -0.5567 -0.3927
vn 0.0922 -0.6973 0.7108
vn -0.1294 -0.7669 0.6285
vn -0.1424 -0.8049 0.5761
vn -0.0725 -0.7782 0.6238
vn -0.4710 -0.6162 0.6312
vn -0.3418 -0.6948 0.6328
vn -0.3289 -0.5548 0.7642
vn -0.1704 -0.5240 0.8345
vn -0.1918 -0.6432 0.7413
vn -0.4442 -0.4603 0.7686
vn -0.2085 -0.6956 0.6875
vn -0.5347 -0.6545 0.5346
vn -0.6296 -0.7259 0.2769
vn -0.5643 -0.8187 0.1059
vn -0.2361 -0.7763 0.5844
vn -0.6913 -0.5157 0.5062
vn -0.7389 -0.5894 0.3266
vn -0.5999 -0.6144 0.5125
vn -0.6140 -0.7793 0.1252
vn -0.7971 -0.5842 0.1528
vn -0.8198 -0.5727 0.0002
vn -0.7965 -0.4565 0.3964
vn -0.5829 -0.6948 0.4212
vn -0.9855 -0.0883 0.1449
vn -0.9652 -0.0385 0.2586
vn -0.9993 -0.0372 -0.0000
vn -0.9338 -0.1648 0.3175
vn -0.8678 -0.1724 0.4660
vn -0.8518 0.0141 0.5237
vn -0.9237 -0.0591 0.3785
vn -0.9291 -0.2674 0.2554
vn -0.9119 -0.3353 0.2365
vn -0.9444 -0.3223 0.0654
vn -0.9644 -0.1979 0.1752
vn -0.0293 -0.7516 -0.6589
vn -0.0354 -0.7513 0.6590
vn -0.0544 -0.6742 0.7366
vn 0.8703 0.4904 -0.0455
vn 0.3824 0.7224 -0.5761
vn 0.2264 0.7824 -0.5802
vn 0.2009 0.7472 -0.6335
vn 0.1613 0.0249 0.9866
vn 0.6735 0.6686 0.3152
vn 0.5923 0.7889 0.1637
vn 0.5488 0.8020 0.2358
vn 0.5963 0.7508 0.2840
vn 0.6496 0.7578 0.0617
vn 0.4908 0.7450 0.4517
vn -0.2040 0.0679 -0.9766
vn -0.7202 0.4431 -0.5338
vn -0.6484 0.2783 -0.7086
vn -0.1512 0.8115 -0.5644
vn -0.1331 0.7579 -0.6387
vn -0.6924 0.7209 -0.0283
vn -0.4882 0.4277 0.7608
vn -0.3007 0.2961 0.9066
vn -0.5725 0.7724 0.2752
vn -0.3843 0.7910 0.4760
vn 0.9136 -0.3765 -0.1535
vn 0.7103 -0.3795 -0.5929
vn 0.6330 -0.7710 -0.0696
vn 0.4012 -0.7849 -0.4722
vn 0.4519 -0.7829 -0.4275
vn 0.6264 -0.7637 -0.1562
vn 0.3798 -0.7973 -0.4690
vn 0.5132 -0.7983 -0.3152
vn 0.9134 -0.0742 0.4003
vn 0.6466 -0.7503 0.1375
vn 0.5824 -0.7719 0.2550
vn 0.3985 -0.7854 0.4737
vn 0.4703 -0.7634 0.4427
vn -0.4763 -0.3929 0.7866
vn -0.1475 -0.9368 -0.3172
vn -0.6952 -0.6885 0.2063
s 1
usemtl Material.001
f 191//1 80//2 75//3
f 236//2 294//2 88//3
f 339//2 116//2 297//4
f 344//5 300//3 343//6
f 303//7 189//2 201//8
f 348//9 376//3 373//10
f 346//5 300//3 344//5
f 250//8 373//10 189//2
f 251//11 385//12 380//3
f 342//13 129//2 298//2
f 248//2 129//2 120//3
f 244//2 116//2 100//2
f 78//3 89//3 79//2
f 300//3 129//2 200//14
f 347//15 171//16 160//3
f 302//17 160//3 163//10
f 80//2 89//3 75//3
f 173//18 160//3 171//16
f 70//2 89//3 71//3
f 249//3 160//3 300//3
f 300//3 138//3 129//2
f 163//10 160//3 249//3
f 376//3 186//3 373//10
f 373//10 186//3 184//19
f 380//3 190//3 376//3
f 43//20 60//21 36//22
f 59//2 86//2 68//2
f 88//3 100//2 89//3
f 1//23 60//21 72//2
f 68//2 86//2 72//2
f 89//3 109//3 86//2
f 160//3 143//3 138//3
f 386//12 190//3 383//3
f 100//2 112//3 109//3
f 120//3 138//3 116//2
f 116//2 138//3 112//3
f 175//3 154//3 160//3
f 3//24 72//2 37//3
f 390//10 387//3 185//3
f 186//3 172//3 175//3
f 202//25 304//26 391//19
f 4//4 72//2 5//27
f 143//3 127//3 112//3
f 5//27 72//2 6//3
f 6//3 44//21 7//28
f 86//2 92//3 87//2
f 392//29 203//3 387//3
f 387//3 377//3 185//3
f 253//5 203//3 392//29
f 44//21 72//2 45//2
f 190//3 185//3 172//3
f 2//30 72//2 3//24
f 109//3 113//2 105//3
f 127//3 139//3 113//2
f 143//3 139//3 127//3
f 204//31 254//31 203//3
f 185//3 179//3 172//3
f 46//2 73//2 47//2
f 10//32 48//2 11//33
f 105//3 113//2 106//2
f 47//2 61//2 48//2
f 73//2 83//2 61//2
f 87//2 98//2 90//2
f 179//3 167//3 172//3
f 374//3 180//3 179//3
f 48//2 61//2 49//2
f 87//2 90//2 83//2
f 98//2 106//2 90//2
f 167//3 148//3 147//3
f 388//3 381//3 377//3
f 296//34 49//2 240//35
f 319//10 320//3 388//3
f 180//3 181//3 179//3
f 240//35 49//2 337//3
f 378//3 187//2 374//3
f 49//2 54//3 38//2
f 61//2 81//2 62//3
f 61//2 62//3 54//3
f 106//2 107//3 99//2
f 106//2 121//2 107//3
f 148//3 131//3 124//2
f 124//2 131//3 121//2
f 187//2 181//3 180//3
f 222//27 225//2 320//3
f 50//2 54//3 51//2
f 83//2 93//3 81//2
f 121//2 122//3 107//3
f 181//3 168//3 167//3
f 223//27 282//36 225//2
f 90//2 99//2 93//3
f 131//3 122//3 121//2
f 51//2 52//2 13//37
f 51//2 54//3 52//2
f 99//2 107//3 108//3
f 131//3 132//3 122//3
f 187//2 182//3 181//3
f 99//2 108//3 93//3
f 62//3 55//3 54//3
f 187//2 378//3 375//2
f 53//2 15//21 14//38
f 225//2 366//39 283//40
f 155//3 168//3 156//3
f 148//3 132//3 131//3
f 93//3 108//3 94//3
f 122//3 108//3 107//3
f 132//3 118//3 122//3
f 93//3 94//3 84//3
f 187//2 375//2 182//3
f 381//3 281//2 382//3
f 381//3 379//3 378//3
f 16//41 53//2 338//3
f 132//3 144//3 133//3
f 367//40 284//42 323//43
f 338//3 53//2 242//35
f 53//2 55//3 18//2
f 81//2 84//3 82//2
f 108//3 95//3 94//3
f 156//3 183//2 157//2
f 18//2 55//3 20//2
f 281//2 227//2 382//3
f 281//2 285//44 227//2
f 64//3 56//3 55//3
f 20//2 56//3 22//2
f 133//3 149//2 134//2
f 157//2 169//2 149//2
f 382//3 227//2 384//2
f 375//2 384//2 188//2
f 375//2 379//3 384//2
f 56//3 25//3 22//2
f 82//2 64//3 63//3
f 118//3 110//3 108//3
f 25//3 24//45 23//33
f 134//2 110//3 118//3
f 227//2 325//46 288//2
f 56//3 26//3 25//3
f 95//3 85//3 84//3
f 84//3 76//3 82//2
f 56//3 39//3 26//3
f 134//2 119//3 110//3
f 101//3 102//3 95//3
f 110//3 102//3 101//3
f 56//3 28//3 39//3
f 85//3 74//3 76//3
f 56//3 29//2 28//3
f 134//2 135//2 119//3
f 134//2 161//2 135//2
f 169//2 372//2 170//2
f 56//3 30//3 29//2
f 384//2 217//2 188//2
f 65//2 66//3 56//3
f 56//3 31//3 30//3
f 119//3 103//3 102//3
f 149//2 170//2 161//2
f 135//2 114//3 119//3
f 217//2 317//47 363//2
f 66//3 258//3 307//3
f 66//3 40//3 258//3
f 66//3 259//3 40//3
f 135//2 125//3 114//3
f 66//3 33//3 259//3
f 103//3 91//3 77//3
f 161//2 170//2 165//2
f 372//2 389//2 333//2
f 188//2 363//2 389//2
f 66//3 34//3 33//3
f 67//3 41//3 66//3
f 135//2 165//2 125//3
f 372//2 333//2 170//2
f 363//2 280//48 219//30
f 77//3 67//3 74//3
f 363//2 218//20 362//46
f 103//3 96//3 91//3
f 41//3 260//10 34//3
f 114//3 96//3 103//3
f 77//3 91//3 67//3
f 170//2 176//2 165//2
f 170//2 333//2 176//2
f 389//2 316//2 275//49
f 125//3 358//3 114//3
f 182//3 183//2 181//3
f 76//3 66//3 82//2
f 288//2 228//30 326//23
f 288//2 326//23 217//2
f 102//3 77//3 85//3
f 336//50 49//2 296//34
f 363//2 314//2 389//2
f 294//2 100//2 88//3
f 195//3 100//2 97//5
f 335//2 89//3 78//3
f 82//2 65//2 64//3
f 62//3 81//2 63//3
f 52//2 55//3 53//2
f 45//2 73//2 46//2
f 385//12 190//3 380//3
f 58//40 86//2 59//2
f 234//51 43//20 36//22
f 79//2 89//3 80//2
f 297//4 116//2 340//5
f 343//6 300//3 299//18
f 41//3 353//16 35//52
f 96//3 311//3 91//3
f 125//3 165//2 136//3
f 165//2 176//2 162//2
f 91//3 69//2 67//3
f 67//3 261//53 41//3
f 91//3 264//3 69//2
f 358//3 104//3 96//3
f 136//3 126//2 358//3
f 165//2 152//2 150//3
f 176//2 174//2 166//2
f 333//2 230//3 331//2
f 333//2 332//21 230//3
f 333//2 370//54 332//21
f 311//3 357//19 356//55
f 162//2 158//46 153//24
f 162//2 166//2 164//2
f 333//2 371//56 370//54
f 389//2 232//57 333//2
f 91//3 208//58 264//3
f 96//3 267//59 311//3
f 104//3 312//60 96//3
f 358//3 115//3 271//3
f 126//2 359//5 115//3
f 126//2 272//47 359//5
f 150//3 140//2 137//3
f 150//3 141//5 140//2
f 150//3 142//3 141//5
f 150//3 145//3 142//3
f 150//3 146//5 145//3
f 264//3 310//16 69//2
f 96//3 212//33 267//59
f 104//3 268//16 312//60
f 216//60 269//10 104//3
f 111//61 215//62 358//3
f 115//3 360//63 271//3
f 126//2 313//5 272//47
f 128//3 361//21 126//2
f 166//2 329//2 327//18
f 586//64 689//65 631//66
f 630//66 689//65 688//67
f 524//65 737//65 692//68
f 695//66 742//69 741//70
f 598//71 700//72 597//73
f 653//65 749//74 599//66
f 426//75 461//66 460//76
f 695//66 744//73 742//69
f 599//66 651//77 598//71
f 602//78 652//79 600//80
f 634//81 504//65 505//82
f 591//82 508//65 639//65
f 737//65 524//65 533//66
f 592//76 524//65 640//76
f 593//83 533//66 643//65
f 645//65 740//84 693//65
f 644//65 533//66 593//83
f 643//65 645//65 693//65
f 639//65 524//65 592//76
f 477//65 493//65 585//65
f 645//65 695//66 595//85
f 698//86 747//87 745//66
f 745//66 697//88 748//89
f 690//76 504//65 633//65
f 745//66 746//90 698//86
f 504//65 508//65 505//82
f 745//66 647//66 695//66
f 552//66 695//66 645//65
f 745//66 748//89 647//66
f 649//66 599//66 650//91
f 601//66 653//65 599//66
f 601//66 600//80 653//65
f 461//66 475//65 469//66
f 493//65 509//66 504//65
f 504//65 509//66 508//65
f 508//65 520//66 524//65
f 537//66 552//66 533//66
f 601//66 654//66 702//66
f 537//66 533//66 524//65
f 579//66 699//66 745//66
f 493//65 497//65 509//66
f 656//66 750//66 703//66
f 579//66 649//66 699//66
f 656//66 603//92 704//93
f 397//65 451//65 419//65
f 451//65 470//66 475//65
f 509//66 515//66 520//66
f 399//66 430//65 451//65
f 475//65 490//65 493//65
f 497//65 515//66 509//66
f 604//66 705//94 656//66
f 780//66 656//66 703//66
f 604//66 657//95 705//94
f 768//66 601//66 579//66
f 768//66 703//66 601//66
f 418//65 451//65 475//65
f 395//65 451//65 418//65
f 475//65 470//66 490//65
f 497//65 498//66 515//66
f 515//66 525//65 537//66
f 548//66 552//66 537//66
f 658//96 605//97 604//66
f 402//98 434//65 433//65
f 498//66 516//65 515//66
f 570//66 768//66 579//66
f 539//65 553//66 548//66
f 587//99 435//65 404//100
f 404//100 435//65 434//65
f 557//66 570//66 553//66
f 577//66 769//66 768//66
f 434//65 456//66 462//65
f 491//66 499//65 498//66
f 525//65 534//65 539//65
f 719//65 718//89 752//66
f 770//66 774//66 769//66
f 462//65 485//65 481//65
f 735//72 420//66 435//65
f 481//65 485//65 491//66
f 499//65 510//66 516//65
f 540//66 557//66 539//65
f 540//66 539//65 534//65
f 420//66 436//66 456//66
f 771//65 774//66 770//66
f 621//65 618//71 719//65
f 776//66 621//65 719//65
f 588//101 437//65 436//66
f 516//65 534//65 525//65
f 571//66 577//66 570//66
f 781//66 752//66 780//66
f 401//66 433//65 432//65
f 636//102 438//65 405//103
f 438//65 437//65 405//103
f 621//65 620//104 677//105
f 463//66 472//65 485//65
f 621//65 761//106 620//104
f 452//66 463//66 456//66
f 578//66 771//65 770//66
f 407//73 439//65 406//99
f 776//66 676//65 621//65
f 564//66 572//66 571//66
f 541//66 554//66 540//66
f 589//107 439//65 407//73
f 528//66 541//66 540//66
f 528//66 540//66 526//66
f 472//65 486//66 485//65
f 571//66 578//66 577//66
f 578//66 772//65 771//65
f 637//72 409//66 440//65
f 554//66 565//65 572//66
f 541//66 565//65 554//66
f 676//65 680//108 681//109
f 583//65 772//65 578//66
f 453//66 464//66 452//66
f 441//65 453//66 452//66
f 465//66 472//65 464//66
f 487//66 494//66 486//66
f 506//66 517//66 507//66
f 542//66 558//65 565//65
f 573//65 583//65 578//66
f 777//66 683//65 623//65
f 775//66 778//65 777//66
f 772//65 778//65 775//66
f 683//65 723//110 682//111
f 443//66 453//66 442//65
f 528//66 542//66 541//66
f 413//112 443//66 412//113
f 683//65 764//114 723//110
f 683//65 724//76 764//114
f 444//66 453//66 443//66
f 501//66 506//66 494//66
f 445//66 453//66 444//66
f 683//65 672//76 725//115
f 421//66 453//66 445//66
f 683//65 671//116 672//76
f 483//66 501//66 487//66
f 422//65 453//66 421//66
f 512//66 521//66 511//66
f 544//66 543//65 529//65
f 543//65 560//66 558//65
f 574//65 773//65 583//65
f 683//65 613//71 671//116
f 423//66 453//66 422//65
f 778//65 673//65 683//65
f 457//66 465//66 453//66
f 424//66 453//66 423//66
f 467//66 487//66 465//66
f 673//65 674//117 760//118
f 530//66 544//66 521//66
f 662//66 457//66 709//66
f 446//66 457//66 662//66
f 447//119 457//66 446//66
f 488//66 512//66 501//66
f 673//65 717//65 615//120
f 502//66 512//66 488//66
f 513//66 530//66 512//66
f 673//65 759//67 717//65
f 779//65 714//121 759//67
f 544//66 561//65 560//66
f 558//65 560//66 574//65
f 673//65 760//118 613//71
f 512//66 511//66 501//66
f 673//65 675//122 716//123
f 458//66 488//66 467//66
f 779//65 614//124 714//121
f 416//89 458//66 467//66
f 580//65 731//65 773//65
f 731//65 686//66 779//65
f 531//66 545//66 530//66
f 500//66 507//66 510//66
f 470//66 481//65 490//65
f 689//65 504//65 632//66
f 632//66 504//65 690//76
f 775//66 776//66 774//66
f 638//125 508//65 591//82
f 687//76 468//65 493//65
f 561//65 576//65 580//65
f 438//65 452//66 456//66
f 510//66 526//66 534//65
f 485//65 500//66 499//65
f 431//65 462//65 451//65
f 400//126 432//65 431//65
f 601//66 602//78 600//80
f 524//65 692//68 738//73
f 695//66 741//70 694//69
f 688//67 689//65 586//64
f 585//65 493//65 630//66
f 561//65 566//65 576//65
f 576//65 581//65 731//65
f 686//66 669//76 670//106
f 686//66 782//76 612//127
f 425//128 488//66 454//65
f 473//129 502//66 476//89
f 514//66 531//66 513//66
f 536//66 545//66 531//66
f 536//66 561//65 545//66
f 561//65 562//65 566//65
f 581//65 730//130 731//65
f 782//76 732//131 612//127
f 484//66 492//65 502//66
f 562//65 563//73 566//65
f 566//65 568//65 576//65
f 581//65 684//106 582//73
f 581//65 582//73 765//65
f 731//65 767//82 685//132
f 686//66 627//133 628//134
f 474//90 502//66 473//129
f 495//135 513//66 496//66
f 503//136 514//66 513//66
f 531//66 523//66 536//66
f 536//66 538//64 546//66
f 546//66 547//73 551//66
f 551//66 555//64 559//66
f 581//65 626//66 684//106
f 711//128 473//129 476//89
f 608//113 513//66 495//135
f 665//136 514//66 503//136
f 666//89 518//137 514//66
f 611//138 519//127 531//66
f 757//139 523//66 522//66
f 712//73 536//66 532//71
f 758//76 538//64 536//66
f 569//65 728//65 575//65
f 575//65 727//129 576//65
f 576//65 625//67 626//66
f 582//73 729//140 765//65
f 235//5 293//46 89//3
f 247//18 117//2 120//3
f 199//141 129//2 342//13
f 301//3 159//5 249//3
f 340//5 116//2 246//55
f 201//8 189//2 184//19
f 239//142 97//5 100//2
f 196//2 244//2 100//2
f 339//2 120//3 116//2
f 197//46 245//46 116//2
f 198//143 248//2 120//3
f 151//2 249//3 300//3
f 177//144 175//3 173//18
f 117//2 198//143 120//3
f 248//2 298//2 129//2
f 244//2 197//46 116//2
f 159//5 163//10 249//3
f 299//18 300//3 200//14
f 345//141 151//2 300//3
f 295//2 238//3 100//2
f 178//61 186//3 175//3
f 189//2 373//10 184//19
f 70//2 75//3 89//3
f 42//24 68//2 60//21
f 129//2 138//3 120//3
f 300//3 160//3 138//3
f 376//3 190//3 186//3
f 71//3 89//3 86//2
f 173//18 175//3 160//3
f 60//21 68//2 72//2
f 1//23 36//22 60//21
f 89//3 100//2 109//3
f 100//2 116//2 112//3
f 386//12 185//3 190//3
f 390//10 391//19 387//3
f 175//3 172//3 154//3
f 391//19 304//26 387//3
f 186//3 190//3 172//3
f 138//3 143//3 112//3
f 160//3 154//3 143//3
f 4//4 37//3 72//2
f 86//2 109//3 92//3
f 109//3 112//3 127//3
f 6//3 72//2 44//21
f 387//3 203//3 377//3
f 185//3 377//3 374//3
f 349//145 305//146 203//3
f 72//2 86//2 87//2
f 154//3 172//3 143//3
f 252//26 390//10 185//3
f 72//2 87//2 73//2
f 92//3 109//3 105//3
f 109//3 127//3 113//2
f 143//3 130//3 139//3
f 143//3 172//3 130//3
f 185//3 374//3 179//3
f 203//3 388//3 377//3
f 10//32 47//2 48//2
f 255//147 350//3 388//3
f 92//3 105//3 98//2
f 47//2 73//2 61//2
f 87//2 92//3 98//2
f 139//3 124//2 113//2
f 139//3 130//3 124//2
f 350//3 256//19 388//3
f 172//3 167//3 147//3
f 172//3 147//3 130//3
f 256//19 351//3 388//3
f 351//3 257//19 388//3
f 192//3 12//148 49//2
f 12//148 48//2 49//2
f 98//2 105//3 106//2
f 130//3 147//3 148//3
f 130//3 148//3 124//2
f 377//3 378//3 374//3
f 113//2 124//2 121//2
f 388//3 320//3 381//3
f 319//10 220//149 320//3
f 374//3 187//2 180//3
f 377//3 381//3 378//3
f 61//2 83//2 81//2
f 337//3 49//2 38//2
f 49//2 61//2 54//3
f 90//2 106//2 99//2
f 167//3 155//3 148//3
f 321//150 222//27 320//3
f 38//2 54//3 50//2
f 222//27 322//2 225//2
f 381//3 320//3 225//2
f 83//2 90//2 93//3
f 193//5 50//2 51//2
f 106//2 113//2 121//2
f 221//149 321//150 320//3
f 322//2 223//27 225//2
f 9//3 46//2 47//2
f 148//3 155//3 144//3
f 241//151 13//37 52//2
f 225//2 282//36 224//150
f 225//2 224//150 365//152
f 62//3 63//3 55//3
f 52//2 53//2 14//38
f 155//3 156//3 144//3
f 381//3 225//2 281//2
f 148//3 144//3 132//3
f 225//2 283//40 281//2
f 194//3 15//21 53//2
f 122//3 118//3 108//3
f 283//40 226//47 281//2
f 81//2 93//3 84//3
f 226//47 367//40 281//2
f 381//3 382//3 379//3
f 63//3 81//2 82//2
f 375//2 378//3 379//3
f 367//40 323//43 281//2
f 156//3 168//3 183//2
f 242//35 53//2 17//153
f 63//3 64//3 55//3
f 53//2 18//2 17//153
f 108//3 101//3 95//3
f 144//3 156//3 157//2
f 133//3 144//3 157//2
f 281//2 286//154 285//44
f 18//2 20//2 19//3
f 20//2 22//2 21//33
f 20//2 55//3 56//3
f 108//3 110//3 101//3
f 133//3 157//2 149//2
f 118//3 133//3 134//2
f 157//2 183//2 169//2
f 183//2 375//2 188//2
f 379//3 382//3 384//2
f 227//2 287//155 324//47
f 22//2 25//3 23//33
f 94//3 95//3 84//3
f 168//3 181//3 183//2
f 118//3 132//3 133//3
f 182//3 375//2 183//2
f 64//3 65//2 56//3
f 227//2 324//47 368//156
f 227//2 368//156 325//46
f 169//2 183//2 188//2
f 384//2 227//2 288//2
f 82//2 66//3 65//2
f 95//3 102//3 85//3
f 84//3 85//3 76//3
f 110//3 119//3 102//3
f 384//2 288//2 217//2
f 217//2 326//23 277//157
f 39//3 28//3 27//4
f 217//2 277//157 276//158
f 134//2 149//2 161//2
f 169//2 188//2 372//2
f 56//3 66//3 31//3
f 85//3 77//3 74//3
f 76//3 74//3 66//3
f 217//2 364//44 279//159
f 31//3 66//3 307//3
f 217//2 278//160 317//47
f 188//2 217//2 363//2
f 40//3 259//3 32//161
f 363//2 219//30 318//46
f 74//3 67//3 66//3
f 32//161 259//3 306//10
f 66//3 41//3 34//3
f 135//2 161//2 165//2
f 372//2 188//2 389//2
f 149//2 169//2 170//2
f 102//3 103//3 77//3
f 363//2 317//47 280//48
f 119//3 114//3 103//3
f 363//2 315//2 218//20
f 41//3 35//52 260//10
f 114//3 358//3 96//3
f 34//3 260//10 308//162
f 389//2 314//2 316//2
f 254//31 388//3 203//3
f 73//2 87//2 83//2
f 352//47 319//10 388//3
f 179//3 181//3 167//3
f 217//2 279//159 278//160
f 363//2 362//46 314//2
f 294//2 237//2 100//2
f 237//2 295//2 100//2
f 167//3 168//3 155//3
f 243//46 196//2 100//2
f 195//3 243//46 100//2
f 292//163 70//2 71//3
f 52//2 54//3 55//3
f 257//19 352//47 388//3
f 45//2 72//2 73//2
f 8//164 45//2 46//2
f 305//146 204//31 203//3
f 341//165 298//2 248//2
f 293//46 88//3 89//3
f 35//52 353//16 206//2
f 41//3 205//166 353//16
f 41//3 309//167 205//166
f 125//3 136//3 358//3
f 389//2 275//49 274//20
f 91//3 311//3 356//55
f 162//2 176//2 166//2
f 176//2 333//2 331//2
f 389//2 393//10 291//5
f 67//3 207//2 261//53
f 67//3 262//4 207//2
f 67//3 57//2 262//4
f 67//3 69//2 354//163
f 136//3 165//2 150//3
f 165//2 162//2 152//2
f 176//2 331//2 330//2
f 389//2 291//5 233//3
f 393//10 389//2 334//168
f 152//2 162//2 153//24
f 176//2 330//2 289//27
f 333//2 290//160 371//56
f 389//2 233//3 232//57
f 91//3 265//169 208//58
f 91//3 356//55 211//170
f 356//55 357//19 209//16
f 358//3 216//60 104//3
f 358//3 271//3 111//61
f 358//3 126//2 115//3
f 126//2 136//3 128//3
f 136//3 150//3 137//3
f 176//2 289//27 231//55
f 331//2 230//3 369//2
f 57//2 67//3 263//171
f 69//2 310//16 355//3
f 209//16 357//19 266//141
f 357//19 311//3 210//172
f 104//3 270//173 213//58
f 104//3 214//157 270//173
f 104//3 269//10 214//157
f 126//2 273//3 123//174
f 126//2 361//21 273//3
f 166//2 174//2 329//2
f 174//2 176//2 328//2
f 176//2 231//55 229//56
f 584//175 471//176 479//71
f 630//66 493//65 689//65
f 533//66 644//65 642//69
f 740//84 645//65 594//177
f 426//75 427//92 461//66
f 647//66 648//66 696//66
f 641//65 524//65 738//73
f 650//91 598//71 597//73
f 695//66 647//66 646//71
f 746//90 699//66 701//178
f 643//65 533//66 645//65
f 639//65 508//65 524//65
f 647//66 748//89 648//66
f 477//65 478//71 493//65
f 595//85 695//66 694//69
f 695//66 646//71 743//137
f 427//92 428//76 461//66
f 479//71 471//176 493//65
f 699//66 649//66 596//87
f 650//91 599//66 598//71
f 533//66 552//66 645//65
f 552//66 745//66 695//66
f 649//66 601//66 599//66
f 461//66 429//179 475//65
f 689//65 493//65 504//65
f 468//65 469//66 493//65
f 745//66 699//66 746//90
f 394//66 418//65 475//65
f 469//66 475//65 493//65
f 601//66 703//66 654//66
f 508//65 509//66 520//66
f 524//65 520//66 537//66
f 396//65 419//65 451//65
f 656//66 704//93 750//66
f 579//66 601//66 649//66
f 656//66 706//93 603//92
f 552//66 579//66 745//66
f 397//65 398//65 451//65
f 520//66 515//66 537//66
f 398//65 399//66 451//65
f 780//66 604//66 656//66
f 768//66 780//66 703//66
f 604//66 707//180 751//96
f 430//65 431//65 451//65
f 590//66 400//126 431//65
f 493//65 490//65 497//65
f 703//66 750//66 655//92
f 395//65 396//65 451//65
f 537//66 525//65 548//66
f 548//66 553//66 552//66
f 553//66 579//66 552//66
f 432//65 433//65 462//65
f 780//66 752//66 604//66
f 402//98 403//113 434//65
f 752//66 753//66 659//119
f 515//66 516//65 525//65
f 433//65 434//65 462//65
f 470//66 462//65 481//65
f 490//65 491//66 498//66
f 525//65 539//65 548//66
f 752//66 660//93 753//66
f 768//66 769//66 780//66
f 553//66 570//66 579//66
f 752//66 754//89 660//93
f 570//66 577//66 768//66
f 752//66 661//89 754//89
f 769//66 774//66 780//66
f 539//65 557//66 553//66
f 434//65 435//65 456//66
f 490//65 481//65 491//66
f 498//66 499//65 516//65
f 781//66 719//65 752//66
f 691//181 635//182 435//65
f 719//65 616//183 718//89
f 635//182 735//72 435//65
f 577//66 770//66 769//66
f 435//65 420//66 456//66
f 516//65 510//66 534//65
f 557//66 564//66 570//66
f 491//66 485//65 499//65
f 781//66 776//66 719//65
f 719//65 618//71 720//184
f 621//65 721//185 618//71
f 436//66 437//65 456//66
f 462//65 463//66 485//65
f 456//66 463//66 462//65
f 774//66 776//66 781//66
f 719//65 720//184 617//184
f 564//66 571//66 570//66
f 774//66 781//66 780//66
f 540//66 554//66 557//66
f 526//66 540//66 534//65
f 621//65 619//65 721//185
f 771//65 775//66 774//66
f 619//65 621//65 677//105
f 554//66 564//66 557//66
f 485//65 486//66 500//66
f 437//65 438//65 456//66
f 577//66 578//66 770//66
f 499//65 500//66 510//66
f 406//99 439//65 438//65
f 554//66 572//66 564//66
f 621//65 678//185 762//111
f 676//65 678//185 621//65
f 452//66 464//66 463//66
f 463//66 464//66 472//65
f 517//66 528//66 526//66
f 510//66 517//66 526//66
f 500//66 486//66 507//66
f 676//65 622//186 678//185
f 571//66 572//66 578//66
f 439//65 440//65 452//66
f 676//65 763//185 622//186
f 776//66 777//66 676//65
f 775//66 777//66 776//66
f 510//66 507//66 517//66
f 408//66 736//187 440//65
f 771//65 772//65 775//66
f 763//185 722//188 679//189
f 736//187 637//72 440//65
f 676//65 722//188 763//185
f 529//65 542//66 528//66
f 572//66 573//65 578//66
f 494//66 506//66 507//66
f 572//66 565//65 573//65
f 541//66 542//66 565//65
f 440//65 441//65 452//66
f 472//65 487//66 486//66
f 676//65 777//66 623//65
f 676//65 623//65 680//108
f 410//128 441//65 440//65
f 517//66 529//65 528//66
f 411//113 442//65 441//65
f 453//66 465//66 464//66
f 441//65 442//65 453//66
f 465//66 487//66 472//65
f 542//66 543//65 558//65
f 542//66 529//65 543//65
f 565//65 574//65 573//65
f 565//65 558//65 574//65
f 777//66 778//65 683//65
f 772//65 583//65 778//65
f 623//65 683//65 682//111
f 412//113 443//66 442//65
f 486//66 494//66 507//66
f 506//66 511//66 517//66
f 573//65 574//65 583//65
f 487//66 501//66 494//66
f 511//66 529//65 517//66
f 501//66 511//66 506//66
f 583//65 779//65 778//65
f 511//66 521//66 529//65
f 414//186 421//66 445//66
f 521//66 544//66 529//65
f 543//65 544//66 560//66
f 683//65 673//65 613//71
f 778//65 779//65 673//65
f 583//65 773//65 779//65
f 424//66 457//66 453//66
f 483//66 488//66 501//66
f 467//66 483//66 487//66
f 574//65 580//65 773//65
f 457//66 467//66 465//66
f 709//66 457//66 424//66
f 544//66 530//66 545//66
f 574//65 560//66 580//65
f 415//190 447//119 446//66
f 708//66 447//119 415//190
f 502//66 513//66 512//66
f 560//66 561//65 580//65
f 673//65 779//65 759//67
f 467//66 488//66 483//66
f 544//66 545//66 561//65
f 673//65 615//120 675//122
f 512//66 530//66 521//66
f 416//89 448//65 458//66
f 513//66 531//66 530//66
f 710//191 416//89 467//66
f 580//65 576//65 731//65
f 773//65 731//65 779//65
f 779//65 686//66 713//66
f 713//66 670//106 715//192
f 713//66 686//66 670//106
f 408//66 440//65 439//65
f 683//65 725//115 624//193
f 451//65 462//65 470//66
f 604//66 752//66 658//96
f 734//101 691//181 435//65
f 752//66 718//89 755//71
f 733//65 477//65 585//65
f 438//65 439//65 452//66
f 752//66 755//71 661//89
f 497//65 490//65 498//66
f 431//65 432//65 462//65
f 604//66 605//97 707//180
f 460//76 461//66 469//66
f 629//194 475//65 429//179
f 478//71 479//71 493//65
f 643//65 693//65 739//195
f 606//65 417//196 448//65
f 417//196 458//66 448//65
f 449//73 454//65 458//66
f 454//65 488//66 458//66
f 476//89 502//66 488//66
f 496//66 513//66 502//66
f 686//66 612//127 669//76
f 492//65 496//66 502//66
f 425//128 450//68 488//66
f 450//68 455//125 488//66
f 455//125 459//116 488//66
f 488//66 466//197 476//89
f 536//66 546//66 561//65
f 561//65 546//66 551//66
f 561//65 551//66 559//66
f 561//65 559//66 562//65
f 576//65 569//65 575//65
f 731//65 730//130 766//198
f 484//66 489//128 492//65
f 566//65 563//73 567//65
f 576//65 568//65 569//65
f 731//65 766//198 767//82
f 686//66 731//65 627//133
f 474//90 480//95 502//66
f 482//199 484//66 502//66
f 514//66 518//137 531//66
f 519//127 522//66 531//66
f 531//66 522//66 523//66
f 536//66 523//66 527//73
f 536//66 527//73 532//71
f 551//66 547//73 549//65
f 551//66 549//65 550//127
f 559//66 555//64 556//73
f 581//65 576//65 626//66
f 663//200 488//66 459//116
f 756//66 711//128 476//89
f 664//201 492//65 489//128
f 607//202 496//66 492//65
f 609//73 667//203 514//66
f 667//203 610//76 514//66
f 610//76 666//89 514//66
f 535//204 668//205 536//66
f 668//205 758//76 536//66
f 569//65 726//69 728//65
f 785//206 784//207 783//208
f 818//209 783//208 1096//210
f 818//209 785//206 783//208
f 790//211 787//212 786//213
f 788//214 790//211 784//207
f 795//215 791//216 790//211
f 791//216 792//217 789//218
f 793//219 785//206 822//220
f 793//219 788//214 785//206
f 794//221 795//215 793//219
f 795//215 796//222 792//217
f 798//223 799//224 796//222
f 1097//225 817//226 816//227
f 826//228 800//229 806//230
f 800//229 826//228 817//226
f 803//231 806//230 802//232
f 1085//233 803//231 802//232
f 1085//233 804//234 803//231
f 803//231 805//235 809//236
f 806//230 801//237 826//228
f 808//238 828//239 801//237
f 806//230 809//236 807//240
f 810//241 808//238 807//240
f 805//235 811//242 809//236
f 812//243 813//244 810//241
f 814//245 836//246 813//244
f 806//230 800//229 1097//225
f 817//226 820//247 815//248
f 820//247 818//209 815//248
f 816//227 815//248 1086//249
f 815//248 1096//210 1086//249
f 815//248 818//209 1096//210
f 820//247 821//250 819//251
f 819//251 829//252 822//220
f 819//251 822//220 785//206
f 825//253 824//254 823//255
f 817//226 826//228 820//247
f 828//239 827//256 826//228
f 826//228 827//256 820//247
f 827//256 829//252 821//250
f 824//254 833//257 798//223
f 836//246 835//258 834//259
f 839//260 825//253 832//261
f 838//262 839//260 832//261
f 838//262 848//263 839//260
f 840//264 799//224 833//257
f 844//265 845//266 840//264
f 840//264 845//266 842//267
f 848//263 846//268 839//260
f 842//267 847//269 843//270
f 1429//271 857//272 1436//273
f 846//268 845//266 844//265
f 835//258 837//274 831//275
f 852//276 851//277 836//246
f 1417//278 1455//279 859//280
f 851//277 854//281 849//282
f 835//258 851//277 849//282
f 1431//283 856//284 1430//285
f 1431//283 1418//286 856//284
f 1436//273 1438//287 847//269
f 1439//288 858//289 1437//290
f 1419//291 857//272 1416//292
f 857//272 861//293 860//294
f 859//280 858//289 855//295
f 866//296 865//297 862//298
f 1173//299 866//296 869//300
f 867//301 869//300 866//296
f 866//296 862//298 863//302
f 856//284 861//293 857//272
f 862//298 864//303 861//293
f 831//275 837//274 830//304
f 839//260 844//265 825//253
f 814//245 852//276 836//246
f 844//265 833//257 824//254
f 876//305 870//306 787//212
f 876//305 871//307 872//308
f 870//306 872//308 1098//309
f 872//308 878//310 873//311
f 873//311 883//312 874//313
f 874//313 875//314 1091//315
f 883//312 875//314 874//313
f 1098//309 874//313 1091//315
f 797//316 876//305 792//217
f 877//317 871//307 876//305
f 878//310 884//318 883//312
f 871//307 879//319 884//318
f 880//320 882//321 877//317
f 883//312 884//318 889//322
f 886//323 885//324 887//325
f 1091//315 885//324 1092//326
f 875//314 885//324 1091//315
f 881//327 926//328 880//320
f 882//321 880//320 919//329
f 889//322 893//330 894//331
f 888//332 895//333 893//330
f 896//334 887//325 891//335
f 891//335 892//336 897//337
f 898//338 897//337 900//339
f 897//337 899//340 900//339
f 897//337 894//331 899//340
f 890//341 894//331 892//336
f 894//331 929//342 899//340
f 900//339 901//343 898//338
f 901//343 900//339 933//344
f 904//345 887//325 905//346
f 905//346 896//334 909//347
f 908//348 909//347 910//349
f 908//348 912//350 911//351
f 906//352 914//353 913//354
f 909//347 906//352 913//354
f 914//353 898//338 901//343
f 910//349 913//354 916//355
f 916//355 913//354 915//356
f 915//356 902//357 918//358
f 915//356 901//343 902//357
f 914//353 901//343 915//356
f 915//356 917//359 916//355
f 907//360 904//345 909//347
f 880//320 921//361 919//329
f 921//361 926//328 920//362
f 919//329 921//361 923//363
f 923//363 928//364 924//365
f 899//340 929//342 930//366
f 899//340 930//366 932//367
f 1432//368 939//369 1442//370
f 1459//371 940//372 1441//373
f 930//366 925//374 932//367
f 925//374 931//375 932//367
f 932//367 931//375 934//376
f 937//377 1053//378 935//379
f 936//380 935//379 1053//378
f 1422//381 942//382 1460//383
f 1460//383 1446//384 937//377
f 1422//381 1458//385 942//382
f 932//367 934//376 933//344
f 939//369 940//372 941//386
f 940//372 944//387 941//386
f 943//388 939//369 941//386
f 1061//389 943//388 941//386
f 864//303 945//390 944//387
f 941//386 945//390 946//391
f 946//391 947//392 1064//393
f 1064//393 947//392 1247//394
f 866//296 947//392 945//390
f 944//387 945//390 941//386
f 864//303 944//387 938//395
f 888//332 923//363 895//333
f 923//363 924//365 895//333
f 919//329 923//363 888//332
f 902//357 933//344 935//379
f 951//396 953//397 950//398
f 949//399 812//243 805//235
f 812//243 814//245 813//244
f 812//243 952//400 814//245
f 956//401 814//245 952//400
f 950//398 954//402 952//400
f 955//403 954//402 950//398
f 955//403 964//404 954//402
f 954//402 964//404 956//401
f 950//398 952//400 949//399
f 952//400 954//402 956//401
f 951//396 958//405 953//397
f 1084//406 958//405 957//407
f 953//397 966//408 955//403
f 956//401 959//409 982//410
f 964//404 968//411 959//409
f 956//401 964//404 959//409
f 958//405 961//412 966//408
f 961//412 960//413 972//414
f 1087//415 962//416 960//413
f 960//413 961//412 1084//406
f 972//414 962//416 963//417
f 967//418 965//419 969//420
f 967//418 969//420 968//411
f 964//404 967//418 968//411
f 972//414 1013//421 974//422
f 969//420 965//419 973//423
f 969//420 973//423 968//411
f 975//424 1018//425 976//426
f 852//276 982//410 979//427
f 853//428 979//427 980//429
f 984//430 983//431 997//432
f 979//427 982//410 983//431
f 979//427 983//431 980//429
f 1423//433 980//429 1447//434
f 1434//435 987//436 1462//437
f 984//430 998//438 986//439
f 986//439 1424//440 1444//441
f 995//442 1425//443 1435//444
f 1461//445 986//439 1444//441
f 988//446 989//447 990//448
f 868//449 993//450 1295//451
f 991//452 992//453 990//448
f 990//448 993//450 868//449
f 991//452 994//454 995//442
f 985//455 994//454 991//452
f 997//432 970//456 998//438
f 1001//457 998//438 1003//458
f 998//438 1000//459 1003//458
f 986//439 998//438 1001//457
f 975//424 976//426 1003//458
f 1004//460 977//461 1002//462
f 976//426 977//461 1004//460
f 1003//458 976//426 1004//460
f 983//431 968//411 997//432
f 984//430 997//432 998//438
f 998//438 970//456 1000//459
f 962//416 1005//463 1006//464
f 962//416 1006//464 963//417
f 1006//464 1007//465 1009//466
f 1007//465 1088//467 1008//468
f 1009//466 1007//465 1017//469
f 1088//467 1010//470 1008//468
f 1008//468 1012//471 1017//469
f 963//417 1006//464 1013//421
f 1014//472 1009//466 1015//473
f 1014//472 1015//473 1018//425
f 974//422 1013//421 1014//472
f 976//426 1018//425 977//461
f 1077//474 1024//475 1021//476
f 1023//477 1024//475 1022//478
f 1077//474 1090//479 1022//478
f 1046//480 1023//477 1089//481
f 1027//482 1028//483 1026//484
f 1044//485 1032//486 1043//487
f 1043//487 1032//486 1030//488
f 1043//487 1030//488 1029//489
f 1034//490 1073//491 1071//492
f 1080//493 1033//494 1035//495
f 1034//490 1071//492 1035//495
f 1029//489 1030//488 1024//475
f 1034//490 1036//496 1073//491
f 1033//494 1036//496 1034//490
f 911//351 912//350 1037//497
f 1037//497 912//350 1038//498
f 1037//497 1038//498 1040//499
f 1038//498 1039//500 1040//499
f 1037//497 1040//499 1099//501
f 912//350 916//355 917//359
f 1038//498 917//359 1041//502
f 903//503 1057//504 1042//505
f 1039//500 1043//487 1047//506
f 1099//501 1040//499 1046//480
f 1046//480 1047//506 1029//489
f 1443//507 1452//508 1053//378
f 1426//509 1448//510 1050//511
f 1450//512 1428//513 1052//514
f 1058//515 1445//516 1427//517
f 1057//504 936//380 1054//518
f 1053//378 1054//518 936//380
f 1463//519 1452//508 1048//520
f 1058//515 1056//521 1055//522
f 1057//504 1056//521 1020//523
f 1056//521 1054//518 1055//522
f 1049//524 1060//525 1052//514
f 943//388 1061//389 1048//520
f 1061//389 1049//524 1048//520
f 1061//389 1060//525 1049//524
f 1063//526 1062//527 1366//528
f 1059//529 1064//393 1062//527
f 1065//530 1052//514 1059//529
f 1060//525 1064//393 1059//529
f 1070//531 1050//511 1002//462
f 1051//532 1066//533 1069//534
f 978//535 1026//484 1070//531
f 1070//531 977//461 978//535
f 1067//536 1028//483 1068//537
f 1026//484 1067//536 1070//531
f 1069//534 1066//533 1072//538
f 1072//538 1066//533 1073//491
f 1010//470 1094//539 1074//540
f 1011//541 1074//540 1075//542
f 1076//543 1083//544 1081//545
f 1094//539 1076//543 1074//540
f 1076//543 1081//545 1075//542
f 1095//546 1077//474 1083//544
f 1083//544 1077//474 1021//476
f 1081//545 1025//547 1079//548
f 1016//549 1082//550 1019//551
f 1012//471 1082//550 1016//549
f 1079//548 1025//547 1027//482
f 1083//544 1021//476 1080//493
f 1011//541 1078//552 1012//471
f 1080//493 1035//495 1025//547
f 1027//482 1026//484 978//535
f 903//503 936//380 1057//504
f 990//448 867//301 863//302
f 1061//389 941//386 1064//393
f 1421//553 1438//287 860//294
f 1365//554 1367//555 1062//527
f 1295//451 1174//556 868//449
f 1393//557 1100//558 1388//559
f 1393//557 1401//560 1102//561
f 1134//562 1131//563 1104//564
f 1100//558 1104//564 1131//563
f 1102//561 1104//564 1100//558
f 1107//565 1106//566 1103//567
f 1107//565 1109//568 1106//566
f 1106//566 1104//564 1102//561
f 1106//566 1109//568 1105//569
f 1103//567 1106//566 1101//570
f 1101//570 1106//566 1102//561
f 1102//561 1100//558 1393//557
f 1130//571 1111//572 1408//573
f 1115//574 1116//575 1114//576
f 1403//577 1116//575 1412//578
f 1116//575 1117//579 1118//580
f 1120//581 1115//574 1112//582
f 1123//583 1119//584 1121//585
f 1123//583 1122//586 1119//584
f 1111//572 1114//576 1409//587
f 1113//588 1120//581 1112//582
f 1128//589 1126//590 1127//591
f 1394//592 1127//591 1126//590
f 1388//559 1129//593 1127//591
f 1126//590 1130//571 1408//573
f 1126//590 1408//573 1394//592
f 1388//559 1127//591 1394//592
f 1129//593 1131//563 1128//589
f 1133//594 1128//589 1131//563
f 1138//595 1135//596 1137//597
f 1113//588 1112//582 1139//598
f 1140//599 1113//588 1139//598
f 1142//600 1141//601 1140//599
f 1132//602 1139//598 1128//589
f 1139//598 1130//571 1128//589
f 1135//596 1133//594 1134//562
f 1135//596 1134//562 1143//603
f 1144//604 1145//605 1141//601
f 1145//605 1124//606 1121//585
f 1146//607 1125//608 1124//606
f 1138//595 1158//609 1142//600
f 1148//610 1149//611 1137//597
f 1149//611 1152//612 1137//597
f 1150//613 1149//611 1148//610
f 1153//614 1151//615 1152//612
f 1154//616 1155//617 1149//611
f 1152//612 1151//615 1137//597
f 1149//611 1150//613 1154//616
f 1159//618 1144//604 1158//609
f 1160//619 1159//618 1158//609
f 1277//620 1146//607 1157//621
f 1161//622 1157//621 1159//618
f 1142//600 1158//609 1144//604
f 1494//623 1153//614 1466//624
f 1498//625 1159//618 1471//626
f 1167//627 1166//628 1156//629
f 1168//630 1163//631 1162//632
f 1238//633 1170//634 1167//627
f 1174//556 1171//635 1169//636
f 1173//299 869//300 1175//637
f 1173//299 1175//637 1172//638
f 1144//604 1141//601 1142//600
f 1160//619 1158//609 1147//639
f 1500//640 1153//614 1494//623
f 1147//639 1138//595 1151//615
f 1479//641 1161//622 1464//642
f 1176//643 1177//644 1402//645
f 1177//644 1107//565 1103//567
f 1176//643 1410//646 1177//644
f 1178//647 1177//644 1410//646
f 1179//648 1180//649 1186//650
f 1404//651 1180//649 1179//648
f 1183//652 1185//653 1181//654
f 1183//652 1190//655 1185//653
f 1182//656 1184//657 1110//658
f 1184//657 1191//659 1219//660
f 1184//657 1219//660 1110//658
f 1185//653 1190//655 1191//659
f 1185//653 1191//659 1184//657
f 1182//656 1185//653 1184//657
f 1186//650 1190//655 1183//652
f 1189//661 1187//662 1188//663
f 1189//661 1193//664 1187//662
f 1193//664 1189//661 1389//665
f 1389//665 1189//661 1411//666
f 1188//663 1187//662 1180//649
f 1190//655 1194//667 1191//659
f 1191//659 1194//667 1221//668
f 1186//650 1192//669 1190//655
f 1187//662 1192//669 1186//650
f 1194//667 1226//670 1221//668
f 1192//669 1195//671 1194//667
f 1198//672 1201//673 1197//674
f 1201//673 1200//675 1197//674
f 1202//676 1199//677 1200//675
f 1197//674 1196//678 1187//662
f 1193//664 1197//674 1187//662
f 1192//669 1194//667 1190//655
f 1196//678 1200//675 1195//671
f 1201//673 1203//679 1202//676
f 1204//680 1232//681 1202//676
f 1205//682 1204//680 1203//679
f 1217//683 1234//684 1205//682
f 1206//685 1193//664 1389//665
f 1390//686 1206//685 1389//665
f 1209//687 1213//688 1208//689
f 1209//687 1405//690 1211//691
f 1210//692 1209//687 1212//693
f 1213//688 1207//694 1198//672
f 1214//695 1215//696 1203//679
f 1216//697 1215//696 1214//695
f 1208//689 1206//685 1390//686
f 1207//694 1201//673 1198//672
f 1220//698 1218//699 1221//668
f 1222//700 1224//701 1220//698
f 1222//700 1220//698 1221//668
f 1218//699 1154//616 1150//613
f 1220//698 1223//702 1218//699
f 1227//703 1226//670 1199//677
f 1230//704 1496//705 1482//706
f 1244//707 1467//708 1502//709
f 1232//681 1231//710 1227//703
f 1231//710 1229//711 1227//703
f 1233//712 1235//713 1231//710
f 1234//684 1322//714 1233//712
f 1237//715 1228//716 1239//717
f 1237//715 1239//717 1238//633
f 1230//704 1240//718 1228//716
f 1230//704 1243//719 1240//718
f 1245//720 1241//721 1244//707
f 1242//722 1248//723 1240//718
f 947//392 866//296 1246//724
f 1247//394 947//392 1246//724
f 1240//718 1248//723 1238//633
f 1239//717 1240//718 1238//633
f 1472//725 1478//726 1154//616
f 1503//727 1230//704 1482//706
f 1227//703 1229//711 1225//728
f 1202//676 1232//681 1199//677
f 1226//670 1225//728 1222//700
f 1504//729 1244//707 1484//730
f 1195//671 1199//677 1226//670
f 1193//664 1206//685 1198//672
f 1249//731 1396//732 1412//578
f 1118//580 1250//733 1249//731
f 1396//732 1252//734 1391//735
f 1249//731 1251//736 1252//734
f 1253//737 1250//733 1118//580
f 1279//738 1253//737 1125//608
f 1258//739 1256//740 1251//736
f 1250//733 1255//741 1251//736
f 1253//737 1254//742 1255//741
f 1260//743 1261//744 1257//745
f 1257//745 1413//746 1391//735
f 1257//745 1256//740 1260//743
f 1256//740 1265//747 1260//743
f 1252//734 1256//740 1257//745
f 1253//737 1279//738 1254//742
f 1254//742 1259//748 1267//749
f 1262//750 1397//751 1413//746
f 1263//752 1397//751 1262//750
f 1262//750 1413//746 1261//744
f 1263//752 1392//753 1397//751
f 1266//754 1262//750 1265//747
f 1269//755 1268//756 1272//757
f 1264//758 1262//750 1271//759
f 1270//760 1273//761 1272//757
f 1272//757 1273//761 1271//759
f 1276//762 1320//763 1319//764
f 1321//765 1315//766 1275//767
f 1274//768 1275//767 1273//761
f 1505//769 1278//770 1506//771
f 1280//772 1282//773 1259//748
f 1284//774 1285//775 1282//773
f 1280//772 1281//776 1282//773
f 1507//777 1288//778 1485//779
f 1508//780 1287//781 1474//782
f 1468//783 1508//780 1284//774
f 1286//784 1289//785 1287//781
f 1168//630 1171//635 1289//785
f 1292//786 1300//787 1298//788
f 1296//789 1292//786 1290//790
f 1297//791 1292//786 1296//789
f 1174//556 1295//451 1294//792
f 1295//451 1296//789 1294//792
f 1299//793 1291//794 1298//788
f 1289//785 1296//789 1290//790
f 1171//635 1296//789 1289//785
f 1290//790 1292//786 1293//795
f 1289//785 1290//790 1287//781
f 1301//796 1268//756 1285//775
f 1303//797 1302//798 1301//796
f 1469//799 1305//800 1486//801
f 1487//802 1469//799 1299//793
f 1305//800 1356//803 1304//804
f 1304//804 1276//762 1321//765
f 1304//804 1321//765 1303//797
f 1285//775 1268//756 1283//805
f 1288//778 1301//796 1285//775
f 1308//806 1263//752 1264//758
f 1308//806 1309//807 1307//808
f 1307//808 1414//809 1392//753
f 1414//809 1307//808 1309//807
f 1311//810 1310//811 1309//807
f 1312//812 1310//811 1311//810
f 1313//813 1309//807 1308//806
f 1311//810 1309//807 1314//814
f 1315//766 1318//815 1316//816
f 1316//816 1312//812 1311//810
f 1317//817 1312//812 1316//816
f 1318//815 1317//817 1316//816
f 1320//763 1318//815 1319//764
f 1321//765 1319//764 1315//766
f 1274//768 1321//765 1275//767
f 1258//739 1265//747 1256//740
f 1322//714 1346//818 1347//819
f 1323//820 1347//819 1324//821
f 1351//822 1352//823 1326//824
f 1327//825 1382//826 1334//827
f 1329//828 1387//829 1328//830
f 1332//831 1338//832 1376//833
f 1336//834 1334//827 1385//835
f 1339//836 1334//827 1336//834
f 1337//837 1335//838 1339//836
f 1337//837 1327//825 1335//838
f 1338//832 1332//831 1339//836
f 1336//834 1385//835 1330//839
f 1407//840 1340//841 1211//691
f 1341//842 1212//693 1340//841
f 1343//843 1407//840 1415//844
f 1342//845 1340//841 1343//843
f 1341//842 1344//846 1212//693
f 1346//818 1322//714 1217//683
f 1348//847 1349//848 1342//845
f 1345//849 1341//842 1342//845
f 1347//819 1346//818 1345//849
f 1346//818 1344//846 1345//849
f 1352//823 1351//822 1350//850
f 1398//851 1350//850 1415//844
f 1348//847 1350//850 1351//822
f 1331//852 1348//847 1351//822
f 1348//847 1343//843 1350//850
f 1487//802 1488//853 1356//803
f 1477//854 1363//855 1489//856
f 1369//857 1477//854 1490//858
f 1475//859 1353//860 1470//861
f 1360//862 1364//863 1359//864
f 1359//864 1358//865 1323//820
f 1354//866 1358//865 1359//864
f 1359//864 1325//867 1360//862
f 1242//722 1241//721 1361//868
f 1362//869 1363//855 1368//870
f 1362//869 1361//868 1363//855
f 1363//855 1369//857 1355//871
f 1489//856 1476//872 1364//863
f 1361//868 1353//860 1363//855
f 1366//528 1362//869 1368//870
f 1355//871 1299//793 1298//788
f 1355//871 1298//788 1300//787
f 1355//871 1300//787 1368//870
f 1365//554 1361//868 1362//869
f 1365//554 1242//722 1361//868
f 1375//873 1370//874 1372//875
f 1491//876 1488//853 1355//871
f 1373//877 1328//830 1306//878
f 1374//879 1329//828 1370//874
f 1329//828 1373//877 1370//874
f 1372//875 1360//862 1332//831
f 1332//831 1360//862 1325//867
f 1372//875 1357//880 1360//862
f 1377//881 1399//882 1406//883
f 1377//881 1381//884 1399//882
f 1379//885 1400//886 1380//887
f 1382//826 1400//886 1379//885
f 1385//835 1381//884 1386//888
f 1385//835 1386//888 1384//889
f 1383//890 1320//763 1387//829
f 1328//830 1387//829 1320//763
f 1330//839 1385//835 1384//889
f 1384//889 1386//888 1317//817
f 1317//817 1386//888 1378//891
f 1384//889 1383//890 1387//829
f 1334//827 1379//885 1385//835
f 1465//892 1506//771 1278//770
f 1470//861 1483//893 1236//894
f 1109//568 1182//656 1110//658
f 1110//658 1218//699 1150//613
f 1172//638 1246//724 1173//299
f 1366//528 1297//791 993//450
f 1328//830 1276//762 1306//878
f 1383//890 1318//815 1320//763
f 1276//762 1328//830 1320//763
f 1064//393 1247//394 1248//723
f 1175//637 868//449 1174//556
f 786//213 783//208 784//207
f 786//213 1096//210 783//208
f 784//207 790//211 786//213
f 790//211 791//216 787//212
f 790//211 788//214 795//215
f 785//206 788//214 784//207
f 787//212 791//216 789//218
f 795//215 792//217 791//216
f 793//219 795//215 788//214
f 792//217 796//222 797//316
f 794//221 796//222 795//215
f 793//219 824//254 794//221
f 824//254 798//223 794//221
f 796//222 799//224 881//327
f 796//222 881//327 797//316
f 798//223 796//222 794//221
f 1097//225 800//229 817//226
f 828//239 826//228 801//237
f 803//231 809//236 806//230
f 803//231 804//234 805//235
f 801//237 807//240 808//238
f 806//230 807//240 801//237
f 808//238 834//259 828//239
f 809//236 811//242 807//240
f 811//242 810//241 807//240
f 810//241 811//242 812//243
f 810//241 813//244 836//246
f 810//241 836//246 834//259
f 808//238 810//241 834//259
f 802//232 806//230 1097//225
f 816//227 817//226 815//248
f 820//247 819//251 818//209
f 819//251 785//206 818//209
f 822//220 829//252 823//255
f 823//255 824//254 793//219
f 822//220 823//255 793//219
f 829//252 832//261 823//255
f 832//261 825//253 823//255
f 820//247 827//256 821//250
f 828//239 831//275 827//256
f 827//256 831//275 830//304
f 827//256 830//304 829//252
f 819//251 821//250 829//252
f 829//252 830//304 832//261
f 881//327 799//224 841//895
f 798//223 833//257 799//224
f 831//275 828//239 834//259
f 834//259 835//258 831//275
f 830//304 838//262 832//261
f 830//304 837//274 838//262
f 833//257 844//265 840//264
f 840//264 843//270 841//895
f 840//264 841//895 799//224
f 840//264 842//267 843//270
f 844//265 839//260 846//268
f 1416//292 857//272 1429//271
f 838//262 837//274 848//263
f 848//263 837//274 850//896
f 837//274 849//282 850//896
f 854//281 851//277 853//428
f 852//276 853//428 851//277
f 1454//897 1453//898 855//295
f 1453//898 854//281 1417//278
f 1454//897 855//295 1439//288
f 837//274 835//258 849//282
f 858//289 1418//286 1437//290
f 856//284 1419//291 1430//285
f 988//446 863//302 859//280
f 858//289 863//302 856//284
f 856//284 863//302 862//298
f 859//280 863//302 858//289
f 856//284 862//298 861//293
f 862//298 865//297 864//303
f 863//302 867//301 866//296
f 867//301 868//449 869//300
f 868//449 1175//637 869//300
f 824//254 825//253 844//265
f 836//246 851//277 835//258
f 870//306 876//305 872//308
f 1098//309 872//308 873//311
f 871//307 878//310 872//308
f 873//311 878//310 883//312
f 873//311 874//313 1098//309
f 876//305 797//316 877//317
f 871//307 877//317 879//319
f 878//310 871//307 884//318
f 877//317 881//327 880//320
f 879//319 888//332 884//318
f 879//319 882//321 888//332
f 879//319 877//317 882//321
f 891//335 885//324 875//314
f 887//325 885//324 891//335
f 886//323 1092//326 885//324
f 888//332 882//321 919//329
f 875//314 883//312 890//341
f 890//341 889//322 894//331
f 890//341 883//312 889//322
f 875//314 890//341 891//335
f 891//335 890//341 892//336
f 884//318 888//332 893//330
f 884//318 893//330 889//322
f 893//330 929//342 894//331
f 893//330 895//333 929//342
f 898//338 896//334 897//337
f 896//334 891//335 897//337
f 897//337 892//336 894//331
f 902//357 901//343 933//344
f 904//345 886//323 887//325
f 906//352 896//334 898//338
f 905//346 887//325 896//334
f 908//348 907//360 909//347
f 1093//899 907//360 908//348
f 1093//899 908//348 911//351
f 908//348 910//349 912//350
f 909//347 896//334 906//352
f 914//353 906//352 898//338
f 909//347 913//354 910//349
f 915//356 913//354 914//353
f 912//350 910//349 916//355
f 917//359 915//356 918//358
f 903//503 918//358 902//357
f 909//347 904//345 905//346
f 880//320 926//328 921//361
f 921//361 920//362 922//900
f 923//363 921//361 922//900
f 925//374 924//365 928//364
f 1456//901 927//902 1440//903
f 1456//901 1420//904 927//902
f 928//364 923//363 922//900
f 924//365 929//342 895//333
f 930//366 929//342 924//365
f 930//366 924//365 925//374
f 860//294 1420//904 1421//553
f 1457//905 1441//373 940//372
f 1457//905 940//372 1432//368
f 939//369 1458//385 1442//370
f 1459//371 1440//903 927//902
f 933//344 900//339 932//367
f 936//380 902//357 935//379
f 1446//384 943//388 1443//507
f 935//379 934//376 937//377
f 933//344 934//376 935//379
f 860//294 938//395 927//902
f 938//395 944//387 940//372
f 943//388 942//382 939//369
f 865//297 945//390 864//303
f 865//297 866//296 945//390
f 946//391 945//390 947//392
f 940//372 927//902 938//395
f 900//339 899//340 932//367
f 903//503 902//357 936//380
f 804//234 948//906 805//235
f 948//906 949//399 805//235
f 948//906 951//396 949//399
f 949//399 951//396 950//398
f 948//906 957//407 951//396
f 805//235 812//243 811//242
f 949//399 952//400 812//243
f 814//245 956//401 982//410
f 950//398 953//397 955//403
f 957//407 958//405 951//396
f 958//405 966//408 953//397
f 960//413 1084//406 1087//415
f 958//405 1084//406 961//412
f 972//414 960//413 962//416
f 964//404 955//403 967//418
f 955//403 965//419 967//418
f 955//403 966//408 965//419
f 999//907 970//456 973//423
f 970//456 968//411 973//423
f 966//408 961//412 971//908
f 971//908 961//412 972//414
f 965//419 971//908 972//414
f 972//414 963//417 1013//421
f 973//423 974//422 999//907
f 973//423 972//414 974//422
f 966//408 971//908 965//419
f 973//423 965//419 972//414
f 975//424 974//422 1014//472
f 975//424 1014//472 1018//425
f 1018//425 1019//551 977//461
f 977//461 1019//551 978//535
f 999//907 974//422 975//424
f 853//428 852//276 979//427
f 1423//433 981//909 1433//910
f 982//410 959//409 983//431
f 983//431 959//409 968//411
f 984//430 980//429 983//431
f 1455//279 853//428 1433//910
f 1434//435 986//439 1461//445
f 1001//457 1425//443 1424//440
f 1447//434 984//430 1462//437
f 859//280 981//909 988//446
f 988//446 981//909 987//436
f 988//446 987//436 989//447
f 990//448 989//447 991//452
f 989//447 985//455 991//452
f 992//453 991//452 996//911
f 987//436 985//455 989//447
f 1063//526 992//453 996//911
f 993//450 990//448 992//453
f 993//450 992//453 1063//526
f 991//452 995//442 996//911
f 997//432 968//411 970//456
f 970//456 999//907 1000//459
f 1002//462 1001//457 1004//460
f 1000//459 999//907 975//424
f 1003//458 1000//459 975//424
f 1003//458 1004//460 1001//457
f 962//416 1087//415 1005//463
f 1007//465 1005//463 1088//467
f 1008//468 1010//470 1011//541
f 1008//468 1011//541 1012//471
f 1007//465 1008//468 1017//469
f 1013//421 1006//464 1009//466
f 1013//421 1009//466 1014//472
f 1009//466 1017//469 1015//473
f 1015//473 1012//471 1016//549
f 1015//473 1017//469 1012//471
f 1018//425 1015//473 1016//549
f 1018//425 1016//549 1019//551
f 1006//464 1005//463 1007//465
f 814//245 982//410 852//276
f 1042//505 1057//504 1020//523
f 1044//485 1020//523 1031//912
f 1042//505 1020//523 1044//485
f 1046//480 1029//489 1023//477
f 1090//479 1089//481 1022//478
f 1022//478 1089//481 1023//477
f 1077//474 1022//478 1024//475
f 978//535 1082//550 1027//482
f 1025//547 1035//495 1028//483
f 1027//482 1025//547 1028//483
f 1036//496 1031//912 1073//491
f 1032//486 1031//912 1036//496
f 1044//485 1031//912 1032//486
f 1080//493 1021//476 1033//494
f 1024//475 1023//477 1029//489
f 1030//488 1036//496 1033//494
f 1030//488 1033//494 1024//475
f 1035//495 1033//494 1034//490
f 1030//488 1032//486 1036//496
f 1021//476 1024//475 1033//494
f 1028//483 1035//495 1071//492
f 1040//499 1039//500 1047//506
f 1038//498 912//350 917//359
f 917//359 918//358 903//503
f 917//359 903//503 1041//502
f 1042//505 1041//502 903//503
f 1039//500 1041//502 1045//913
f 1043//487 1039//500 1045//913
f 1043//487 1045//913 1044//485
f 1045//913 1042//505 1044//485
f 1039//500 1038//498 1041//502
f 1041//502 1042//505 1045//913
f 1040//499 1047//506 1046//480
f 1089//481 1099//501 1046//480
f 1047//506 1043//487 1029//489
f 1463//519 1445//516 1055//522
f 1426//509 1051//532 1449//914
f 1049//524 1451//915 1427//517
f 1069//534 1451//915 1428//513
f 1450//512 1449//914 1051//532
f 1053//378 1055//522 1054//518
f 1058//515 1072//538 1056//521
f 1031//912 1020//523 1056//521
f 1058//515 1069//534 1072//538
f 1054//518 1056//521 1057//504
f 1061//389 1064//393 1060//525
f 1060//525 1059//529 1052//514
f 1064//393 1365//554 1062//527
f 1063//526 1059//529 1062//527
f 1059//529 996//911 1065//530
f 995//442 1065//530 996//911
f 1050//511 1067//536 1066//533
f 1066//533 1067//536 1068//537
f 1051//532 1050//511 1066//533
f 1028//483 1067//536 1026//484
f 1028//483 1071//492 1068//537
f 1050//511 1070//531 1067//536
f 1073//491 1031//912 1072//538
f 1068//537 1071//492 1073//491
f 1002//462 1448//510 1435//444
f 1056//521 1072//538 1031//912
f 1066//533 1068//537 1073//491
f 1010//470 1088//467 1094//539
f 1011//541 1010//470 1074//540
f 1094//539 1095//546 1076//543
f 1075//542 1074//540 1076//543
f 1095//546 1090//479 1077//474
f 1082//550 1078//552 1079//548
f 1078//552 1075//542 1079//548
f 1078//552 1011//541 1075//542
f 1081//545 1083//544 1080//493
f 1025//547 1081//545 1080//493
f 1079//548 1075//542 1081//545
f 1012//471 1078//552 1082//550
f 978//535 1019//551 1082//550
f 1082//550 1079//548 1027//482
f 1076//543 1095//546 1083//544
f 988//446 990//448 863//302
f 990//448 868//449 867//301
f 1064//393 941//386 946//391
f 1366//528 1062//527 1367//555
f 789//218 876//305 787//212
f 792//217 876//305 789//218
f 881//327 877//317 797//316
f 841//895 926//328 881//327
f 926//328 841//895 843//270
f 926//328 843//270 847//269
f 860//294 861//293 938//395
f 861//293 864//303 938//395
f 993//450 1063//526 1366//528
f 1063//526 996//911 1059//529
f 1002//462 977//461 1070//531
f 1365//554 1064//393 1248//723
f 1100//558 1131//563 1129//593
f 1388//559 1100//558 1129//593
f 1402//645 1101//570 1401//560
f 1102//561 1401//560 1101//570
f 1101//570 1402//645 1103//567
f 1104//564 1106//566 1105//569
f 1104//564 1105//569 1134//562
f 1105//569 1143//603 1134//562
f 1105//569 1108//916 1143//603
f 1108//916 1148//610 1143//603
f 1108//916 1110//658 1148//610
f 1109//568 1110//658 1108//916
f 1109//568 1108//916 1105//569
f 1409//587 1408//573 1111//572
f 1409//587 1114//576 1403//577
f 1111//572 1115//574 1114//576
f 1403//577 1114//576 1116//575
f 1116//575 1115//574 1117//579
f 1412//578 1116//575 1118//580
f 1120//581 1119//584 1115//574
f 1113//588 1121//585 1120//581
f 1120//581 1121//585 1119//584
f 1119//584 1122//586 1117//579
f 1115//574 1119//584 1117//579
f 1123//583 1125//608 1122//586
f 1123//583 1124//606 1125//608
f 1111//572 1112//582 1115//574
f 1126//590 1128//589 1130//571
f 1127//591 1129//593 1128//589
f 1131//563 1134//562 1133//594
f 1133//594 1132//602 1128//589
f 1136//917 1132//602 1133//594
f 1135//596 1138//595 1136//917
f 1133//594 1135//596 1136//917
f 1139//598 1112//582 1130//571
f 1132//602 1140//599 1139//598
f 1140//599 1141//601 1113//588
f 1136//917 1142//600 1140//599
f 1132//602 1136//917 1140//599
f 1143//603 1137//597 1135//596
f 1113//588 1141//601 1121//585
f 1141//601 1145//605 1121//585
f 1147//639 1158//609 1138//595
f 1148//610 1137//597 1143//603
f 1151//615 1138//595 1137//597
f 1148//610 1110//658 1150//613
f 1153//614 1147//639 1151//615
f 1478//726 1156//629 1497//918
f 1152//612 1149//611 1155//617
f 1155//617 1153//614 1152//612
f 1144//604 1157//621 1145//605
f 1144//604 1159//618 1157//621
f 1145//605 1157//621 1124//606
f 1157//621 1146//607 1124//606
f 1161//622 1277//620 1157//621
f 1464//642 1159//618 1498//625
f 1278//770 1277//620 1161//622
f 1465//892 1161//622 1479//641
f 1471//626 1160//619 1499//919
f 1493//920 1499//919 1160//619
f 1493//920 1147//639 1500//640
f 1497//918 1501//921 1155//617
f 1168//630 1162//632 1165//922
f 1166//628 1170//634 1169//636
f 1167//627 1170//634 1166//628
f 1238//633 1172//638 1170//634
f 1169//636 1171//635 1168//630
f 1165//922 1169//636 1168//630
f 1164//923 1169//636 1165//922
f 1164//923 1166//628 1169//636
f 1172//638 1175//637 1174//556
f 1169//636 1172//638 1174//556
f 1170//634 1172//638 1169//636
f 1466//624 1155//617 1501//921
f 1136//917 1138//595 1142//600
f 1130//571 1112//582 1111//572
f 1124//606 1123//583 1121//585
f 1395//924 1178//647 1410//646
f 1395//924 1404//651 1179//648
f 1107//565 1182//656 1109//568
f 1107//565 1181//654 1182//656
f 1179//648 1186//650 1183//652
f 1178//647 1179//648 1183//652
f 1181//654 1178//647 1183//652
f 1181//654 1185//653 1182//656
f 1107//565 1177//644 1181//654
f 1177//644 1178//647 1181//654
f 1178//647 1395//924 1179//648
f 1404//651 1188//663 1180//649
f 1411//666 1189//661 1188//663
f 1404//651 1411//666 1188//663
f 1180//649 1187//662 1186//650
f 1187//662 1196//678 1192//669
f 1192//669 1196//678 1195//671
f 1195//671 1226//670 1194//667
f 1193//664 1198//672 1197//674
f 1200//675 1199//677 1195//671
f 1197//674 1200//675 1196//678
f 1201//673 1202//676 1200//675
f 1203//679 1204//680 1202//676
f 1405//690 1208//689 1390//686
f 1208//689 1213//688 1206//685
f 1209//687 1208//689 1405//690
f 1210//692 1213//688 1209//687
f 1212//693 1209//687 1211//691
f 1213//688 1214//695 1207//694
f 1207//694 1203//679 1201//673
f 1214//695 1203//679 1207//694
f 1210//692 1216//697 1214//695
f 1210//692 1214//695 1213//688
f 1216//697 1217//683 1215//696
f 1217//683 1205//682 1215//696
f 1213//688 1198//672 1206//685
f 1219//660 1218//699 1110//658
f 1191//659 1221//668 1219//660
f 1219//660 1221//668 1218//699
f 1221//668 1226//670 1222//700
f 1154//616 1218//699 1223//702
f 1480//925 1237//715 1472//725
f 1222//700 1225//728 1224//701
f 1220//698 1224//701 1223//702
f 1226//670 1227//703 1225//728
f 1228//716 1480//925 1495//926
f 1481//927 1230//704 1473//928
f 1481//927 1467//708 1243//719
f 1503//727 1473//928 1230//704
f 1204//680 1233//712 1232//681
f 1233//712 1231//710 1232//681
f 1205//682 1233//712 1204//680
f 1205//682 1234//684 1233//712
f 1233//712 1322//714 1235//713
f 1502//709 1484//730 1244//707
f 1235//713 1322//714 1236//894
f 1504//729 1483//893 1245//720
f 1199//677 1232//681 1227//703
f 1237//715 1167//627 1156//629
f 1240//718 1239//717 1228//716
f 1241//721 1242//722 1240//718
f 1241//721 1240//718 1243//719
f 1243//719 1244//707 1241//721
f 1246//724 1238//633 1247//394
f 1248//723 1247//394 1238//633
f 1237//715 1238//633 1167//627
f 1495//926 1496//705 1228//716
f 1203//679 1215//696 1205//682
f 1118//580 1249//731 1412//578
f 1396//732 1249//731 1252//734
f 1250//733 1251//736 1249//731
f 1117//579 1253//737 1118//580
f 1117//579 1122//586 1253//737
f 1253//737 1255//741 1250//733
f 1251//736 1255//741 1258//739
f 1255//741 1254//742 1258//739
f 1258//739 1254//742 1267//749
f 1252//734 1257//745 1391//735
f 1257//745 1261//744 1413//746
f 1251//736 1256//740 1252//734
f 1125//608 1146//607 1279//738
f 1259//748 1283//805 1267//749
f 1279//738 1259//748 1254//742
f 1262//750 1264//758 1263//752
f 1260//743 1265//747 1262//750
f 1258//739 1267//749 1265//747
f 1269//755 1283//805 1268//756
f 1267//749 1283//805 1269//755
f 1265//747 1269//755 1266//754
f 1269//755 1272//757 1266//754
f 1265//747 1267//749 1269//755
f 1271//759 1273//761 1264//758
f 1273//761 1313//813 1264//758
f 1266//754 1271//759 1262//750
f 1273//761 1270//760 1274//768
f 1262//750 1261//744 1260//743
f 1266//754 1272//757 1271//759
f 1321//765 1276//762 1319//764
f 1273//761 1275//767 1313//813
f 1146//607 1277//620 1279//738
f 1278//770 1281//776 1280//772
f 1277//620 1278//770 1280//772
f 1277//620 1280//772 1279//738
f 1259//748 1282//773 1283//805
f 1281//776 1284//774 1282//773
f 1282//773 1285//775 1283//805
f 1284//774 1505//769 1468//783
f 1288//778 1474//782 1485//779
f 1168//630 1289//785 1286//784
f 1290//790 1293//795 1298//788
f 1293//795 1292//786 1298//788
f 1290//790 1298//788 1291//794
f 1174//556 1294//792 1171//635
f 1294//792 1296//789 1171//635
f 1295//451 1297//791 1296//789
f 1295//451 993//450 1297//791
f 1290//790 1291//794 1287//781
f 1301//796 1302//798 1268//756
f 1268//756 1302//798 1270//760
f 1270//760 1302//798 1274//768
f 1288//778 1303//797 1301//796
f 1288//778 1305//800 1303//797
f 1274//768 1303//797 1321//765
f 1304//804 1306//878 1276//762
f 1303//797 1274//768 1302//798
f 1356//803 1306//878 1304//804
f 1305//800 1304//804 1303//797
f 1486//801 1288//778 1507//777
f 1263//752 1308//806 1392//753
f 1308//806 1307//808 1392//753
f 1310//811 1414//809 1309//807
f 1310//811 1406//883 1414//809
f 1312//812 1406//883 1310//811
f 1264//758 1313//813 1308//806
f 1313//813 1314//814 1309//807
f 1313//813 1315//766 1314//814
f 1275//767 1315//766 1313//813
f 1315//766 1316//816 1314//814
f 1316//816 1311//810 1314//814
f 1315//766 1319//764 1318//815
f 1279//738 1280//772 1259//748
f 1272//757 1268//756 1270//760
f 1322//714 1234//684 1217//683
f 1324//821 1325//867 1323//820
f 1347//819 1323//820 1322//714
f 1382//826 1398//851 1400//886
f 1327//825 1326//824 1352//823
f 1382//826 1327//825 1398//851
f 1327//825 1352//823 1398//851
f 1329//828 1330//839 1384//889
f 1332//831 1331//852 1337//837
f 1337//837 1331//852 1351//822
f 1331//852 1324//821 1349//848
f 1332//831 1325//867 1333//929
f 1333//929 1325//867 1324//821
f 1332//831 1333//929 1331//852
f 1333//929 1324//821 1331//852
f 1335//838 1327//825 1334//827
f 1339//836 1335//838 1334//827
f 1337//837 1326//824 1327//825
f 1332//831 1337//837 1339//836
f 1376//833 1338//832 1336//834
f 1374//879 1376//833 1336//834
f 1338//832 1339//836 1336//834
f 1351//822 1326//824 1337//837
f 1374//879 1336//834 1330//839
f 1211//691 1340//841 1212//693
f 1343//843 1340//841 1407//840
f 1340//841 1342//845 1341//842
f 1212//693 1344//846 1210//692
f 1344//846 1346//818 1216//697
f 1344//846 1216//697 1210//692
f 1341//842 1345//849 1344//846
f 1349//848 1345//849 1342//845
f 1349//848 1347//819 1345//849
f 1324//821 1347//819 1349//848
f 1415//844 1350//850 1343//843
f 1398//851 1352//823 1350//850
f 1343//843 1348//847 1342//845
f 1475//859 1476//872 1353//860
f 1364//863 1360//862 1357//880
f 1358//865 1354//866 1236//894
f 1358//865 1236//894 1322//714
f 1325//867 1359//864 1323//820
f 1359//864 1364//863 1354//866
f 1368//870 1363//855 1355//871
f 1353//860 1361//868 1241//721
f 1242//722 1365//554 1248//723
f 1297//791 1366//528 1368//870
f 1366//528 1365//554 1362//869
f 1367//555 1365//554 1366//528
f 1491//876 1492//930 1371//931
f 1373//877 1306//878 1356//803
f 1371//931 1373//877 1356//803
f 1370//874 1371//931 1357//880
f 1372//875 1370//874 1357//880
f 1373//877 1329//828 1328//830
f 1375//873 1374//879 1370//874
f 1370//874 1373//877 1371//931
f 1376//833 1375//873 1332//831
f 1332//831 1375//873 1372//875
f 1374//879 1375//873 1376//833
f 1490//858 1492//930 1369//857
f 1406//883 1312//812 1377//881
f 1312//812 1378//891 1377//881
f 1379//885 1380//887 1381//884
f 1380//887 1400//886 1399//882
f 1399//882 1381//884 1380//887
f 1378//891 1381//884 1377//881
f 1379//885 1334//827 1382//826
f 1384//889 1317//817 1383//890
f 1317//817 1378//891 1312//812
f 1318//815 1383//890 1317//817
f 1385//835 1379//885 1381//884
f 1378//891 1386//888 1381//884
f 1329//828 1384//889 1387//829
f 1374//879 1330//839 1329//828
f 1323//820 1358//865 1322//714
f 1349//848 1348//847 1331//852
f 1125//608 1253//737 1122//586
f 1168//630 1286//784 1163//631
f 1216//697 1346//818 1217//683
f 1245//720 1353//860 1241//721
f 1402//645 1177//644 1103//567
f 1238//633 1246//724 1172//638
f 1173//299 1246//724 866//296
f 1292//786 1368//870 1300//787
f 1297//791 1368//870 1292//786
f 854//281 1454//897 849//282
f 1055//522 1452//508 1463//519
f 1065//530 1450//512 1052//514
f 987//436 1447//434 1462//437
f 942//382 1446//384 1460//383
f 1048//520 1445//516 1463//519
f 1461//445 994//454 985//455
f 1048//520 1443//507 943//388
f 1446//384 1053//378 937//377
f 931//375 1442//370 1458//385
f 928//364 1459//371 1441//373
f 928//364 1457//905 925//374
f 1456//901 922//900 920//362
f 928//364 1440//903 1459//371
f 1454//897 850//896 849//282
f 850//896 1439//288 1437//290
f 860//294 1436//273 857//272
f 995//442 1435//444 1448//510
f 984//430 1434//435 1462//437
f 985//455 1434//435 1461//445
f 1455//279 981//909 859//280
f 931//375 1432//368 1442//370
f 1457//905 931//375 925//374
f 1431//283 846//268 848//263
f 1429//271 847//269 842//267
f 1051//532 1428//513 1450//512
f 1052//514 1428//513 1451//915
f 1049//524 1427//517 1445//516
f 1058//515 1427//517 1451//915
f 1065//530 1448//510 1426//509
f 1065//530 1426//509 1449//914
f 1002//462 1435//444 1425//443
f 994//454 1444//441 1424//440
f 994//454 1424//440 1425//443
f 981//909 1447//434 987//436
f 980//429 1433//910 853//428
f 1422//381 937//377 934//376
f 931//375 1422//381 934//376
f 847//269 1421//553 926//328
f 920//362 1420//904 1456//901
f 926//328 1421//553 1420//904
f 846//268 1430//285 1419//291
f 850//896 1431//283 848//263
f 850//896 1437//290 1418//286
f 853//428 1417//278 854//281
f 855//295 1417//278 859//280
f 846//268 1416//292 845//266
f 845//266 1429//271 842//267
f 1286//784 1505//769 1506//771
f 1156//629 1501//921 1497//918
f 1223//702 1496//705 1495//926
f 1164//923 1500//640 1494//623
f 1164//923 1499//919 1493//920
f 1164//923 1493//920 1500//640
f 1355//871 1492//930 1491//876
f 1357//880 1492//930 1490//858
f 1371//931 1488//853 1491//876
f 1299//793 1488//853 1487//802
f 1291//794 1486//801 1507//777
f 1291//794 1485//779 1287//781
f 1235//713 1504//729 1484//730
f 1231//710 1484//730 1502//709
f 1235//713 1483//893 1504//729
f 1224//701 1482//706 1496//705
f 1503//727 1224//701 1225//728
f 1223//702 1495//926 1480//925
f 1154//616 1497//918 1155//617
f 1477//854 1364//863 1357//880
f 1357//880 1490//858 1477//854
f 1363//855 1476//872 1489//856
f 1364//863 1475//859 1354//866
f 1284//774 1474//782 1285//775
f 1287//781 1485//779 1474//782
f 1229//711 1481//927 1473//928
f 1225//728 1473//928 1503//727
f 1156//629 1472//725 1237//715
f 1223//702 1472//725 1154//616
f 1162//632 1471//626 1165//922
f 1165//922 1471//626 1499//919
f 1475//859 1236//894 1354//866
f 1353//860 1483//893 1470//861
f 1299//793 1486//801 1291//794
f 1305//800 1487//802 1356//803
f 1287//781 1468//783 1286//784
f 1286//784 1468//783 1505//769
f 1231//710 1502//709 1467//708
f 1229//711 1467//708 1481//927
f 1164//923 1466//624 1166//628
f 1166//628 1466//624 1501//921
f 1286//784 1465//892 1163//631
f 1163//631 1465//892 1479//641
f 1479//641 1162//632 1163//631
f 1162//632 1464//642 1498//625
f 1439//288 855//295 858//289
f 1432//368 940//372 939//369
f 1459//371 927//902 940//372
f 1434//435 985//455 987//436
f 986//439 1001//457 1424//440
f 995//442 994//454 1425//443
f 1058//515 1055//522 1445//516
f 1500//640 1147//639 1153//614
f 1230//704 1228//716 1496//705
f 1244//707 1243//719 1467//708
f 1504//729 1245//720 1244//707
f 1505//769 1281//776 1278//770
f 1369//857 1363//855 1477//854
f 858//289 856//284 1418//286
f 856//284 857//272 1419//291
f 860//294 927//902 1420//904
f 939//369 942//382 1458//385
f 1434//435 984//430 986//439
f 1001//457 1002//462 1425//443
f 1447//434 980//429 984//430
f 1426//509 1050//511 1051//532
f 1049//524 1052//514 1451//915
f 1069//534 1058//515 1451//915
f 1002//462 1050//511 1448//510
f 1464//642 1161//622 1159//618
f 1465//892 1278//770 1161//622
f 1471//626 1159//618 1160//619
f 1493//920 1160//619 1147//639
f 1466//624 1153//614 1155//617
f 1228//716 1237//715 1480//925
f 1481//927 1243//719 1230//704
f 1284//774 1281//776 1505//769
f 1288//778 1285//775 1474//782
f 1486//801 1305//800 1288//778
f 854//281 1453//898 1454//897
f 1055//522 1053//378 1452//508
f 1065//530 1449//914 1450//512
f 942//382 943//388 1446//384
f 1048//520 1049//524 1445//516
f 1461//445 1444//441 994//454
f 1048//520 1452//508 1443//507
f 1446//384 1443//507 1053//378
f 928//364 1441//373 1457//905
f 1456//901 1440//903 922//900
f 928//364 922//900 1440//903
f 1454//897 1439//288 850//896
f 860//294 1438//287 1436//273
f 1455//279 1433//910 981//909
f 1457//905 1432//368 931//375
f 1431//283 1430//285 846//268
f 1429//271 1436//273 847//269
f 1051//532 1069//534 1428//513
f 1065//530 995//442 1448//510
f 981//909 1423//433 1447//434
f 980//429 1423//433 1433//910
f 1422//381 1460//383 937//377
f 931//375 1458//385 1422//381
f 847//269 1438//287 1421//553
f 920//362 926//328 1420//904
f 850//896 1418//286 1431//283
f 853//428 1455//279 1417//278
f 855//295 1453//898 1417//278
f 846//268 1419//291 1416//292
f 845//266 1416//292 1429//271
f 1156//629 1166//628 1501//921
f 1223//702 1224//701 1496//705
f 1164//923 1165//922 1499//919
f 1355//871 1369//857 1492//930
f 1357//880 1371//931 1492//930
f 1371//931 1356//803 1488//853
f 1299//793 1355//871 1488//853
f 1291//794 1507//777 1485//779
f 1231//710 1235//713 1484//730
f 1235//713 1236//894 1483//893
f 1503//727 1482//706 1224//701
f 1154//616 1478//726 1497//918
f 1477//854 1489//856 1364//863
f 1363//855 1353//860 1476//872
f 1364//863 1476//872 1475//859
f 1284//774 1508//780 1474//782
f 1225//728 1229//711 1473//928
f 1156//629 1478//726 1472//725
f 1223//702 1480//925 1472//725
f 1162//632 1498//625 1471//626
f 1475//859 1470//861 1236//894
f 1353//860 1245//720 1483//893
f 1299//793 1469//799 1486//801
f 1305//800 1469//799 1487//802
f 1287//781 1508//780 1468//783
f 1229//711 1231//710 1467//708
f 1164//923 1494//623 1466//624
f 1286//784 1506//771 1465//892
f 1479//641 1464//642 1162//632
