# Blender 4.5.3 LTS
# www.blender.org
o Circle
v 0.249993 -0.012315 0.000000
v 0.251178 0.031418 0.000000
v 0.254708 0.074553 0.000000
v 0.260581 0.117473 0.000000
v 0.268781 0.160069 0.000000
v 0.279287 0.202235 0.000000
v 0.292069 0.243866 0.000000
v 0.307093 0.284857 0.000000
v 0.324318 0.325107 0.000000
v 0.343698 0.364514 0.000000
v 0.365180 0.402980 0.000000
v 0.388705 0.440409 0.000000
v 0.414207 0.476708 0.000000
v 0.441616 0.511787 0.000000
v 0.470856 0.545559 0.000000
v 0.501846 0.577941 0.000000
v 0.534497 0.608853 0.000000
v 0.568719 0.638221 0.000000
v 0.604415 0.665975 0.000000
v 0.641483 0.692051 0.000000
v 0.679820 0.716389 0.000000
v 0.719319 0.738935 -0.000000
v 0.759869 0.759642 0.000000
v 0.801361 0.778469 0.000000
v 0.843684 0.795381 0.000000
v 0.886731 0.810350 0.000000
v 0.930393 0.823354 0.000000
v 0.974570 0.834376 0.000000
v 1.019165 0.843404 0.000000
v 1.064083 0.850432 0.000000
v 1.109240 0.855455 0.000000
v 1.154553 0.858471 0.000000
v 1.201843 0.859498 0.000000
v 0.248790 -0.012315 -0.024504
v 0.249968 0.031418 -0.024620
v 0.253482 0.074553 -0.024966
v 0.259326 0.117473 -0.025541
v 0.267487 0.160069 -0.026345
v 0.277942 0.202235 -0.027375
v 0.290662 0.243866 -0.028628
v 0.305614 0.284857 -0.030100
v 0.322757 0.325107 -0.031789
v 0.342043 0.364514 -0.033688
v 0.363422 0.402980 -0.035794
v 0.386833 0.440409 -0.038100
v 0.412212 0.476708 -0.040599
v 0.439490 0.511787 -0.043286
v 0.468589 0.545559 -0.046152
v 0.499429 0.577941 -0.049189
v 0.531924 0.608853 -0.052390
v 0.565981 0.638221 -0.055744
v 0.601504 0.665975 -0.059243
v 0.638394 0.692051 -0.062876
v 0.676547 0.716389 -0.066634
v 0.715855 0.738935 -0.070506
v 0.756210 0.759642 -0.074480
v 0.797502 0.778469 -0.078547
v 0.839622 0.795381 -0.082696
v 0.882461 0.810350 -0.086915
v 0.925913 0.823354 -0.091194
v 0.969878 0.834376 -0.095525
v 1.014257 0.843404 -0.099896
v 1.058959 0.850432 -0.104298
v 1.103899 0.855455 -0.108725
v 1.148993 0.858471 -0.113166
v 1.196056 0.859498 -0.117801
v 0.245190 -0.012315 -0.048771
v 0.246352 0.031418 -0.049002
v 0.249814 0.074553 -0.049691
v 0.255574 0.117473 -0.050837
v 0.263617 0.160069 -0.052437
v 0.273920 0.202235 -0.054486
v 0.286457 0.243866 -0.056980
v 0.301192 0.284857 -0.059911
v 0.318087 0.325107 -0.063271
v 0.337094 0.364514 -0.067052
v 0.358163 0.402980 -0.071243
v 0.381236 0.440409 -0.075832
v 0.406248 0.476708 -0.080808
v 0.433130 0.511787 -0.086155
v 0.461809 0.545559 -0.091859
v 0.492203 0.577941 -0.097905
v 0.524227 0.608853 -0.104275
v 0.557792 0.638221 -0.110952
v 0.592801 0.665975 -0.117915
v 0.629157 0.692051 -0.125147
v 0.666758 0.716389 -0.132626
v 0.705497 0.738935 -0.140332
v 0.745268 0.759642 -0.148243
v 0.785963 0.778469 -0.156338
v 0.827473 0.795381 -0.164595
v 0.869692 0.810350 -0.172993
v 0.912516 0.823354 -0.181511
v 0.955844 0.834376 -0.190129
v 0.999581 0.843404 -0.198829
v 1.043637 0.850432 -0.207592
v 1.087926 0.855455 -0.216402
v 1.132368 0.858471 -0.225242
v 1.178750 0.859498 -0.234468
v 0.239229 -0.012315 -0.072569
v 0.240362 0.031418 -0.072913
v 0.243740 0.074553 -0.073938
v 0.249361 0.117473 -0.075643
v 0.257208 0.160069 -0.078023
v 0.267261 0.202235 -0.081073
v 0.279492 0.243866 -0.084783
v 0.293870 0.284857 -0.089144
v 0.310353 0.325107 -0.094145
v 0.328899 0.364514 -0.099770
v 0.349456 0.402980 -0.106006
v 0.371967 0.440409 -0.112835
v 0.396371 0.476708 -0.120238
v 0.422600 0.511787 -0.128194
v 0.450581 0.545559 -0.136682
v 0.480237 0.577941 -0.145678
v 0.511482 0.608853 -0.155156
v 0.544231 0.638221 -0.165090
v 0.578389 0.665975 -0.175452
v 0.613861 0.692051 -0.186213
v 0.650548 0.716389 -0.197341
v 0.688345 0.738935 -0.208807
v 0.727149 0.759642 -0.220578
v 0.766855 0.778469 -0.232623
v 0.807356 0.795381 -0.244909
v 0.848548 0.810350 -0.257404
v 0.890331 0.823354 -0.270079
v 0.932606 0.834376 -0.282903
v 0.975280 0.843404 -0.295848
v 1.018264 0.850432 -0.308887
v 1.061476 0.855455 -0.321995
v 1.104838 0.858471 -0.335149
v 1.150092 0.859498 -0.348877
v 0.230964 -0.012315 -0.095668
v 0.232058 0.031418 -0.096122
v 0.235320 0.074553 -0.097472
v 0.240746 0.117473 -0.099720
v 0.248322 0.160069 -0.102858
v 0.258027 0.202235 -0.106878
v 0.269836 0.243866 -0.111770
v 0.283717 0.284857 -0.117519
v 0.299631 0.325107 -0.124111
v 0.317536 0.364514 -0.131528
v 0.337383 0.402980 -0.139748
v 0.359116 0.440409 -0.148751
v 0.382677 0.476708 -0.158510
v 0.408000 0.511787 -0.168999
v 0.435015 0.545559 -0.180189
v 0.463645 0.577941 -0.192048
v 0.493811 0.608853 -0.204543
v 0.525428 0.638221 -0.217639
v 0.558407 0.665975 -0.231300
v 0.592653 0.692051 -0.245485
v 0.628072 0.716389 -0.260156
v 0.664564 0.738935 -0.275271
v 0.702027 0.759642 -0.290789
v 0.740361 0.778469 -0.306667
v 0.779463 0.795381 -0.322864
v 0.819232 0.810350 -0.339337
v 0.859571 0.823354 -0.356046
v 0.900386 0.834376 -0.372952
v 0.941585 0.843404 -0.390017
v 0.983084 0.850432 -0.407207
v 1.024804 0.855455 -0.424488
v 1.066668 0.858471 -0.441828
v 1.110358 0.859498 -0.459925
v 0.220474 -0.012315 -0.117846
v 0.221519 0.031418 -0.118404
v 0.224632 0.074553 -0.120068
v 0.229812 0.117473 -0.122837
v 0.237044 0.160069 -0.126703
v 0.246309 0.202235 -0.131655
v 0.257582 0.243866 -0.137680
v 0.270832 0.284857 -0.144762
v 0.286023 0.325107 -0.152883
v 0.303115 0.364514 -0.162018
v 0.322060 0.402980 -0.172145
v 0.342807 0.440409 -0.183234
v 0.365298 0.476708 -0.195256
v 0.389471 0.511787 -0.208176
v 0.415258 0.545559 -0.221960
v 0.442588 0.577941 -0.236568
v 0.471385 0.608853 -0.251960
v 0.501566 0.638221 -0.268092
v 0.533046 0.665975 -0.284919
v 0.565738 0.692051 -0.302393
v 0.599548 0.716389 -0.320465
v 0.634382 0.738935 -0.339084
v 0.670145 0.759642 -0.358200
v 0.706737 0.778469 -0.377759
v 0.744063 0.795381 -0.397710
v 0.782026 0.810350 -0.418002
v 0.820534 0.823354 -0.438584
v 0.859494 0.834376 -0.459409
v 0.898823 0.843404 -0.480431
v 0.938438 0.850432 -0.501605
v 0.978262 0.855455 -0.522892
v 1.018224 0.858471 -0.544252
v 1.059931 0.859498 -0.566545
v 0.207862 -0.012315 -0.138889
v 0.208847 0.031418 -0.139547
v 0.211782 0.074553 -0.141508
v 0.216665 0.117473 -0.144771
v 0.223484 0.160069 -0.149327
v 0.232218 0.202235 -0.155163
v 0.242846 0.243866 -0.162265
v 0.255338 0.284857 -0.170612
v 0.269661 0.325107 -0.180182
v 0.285775 0.364514 -0.190949
v 0.303636 0.402980 -0.202883
v 0.323196 0.440409 -0.215953
v 0.344400 0.476708 -0.230121
v 0.367190 0.511787 -0.245349
v 0.391503 0.545559 -0.261594
v 0.417269 0.577941 -0.278811
v 0.444418 0.608853 -0.296951
v 0.472873 0.638221 -0.315963
v 0.502553 0.665975 -0.335795
v 0.533374 0.692051 -0.356389
v 0.565250 0.716389 -0.377688
v 0.598092 0.738935 -0.399632
v 0.631808 0.759642 -0.422161
v 0.666307 0.778469 -0.445212
v 0.701498 0.795381 -0.468726
v 0.737289 0.810350 -0.492641
v 0.773594 0.823354 -0.516899
v 0.810326 0.834376 -0.541442
v 0.847404 0.843404 -0.566217
v 0.884753 0.850432 -0.591173
v 0.922299 0.855455 -0.616261
v 0.959975 0.858471 -0.641435
v 0.999296 0.859498 -0.667708
v 0.193248 -0.012315 -0.158594
v 0.194163 0.031418 -0.159345
v 0.196892 0.074553 -0.161585
v 0.201432 0.117473 -0.165311
v 0.207771 0.160069 -0.170513
v 0.215891 0.202235 -0.177177
v 0.225772 0.243866 -0.185286
v 0.237386 0.284857 -0.194818
v 0.250702 0.325107 -0.205745
v 0.265683 0.364514 -0.218040
v 0.282288 0.402980 -0.231668
v 0.300473 0.440409 -0.246591
v 0.320186 0.476708 -0.262770
v 0.341374 0.511787 -0.280158
v 0.363977 0.545559 -0.298708
v 0.387932 0.577941 -0.318368
v 0.413172 0.608853 -0.339082
v 0.439626 0.638221 -0.360792
v 0.467219 0.665975 -0.383437
v 0.495873 0.692051 -0.406953
v 0.525508 0.716389 -0.431273
v 0.556041 0.738935 -0.456331
v 0.587387 0.759642 -0.482056
v 0.619460 0.778469 -0.508378
v 0.652177 0.795381 -0.535228
v 0.685452 0.810350 -0.562536
v 0.719204 0.823354 -0.590235
v 0.753353 0.834376 -0.618261
v 0.787825 0.843404 -0.646551
v 0.822547 0.850432 -0.675047
v 0.857454 0.855455 -0.703694
v 0.892481 0.858471 -0.732440
v 0.929037 0.859498 -0.762441
v 0.176772 -0.012315 -0.176772
v 0.177610 0.031418 -0.177610
v 0.180106 0.074553 -0.180106
v 0.184259 0.117473 -0.184259
v 0.190057 0.160069 -0.190057
v 0.197485 0.202235 -0.197485
v 0.206524 0.243866 -0.206524
v 0.217147 0.284857 -0.217147
v 0.229328 0.325107 -0.229328
v 0.243032 0.364514 -0.243031
v 0.258221 0.402980 -0.258221
v 0.274856 0.440409 -0.274856
v 0.292888 0.476708 -0.292888
v 0.312270 0.511787 -0.312270
v 0.332946 0.545559 -0.332946
v 0.354859 0.577941 -0.354858
v 0.377947 0.608853 -0.377947
v 0.402145 0.638221 -0.402145
v 0.427386 0.665975 -0.427386
v 0.453597 0.692051 -0.453597
v 0.480706 0.716389 -0.480706
v 0.508635 0.738935 -0.508635
v 0.537309 0.759642 -0.537308
v 0.566648 0.778469 -0.566648
v 0.596575 0.795381 -0.596575
v 0.627013 0.810350 -0.627013
v 0.657887 0.823354 -0.657887
v 0.689125 0.834376 -0.689125
v 0.720658 0.843404 -0.720658
v 0.752420 0.850432 -0.752420
v 0.784351 0.855455 -0.784351
v 0.816392 0.858471 -0.816392
v 0.849831 0.859498 -0.849831
v 0.158594 -0.012315 -0.193247
v 0.159346 0.031418 -0.194163
v 0.161585 0.074553 -0.196892
v 0.165311 0.117473 -0.201432
v 0.170513 0.160069 -0.207771
v 0.177178 0.202235 -0.215891
v 0.185286 0.243866 -0.225772
v 0.194818 0.284857 -0.237386
v 0.205745 0.325107 -0.250701
v 0.218040 0.364514 -0.265682
v 0.231668 0.402980 -0.282288
v 0.246592 0.440409 -0.300473
v 0.262770 0.476708 -0.320186
v 0.280158 0.511787 -0.341374
v 0.298708 0.545559 -0.363977
v 0.318368 0.577941 -0.387932
v 0.339082 0.608853 -0.413172
v 0.360792 0.638221 -0.439626
v 0.383437 0.665976 -0.467219
v 0.406953 0.692051 -0.495873
v 0.431274 0.716389 -0.525508
v 0.456331 0.738935 -0.556041
v 0.482056 0.759642 -0.587387
v 0.508378 0.778469 -0.619460
v 0.535228 0.795381 -0.652177
v 0.562536 0.810350 -0.685452
v 0.590235 0.823354 -0.719204
v 0.618261 0.834376 -0.753353
v 0.646551 0.843404 -0.787825
v 0.675047 0.850432 -0.822547
v 0.703694 0.855455 -0.857454
v 0.732440 0.858471 -0.892481
v 0.762441 0.859498 -0.929037
v 0.138889 -0.012315 -0.207862
v 0.139547 0.031418 -0.208847
v 0.141508 0.074553 -0.211782
v 0.144771 0.117473 -0.216665
v 0.149327 0.160069 -0.223484
v 0.155163 0.202235 -0.232218
v 0.162265 0.243866 -0.242846
v 0.170612 0.284857 -0.255338
v 0.180182 0.325107 -0.269661
v 0.190949 0.364514 -0.285775
v 0.202883 0.402980 -0.303636
v 0.215953 0.440409 -0.323196
v 0.230121 0.476708 -0.344400
v 0.245349 0.511787 -0.367190
v 0.261594 0.545559 -0.391503
v 0.278811 0.577941 -0.417269
v 0.296951 0.608853 -0.444418
v 0.315964 0.638221 -0.472873
v 0.335795 0.665976 -0.502553
v 0.356389 0.692051 -0.533374
v 0.377688 0.716389 -0.565250
v 0.399632 0.738935 -0.598092
v 0.422161 0.759642 -0.631808
v 0.445212 0.778469 -0.666307
v 0.468726 0.795381 -0.701498
v 0.492641 0.810350 -0.737289
v 0.516899 0.823354 -0.773594
v 0.541442 0.834376 -0.810326
v 0.566217 0.843404 -0.847404
v 0.591173 0.850432 -0.884753
v 0.616261 0.855455 -0.922299
v 0.641435 0.858471 -0.959975
v 0.667708 0.859498 -0.999296
v 0.117846 -0.012315 -0.220474
v 0.118404 0.031418 -0.221519
v 0.120069 0.074553 -0.224632
v 0.122837 0.117473 -0.229812
v 0.126703 0.160069 -0.237044
v 0.131655 0.202235 -0.246309
v 0.137680 0.243866 -0.257581
v 0.144763 0.284857 -0.270832
v 0.152883 0.325107 -0.286023
v 0.162018 0.364514 -0.303115
v 0.172145 0.402980 -0.322060
v 0.183234 0.440409 -0.342807
v 0.195256 0.476709 -0.365298
v 0.208176 0.511787 -0.389471
v 0.221960 0.545559 -0.415258
v 0.236568 0.577941 -0.442588
v 0.251960 0.608853 -0.471385
v 0.268092 0.638221 -0.501566
v 0.284919 0.665976 -0.533046
v 0.302393 0.692051 -0.565738
v 0.320465 0.716389 -0.599548
v 0.339084 0.738935 -0.634382
v 0.358200 0.759642 -0.670145
v 0.377759 0.778469 -0.706737
v 0.397710 0.795381 -0.744063
v 0.418002 0.810350 -0.782026
v 0.438584 0.823354 -0.820534
v 0.459409 0.834376 -0.859494
v 0.480431 0.843404 -0.898823
v 0.501605 0.850432 -0.938437
v 0.522892 0.855455 -0.978262
v 0.544252 0.858471 -1.018224
v 0.566545 0.859498 -1.059931
v 0.095668 -0.012315 -0.230964
v 0.096122 0.031418 -0.232058
v 0.097473 0.074553 -0.235319
v 0.099720 0.117473 -0.240745
v 0.102858 0.160069 -0.248322
v 0.106878 0.202235 -0.258027
v 0.111770 0.243866 -0.269836
v 0.117519 0.284857 -0.283717
v 0.124111 0.325107 -0.299631
v 0.131528 0.364514 -0.317536
v 0.139748 0.402980 -0.337382
v 0.148751 0.440409 -0.359116
v 0.158510 0.476709 -0.382677
v 0.168999 0.511787 -0.408000
v 0.180189 0.545559 -0.435014
v 0.192048 0.577941 -0.463645
v 0.204543 0.608853 -0.493811
v 0.217640 0.638221 -0.525428
v 0.231300 0.665976 -0.558406
v 0.245485 0.692051 -0.592653
v 0.260156 0.716389 -0.628072
v 0.275271 0.738935 -0.664564
v 0.290789 0.759642 -0.702027
v 0.306668 0.778469 -0.740361
v 0.322864 0.795381 -0.779462
v 0.339337 0.810350 -0.819232
v 0.356046 0.823354 -0.859571
v 0.372952 0.834376 -0.900386
v 0.390017 0.843404 -0.941585
v 0.407207 0.850432 -0.983084
v 0.424488 0.855455 -1.024804
v 0.441828 0.858471 -1.066667
v 0.459926 0.859498 -1.110358
v 0.072569 -0.012315 -0.239229
v 0.072913 0.031418 -0.240362
v 0.073938 0.074554 -0.243740
v 0.075643 0.117473 -0.249361
v 0.078023 0.160069 -0.257208
v 0.081073 0.202235 -0.267261
v 0.084783 0.243866 -0.279492
v 0.089144 0.284857 -0.293869
v 0.094145 0.325107 -0.310353
v 0.099771 0.364514 -0.328899
v 0.106006 0.402980 -0.349456
v 0.112835 0.440409 -0.371967
v 0.120238 0.476709 -0.396371
v 0.128194 0.511787 -0.422600
v 0.136682 0.545559 -0.450581
v 0.145678 0.577941 -0.480236
v 0.155156 0.608853 -0.511482
v 0.165091 0.638221 -0.544230
v 0.175452 0.665976 -0.578389
v 0.186213 0.692051 -0.613861
v 0.197342 0.716389 -0.650547
v 0.208807 0.738935 -0.688345
v 0.220578 0.759642 -0.727149
v 0.232623 0.778469 -0.766855
v 0.244909 0.795381 -0.807355
v 0.257404 0.810350 -0.848548
v 0.270079 0.823354 -0.890331
v 0.282903 0.834376 -0.932606
v 0.295848 0.843404 -0.975280
v 0.308887 0.850432 -1.018264
v 0.321995 0.855455 -1.061476
v 0.335149 0.858471 -1.104838
v 0.348877 0.859498 -1.150092
v 0.048771 -0.012315 -0.245190
v 0.049002 0.031418 -0.246352
v 0.049691 0.074554 -0.249814
v 0.050837 0.117473 -0.255574
v 0.052437 0.160069 -0.263617
v 0.054486 0.202235 -0.273920
v 0.056980 0.243866 -0.286457
v 0.059911 0.284857 -0.301192
v 0.063271 0.325107 -0.318087
v 0.067052 0.364514 -0.337094
v 0.071243 0.402980 -0.358163
v 0.075833 0.440409 -0.381236
v 0.080808 0.476709 -0.406248
v 0.086155 0.511787 -0.433130
v 0.091860 0.545559 -0.461809
v 0.097905 0.577941 -0.492203
v 0.104275 0.608853 -0.524227
v 0.110952 0.638221 -0.557792
v 0.117915 0.665976 -0.592801
v 0.125147 0.692051 -0.629157
v 0.132626 0.716389 -0.666758
v 0.140332 0.738935 -0.705497
v 0.148243 0.759642 -0.745268
v 0.156338 0.778469 -0.785963
v 0.164595 0.795381 -0.827473
v 0.172993 0.810350 -0.869692
v 0.181511 0.823354 -0.912516
v 0.190129 0.834376 -0.955844
v 0.198829 0.843404 -0.999581
v 0.207592 0.850432 -1.043637
v 0.216402 0.855455 -1.087926
v 0.225242 0.858471 -1.132368
v 0.234468 0.859498 -1.178750
v 0.024504 -0.012315 -0.248790
v 0.024620 0.031418 -0.249968
v 0.024966 0.074554 -0.253482
v 0.025541 0.117473 -0.259326
v 0.026345 0.160069 -0.267487
v 0.027375 0.202235 -0.277942
v 0.028628 0.243866 -0.290662
v 0.030100 0.284857 -0.305614
v 0.031789 0.325107 -0.322757
v 0.033688 0.364514 -0.342043
v 0.035794 0.402980 -0.363422
v 0.038100 0.440409 -0.386833
v 0.040599 0.476709 -0.412212
v 0.043286 0.511787 -0.439490
v 0.046152 0.545559 -0.468589
v 0.049190 0.577941 -0.499429
v 0.052390 0.608853 -0.531924
v 0.055744 0.638221 -0.565981
v 0.059243 0.665976 -0.601504
v 0.062876 0.692051 -0.638394
v 0.066634 0.716389 -0.676547
v 0.070506 0.738935 -0.715855
v 0.074480 0.759642 -0.756210
v 0.078547 0.778469 -0.797502
v 0.082696 0.795381 -0.839622
v 0.086915 0.810350 -0.882461
v 0.091195 0.823354 -0.925913
v 0.095525 0.834376 -0.969878
v 0.099896 0.843404 -1.014257
v 0.104298 0.850432 -1.058959
v 0.108725 0.855455 -1.103899
v 0.113166 0.858471 -1.148993
v 0.117801 0.859498 -1.196056
v 0.000000 -0.012315 -0.249993
v 0.000000 0.031418 -0.251178
v 0.000000 0.074554 -0.254708
v 0.000000 0.117473 -0.260581
v 0.000000 0.160069 -0.268781
v 0.000000 0.202235 -0.279287
v 0.000000 0.243866 -0.292069
v 0.000000 0.284857 -0.307093
v 0.000000 0.325107 -0.324318
v 0.000000 0.364514 -0.343698
v 0.000000 0.402980 -0.365180
v 0.000000 0.440409 -0.388704
v 0.000000 0.476709 -0.414207
v 0.000000 0.511787 -0.441616
v 0.000000 0.545559 -0.470856
v 0.000000 0.577941 -0.501846
v 0.000000 0.608853 -0.534497
v 0.000000 0.638221 -0.568719
v 0.000000 0.665976 -0.604415
v 0.000000 0.692051 -0.641483
v 0.000000 0.716389 -0.679820
v 0.000000 0.738935 -0.719319
v 0.000000 0.759642 -0.759869
v 0.000000 0.778469 -0.801361
v 0.000000 0.795381 -0.843684
v 0.000000 0.810350 -0.886730
v 0.000000 0.823354 -0.930393
v 0.000000 0.834376 -0.974570
v 0.000000 0.843404 -1.019164
v 0.000000 0.850432 -1.064083
v 0.000000 0.855455 -1.109240
v 0.000000 0.858471 -1.154553
v 0.000000 0.859498 -1.201843
v -0.024504 -0.012315 -0.248790
v -0.024620 0.031418 -0.249968
v -0.024966 0.074554 -0.253482
v -0.025541 0.117473 -0.259326
v -0.026345 0.160069 -0.267487
v -0.027375 0.202235 -0.277942
v -0.028628 0.243866 -0.290662
v -0.030100 0.284857 -0.305614
v -0.031789 0.325107 -0.322757
v -0.033688 0.364514 -0.342043
v -0.035794 0.402980 -0.363422
v -0.038100 0.440409 -0.386833
v -0.040599 0.476709 -0.412212
v -0.043286 0.511787 -0.439489
v -0.046152 0.545559 -0.468589
v -0.049189 0.577941 -0.499429
v -0.052390 0.608853 -0.531924
v -0.055744 0.638221 -0.565981
v -0.059243 0.665976 -0.601504
v -0.062876 0.692051 -0.638394
v -0.066634 0.716389 -0.676547
v -0.070506 0.738935 -0.715855
v -0.074480 0.759642 -0.756210
v -0.078547 0.778469 -0.797502
v -0.082696 0.795381 -0.839622
v -0.086915 0.810350 -0.882461
v -0.091194 0.823354 -0.925913
v -0.095525 0.834376 -0.969878
v -0.099896 0.843404 -1.014257
v -0.104298 0.850432 -1.058959
v -0.108725 0.855455 -1.103899
v -0.113166 0.858471 -1.148993
v -0.117801 0.859498 -1.196056
v -0.048771 -0.012315 -0.245190
v -0.049002 0.031418 -0.246352
v -0.049691 0.074554 -0.249814
v -0.050837 0.117473 -0.255574
v -0.052437 0.160069 -0.263617
v -0.054486 0.202235 -0.273920
v -0.056980 0.243866 -0.286457
v -0.059911 0.284857 -0.301192
v -0.063271 0.325107 -0.318087
v -0.067052 0.364514 -0.337094
v -0.071243 0.402980 -0.358163
v -0.075832 0.440409 -0.381236
v -0.080808 0.476709 -0.406248
v -0.086155 0.511787 -0.433130
v -0.091859 0.545559 -0.461809
v -0.097905 0.577941 -0.492203
v -0.104275 0.608853 -0.524227
v -0.110952 0.638221 -0.557791
v -0.117915 0.665976 -0.592801
v -0.125147 0.692051 -0.629157
v -0.132626 0.716389 -0.666758
v -0.140332 0.738935 -0.705497
v -0.148243 0.759642 -0.745268
v -0.156338 0.778469 -0.785963
v -0.164595 0.795381 -0.827473
v -0.172992 0.810350 -0.869692
v -0.181511 0.823354 -0.912516
v -0.190129 0.834376 -0.955844
v -0.198829 0.843404 -0.999581
v -0.207592 0.850432 -1.043637
v -0.216402 0.855455 -1.087926
v -0.225242 0.858471 -1.132368
v -0.234468 0.859498 -1.178750
v -0.072569 -0.012315 -0.239229
v -0.072913 0.031418 -0.240362
v -0.073938 0.074554 -0.243740
v -0.075643 0.117473 -0.249361
v -0.078023 0.160069 -0.257208
v -0.081073 0.202235 -0.267261
v -0.084783 0.243866 -0.279492
v -0.089144 0.284857 -0.293869
v -0.094145 0.325107 -0.310353
v -0.099770 0.364514 -0.328899
v -0.106006 0.402980 -0.349456
v -0.112835 0.440409 -0.371967
v -0.120238 0.476709 -0.396371
v -0.128194 0.511787 -0.422600
v -0.136682 0.545559 -0.450581
v -0.145678 0.577941 -0.480236
v -0.155156 0.608853 -0.511482
v -0.165090 0.638221 -0.544230
v -0.175452 0.665976 -0.578389
v -0.186213 0.692051 -0.613861
v -0.197341 0.716389 -0.650547
v -0.208807 0.738935 -0.688345
v -0.220578 0.759642 -0.727149
v -0.232623 0.778469 -0.766855
v -0.244909 0.795381 -0.807355
v -0.257404 0.810350 -0.848548
v -0.270079 0.823354 -0.890331
v -0.282903 0.834376 -0.932606
v -0.295848 0.843404 -0.975279
v -0.308887 0.850432 -1.018264
v -0.321995 0.855455 -1.061476
v -0.335149 0.858471 -1.104838
v -0.348877 0.859498 -1.150092
v -0.095668 -0.012315 -0.230964
v -0.096122 0.031418 -0.232058
v -0.097472 0.074554 -0.235320
v -0.099720 0.117473 -0.240746
v -0.102858 0.160069 -0.248322
v -0.106878 0.202235 -0.258027
v -0.111770 0.243866 -0.269836
v -0.117519 0.284857 -0.283717
v -0.124111 0.325107 -0.299631
v -0.131528 0.364514 -0.317536
v -0.139748 0.402980 -0.337383
v -0.148751 0.440409 -0.359116
v -0.158510 0.476709 -0.382677
v -0.168999 0.511787 -0.408000
v -0.180189 0.545559 -0.435014
v -0.192048 0.577941 -0.463645
v -0.204543 0.608853 -0.493811
v -0.217639 0.638221 -0.525428
v -0.231299 0.665976 -0.558407
v -0.245485 0.692051 -0.592653
v -0.260156 0.716389 -0.628072
v -0.275271 0.738935 -0.664564
v -0.290789 0.759642 -0.702027
v -0.306667 0.778469 -0.740361
v -0.322864 0.795381 -0.779463
v -0.339337 0.810350 -0.819232
v -0.356046 0.823354 -0.859571
v -0.372952 0.834376 -0.900386
v -0.390017 0.843404 -0.941585
v -0.407207 0.850433 -0.983084
v -0.424488 0.855455 -1.024804
v -0.441828 0.858471 -1.066667
v -0.459925 0.859498 -1.110358
v -0.117846 -0.012315 -0.220474
v -0.118404 0.031418 -0.221519
v -0.120068 0.074554 -0.224632
v -0.122837 0.117473 -0.229812
v -0.126703 0.160069 -0.237044
v -0.131655 0.202235 -0.246309
v -0.137680 0.243866 -0.257582
v -0.144762 0.284857 -0.270832
v -0.152883 0.325107 -0.286023
v -0.162018 0.364514 -0.303115
v -0.172145 0.402980 -0.322060
v -0.183234 0.440409 -0.342807
v -0.195256 0.476709 -0.365298
v -0.208176 0.511787 -0.389471
v -0.221960 0.545559 -0.415258
v -0.236568 0.577941 -0.442588
v -0.251960 0.608853 -0.471385
v -0.268092 0.638221 -0.501566
v -0.284919 0.665976 -0.533046
v -0.302393 0.692051 -0.565738
v -0.320465 0.716389 -0.599548
v -0.339084 0.738935 -0.634382
v -0.358200 0.759642 -0.670145
v -0.377759 0.778469 -0.706737
v -0.397710 0.795381 -0.744063
v -0.418002 0.810350 -0.782026
v -0.438584 0.823354 -0.820534
v -0.459409 0.834376 -0.859494
v -0.480431 0.843404 -0.898823
v -0.501605 0.850433 -0.938437
v -0.522892 0.855455 -0.978262
v -0.544252 0.858471 -1.018224
v -0.566545 0.859498 -1.059931
v -0.138889 -0.012315 -0.207862
v -0.139547 0.031418 -0.208847
v -0.141508 0.074554 -0.211782
v -0.144771 0.117473 -0.216665
v -0.149327 0.160069 -0.223484
v -0.155163 0.202235 -0.232218
v -0.162265 0.243866 -0.242846
v -0.170612 0.284857 -0.255338
v -0.180182 0.325107 -0.269661
v -0.190949 0.364514 -0.285775
v -0.202883 0.402980 -0.303636
v -0.215953 0.440409 -0.323196
v -0.230121 0.476709 -0.344400
v -0.245349 0.511787 -0.367190
v -0.261594 0.545559 -0.391503
v -0.278811 0.577941 -0.417269
v -0.296951 0.608853 -0.444418
v -0.315964 0.638221 -0.472873
v -0.335795 0.665976 -0.502553
v -0.356389 0.692051 -0.533374
v -0.377688 0.716389 -0.565250
v -0.399632 0.738935 -0.598092
v -0.422161 0.759642 -0.631808
v -0.445212 0.778469 -0.666307
v -0.468726 0.795381 -0.701498
v -0.492641 0.810350 -0.737289
v -0.516899 0.823354 -0.773594
v -0.541442 0.834376 -0.810326
v -0.566217 0.843404 -0.847404
v -0.591173 0.850433 -0.884753
v -0.616261 0.855455 -0.922299
v -0.641435 0.858471 -0.959975
v -0.667708 0.859498 -0.999296
v -0.158594 -0.012315 -0.193248
v -0.159345 0.031418 -0.194163
v -0.161585 0.074554 -0.196892
v -0.165311 0.117473 -0.201432
v -0.170513 0.160069 -0.207771
v -0.177177 0.202235 -0.215891
v -0.185286 0.243866 -0.225772
v -0.194818 0.284857 -0.237386
v -0.205745 0.325107 -0.250702
v -0.218040 0.364514 -0.265683
v -0.231668 0.402980 -0.282288
v -0.246591 0.440409 -0.300473
v -0.262770 0.476709 -0.320186
v -0.280158 0.511787 -0.341374
v -0.298708 0.545559 -0.363977
v -0.318367 0.577941 -0.387932
v -0.339081 0.608853 -0.413172
v -0.360792 0.638221 -0.439626
v -0.383437 0.665976 -0.467219
v -0.406953 0.692051 -0.495873
v -0.431273 0.716389 -0.525508
v -0.456331 0.738935 -0.556041
v -0.482056 0.759642 -0.587387
v -0.508378 0.778469 -0.619460
v -0.535228 0.795381 -0.652177
v -0.562536 0.810350 -0.685452
v -0.590235 0.823354 -0.719204
v -0.618261 0.834376 -0.753353
v -0.646551 0.843404 -0.787825
v -0.675047 0.850433 -0.822547
v -0.703694 0.855455 -0.857454
v -0.732440 0.858471 -0.892481
v -0.762441 0.859498 -0.929037
v -0.176772 -0.012315 -0.176772
v -0.177610 0.031418 -0.177610
v -0.180106 0.074554 -0.180106
v -0.184259 0.117473 -0.184259
v -0.190057 0.160069 -0.190057
v -0.197485 0.202235 -0.197485
v -0.206524 0.243866 -0.206524
v -0.217147 0.284857 -0.217147
v -0.229328 0.325107 -0.229328
v -0.243031 0.364514 -0.243032
v -0.258221 0.402980 -0.258221
v -0.274855 0.440409 -0.274856
v -0.292888 0.476709 -0.292888
v -0.312270 0.511787 -0.312270
v -0.332946 0.545559 -0.332946
v -0.354858 0.577941 -0.354859
v -0.377947 0.608853 -0.377947
v -0.402145 0.638221 -0.402145
v -0.427386 0.665976 -0.427386
v -0.453597 0.692051 -0.453597
v -0.480705 0.716389 -0.480706
v -0.508635 0.738935 -0.508635
v -0.537308 0.759642 -0.537308
v -0.566648 0.778469 -0.566648
v -0.596575 0.795381 -0.596575
v -0.627013 0.810350 -0.627013
v -0.657887 0.823354 -0.657887
v -0.689125 0.834376 -0.689125
v -0.720658 0.843404 -0.720658
v -0.752420 0.850433 -0.752420
v -0.784351 0.855455 -0.784351
v -0.816392 0.858471 -0.816392
v -0.849831 0.859498 -0.849831
v -0.193247 -0.012315 -0.158594
v -0.194163 0.031418 -0.159346
v -0.196892 0.074554 -0.161585
v -0.201432 0.117473 -0.165311
v -0.207771 0.160069 -0.170513
v -0.215891 0.202235 -0.177178
v -0.225772 0.243866 -0.185286
v -0.237386 0.284857 -0.194818
v -0.250701 0.325107 -0.205745
v -0.265682 0.364514 -0.218040
v -0.282288 0.402980 -0.231668
v -0.300473 0.440409 -0.246592
v -0.320186 0.476709 -0.262770
v -0.341374 0.511787 -0.280158
v -0.363977 0.545559 -0.298708
v -0.387932 0.577941 -0.318368
v -0.413172 0.608853 -0.339082
v -0.439626 0.638221 -0.360792
v -0.467219 0.665976 -0.383437
v -0.495873 0.692051 -0.406953
v -0.525508 0.716389 -0.431273
v -0.556041 0.738935 -0.456331
v -0.587387 0.759642 -0.482056
v -0.619460 0.778469 -0.508378
v -0.652177 0.795381 -0.535228
v -0.685452 0.810350 -0.562536
v -0.719204 0.823354 -0.590235
v -0.753353 0.834376 -0.618261
v -0.787825 0.843404 -0.646551
v -0.822547 0.850433 -0.675047
v -0.857454 0.855455 -0.703694
v -0.892481 0.858471 -0.732440
v -0.929037 0.859498 -0.762441
v -0.207862 -0.012315 -0.138889
v -0.208847 0.031418 -0.139547
v -0.211782 0.074554 -0.141508
v -0.216665 0.117473 -0.144771
v -0.223483 0.160069 -0.149327
v -0.232218 0.202235 -0.155163
v -0.242846 0.243866 -0.162265
v -0.255338 0.284857 -0.170612
v -0.269661 0.325107 -0.180182
v -0.285775 0.364514 -0.190949
v -0.303636 0.402980 -0.202883
v -0.323196 0.440409 -0.215953
v -0.344400 0.476709 -0.230121
v -0.367190 0.511787 -0.245349
v -0.391503 0.545559 -0.261594
v -0.417269 0.577941 -0.278811
v -0.444418 0.608853 -0.296951
v -0.472873 0.638221 -0.315964
v -0.502553 0.665976 -0.335795
v -0.533374 0.692051 -0.356389
v -0.565250 0.716389 -0.377688
v -0.598092 0.738935 -0.399632
v -0.631808 0.759642 -0.422160
v -0.666307 0.778469 -0.445212
v -0.701498 0.795381 -0.468726
v -0.737289 0.810350 -0.492641
v -0.773594 0.823354 -0.516899
v -0.810326 0.834376 -0.541442
v -0.847404 0.843404 -0.566217
v -0.884753 0.850433 -0.591173
v -0.922299 0.855455 -0.616261
v -0.959975 0.858471 -0.641435
v -0.999296 0.859498 -0.667708
v -0.220474 -0.012315 -0.117846
v -0.221519 0.031418 -0.118404
v -0.224632 0.074554 -0.120069
v -0.229812 0.117473 -0.122837
v -0.237044 0.160069 -0.126703
v -0.246309 0.202235 -0.131655
v -0.257581 0.243866 -0.137680
v -0.270832 0.284857 -0.144763
v -0.286023 0.325107 -0.152883
v -0.303115 0.364514 -0.162018
v -0.322060 0.402980 -0.172145
v -0.342807 0.440409 -0.183234
v -0.365298 0.476709 -0.195256
v -0.389471 0.511787 -0.208176
v -0.415258 0.545559 -0.221960
v -0.442588 0.577941 -0.236568
v -0.471385 0.608853 -0.251960
v -0.501566 0.638221 -0.268092
v -0.533046 0.665976 -0.284919
v -0.565738 0.692051 -0.302393
v -0.599548 0.716389 -0.320465
v -0.634382 0.738935 -0.339084
v -0.670144 0.759642 -0.358200
v -0.706737 0.778469 -0.377759
v -0.744063 0.795381 -0.397710
v -0.782027 0.810350 -0.418002
v -0.820534 0.823354 -0.438584
v -0.859494 0.834376 -0.459409
v -0.898823 0.843404 -0.480431
v -0.938438 0.850433 -0.501605
v -0.978262 0.855455 -0.522892
v -1.018224 0.858471 -0.544252
v -1.059931 0.859498 -0.566545
v -0.230964 -0.012315 -0.095668
v -0.232058 0.031418 -0.096122
v -0.235320 0.074554 -0.097473
v -0.240746 0.117473 -0.099720
v -0.248322 0.160069 -0.102858
v -0.258027 0.202235 -0.106878
v -0.269836 0.243866 -0.111770
v -0.283717 0.284857 -0.117519
v -0.299631 0.325107 -0.124111
v -0.317536 0.364514 -0.131528
v -0.337382 0.402980 -0.139748
v -0.359116 0.440409 -0.148751
v -0.382677 0.476709 -0.158510
v -0.408000 0.511787 -0.168999
v -0.435014 0.545559 -0.180189
v -0.463645 0.577941 -0.192048
v -0.493811 0.608853 -0.204543
v -0.525428 0.638221 -0.217639
v -0.558406 0.665976 -0.231300
v -0.592653 0.692051 -0.245485
v -0.628072 0.716389 -0.260156
v -0.664564 0.738935 -0.275271
v -0.702027 0.759642 -0.290789
v -0.740361 0.778469 -0.306667
v -0.779463 0.795381 -0.322864
v -0.819232 0.810350 -0.339337
v -0.859571 0.823354 -0.356046
v -0.900386 0.834376 -0.372952
v -0.941585 0.843404 -0.390017
v -0.983085 0.850433 -0.407207
v -1.024804 0.855455 -0.424488
v -1.066667 0.858471 -0.441828
v -1.110358 0.859498 -0.459925
v -0.239229 -0.012315 -0.072569
v -0.240362 0.031418 -0.072913
v -0.243740 0.074554 -0.073938
v -0.249361 0.117473 -0.075643
v -0.257208 0.160069 -0.078023
v -0.267261 0.202235 -0.081073
v -0.279492 0.243866 -0.084783
v -0.293869 0.284857 -0.089144
v -0.310353 0.325107 -0.094145
v -0.328899 0.364514 -0.099770
v -0.349456 0.402980 -0.106006
v -0.371967 0.440409 -0.112835
v -0.396371 0.476709 -0.120238
v -0.422600 0.511787 -0.128194
v -0.450581 0.545559 -0.136682
v -0.480236 0.577941 -0.145678
v -0.511482 0.608853 -0.155156
v -0.544230 0.638221 -0.165091
v -0.578389 0.665976 -0.175452
v -0.613861 0.692051 -0.186213
v -0.650547 0.716389 -0.197341
v -0.688345 0.738935 -0.208807
v -0.727149 0.759642 -0.220578
v -0.766854 0.778469 -0.232623
v -0.807355 0.795381 -0.244909
v -0.848548 0.810350 -0.257404
v -0.890331 0.823354 -0.270079
v -0.932606 0.834376 -0.282903
v -0.975279 0.843404 -0.295848
v -1.018264 0.850433 -0.308887
v -1.061476 0.855455 -0.321995
v -1.104838 0.858471 -0.335149
v -1.150092 0.859498 -0.348877
v -0.245190 -0.012315 -0.048771
v -0.246352 0.031418 -0.049002
v -0.249814 0.074554 -0.049691
v -0.255574 0.117473 -0.050837
v -0.263617 0.160069 -0.052437
v -0.273920 0.202235 -0.054486
v -0.286457 0.243866 -0.056980
v -0.301192 0.284857 -0.059911
v -0.318087 0.325107 -0.063271
v -0.337094 0.364514 -0.067052
v -0.358163 0.402980 -0.071243
v -0.381236 0.440409 -0.075833
v -0.406248 0.476709 -0.080808
v -0.433130 0.511787 -0.086155
v -0.461809 0.545559 -0.091860
v -0.492203 0.577941 -0.097905
v -0.524227 0.608853 -0.104275
v -0.557791 0.638221 -0.110952
v -0.592801 0.665976 -0.117915
v -0.629157 0.692051 -0.125147
v -0.666758 0.716389 -0.132626
v -0.705497 0.738935 -0.140332
v -0.745268 0.759642 -0.148243
v -0.785963 0.778469 -0.156338
v -0.827473 0.795381 -0.164595
v -0.869692 0.810350 -0.172993
v -0.912516 0.823354 -0.181511
v -0.955844 0.834376 -0.190129
v -0.999581 0.843404 -0.198829
v -1.043637 0.850433 -0.207592
v -1.087926 0.855455 -0.216402
v -1.132368 0.858471 -0.225242
v -1.178750 0.859498 -0.234468
v -0.248790 -0.012315 -0.024504
v -0.249968 0.031418 -0.024620
v -0.253482 0.074554 -0.024966
v -0.259326 0.117473 -0.025541
v -0.267487 0.160069 -0.026345
v -0.277942 0.202235 -0.027375
v -0.290662 0.243866 -0.028628
v -0.305614 0.284857 -0.030100
v -0.322757 0.325107 -0.031789
v -0.342043 0.364514 -0.033688
v -0.363422 0.402980 -0.035794
v -0.386833 0.440409 -0.038100
v -0.412212 0.476709 -0.040599
v -0.439489 0.511787 -0.043286
v -0.468589 0.545559 -0.046152
v -0.499429 0.577941 -0.049190
v -0.531924 0.608853 -0.052390
v -0.565981 0.638221 -0.055744
v -0.601504 0.665976 -0.059243
v -0.638394 0.692051 -0.062876
v -0.676547 0.716389 -0.066634
v -0.715855 0.738935 -0.070506
v -0.756210 0.759642 -0.074480
v -0.797502 0.778469 -0.078547
v -0.839622 0.795381 -0.082695
v -0.882461 0.810350 -0.086915
v -0.925913 0.823354 -0.091194
v -0.969877 0.834376 -0.095525
v -1.014257 0.843404 -0.099896
v -1.058959 0.850433 -0.104298
v -1.103898 0.855455 -0.108724
v -1.148993 0.858471 -0.113166
v -1.196056 0.859498 -0.117801
v -0.249993 -0.012315 -0.000000
v -0.251178 0.031418 -0.000000
v -0.254708 0.074554 -0.000000
v -0.260581 0.117473 -0.000000
v -0.268781 0.160069 -0.000000
v -0.279287 0.202235 -0.000000
v -0.292069 0.243866 -0.000000
v -0.307093 0.284857 -0.000000
v -0.324318 0.325107 -0.000000
v -0.343698 0.364514 -0.000000
v -0.365180 0.402980 -0.000000
v -0.388704 0.440409 -0.000000
v -0.414207 0.476709 -0.000000
v -0.441616 0.511787 -0.000000
v -0.470856 0.545559 -0.000000
v -0.501846 0.577941 0.000000
v -0.534497 0.608853 0.000000
v -0.568719 0.638221 0.000000
v -0.604415 0.665976 0.000000
v -0.641483 0.692051 0.000000
v -0.679820 0.716389 0.000000
v -0.719319 0.738935 0.000000
v -0.759869 0.759642 0.000000
v -0.801361 0.778469 0.000000
v -0.843684 0.795381 0.000000
v -0.886730 0.810350 0.000000
v -0.930393 0.823354 0.000000
v -0.974570 0.834376 0.000000
v -1.019164 0.843404 0.000000
v -1.064083 0.850433 0.000000
v -1.109240 0.855455 0.000000
v -1.154552 0.858471 0.000000
v -1.201843 0.859498 0.000000
v -0.248790 -0.012315 0.024504
v -0.249968 0.031418 0.024620
v -0.253482 0.074554 0.024966
v -0.259326 0.117473 0.025541
v -0.267487 0.160069 0.026345
v -0.277942 0.202235 0.027375
v -0.290662 0.243866 0.028628
v -0.305614 0.284857 0.030100
v -0.322757 0.325107 0.031789
v -0.342043 0.364514 0.033688
v -0.363422 0.402980 0.035794
v -0.386833 0.440409 0.038100
v -0.412212 0.476709 0.040599
v -0.439489 0.511787 0.043286
v -0.468589 0.545559 0.046152
v -0.499429 0.577941 0.049189
v -0.531924 0.608853 0.052390
v -0.565981 0.638221 0.055744
v -0.601504 0.665976 0.059243
v -0.638394 0.692051 0.062876
v -0.676547 0.716389 0.066634
v -0.715855 0.738935 0.070506
v -0.756210 0.759642 0.074480
v -0.797502 0.778469 0.078547
v -0.839622 0.795381 0.082696
v -0.882461 0.810350 0.086915
v -0.925913 0.823354 0.091195
v -0.969877 0.834376 0.095525
v -1.014257 0.843404 0.099896
v -1.058959 0.850433 0.104299
v -1.103898 0.855455 0.108725
v -1.148993 0.858471 0.113166
v -1.196056 0.859498 0.117801
v -0.245190 -0.012315 0.048771
v -0.246352 0.031418 0.049002
v -0.249814 0.074554 0.049691
v -0.255574 0.117473 0.050837
v -0.263617 0.160069 0.052437
v -0.273920 0.202235 0.054486
v -0.286457 0.243866 0.056980
v -0.301192 0.284857 0.059911
v -0.318087 0.325107 0.063271
v -0.337094 0.364514 0.067052
v -0.358163 0.402980 0.071243
v -0.381236 0.440409 0.075833
v -0.406248 0.476709 0.080808
v -0.433130 0.511787 0.086155
v -0.461809 0.545559 0.091860
v -0.492203 0.577941 0.097905
v -0.524227 0.608853 0.104275
v -0.557791 0.638221 0.110952
v -0.592801 0.665976 0.117916
v -0.629157 0.692051 0.125147
v -0.666758 0.716389 0.132626
v -0.705497 0.738935 0.140332
v -0.745268 0.759642 0.148243
v -0.785963 0.778469 0.156338
v -0.827473 0.795381 0.164595
v -0.869692 0.810350 0.172993
v -0.912516 0.823354 0.181511
v -0.955844 0.834376 0.190129
v -0.999581 0.843404 0.198829
v -1.043637 0.850433 0.207592
v -1.087926 0.855455 0.216402
v -1.132368 0.858471 0.225242
v -1.178750 0.859498 0.234468
v -0.239229 -0.012315 0.072569
v -0.240362 0.031418 0.072913
v -0.243740 0.074554 0.073938
v -0.249361 0.117473 0.075643
v -0.257208 0.160069 0.078023
v -0.267261 0.202235 0.081073
v -0.279492 0.243866 0.084783
v -0.293869 0.284857 0.089144
v -0.310353 0.325107 0.094145
v -0.328899 0.364514 0.099770
v -0.349456 0.402980 0.106006
v -0.371967 0.440409 0.112835
v -0.396371 0.476709 0.120238
v -0.422600 0.511787 0.128194
v -0.450581 0.545559 0.136682
v -0.480236 0.577941 0.145678
v -0.511482 0.608853 0.155156
v -0.544230 0.638221 0.165091
v -0.578389 0.665976 0.175452
v -0.613861 0.692051 0.186213
v -0.650547 0.716389 0.197342
v -0.688345 0.738935 0.208807
v -0.727149 0.759642 0.220578
v -0.766854 0.778469 0.232623
v -0.807355 0.795381 0.244909
v -0.848548 0.810350 0.257404
v -0.890331 0.823354 0.270079
v -0.932606 0.834376 0.282903
v -0.975279 0.843404 0.295848
v -1.018264 0.850433 0.308887
v -1.061476 0.855455 0.321996
v -1.104838 0.858471 0.335149
v -1.150092 0.859498 0.348877
v -0.230964 -0.012315 0.095668
v -0.232058 0.031418 0.096122
v -0.235320 0.074554 0.097472
v -0.240746 0.117473 0.099720
v -0.248322 0.160069 0.102858
v -0.258027 0.202235 0.106878
v -0.269836 0.243866 0.111770
v -0.283717 0.284857 0.117519
v -0.299631 0.325107 0.124111
v -0.317536 0.364514 0.131528
v -0.337382 0.402980 0.139748
v -0.359116 0.440409 0.148751
v -0.382677 0.476709 0.158510
v -0.408000 0.511787 0.168999
v -0.435014 0.545559 0.180189
v -0.463645 0.577941 0.192048
v -0.493811 0.608853 0.204543
v -0.525428 0.638221 0.217639
v -0.558406 0.665976 0.231300
v -0.592653 0.692051 0.245485
v -0.628072 0.716389 0.260156
v -0.664564 0.738935 0.275271
v -0.702027 0.759642 0.290789
v -0.740361 0.778469 0.306668
v -0.779463 0.795381 0.322864
v -0.819232 0.810350 0.339337
v -0.859571 0.823354 0.356046
v -0.900386 0.834376 0.372952
v -0.941585 0.843404 0.390017
v -0.983084 0.850433 0.407207
v -1.024804 0.855455 0.424488
v -1.066667 0.858471 0.441828
v -1.110358 0.859498 0.459925
v -0.220474 -0.012315 0.117846
v -0.221519 0.031418 0.118404
v -0.224632 0.074554 0.120068
v -0.229812 0.117473 0.122837
v -0.237044 0.160069 0.126703
v -0.246309 0.202235 0.131655
v -0.257582 0.243866 0.137680
v -0.270832 0.284857 0.144762
v -0.286023 0.325107 0.152883
v -0.303115 0.364514 0.162018
v -0.322060 0.402980 0.172145
v -0.342807 0.440409 0.183234
v -0.365298 0.476709 0.195256
v -0.389471 0.511787 0.208176
v -0.415258 0.545559 0.221960
v -0.442588 0.577941 0.236568
v -0.471385 0.608853 0.251960
v -0.501566 0.638221 0.268092
v -0.533046 0.665976 0.284919
v -0.565738 0.692051 0.302393
v -0.599548 0.716389 0.320465
v -0.634382 0.738935 0.339084
v -0.670144 0.759642 0.358200
v -0.706737 0.778469 0.377759
v -0.744063 0.795381 0.397710
v -0.782026 0.810350 0.418002
v -0.820534 0.823354 0.438584
v -0.859494 0.834376 0.459409
v -0.898823 0.843404 0.480431
v -0.938437 0.850433 0.501605
v -0.978262 0.855455 0.522892
v -1.018224 0.858471 0.544252
v -1.059931 0.859498 0.566545
v -0.207862 -0.012315 0.138889
v -0.208847 0.031418 0.139547
v -0.211782 0.074554 0.141508
v -0.216665 0.117473 0.144771
v -0.223484 0.160069 0.149327
v -0.232218 0.202235 0.155163
v -0.242846 0.243866 0.162265
v -0.255338 0.284857 0.170612
v -0.269661 0.325107 0.180182
v -0.285775 0.364514 0.190949
v -0.303636 0.402980 0.202883
v -0.323196 0.440409 0.215953
v -0.344400 0.476709 0.230121
v -0.367190 0.511787 0.245349
v -0.391503 0.545559 0.261594
v -0.417269 0.577941 0.278811
v -0.444418 0.608853 0.296951
v -0.472873 0.638221 0.315964
v -0.502553 0.665976 0.335795
v -0.533374 0.692051 0.356389
v -0.565250 0.716389 0.377688
v -0.598091 0.738935 0.399632
v -0.631808 0.759642 0.422161
v -0.666307 0.778469 0.445212
v -0.701498 0.795381 0.468726
v -0.737289 0.810350 0.492641
v -0.773594 0.823354 0.516899
v -0.810326 0.834376 0.541442
v -0.847404 0.843404 0.566217
v -0.884753 0.850433 0.591173
v -0.922299 0.855455 0.616261
v -0.959975 0.858471 0.641435
v -0.999296 0.859498 0.667708
v -0.193247 -0.012315 0.158594
v -0.194163 0.031418 0.159346
v -0.196892 0.074554 0.161585
v -0.201432 0.117473 0.165311
v -0.207771 0.160069 0.170513
v -0.215891 0.202235 0.177178
v -0.225772 0.243866 0.185286
v -0.237386 0.284857 0.194818
v -0.250701 0.325107 0.205745
v -0.265682 0.364514 0.218040
v -0.282288 0.402980 0.231668
v -0.300473 0.440409 0.246592
v -0.320186 0.476709 0.262770
v -0.341374 0.511787 0.280158
v -0.363977 0.545559 0.298708
v -0.387932 0.577941 0.318368
v -0.413172 0.608853 0.339082
v -0.439626 0.638221 0.360792
v -0.467219 0.665976 0.383437
v -0.495873 0.692051 0.406953
v -0.525508 0.716389 0.431273
v -0.556041 0.738935 0.456331
v -0.587386 0.759642 0.482056
v -0.619460 0.778469 0.508378
v -0.652177 0.795381 0.535228
v -0.685452 0.810350 0.562536
v -0.719204 0.823354 0.590235
v -0.753353 0.834376 0.618261
v -0.787825 0.843404 0.646551
v -0.822547 0.850433 0.675047
v -0.857454 0.855455 0.703694
v -0.892481 0.858471 0.732440
v -0.929037 0.859498 0.762441
v -0.176772 -0.012315 0.176772
v -0.177610 0.031418 0.177610
v -0.180106 0.074554 0.180106
v -0.184259 0.117473 0.184259
v -0.190057 0.160069 0.190057
v -0.197485 0.202235 0.197485
v -0.206524 0.243866 0.206524
v -0.217147 0.284857 0.217147
v -0.229328 0.325107 0.229328
v -0.243031 0.364514 0.243031
v -0.258221 0.402980 0.258221
v -0.274856 0.440409 0.274856
v -0.292888 0.476709 0.292888
v -0.312270 0.511787 0.312270
v -0.332946 0.545559 0.332946
v -0.354858 0.577941 0.354859
v -0.377947 0.608853 0.377947
v -0.402145 0.638221 0.402145
v -0.427386 0.665976 0.427386
v -0.453597 0.692051 0.453597
v -0.480705 0.716389 0.480706
v -0.508635 0.738935 0.508635
v -0.537308 0.759642 0.537309
v -0.566648 0.778469 0.566648
v -0.596575 0.795381 0.596575
v -0.627013 0.810350 0.627013
v -0.657887 0.823354 0.657888
v -0.689125 0.834376 0.689125
v -0.720658 0.843404 0.720658
v -0.752420 0.850433 0.752420
v -0.784351 0.855455 0.784351
v -0.816392 0.858471 0.816392
v -0.849831 0.859498 0.849831
v -0.158594 -0.012315 0.193247
v -0.159346 0.031418 0.194163
v -0.161585 0.074554 0.196892
v -0.165311 0.117473 0.201432
v -0.170513 0.160069 0.207771
v -0.177178 0.202235 0.215891
v -0.185286 0.243866 0.225772
v -0.194818 0.284857 0.237386
v -0.205745 0.325107 0.250701
v -0.218040 0.364514 0.265682
v -0.231668 0.402980 0.282288
v -0.246592 0.440409 0.300473
v -0.262770 0.476709 0.320186
v -0.280158 0.511787 0.341374
v -0.298708 0.545559 0.363977
v -0.318368 0.577941 0.387932
v -0.339082 0.608853 0.413172
v -0.360792 0.638221 0.439626
v -0.383437 0.665976 0.467219
v -0.406953 0.692051 0.495873
v -0.431273 0.716389 0.525508
v -0.456331 0.738935 0.556041
v -0.482056 0.759642 0.587387
v -0.508378 0.778469 0.619460
v -0.535228 0.795381 0.652177
v -0.562536 0.810350 0.685452
v -0.590235 0.823354 0.719204
v -0.618261 0.834376 0.753353
v -0.646551 0.843404 0.787825
v -0.675047 0.850433 0.822547
v -0.703694 0.855455 0.857454
v -0.732440 0.858471 0.892481
v -0.762441 0.859498 0.929037
v -0.138889 -0.012315 0.207862
v -0.139547 0.031418 0.208847
v -0.141508 0.074554 0.211782
v -0.144771 0.117473 0.216665
v -0.149327 0.160069 0.223484
v -0.155163 0.202235 0.232218
v -0.162265 0.243866 0.242846
v -0.170612 0.284857 0.255338
v -0.180182 0.325107 0.269661
v -0.190949 0.364514 0.285775
v -0.202883 0.402980 0.303636
v -0.215953 0.440409 0.323196
v -0.230121 0.476709 0.344400
v -0.245349 0.511787 0.367190
v -0.261594 0.545559 0.391503
v -0.278810 0.577941 0.417270
v -0.296951 0.608853 0.444418
v -0.315963 0.638221 0.472873
v -0.335795 0.665976 0.502553
v -0.356389 0.692051 0.533374
v -0.377688 0.716389 0.565250
v -0.399632 0.738935 0.598092
v -0.422160 0.759642 0.631808
v -0.445212 0.778469 0.666307
v -0.468726 0.795381 0.701498
v -0.492641 0.810350 0.737290
v -0.516899 0.823354 0.773594
v -0.541442 0.834376 0.810326
v -0.566217 0.843404 0.847404
v -0.591173 0.850433 0.884753
v -0.616260 0.855455 0.922299
v -0.641435 0.858471 0.959975
v -0.667708 0.859498 0.999296
v -0.117846 -0.012315 0.220474
v -0.118404 0.031418 0.221519
v -0.120069 0.074554 0.224632
v -0.122837 0.117473 0.229812
v -0.126703 0.160069 0.237044
v -0.131655 0.202235 0.246309
v -0.137680 0.243866 0.257581
v -0.144763 0.284857 0.270832
v -0.152883 0.325107 0.286023
v -0.162018 0.364514 0.303115
v -0.172145 0.402980 0.322060
v -0.183234 0.440409 0.342807
v -0.195256 0.476709 0.365298
v -0.208176 0.511787 0.389471
v -0.221960 0.545559 0.415258
v -0.236568 0.577941 0.442588
v -0.251960 0.608853 0.471385
v -0.268092 0.638221 0.501566
v -0.284919 0.665976 0.533046
v -0.302393 0.692051 0.565738
v -0.320465 0.716389 0.599548
v -0.339084 0.738935 0.634382
v -0.358200 0.759642 0.670144
v -0.377759 0.778469 0.706737
v -0.397710 0.795381 0.744063
v -0.418002 0.810350 0.782026
v -0.438584 0.823354 0.820534
v -0.459409 0.834376 0.859494
v -0.480431 0.843404 0.898823
v -0.501605 0.850433 0.938437
v -0.522892 0.855455 0.978262
v -0.544252 0.858471 1.018224
v -0.566545 0.859498 1.059931
v -0.095668 -0.012315 0.230964
v -0.096122 0.031418 0.232058
v -0.097473 0.074554 0.235320
v -0.099720 0.117473 0.240746
v -0.102858 0.160069 0.248322
v -0.106878 0.202235 0.258027
v -0.111770 0.243866 0.269836
v -0.117519 0.284857 0.283717
v -0.124111 0.325107 0.299631
v -0.131528 0.364514 0.317536
v -0.139748 0.402980 0.337383
v -0.148751 0.440409 0.359116
v -0.158510 0.476709 0.382677
v -0.168999 0.511787 0.408000
v -0.180189 0.545559 0.435015
v -0.192048 0.577941 0.463645
v -0.204543 0.608853 0.493811
v -0.217639 0.638221 0.525428
v -0.231299 0.665976 0.558407
v -0.245485 0.692051 0.592653
v -0.260156 0.716389 0.628072
v -0.275271 0.738935 0.664564
v -0.290789 0.759642 0.702027
v -0.306667 0.778469 0.740361
v -0.322864 0.795381 0.779463
v -0.339337 0.810350 0.819232
v -0.356046 0.823354 0.859571
v -0.372952 0.834376 0.900386
v -0.390017 0.843404 0.941585
v -0.407207 0.850433 0.983085
v -0.424487 0.855455 1.024804
v -0.441828 0.858471 1.066668
v -0.459925 0.859498 1.110358
v -0.072569 -0.012315 0.239229
v -0.072913 0.031418 0.240362
v -0.073938 0.074554 0.243740
v -0.075643 0.117473 0.249361
v -0.078023 0.160069 0.257208
v -0.081073 0.202235 0.267261
v -0.084783 0.243866 0.279492
v -0.089144 0.284857 0.293869
v -0.094145 0.325107 0.310353
v -0.099770 0.364514 0.328899
v -0.106006 0.402980 0.349456
v -0.112835 0.440409 0.371967
v -0.120238 0.476709 0.396371
v -0.128194 0.511787 0.422600
v -0.136682 0.545559 0.450581
v -0.145678 0.577941 0.480236
v -0.155156 0.608853 0.511482
v -0.165090 0.638221 0.544230
v -0.175452 0.665976 0.578389
v -0.186213 0.692051 0.613861
v -0.197341 0.716389 0.650547
v -0.208807 0.738935 0.688345
v -0.220578 0.759642 0.727149
v -0.232623 0.778469 0.766855
v -0.244908 0.795381 0.807355
v -0.257404 0.810350 0.848548
v -0.270079 0.823354 0.890331
v -0.282903 0.834376 0.932606
v -0.295848 0.843404 0.975280
v -0.308887 0.850432 1.018264
v -0.321995 0.855455 1.061476
v -0.335149 0.858471 1.104838
v -0.348876 0.859498 1.150092
v -0.048771 -0.012315 0.245190
v -0.049002 0.031418 0.246352
v -0.049691 0.074554 0.249814
v -0.050837 0.117473 0.255574
v -0.052437 0.160069 0.263617
v -0.054486 0.202235 0.273920
v -0.056980 0.243866 0.286457
v -0.059911 0.284857 0.301192
v -0.063271 0.325107 0.318087
v -0.067052 0.364514 0.337094
v -0.071243 0.402980 0.358163
v -0.075833 0.440409 0.381236
v -0.080808 0.476709 0.406248
v -0.086155 0.511787 0.433130
v -0.091860 0.545559 0.461809
v -0.097905 0.577941 0.492203
v -0.104275 0.608853 0.524227
v -0.110952 0.638221 0.557791
v -0.117915 0.665976 0.592801
v -0.125147 0.692051 0.629157
v -0.132626 0.716389 0.666758
v -0.140332 0.738935 0.705497
v -0.148243 0.759642 0.745268
v -0.156338 0.778469 0.785963
v -0.164595 0.795381 0.827473
v -0.172993 0.810350 0.869692
v -0.181511 0.823354 0.912516
v -0.190129 0.834376 0.955844
v -0.198829 0.843404 0.999581
v -0.207592 0.850432 1.043637
v -0.216402 0.855455 1.087926
v -0.225242 0.858471 1.132368
v -0.234468 0.859498 1.178750
v -0.024504 -0.012315 0.248790
v -0.024620 0.031418 0.249968
v -0.024966 0.074554 0.253482
v -0.025541 0.117473 0.259326
v -0.026345 0.160069 0.267487
v -0.027375 0.202235 0.277942
v -0.028628 0.243866 0.290662
v -0.030100 0.284857 0.305614
v -0.031789 0.325107 0.322757
v -0.033688 0.364514 0.342043
v -0.035794 0.402980 0.363422
v -0.038100 0.440409 0.386833
v -0.040599 0.476709 0.412212
v -0.043286 0.511787 0.439489
v -0.046152 0.545559 0.468589
v -0.049189 0.577941 0.499429
v -0.052390 0.608853 0.531924
v -0.055744 0.638221 0.565981
v -0.059243 0.665976 0.601504
v -0.062876 0.692051 0.638394
v -0.066634 0.716389 0.676547
v -0.070505 0.738935 0.715855
v -0.074480 0.759642 0.756210
v -0.078547 0.778469 0.797502
v -0.082695 0.795381 0.839622
v -0.086915 0.810350 0.882461
v -0.091194 0.823354 0.925913
v -0.095524 0.834376 0.969878
v -0.099895 0.843404 1.014257
v -0.104298 0.850432 1.058959
v -0.108724 0.855455 1.103899
v -0.113166 0.858471 1.148993
v -0.117801 0.859498 1.196056
v -0.000000 -0.012315 0.249993
v -0.000000 0.031418 0.251178
v -0.000000 0.074554 0.254708
v -0.000000 0.117473 0.260581
v -0.000000 0.160069 0.268781
v -0.000000 0.202235 0.279287
v -0.000000 0.243866 0.292069
v -0.000000 0.284857 0.307093
v -0.000000 0.325107 0.324318
v -0.000000 0.364514 0.343698
v -0.000000 0.402980 0.365180
v -0.000000 0.440409 0.388704
v -0.000000 0.476709 0.414207
v -0.000000 0.511787 0.441616
v 0.000000 0.545559 0.470856
v 0.000000 0.577941 0.501846
v 0.000000 0.608853 0.534497
v 0.000000 0.638221 0.568719
v 0.000000 0.665976 0.604415
v 0.000000 0.692051 0.641483
v 0.000000 0.716389 0.679820
v 0.000000 0.738935 0.719319
v 0.000000 0.759642 0.759869
v 0.000000 0.778469 0.801361
v 0.000000 0.795381 0.843684
v 0.000000 0.810350 0.886730
v 0.000000 0.823354 0.930393
v 0.000000 0.834376 0.974570
v 0.000000 0.843404 1.019164
v 0.000000 0.850432 1.064083
v 0.000000 0.855455 1.109240
v 0.000000 0.858471 1.154553
v 0.000000 0.859498 1.201843
v 0.024504 -0.012315 0.248790
v 0.024620 0.031418 0.249968
v 0.024966 0.074554 0.253482
v 0.025541 0.117473 0.259326
v 0.026345 0.160069 0.267487
v 0.027375 0.202235 0.277942
v 0.028628 0.243866 0.290662
v 0.030100 0.284857 0.305614
v 0.031789 0.325107 0.322757
v 0.033688 0.364514 0.342043
v 0.035794 0.402980 0.363422
v 0.038100 0.440409 0.386833
v 0.040599 0.476709 0.412212
v 0.043286 0.511787 0.439489
v 0.046152 0.545559 0.468589
v 0.049190 0.577941 0.499429
v 0.052390 0.608853 0.531924
v 0.055744 0.638221 0.565981
v 0.059243 0.665976 0.601504
v 0.062877 0.692051 0.638394
v 0.066634 0.716389 0.676547
v 0.070506 0.738935 0.715855
v 0.074480 0.759642 0.756210
v 0.078547 0.778469 0.797502
v 0.082696 0.795381 0.839622
v 0.086915 0.810350 0.882461
v 0.091195 0.823354 0.925913
v 0.095525 0.834376 0.969878
v 0.099896 0.843404 1.014257
v 0.104299 0.850432 1.058959
v 0.108725 0.855455 1.103899
v 0.113166 0.858471 1.148993
v 0.117802 0.859498 1.196056
v 0.048771 -0.012315 0.245190
v 0.049002 0.031418 0.246352
v 0.049691 0.074554 0.249814
v 0.050837 0.117473 0.255574
v 0.052437 0.160069 0.263617
v 0.054486 0.202235 0.273920
v 0.056980 0.243866 0.286457
v 0.059911 0.284857 0.301192
v 0.063271 0.325107 0.318087
v 0.067052 0.364514 0.337094
v 0.071243 0.402980 0.358163
v 0.075832 0.440409 0.381236
v 0.080808 0.476709 0.406248
v 0.086155 0.511787 0.433130
v 0.091860 0.545559 0.461809
v 0.097905 0.577941 0.492203
v 0.104275 0.608853 0.524227
v 0.110952 0.638221 0.557791
v 0.117916 0.665976 0.592801
v 0.125147 0.692051 0.629157
v 0.132626 0.716389 0.666758
v 0.140332 0.738935 0.705497
v 0.148243 0.759642 0.745268
v 0.156338 0.778469 0.785963
v 0.164595 0.795381 0.827473
v 0.172993 0.810350 0.869692
v 0.181511 0.823354 0.912516
v 0.190129 0.834376 0.955844
v 0.198829 0.843404 0.999581
v 0.207592 0.850432 1.043637
v 0.216402 0.855455 1.087926
v 0.225242 0.858471 1.132368
v 0.234468 0.859498 1.178750
v 0.072569 -0.012315 0.239229
v 0.072913 0.031418 0.240362
v 0.073938 0.074554 0.243740
v 0.075643 0.117473 0.249361
v 0.078023 0.160069 0.257208
v 0.081073 0.202235 0.267261
v 0.084783 0.243866 0.279492
v 0.089144 0.284857 0.293869
v 0.094145 0.325107 0.310353
v 0.099770 0.364514 0.328899
v 0.106006 0.402980 0.349456
v 0.112835 0.440409 0.371967
v 0.120238 0.476709 0.396371
v 0.128194 0.511787 0.422600
v 0.136683 0.545559 0.450581
v 0.145678 0.577941 0.480236
v 0.155157 0.608853 0.511482
v 0.165091 0.638221 0.544230
v 0.175453 0.665976 0.578389
v 0.186213 0.692051 0.613861
v 0.197342 0.716389 0.650547
v 0.208807 0.738935 0.688345
v 0.220579 0.759642 0.727149
v 0.232623 0.778469 0.766854
v 0.244909 0.795381 0.807355
v 0.257405 0.810350 0.848548
v 0.270079 0.823354 0.890331
v 0.282903 0.834376 0.932606
v 0.295848 0.843404 0.975279
v 0.308887 0.850432 1.018264
v 0.321996 0.855455 1.061476
v 0.335149 0.858471 1.104838
v 0.348877 0.859498 1.150092
v 0.095668 -0.012315 0.230964
v 0.096122 0.031418 0.232058
v 0.097473 0.074554 0.235320
v 0.099720 0.117473 0.240746
v 0.102858 0.160069 0.248322
v 0.106878 0.202235 0.258027
v 0.111770 0.243866 0.269836
v 0.117519 0.284857 0.283717
v 0.124111 0.325107 0.299631
v 0.131528 0.364514 0.317536
v 0.139748 0.402980 0.337382
v 0.148751 0.440409 0.359116
v 0.158510 0.476709 0.382677
v 0.168999 0.511787 0.408000
v 0.180189 0.545559 0.435014
v 0.192048 0.577941 0.463645
v 0.204543 0.608853 0.493811
v 0.217640 0.638221 0.525428
v 0.231300 0.665976 0.558407
v 0.245485 0.692051 0.592653
v 0.260156 0.716389 0.628072
v 0.275271 0.738935 0.664564
v 0.290789 0.759642 0.702027
v 0.306668 0.778469 0.740361
v 0.322864 0.795381 0.779463
v 0.339337 0.810350 0.819232
v 0.356046 0.823354 0.859571
v 0.372952 0.834376 0.900386
v 0.390018 0.843404 0.941585
v 0.407207 0.850432 0.983084
v 0.424488 0.855455 1.024804
v 0.441828 0.858471 1.066667
v 0.459926 0.859498 1.110358
v 0.117846 -0.012315 0.220474
v 0.118404 0.031418 0.221519
v 0.120068 0.074554 0.224632
v 0.122837 0.117473 0.229812
v 0.126703 0.160069 0.237044
v 0.131655 0.202235 0.246309
v 0.137680 0.243866 0.257582
v 0.144762 0.284857 0.270832
v 0.152883 0.325107 0.286023
v 0.162018 0.364514 0.303115
v 0.172145 0.402980 0.322060
v 0.183234 0.440409 0.342807
v 0.195256 0.476709 0.365298
v 0.208176 0.511787 0.389471
v 0.221960 0.545559 0.415258
v 0.236568 0.577941 0.442588
v 0.251960 0.608853 0.471385
v 0.268092 0.638221 0.501566
v 0.284919 0.665976 0.533046
v 0.302393 0.692051 0.565738
v 0.320465 0.716389 0.599548
v 0.339084 0.738935 0.634382
v 0.358200 0.759642 0.670145
v 0.377759 0.778469 0.706737
v 0.397710 0.795381 0.744063
v 0.418002 0.810350 0.782027
v 0.438584 0.823354 0.820534
v 0.459409 0.834376 0.859494
v 0.480431 0.843404 0.898823
v 0.501605 0.850432 0.938437
v 0.522892 0.855455 0.978262
v 0.544252 0.858471 1.018224
v 0.566545 0.859498 1.059931
v 0.138889 -0.012315 0.207862
v 0.139547 0.031418 0.208847
v 0.141508 0.074553 0.211782
v 0.144771 0.117473 0.216665
v 0.149327 0.160069 0.223484
v 0.155163 0.202235 0.232218
v 0.162265 0.243866 0.242846
v 0.170612 0.284857 0.255338
v 0.180182 0.325107 0.269661
v 0.190949 0.364514 0.285775
v 0.202883 0.402980 0.303636
v 0.215953 0.440409 0.323196
v 0.230121 0.476708 0.344400
v 0.245349 0.511787 0.367190
v 0.261594 0.545559 0.391503
v 0.278811 0.577941 0.417269
v 0.296951 0.608853 0.444418
v 0.315964 0.638221 0.472873
v 0.335795 0.665976 0.502553
v 0.356389 0.692051 0.533374
v 0.377688 0.716389 0.565250
v 0.399632 0.738935 0.598091
v 0.422161 0.759642 0.631808
v 0.445212 0.778469 0.666307
v 0.468726 0.795381 0.701498
v 0.492641 0.810350 0.737289
v 0.516899 0.823354 0.773594
v 0.541443 0.834376 0.810326
v 0.566218 0.843404 0.847404
v 0.591173 0.850432 0.884753
v 0.616261 0.855455 0.922299
v 0.641435 0.858471 0.959975
v 0.667708 0.859498 0.999296
v 0.158594 -0.012315 0.193248
v 0.159345 0.031418 0.194163
v 0.161585 0.074553 0.196892
v 0.165311 0.117473 0.201432
v 0.170513 0.160069 0.207771
v 0.177178 0.202235 0.215891
v 0.185286 0.243866 0.225772
v 0.194818 0.284857 0.237386
v 0.205745 0.325107 0.250701
v 0.218040 0.364514 0.265682
v 0.231668 0.402980 0.282288
v 0.246592 0.440409 0.300473
v 0.262770 0.476708 0.320186
v 0.280158 0.511787 0.341374
v 0.298708 0.545559 0.363977
v 0.318368 0.577941 0.387932
v 0.339082 0.608853 0.413172
v 0.360792 0.638221 0.439626
v 0.383437 0.665976 0.467219
v 0.406953 0.692051 0.495873
v 0.431273 0.716389 0.525508
v 0.456331 0.738935 0.556041
v 0.482056 0.759642 0.587387
v 0.508378 0.778469 0.619460
v 0.535228 0.795381 0.652177
v 0.562536 0.810350 0.685452
v 0.590235 0.823354 0.719204
v 0.618261 0.834376 0.753353
v 0.646551 0.843404 0.787825
v 0.675047 0.850432 0.822547
v 0.703694 0.855455 0.857454
v 0.732440 0.858471 0.892481
v 0.762441 0.859498 0.929037
v 0.176772 -0.012315 0.176772
v 0.177610 0.031418 0.177610
v 0.180106 0.074553 0.180106
v 0.184259 0.117473 0.184259
v 0.190057 0.160069 0.190057
v 0.197485 0.202235 0.197485
v 0.206524 0.243866 0.206524
v 0.217147 0.284857 0.217147
v 0.229328 0.325107 0.229328
v 0.243032 0.364514 0.243031
v 0.258221 0.402980 0.258221
v 0.274856 0.440409 0.274856
v 0.292888 0.476708 0.292888
v 0.312270 0.511787 0.312270
v 0.332946 0.545559 0.332946
v 0.354859 0.577941 0.354858
v 0.377947 0.608853 0.377947
v 0.402145 0.638221 0.402145
v 0.427386 0.665975 0.427386
v 0.453597 0.692051 0.453597
v 0.480706 0.716389 0.480705
v 0.508635 0.738935 0.508635
v 0.537309 0.759642 0.537308
v 0.566648 0.778469 0.566647
v 0.596575 0.795381 0.596575
v 0.627013 0.810350 0.627013
v 0.657888 0.823354 0.657887
v 0.689126 0.834376 0.689125
v 0.720658 0.843404 0.720658
v 0.752421 0.850432 0.752420
v 0.784351 0.855455 0.784351
v 0.816392 0.858471 0.816392
v 0.849832 0.859498 0.849831
v 0.193247 -0.012315 0.158594
v 0.194163 0.031418 0.159346
v 0.196892 0.074553 0.161585
v 0.201432 0.117473 0.165311
v 0.207771 0.160069 0.170513
v 0.215891 0.202235 0.177178
v 0.225772 0.243866 0.185286
v 0.237386 0.284857 0.194818
v 0.250702 0.325107 0.205745
v 0.265683 0.364514 0.218040
v 0.282288 0.402980 0.231668
v 0.300473 0.440409 0.246592
v 0.320186 0.476708 0.262770
v 0.341374 0.511787 0.280158
v 0.363977 0.545559 0.298708
v 0.387932 0.577941 0.318368
v 0.413172 0.608853 0.339082
v 0.439626 0.638221 0.360792
v 0.467219 0.665975 0.383437
v 0.495873 0.692051 0.406953
v 0.525508 0.716389 0.431273
v 0.556041 0.738935 0.456331
v 0.587387 0.759642 0.482056
v 0.619460 0.778469 0.508378
v 0.652177 0.795381 0.535227
v 0.685452 0.810350 0.562536
v 0.719204 0.823354 0.590235
v 0.753353 0.834376 0.618261
v 0.787825 0.843404 0.646551
v 0.822547 0.850432 0.675047
v 0.857454 0.855455 0.703694
v 0.892481 0.858471 0.732440
v 0.929037 0.859498 0.762441
v 0.207862 -0.012315 0.138889
v 0.208847 0.031418 0.139547
v 0.211782 0.074553 0.141508
v 0.216665 0.117473 0.144771
v 0.223484 0.160069 0.149327
v 0.232218 0.202235 0.155163
v 0.242846 0.243866 0.162265
v 0.255338 0.284857 0.170612
v 0.269661 0.325107 0.180182
v 0.285775 0.364514 0.190949
v 0.303636 0.402980 0.202883
v 0.323196 0.440409 0.215953
v 0.344400 0.476708 0.230121
v 0.367190 0.511787 0.245349
v 0.391503 0.545559 0.261594
v 0.417269 0.577941 0.278811
v 0.444418 0.608853 0.296951
v 0.472873 0.638221 0.315964
v 0.502553 0.665975 0.335795
v 0.533374 0.692051 0.356389
v 0.565250 0.716389 0.377688
v 0.598092 0.738935 0.399632
v 0.631808 0.759642 0.422161
v 0.666307 0.778469 0.445212
v 0.701498 0.795381 0.468726
v 0.737289 0.810350 0.492641
v 0.773594 0.823354 0.516899
v 0.810326 0.834376 0.541442
v 0.847404 0.843404 0.566217
v 0.884753 0.850432 0.591173
v 0.922299 0.855455 0.616261
v 0.959975 0.858471 0.641435
v 0.999296 0.859498 0.667708
v 0.220474 -0.012315 0.117846
v 0.221519 0.031418 0.118404
v 0.224632 0.074553 0.120069
v 0.229812 0.117473 0.122837
v 0.237044 0.160069 0.126703
v 0.246309 0.202235 0.131655
v 0.257582 0.243866 0.137680
v 0.270832 0.284857 0.144763
v 0.286023 0.325107 0.152883
v 0.303115 0.364514 0.162018
v 0.322060 0.402980 0.172145
v 0.342807 0.440409 0.183234
v 0.365298 0.476708 0.195256
v 0.389471 0.511787 0.208176
v 0.415258 0.545559 0.221960
v 0.442589 0.577941 0.236568
v 0.471385 0.608853 0.251960
v 0.501566 0.638221 0.268092
v 0.533046 0.665975 0.284919
v 0.565738 0.692051 0.302393
v 0.599548 0.716389 0.320465
v 0.634382 0.738935 0.339084
v 0.670145 0.759642 0.358200
v 0.706737 0.778469 0.377759
v 0.744063 0.795381 0.397710
v 0.782027 0.810350 0.418002
v 0.820534 0.823354 0.438584
v 0.859494 0.834376 0.459409
v 0.898823 0.843404 0.480431
v 0.938438 0.850432 0.501605
v 0.978262 0.855455 0.522892
v 1.018225 0.858471 0.544252
v 1.059931 0.859498 0.566545
v 0.230964 -0.012315 0.095668
v 0.232058 0.031418 0.096122
v 0.235319 0.074553 0.097473
v 0.240746 0.117473 0.099720
v 0.248322 0.160069 0.102858
v 0.258027 0.202235 0.106878
v 0.269836 0.243866 0.111770
v 0.283717 0.284857 0.117519
v 0.299631 0.325107 0.124111
v 0.317536 0.364514 0.131528
v 0.337382 0.402980 0.139748
v 0.359116 0.440409 0.148751
v 0.382677 0.476708 0.158510
v 0.408000 0.511787 0.168999
v 0.435015 0.545559 0.180189
v 0.463645 0.577941 0.192048
v 0.493811 0.608853 0.204543
v 0.525428 0.638221 0.217639
v 0.558407 0.665975 0.231300
v 0.592653 0.692051 0.245485
v 0.628072 0.716389 0.260156
v 0.664564 0.738935 0.275271
v 0.702027 0.759642 0.290789
v 0.740361 0.778469 0.306668
v 0.779463 0.795381 0.322864
v 0.819232 0.810350 0.339337
v 0.859571 0.823354 0.356046
v 0.900386 0.834376 0.372952
v 0.941585 0.843404 0.390017
v 0.983085 0.850432 0.407207
v 1.024804 0.855455 0.424488
v 1.066668 0.858471 0.441828
v 1.110358 0.859498 0.459925
v 0.239229 -0.012315 0.072569
v 0.240362 0.031418 0.072913
v 0.243740 0.074553 0.073938
v 0.249361 0.117473 0.075643
v 0.257208 0.160069 0.078023
v 0.267261 0.202235 0.081073
v 0.279492 0.243866 0.084783
v 0.293869 0.284857 0.089144
v 0.310353 0.325107 0.094145
v 0.328899 0.364514 0.099770
v 0.349456 0.402980 0.106006
v 0.371967 0.440409 0.112835
v 0.396371 0.476708 0.120238
v 0.422600 0.511787 0.128194
v 0.450581 0.545559 0.136682
v 0.480236 0.577941 0.145678
v 0.511482 0.608853 0.155156
v 0.544231 0.638221 0.165090
v 0.578389 0.665975 0.175452
v 0.613861 0.692051 0.186213
v 0.650548 0.716389 0.197341
v 0.688345 0.738935 0.208807
v 0.727149 0.759642 0.220578
v 0.766855 0.778469 0.232623
v 0.807356 0.795381 0.244908
v 0.848548 0.810350 0.257404
v 0.890331 0.823354 0.270079
v 0.932606 0.834376 0.282903
v 0.975280 0.843404 0.295848
v 1.018264 0.850432 0.308887
v 1.061476 0.855455 0.321995
v 1.104838 0.858471 0.335149
v 1.150092 0.859498 0.348876
v 0.245190 -0.012315 0.048771
v 0.246352 0.031418 0.049002
v 0.249814 0.074553 0.049691
v 0.255574 0.117473 0.050837
v 0.263617 0.160069 0.052437
v 0.273920 0.202235 0.054486
v 0.286457 0.243866 0.056980
v 0.301192 0.284857 0.059911
v 0.318087 0.325107 0.063271
v 0.337094 0.364514 0.067052
v 0.358163 0.402980 0.071243
v 0.381236 0.440409 0.075833
v 0.406248 0.476708 0.080808
v 0.433131 0.511787 0.086155
v 0.461809 0.545559 0.091860
v 0.492203 0.577941 0.097905
v 0.524227 0.608853 0.104275
v 0.557792 0.638221 0.110952
v 0.592801 0.665975 0.117915
v 0.629157 0.692051 0.125147
v 0.666758 0.716389 0.132626
v 0.705497 0.738935 0.140332
v 0.745268 0.759642 0.148243
v 0.785963 0.778469 0.156338
v 0.827473 0.795381 0.164595
v 0.869692 0.810350 0.172992
v 0.912516 0.823354 0.181511
v 0.955844 0.834376 0.190129
v 0.999581 0.843404 0.198829
v 1.043637 0.850432 0.207592
v 1.087926 0.855455 0.216402
v 1.132368 0.858471 0.225242
v 1.178750 0.859498 0.234468
v 0.248790 -0.012315 0.024504
v 0.249968 0.031418 0.024620
v 0.253482 0.074553 0.024966
v 0.259326 0.117473 0.025541
v 0.267487 0.160069 0.026345
v 0.277942 0.202235 0.027375
v 0.290662 0.243866 0.028628
v 0.305614 0.284857 0.030100
v 0.322757 0.325107 0.031789
v 0.342043 0.364514 0.033688
v 0.363422 0.402980 0.035794
v 0.386833 0.440409 0.038100
v 0.412212 0.476708 0.040599
v 0.439490 0.511787 0.043286
v 0.468589 0.545559 0.046152
v 0.499429 0.577941 0.049189
v 0.531924 0.608853 0.052390
v 0.565981 0.638221 0.055744
v 0.601505 0.665975 0.059243
v 0.638395 0.692051 0.062876
v 0.676547 0.716389 0.066634
v 0.715855 0.738935 0.070505
v 0.756210 0.759642 0.074480
v 0.797502 0.778469 0.078547
v 0.839622 0.795381 0.082695
v 0.882461 0.810350 0.086914
v 0.925913 0.823354 0.091194
v 0.969878 0.834376 0.095524
v 1.014257 0.843404 0.099895
v 1.058959 0.850432 0.104298
v 1.103899 0.855455 0.108724
v 1.148993 0.858471 0.113166
v 1.196056 0.859498 0.117801
v 0.200000 -0.011825 0.000000
v 0.201205 0.032400 0.000000
v 0.204815 0.076518 0.000000
v 0.210824 0.120423 0.000000
v 0.219215 0.164010 0.000000
v 0.229969 0.207174 0.000000
v 0.243060 0.249809 0.000000
v 0.258456 0.291815 0.000000
v 0.276121 0.333089 0.000000
v 0.296011 0.373531 0.000000
v 0.318079 0.413046 0.000000
v 0.342271 0.451537 0.000000
v 0.368530 0.488912 0.000000
v 0.396793 0.525080 0.000000
v 0.426990 0.559955 0.000000
v 0.459049 0.593453 0.000000
v 0.492893 0.625492 0.000000
v 0.528441 0.655996 0.000000
v 0.565607 0.684891 0.000000
v 0.604301 0.712108 0.000000
v 0.644430 0.737581 0.000000
v 0.685897 0.761248 0.000000
v 0.728603 0.783053 0.000000
v 0.772445 0.802943 0.000000
v 0.817317 0.820870 0.000000
v 0.863110 0.836791 0.000000
v 0.909715 0.850668 0.000000
v 0.957020 0.862467 0.000000
v 1.004910 0.872159 0.000000
v 1.053270 0.879722 0.000000
v 1.101983 0.885138 0.000000
v 1.150933 0.888392 0.000000
v 1.200000 0.889478 0.000000
v 0.199037 -0.011825 -0.019603
v 0.200236 0.032400 -0.019721
v 0.203829 0.076518 -0.020075
v 0.209808 0.120423 -0.020664
v 0.218159 0.164010 -0.021487
v 0.228861 0.207174 -0.022541
v 0.241889 0.249809 -0.023824
v 0.257211 0.291815 -0.025333
v 0.274791 0.333089 -0.027064
v 0.294585 0.373531 -0.029014
v 0.316547 0.413046 -0.031177
v 0.340623 0.451537 -0.033548
v 0.366756 0.488912 -0.036122
v 0.394882 0.525080 -0.038892
v 0.424934 0.559955 -0.041852
v 0.456838 0.593453 -0.044995
v 0.490520 0.625492 -0.048312
v 0.525896 0.655996 -0.051796
v 0.562883 0.684891 -0.055439
v 0.601391 0.712108 -0.059232
v 0.641327 0.737581 -0.063165
v 0.682594 0.761248 -0.067230
v 0.725095 0.783053 -0.071416
v 0.768725 0.802943 -0.075713
v 0.813381 0.820870 -0.080111
v 0.858954 0.836791 -0.084600
v 0.905335 0.850668 -0.089168
v 0.952411 0.862467 -0.093804
v 1.000071 0.872159 -0.098498
v 1.048198 0.879722 -0.103238
v 1.096677 0.885138 -0.108013
v 1.145391 0.888392 -0.112811
v 1.194222 0.889478 -0.117621
v 0.196157 -0.011825 -0.039018
v 0.197339 0.032400 -0.039253
v 0.200880 0.076518 -0.039957
v 0.206773 0.120423 -0.041130
v 0.215003 0.164010 -0.042767
v 0.225550 0.207174 -0.044865
v 0.238389 0.249809 -0.047419
v 0.253490 0.291815 -0.050422
v 0.270815 0.333089 -0.053868
v 0.290323 0.373531 -0.057749
v 0.311967 0.413046 -0.062054
v 0.335695 0.451537 -0.066774
v 0.361449 0.488912 -0.071897
v 0.389168 0.525080 -0.077410
v 0.418785 0.559955 -0.083301
v 0.450228 0.593453 -0.089556
v 0.483422 0.625492 -0.096159
v 0.518287 0.655996 -0.103094
v 0.554739 0.684891 -0.110344
v 0.592689 0.712108 -0.117893
v 0.632047 0.737581 -0.125722
v 0.672718 0.761248 -0.133812
v 0.714603 0.783053 -0.142143
v 0.757603 0.802943 -0.150697
v 0.801612 0.820870 -0.159451
v 0.846526 0.836791 -0.168384
v 0.892235 0.850668 -0.177477
v 0.938631 0.862467 -0.186705
v 0.985601 0.872159 -0.196048
v 1.033031 0.879722 -0.205483
v 1.080809 0.885138 -0.214986
v 1.128818 0.888392 -0.224536
v 1.176942 0.889478 -0.234108
v 0.191388 -0.011825 -0.058057
v 0.192541 0.032400 -0.058407
v 0.195996 0.076518 -0.059455
v 0.201746 0.120423 -0.061199
v 0.209775 0.164010 -0.063635
v 0.220066 0.207174 -0.066756
v 0.232594 0.249809 -0.070556
v 0.247327 0.291815 -0.075026
v 0.264231 0.333089 -0.080153
v 0.283265 0.373531 -0.085927
v 0.304382 0.413046 -0.092333
v 0.327533 0.451537 -0.099356
v 0.352662 0.488912 -0.106979
v 0.379707 0.525080 -0.115183
v 0.408604 0.559955 -0.123948
v 0.439282 0.593453 -0.133255
v 0.471669 0.625492 -0.143079
v 0.505687 0.655996 -0.153398
v 0.541252 0.684891 -0.164187
v 0.578280 0.712108 -0.175419
v 0.616681 0.737581 -0.187068
v 0.656363 0.761248 -0.199105
v 0.697230 0.783053 -0.211502
v 0.739184 0.802943 -0.224229
v 0.782123 0.820870 -0.237254
v 0.825945 0.836791 -0.250548
v 0.870543 0.850668 -0.264076
v 0.915811 0.862467 -0.277808
v 0.961639 0.872159 -0.291710
v 1.007916 0.879722 -0.305748
v 1.054532 0.885138 -0.319889
v 1.101374 0.888392 -0.334098
v 1.148329 0.889478 -0.348342
v 0.184776 -0.011825 -0.076537
v 0.185889 0.032400 -0.076998
v 0.189225 0.076518 -0.078379
v 0.194776 0.120423 -0.080679
v 0.202528 0.164010 -0.083890
v 0.212463 0.207174 -0.088005
v 0.224558 0.249809 -0.093015
v 0.238782 0.291815 -0.098907
v 0.255102 0.333089 -0.105667
v 0.273478 0.373531 -0.113278
v 0.293867 0.413046 -0.121723
v 0.316218 0.451537 -0.130982
v 0.340478 0.488912 -0.141030
v 0.366589 0.525080 -0.151846
v 0.394487 0.559955 -0.163402
v 0.424106 0.593453 -0.175670
v 0.455374 0.625492 -0.188622
v 0.488216 0.655996 -0.202226
v 0.522552 0.684891 -0.216448
v 0.558301 0.712108 -0.231256
v 0.595376 0.737581 -0.246613
v 0.633687 0.761248 -0.262481
v 0.673142 0.783053 -0.278824
v 0.713646 0.802943 -0.295602
v 0.755102 0.820870 -0.312773
v 0.797410 0.836791 -0.330298
v 0.840468 0.850668 -0.348133
v 0.884171 0.862467 -0.366236
v 0.928416 0.872159 -0.384562
v 0.973094 0.879722 -0.403069
v 1.018100 0.885138 -0.421711
v 1.063323 0.888392 -0.440443
v 1.108656 0.889478 -0.459220
v 0.176384 -0.011825 -0.094279
v 0.177447 0.032400 -0.094847
v 0.180631 0.076518 -0.096549
v 0.185930 0.120423 -0.099381
v 0.193330 0.164010 -0.103337
v 0.202814 0.207174 -0.108406
v 0.214359 0.249809 -0.114577
v 0.227938 0.291815 -0.121835
v 0.243517 0.333089 -0.130162
v 0.261058 0.373531 -0.139538
v 0.280520 0.413046 -0.149941
v 0.301856 0.451537 -0.161346
v 0.325015 0.488912 -0.173724
v 0.349940 0.525080 -0.187047
v 0.376571 0.559955 -0.201281
v 0.404845 0.593453 -0.216394
v 0.434693 0.625492 -0.232348
v 0.466043 0.655996 -0.249105
v 0.498821 0.684891 -0.266625
v 0.532946 0.712108 -0.284865
v 0.568336 0.737581 -0.303782
v 0.604907 0.761248 -0.323330
v 0.642571 0.783053 -0.343461
v 0.681236 0.802943 -0.364128
v 0.720809 0.820870 -0.385280
v 0.761195 0.836791 -0.406867
v 0.802297 0.850668 -0.428837
v 0.844016 0.862467 -0.451136
v 0.886251 0.872159 -0.473711
v 0.928901 0.879722 -0.496508
v 0.971862 0.885138 -0.519471
v 1.015032 0.888392 -0.542546
v 1.058306 0.889478 -0.565676
v 0.166294 -0.011825 -0.111114
v 0.167296 0.032400 -0.111783
v 0.170298 0.076518 -0.113789
v 0.175293 0.120423 -0.117127
v 0.182270 0.164010 -0.121789
v 0.191212 0.207174 -0.127764
v 0.202097 0.249809 -0.135037
v 0.214898 0.291815 -0.143590
v 0.229586 0.333089 -0.153404
v 0.246124 0.373531 -0.164455
v 0.264473 0.413046 -0.176715
v 0.284588 0.451537 -0.190156
v 0.306422 0.488912 -0.204744
v 0.329921 0.525080 -0.220446
v 0.355029 0.559955 -0.237223
v 0.381685 0.593453 -0.255034
v 0.409826 0.625492 -0.273837
v 0.439383 0.655996 -0.293586
v 0.470285 0.684891 -0.314234
v 0.502458 0.712108 -0.335731
v 0.535824 0.737581 -0.358026
v 0.570303 0.761248 -0.381064
v 0.605811 0.783053 -0.404790
v 0.642264 0.802943 -0.429147
v 0.679574 0.820870 -0.454077
v 0.717650 0.836791 -0.479518
v 0.756401 0.850668 -0.505411
v 0.795733 0.862467 -0.531692
v 0.835552 0.872159 -0.558298
v 0.875762 0.879722 -0.585165
v 0.916265 0.885138 -0.612229
v 0.956965 0.888392 -0.639424
v 0.997764 0.889478 -0.666684
v 0.154602 -0.011825 -0.126879
v 0.155533 0.032400 -0.127643
v 0.158324 0.076518 -0.129933
v 0.162969 0.120423 -0.133745
v 0.169455 0.164010 -0.139068
v 0.177768 0.207174 -0.145891
v 0.187888 0.249809 -0.154195
v 0.199789 0.291815 -0.163963
v 0.213444 0.333089 -0.175169
v 0.228819 0.373531 -0.187787
v 0.245878 0.413046 -0.201787
v 0.264579 0.451537 -0.217135
v 0.284878 0.488912 -0.233793
v 0.306725 0.525080 -0.251722
v 0.330067 0.559955 -0.270879
v 0.354850 0.593453 -0.291218
v 0.381012 0.625492 -0.312688
v 0.408491 0.655996 -0.335239
v 0.437220 0.684891 -0.358817
v 0.467131 0.712108 -0.383364
v 0.498151 0.737581 -0.408822
v 0.530206 0.761248 -0.435129
v 0.563218 0.783053 -0.462221
v 0.597108 0.802943 -0.490034
v 0.631794 0.820870 -0.518500
v 0.667193 0.836791 -0.547551
v 0.703220 0.850668 -0.577117
v 0.739786 0.862467 -0.607127
v 0.776806 0.872159 -0.637508
v 0.814188 0.879722 -0.668187
v 0.851844 0.885138 -0.699091
v 0.889683 0.888392 -0.730144
v 0.927613 0.889478 -0.761272
v 0.141421 -0.011825 -0.141421
v 0.142273 0.032400 -0.142273
v 0.144826 0.076518 -0.144826
v 0.149075 0.120423 -0.149075
v 0.155008 0.164010 -0.155008
v 0.162612 0.207174 -0.162612
v 0.171869 0.249809 -0.171869
v 0.182756 0.291815 -0.182756
v 0.195247 0.333089 -0.195247
v 0.209311 0.373531 -0.209311
v 0.224916 0.413046 -0.224916
v 0.242022 0.451537 -0.242022
v 0.260590 0.488912 -0.260590
v 0.280575 0.525080 -0.280575
v 0.301927 0.559955 -0.301927
v 0.324597 0.593453 -0.324597
v 0.348528 0.625492 -0.348528
v 0.373664 0.655996 -0.373664
v 0.399944 0.684891 -0.399944
v 0.427305 0.712108 -0.427305
v 0.455681 0.737581 -0.455681
v 0.485003 0.761248 -0.485003
v 0.515200 0.783053 -0.515200
v 0.546201 0.802943 -0.546201
v 0.577930 0.820870 -0.577930
v 0.610311 0.836791 -0.610311
v 0.643266 0.850668 -0.643266
v 0.676715 0.862467 -0.676715
v 0.710578 0.872159 -0.710578
v 0.744774 0.879722 -0.744774
v 0.779220 0.885138 -0.779220
v 0.813832 0.888392 -0.813832
v 0.848528 0.889478 -0.848528
v 0.126879 -0.011825 -0.154602
v 0.127643 0.032400 -0.155533
v 0.129934 0.076518 -0.158324
v 0.133745 0.120423 -0.162969
v 0.139068 0.164010 -0.169455
v 0.145891 0.207174 -0.177768
v 0.154195 0.249809 -0.187888
v 0.163963 0.291815 -0.199789
v 0.175169 0.333089 -0.213444
v 0.187787 0.373532 -0.228819
v 0.201787 0.413046 -0.245878
v 0.217135 0.451537 -0.264579
v 0.233793 0.488912 -0.284878
v 0.251723 0.525080 -0.306725
v 0.270879 0.559955 -0.330067
v 0.291218 0.593453 -0.354850
v 0.312688 0.625492 -0.381012
v 0.335239 0.655996 -0.408490
v 0.358817 0.684891 -0.437220
v 0.383364 0.712108 -0.467131
v 0.408822 0.737581 -0.498151
v 0.435129 0.761248 -0.530206
v 0.462221 0.783053 -0.563218
v 0.490034 0.802943 -0.597108
v 0.518500 0.820870 -0.631794
v 0.547551 0.836791 -0.667193
v 0.577117 0.850668 -0.703219
v 0.607127 0.862467 -0.739786
v 0.637508 0.872159 -0.776806
v 0.668187 0.879722 -0.814188
v 0.699091 0.885138 -0.851844
v 0.730144 0.888392 -0.889683
v 0.761272 0.889478 -0.927613
v 0.111114 -0.011825 -0.166294
v 0.111783 0.032400 -0.167295
v 0.113789 0.076518 -0.170298
v 0.117127 0.120423 -0.175293
v 0.121789 0.164010 -0.182270
v 0.127764 0.207174 -0.191212
v 0.135037 0.249809 -0.202097
v 0.143590 0.291815 -0.214898
v 0.153404 0.333089 -0.229586
v 0.164455 0.373532 -0.246124
v 0.176715 0.413046 -0.264473
v 0.190156 0.451537 -0.284588
v 0.204745 0.488912 -0.306422
v 0.220446 0.525080 -0.329921
v 0.237223 0.559955 -0.355029
v 0.255034 0.593453 -0.381685
v 0.273837 0.625492 -0.409826
v 0.293586 0.655996 -0.439383
v 0.314234 0.684891 -0.470285
v 0.335732 0.712108 -0.502458
v 0.358026 0.737581 -0.535824
v 0.381064 0.761248 -0.570303
v 0.404790 0.783053 -0.605811
v 0.429147 0.802943 -0.642264
v 0.454077 0.820870 -0.679574
v 0.479518 0.836791 -0.717650
v 0.505411 0.850668 -0.756401
v 0.531692 0.862467 -0.795733
v 0.558298 0.872159 -0.835552
v 0.585165 0.879722 -0.875762
v 0.612229 0.885138 -0.916265
v 0.639424 0.888392 -0.956965
v 0.666684 0.889478 -0.997764
v 0.094279 -0.011825 -0.176384
v 0.094847 0.032400 -0.177447
v 0.096549 0.076518 -0.180631
v 0.099382 0.120423 -0.185930
v 0.103337 0.164010 -0.193330
v 0.108407 0.207174 -0.202814
v 0.114578 0.249809 -0.214359
v 0.121835 0.291815 -0.227938
v 0.130162 0.333089 -0.243517
v 0.139539 0.373532 -0.261058
v 0.149941 0.413046 -0.280520
v 0.161346 0.451537 -0.301856
v 0.173724 0.488912 -0.325015
v 0.187047 0.525080 -0.349940
v 0.201282 0.559955 -0.376571
v 0.216394 0.593453 -0.404845
v 0.232348 0.625492 -0.434693
v 0.249105 0.655996 -0.466043
v 0.266625 0.684891 -0.498821
v 0.284865 0.712108 -0.532946
v 0.303782 0.737581 -0.568336
v 0.323330 0.761248 -0.604907
v 0.343461 0.783053 -0.642571
v 0.364128 0.802943 -0.681236
v 0.385280 0.820870 -0.720809
v 0.406867 0.836791 -0.761195
v 0.428837 0.850668 -0.802297
v 0.451136 0.862467 -0.844016
v 0.473711 0.872159 -0.886251
v 0.496508 0.879722 -0.928901
v 0.519471 0.885138 -0.971862
v 0.542546 0.888392 -1.015032
v 0.565676 0.889478 -1.058306
v 0.076537 -0.011825 -0.184776
v 0.076998 0.032400 -0.185889
v 0.078379 0.076518 -0.189225
v 0.080679 0.120423 -0.194775
v 0.083890 0.164010 -0.202528
v 0.088005 0.207174 -0.212463
v 0.093015 0.249809 -0.224558
v 0.098907 0.291815 -0.238782
v 0.105667 0.333089 -0.255102
v 0.113278 0.373532 -0.273478
v 0.121724 0.413046 -0.293866
v 0.130982 0.451537 -0.316217
v 0.141031 0.488912 -0.340478
v 0.151846 0.525080 -0.366588
v 0.163402 0.559955 -0.394487
v 0.175670 0.593453 -0.424106
v 0.188622 0.625492 -0.455374
v 0.202226 0.655996 -0.488216
v 0.216448 0.684891 -0.522552
v 0.231256 0.712108 -0.558301
v 0.246613 0.737581 -0.595375
v 0.262482 0.761248 -0.633686
v 0.278824 0.783053 -0.673141
v 0.295602 0.802943 -0.713646
v 0.312774 0.820870 -0.755102
v 0.330298 0.836791 -0.797410
v 0.348133 0.850668 -0.840467
v 0.366236 0.862467 -0.884171
v 0.384562 0.872159 -0.928415
v 0.403069 0.879722 -0.973094
v 0.421711 0.885138 -1.018099
v 0.440443 0.888392 -1.063323
v 0.459220 0.889478 -1.108655
v 0.058057 -0.011825 -0.191388
v 0.058407 0.032400 -0.192541
v 0.059455 0.076518 -0.195996
v 0.061199 0.120423 -0.201746
v 0.063635 0.164010 -0.209775
v 0.066756 0.207174 -0.220066
v 0.070557 0.249809 -0.232594
v 0.075026 0.291815 -0.247327
v 0.080154 0.333089 -0.264231
v 0.085927 0.373532 -0.283265
v 0.092333 0.413046 -0.304382
v 0.099356 0.451537 -0.327533
v 0.106979 0.488912 -0.352662
v 0.115183 0.525080 -0.379707
v 0.123949 0.559955 -0.408604
v 0.133255 0.593453 -0.439282
v 0.143079 0.625492 -0.471669
v 0.153398 0.655996 -0.505687
v 0.164187 0.684891 -0.541252
v 0.175419 0.712108 -0.578280
v 0.187068 0.737581 -0.616681
v 0.199106 0.761248 -0.656363
v 0.211502 0.783053 -0.697230
v 0.224229 0.802943 -0.739184
v 0.237254 0.820870 -0.782123
v 0.250548 0.836791 -0.825945
v 0.264076 0.850668 -0.870543
v 0.277808 0.862467 -0.915811
v 0.291710 0.872159 -0.961639
v 0.305748 0.879722 -1.007916
v 0.319889 0.885138 -1.054532
v 0.334098 0.888392 -1.101374
v 0.348342 0.889478 -1.148328
v 0.039018 -0.011825 -0.196157
v 0.039253 0.032400 -0.197338
v 0.039958 0.076518 -0.200880
v 0.041130 0.120423 -0.206773
v 0.042767 0.164010 -0.215003
v 0.044865 0.207174 -0.225550
v 0.047419 0.249809 -0.238389
v 0.050422 0.291815 -0.253490
v 0.053868 0.333089 -0.270815
v 0.057749 0.373532 -0.290323
v 0.062054 0.413046 -0.311967
v 0.066774 0.451537 -0.335695
v 0.071897 0.488912 -0.361449
v 0.077410 0.525080 -0.389168
v 0.083302 0.559955 -0.418785
v 0.089556 0.593453 -0.450228
v 0.096159 0.625492 -0.483422
v 0.103094 0.655996 -0.518287
v 0.110344 0.684891 -0.554739
v 0.117893 0.712108 -0.592689
v 0.125722 0.737581 -0.632047
v 0.133812 0.761248 -0.672718
v 0.142143 0.783053 -0.714603
v 0.150697 0.802943 -0.757603
v 0.159451 0.820870 -0.801612
v 0.168384 0.836791 -0.846526
v 0.177477 0.850668 -0.892235
v 0.186705 0.862467 -0.938631
v 0.196048 0.872159 -0.985601
v 0.205483 0.879722 -1.033031
v 0.214986 0.885138 -1.080809
v 0.224536 0.888392 -1.128818
v 0.234108 0.889478 -1.176942
v 0.019603 -0.011825 -0.199037
v 0.019722 0.032400 -0.200236
v 0.020075 0.076518 -0.203829
v 0.020664 0.120423 -0.209808
v 0.021487 0.164010 -0.218159
v 0.022541 0.207174 -0.228861
v 0.023824 0.249809 -0.241889
v 0.025333 0.291815 -0.257211
v 0.027065 0.333089 -0.274791
v 0.029014 0.373532 -0.294585
v 0.031177 0.413046 -0.316547
v 0.033549 0.451537 -0.340623
v 0.036122 0.488912 -0.366756
v 0.038893 0.525080 -0.394882
v 0.041852 0.559955 -0.424933
v 0.044995 0.593453 -0.456838
v 0.048312 0.625492 -0.490520
v 0.051796 0.655996 -0.525896
v 0.055439 0.684891 -0.562883
v 0.059232 0.712108 -0.601391
v 0.063165 0.737581 -0.641327
v 0.067230 0.761248 -0.682594
v 0.071416 0.783053 -0.725095
v 0.075713 0.802943 -0.768725
v 0.080111 0.820870 -0.813381
v 0.084600 0.836791 -0.858954
v 0.089168 0.850668 -0.905335
v 0.093804 0.862467 -0.952411
v 0.098498 0.872159 -1.000071
v 0.103239 0.879722 -1.048198
v 0.108013 0.885138 -1.096677
v 0.112811 0.888392 -1.145390
v 0.117621 0.889478 -1.194222
v 0.000000 -0.011825 -0.200000
v 0.000000 0.032400 -0.201205
v 0.000000 0.076518 -0.204815
v 0.000000 0.120423 -0.210824
v 0.000000 0.164010 -0.219215
v 0.000000 0.207174 -0.229969
v 0.000000 0.249809 -0.243060
v 0.000000 0.291815 -0.258456
v 0.000000 0.333089 -0.276120
v 0.000000 0.373532 -0.296011
v 0.000000 0.413046 -0.318079
v 0.000000 0.451537 -0.342271
v 0.000000 0.488912 -0.368530
v 0.000000 0.525080 -0.396792
v 0.000000 0.559955 -0.426990
v 0.000000 0.593453 -0.459049
v 0.000000 0.625492 -0.492893
v 0.000000 0.655996 -0.528441
v 0.000000 0.684891 -0.565607
v 0.000000 0.712108 -0.604301
v 0.000000 0.737581 -0.644430
v 0.000000 0.761248 -0.685897
v 0.000000 0.783053 -0.728603
v 0.000000 0.802943 -0.772445
v 0.000000 0.820870 -0.817316
v 0.000000 0.836791 -0.863110
v 0.000000 0.850668 -0.909715
v 0.000000 0.862467 -0.957020
v 0.000000 0.872159 -1.004910
v 0.000000 0.879722 -1.053269
v 0.000000 0.885138 -1.101983
v 0.000000 0.888392 -1.150932
v 0.000000 0.889478 -1.200000
v -0.019603 -0.011825 -0.199037
v -0.019721 0.032400 -0.200236
v -0.020075 0.076518 -0.203829
v -0.020664 0.120423 -0.209808
v -0.021487 0.164010 -0.218159
v -0.022541 0.207174 -0.228861
v -0.023824 0.249809 -0.241889
v -0.025333 0.291815 -0.257211
v -0.027064 0.333089 -0.274791
v -0.029014 0.373532 -0.294585
v -0.031177 0.413046 -0.316547
v -0.033548 0.451537 -0.340623
v -0.036122 0.488912 -0.366756
v -0.038892 0.525080 -0.394882
v -0.041852 0.559955 -0.424933
v -0.044995 0.593453 -0.456838
v -0.048312 0.625492 -0.490520
v -0.051796 0.655996 -0.525896
v -0.055439 0.684891 -0.562883
v -0.059232 0.712108 -0.601391
v -0.063165 0.737581 -0.641327
v -0.067230 0.761248 -0.682594
v -0.071416 0.783053 -0.725095
v -0.075713 0.802943 -0.768725
v -0.080111 0.820870 -0.813381
v -0.084600 0.836791 -0.858954
v -0.089168 0.850668 -0.905335
v -0.093804 0.862467 -0.952411
v -0.098498 0.872159 -1.000071
v -0.103238 0.879722 -1.048198
v -0.108013 0.885138 -1.096677
v -0.112811 0.888392 -1.145390
v -0.117621 0.889478 -1.194222
v -0.039018 -0.011825 -0.196157
v -0.039253 0.032400 -0.197339
v -0.039957 0.076518 -0.200880
v -0.041130 0.120423 -0.206773
v -0.042767 0.164010 -0.215003
v -0.044865 0.207174 -0.225550
v -0.047419 0.249809 -0.238389
v -0.050422 0.291815 -0.253490
v -0.053868 0.333089 -0.270815
v -0.057749 0.373532 -0.290323
v -0.062054 0.413046 -0.311967
v -0.066774 0.451537 -0.335695
v -0.071897 0.488912 -0.361449
v -0.077410 0.525080 -0.389168
v -0.083301 0.559955 -0.418785
v -0.089556 0.593453 -0.450228
v -0.096159 0.625492 -0.483422
v -0.103094 0.655996 -0.518287
v -0.110344 0.684891 -0.554739
v -0.117893 0.712108 -0.592689
v -0.125722 0.737581 -0.632047
v -0.133812 0.761248 -0.672718
v -0.142143 0.783053 -0.714603
v -0.150696 0.802943 -0.757603
v -0.159450 0.820870 -0.801612
v -0.168384 0.836791 -0.846526
v -0.177477 0.850668 -0.892235
v -0.186705 0.862467 -0.938631
v -0.196048 0.872159 -0.985601
v -0.205483 0.879722 -1.033031
v -0.214986 0.885138 -1.080809
v -0.224536 0.888392 -1.128818
v -0.234108 0.889478 -1.176942
v -0.058057 -0.011825 -0.191388
v -0.058407 0.032400 -0.192541
v -0.059455 0.076518 -0.195996
v -0.061199 0.120423 -0.201746
v -0.063635 0.164010 -0.209775
v -0.066756 0.207174 -0.220066
v -0.070556 0.249809 -0.232594
v -0.075026 0.291815 -0.247327
v -0.080153 0.333089 -0.264231
v -0.085927 0.373532 -0.283265
v -0.092333 0.413046 -0.304382
v -0.099356 0.451537 -0.327533
v -0.106979 0.488912 -0.352662
v -0.115183 0.525080 -0.379707
v -0.123948 0.559955 -0.408604
v -0.133255 0.593453 -0.439282
v -0.143079 0.625492 -0.471669
v -0.153398 0.655996 -0.505687
v -0.164187 0.684891 -0.541252
v -0.175419 0.712108 -0.578280
v -0.187068 0.737581 -0.616681
v -0.199105 0.761248 -0.656363
v -0.211502 0.783053 -0.697230
v -0.224229 0.802943 -0.739184
v -0.237254 0.820870 -0.782123
v -0.250548 0.836791 -0.825945
v -0.264076 0.850668 -0.870543
v -0.277808 0.862467 -0.915811
v -0.291710 0.872159 -0.961639
v -0.305748 0.879722 -1.007916
v -0.319889 0.885138 -1.054532
v -0.334098 0.888392 -1.101374
v -0.348342 0.889478 -1.148328
v -0.076537 -0.011825 -0.184776
v -0.076998 0.032400 -0.185889
v -0.078379 0.076518 -0.189225
v -0.080679 0.120423 -0.194776
v -0.083890 0.164010 -0.202528
v -0.088005 0.207174 -0.212463
v -0.093015 0.249809 -0.224558
v -0.098907 0.291815 -0.238782
v -0.105667 0.333089 -0.255102
v -0.113278 0.373532 -0.273478
v -0.121723 0.413046 -0.293866
v -0.130982 0.451537 -0.316218
v -0.141030 0.488912 -0.340478
v -0.151846 0.525080 -0.366588
v -0.163402 0.559955 -0.394487
v -0.175670 0.593453 -0.424106
v -0.188622 0.625492 -0.455374
v -0.202226 0.655996 -0.488216
v -0.216448 0.684891 -0.522552
v -0.231256 0.712108 -0.558301
v -0.246613 0.737581 -0.595375
v -0.262481 0.761248 -0.633686
v -0.278824 0.783053 -0.673142
v -0.295602 0.802943 -0.713646
v -0.312773 0.820870 -0.755102
v -0.330298 0.836791 -0.797410
v -0.348133 0.850668 -0.840467
v -0.366236 0.862467 -0.884171
v -0.384562 0.872159 -0.928415
v -0.403069 0.879723 -0.973094
v -0.421711 0.885138 -1.018099
v -0.440443 0.888392 -1.063323
v -0.459220 0.889478 -1.108655
v -0.094279 -0.011825 -0.176384
v -0.094847 0.032400 -0.177447
v -0.096549 0.076518 -0.180631
v -0.099381 0.120423 -0.185930
v -0.103337 0.164010 -0.193330
v -0.108406 0.207174 -0.202814
v -0.114577 0.249809 -0.214359
v -0.121835 0.291815 -0.227938
v -0.130162 0.333089 -0.243517
v -0.139538 0.373532 -0.261058
v -0.149941 0.413046 -0.280520
v -0.161346 0.451537 -0.301856
v -0.173724 0.488912 -0.325015
v -0.187047 0.525080 -0.349940
v -0.201281 0.559955 -0.376571
v -0.216394 0.593453 -0.404845
v -0.232348 0.625492 -0.434693
v -0.249105 0.655996 -0.466043
v -0.266625 0.684891 -0.498821
v -0.284865 0.712108 -0.532946
v -0.303782 0.737581 -0.568336
v -0.323330 0.761248 -0.604907
v -0.343461 0.783053 -0.642571
v -0.364128 0.802943 -0.681236
v -0.385280 0.820870 -0.720809
v -0.406867 0.836791 -0.761195
v -0.428837 0.850668 -0.802297
v -0.451136 0.862467 -0.844016
v -0.473711 0.872159 -0.886251
v -0.496508 0.879723 -0.928901
v -0.519471 0.885138 -0.971862
v -0.542546 0.888392 -1.015032
v -0.565676 0.889478 -1.058306
v -0.111114 -0.011825 -0.166294
v -0.111783 0.032400 -0.167296
v -0.113789 0.076518 -0.170298
v -0.117127 0.120423 -0.175293
v -0.121789 0.164010 -0.182270
v -0.127764 0.207174 -0.191212
v -0.135037 0.249809 -0.202097
v -0.143590 0.291815 -0.214898
v -0.153404 0.333089 -0.229586
v -0.164455 0.373532 -0.246124
v -0.176715 0.413046 -0.264473
v -0.190156 0.451537 -0.284588
v -0.204745 0.488912 -0.306422
v -0.220446 0.525080 -0.329921
v -0.237223 0.559955 -0.355029
v -0.255034 0.593453 -0.381685
v -0.273837 0.625492 -0.409826
v -0.293586 0.655996 -0.439383
v -0.314234 0.684891 -0.470285
v -0.335731 0.712108 -0.502458
v -0.358026 0.737581 -0.535824
v -0.381064 0.761248 -0.570303
v -0.404790 0.783053 -0.605811
v -0.429147 0.802943 -0.642264
v -0.454077 0.820870 -0.679574
v -0.479518 0.836791 -0.717650
v -0.505411 0.850668 -0.756401
v -0.531692 0.862467 -0.795733
v -0.558298 0.872159 -0.835552
v -0.585165 0.879723 -0.875761
v -0.612229 0.885138 -0.916265
v -0.639424 0.888392 -0.956965
v -0.666684 0.889478 -0.997763
v -0.126879 -0.011825 -0.154602
v -0.127643 0.032400 -0.155533
v -0.129933 0.076518 -0.158324
v -0.133745 0.120423 -0.162969
v -0.139068 0.164010 -0.169455
v -0.145891 0.207174 -0.177768
v -0.154195 0.249809 -0.187888
v -0.163963 0.291815 -0.199789
v -0.175169 0.333089 -0.213444
v -0.187787 0.373532 -0.228819
v -0.201787 0.413046 -0.245878
v -0.217135 0.451537 -0.264579
v -0.233793 0.488912 -0.284878
v -0.251722 0.525080 -0.306725
v -0.270879 0.559955 -0.330067
v -0.291217 0.593453 -0.354850
v -0.312688 0.625492 -0.381012
v -0.335239 0.655996 -0.408490
v -0.358817 0.684891 -0.437220
v -0.383364 0.712108 -0.467131
v -0.408822 0.737581 -0.498151
v -0.435129 0.761248 -0.530206
v -0.462221 0.783053 -0.563218
v -0.490034 0.802943 -0.597108
v -0.518500 0.820870 -0.631794
v -0.547551 0.836791 -0.667193
v -0.577117 0.850668 -0.703220
v -0.607127 0.862467 -0.739786
v -0.637508 0.872159 -0.776806
v -0.668187 0.879723 -0.814188
v -0.699091 0.885138 -0.851844
v -0.730144 0.888392 -0.889683
v -0.761272 0.889478 -0.927613
v -0.141421 -0.011825 -0.141421
v -0.142273 0.032400 -0.142273
v -0.144826 0.076518 -0.144826
v -0.149075 0.120423 -0.149075
v -0.155008 0.164010 -0.155008
v -0.162612 0.207174 -0.162612
v -0.171869 0.249809 -0.171869
v -0.182756 0.291815 -0.182756
v -0.195247 0.333089 -0.195247
v -0.209311 0.373532 -0.209311
v -0.224916 0.413046 -0.224916
v -0.242022 0.451537 -0.242022
v -0.260590 0.488912 -0.260590
v -0.280575 0.525080 -0.280575
v -0.301927 0.559955 -0.301927
v -0.324596 0.593453 -0.324597
v -0.348528 0.625492 -0.348528
v -0.373664 0.655996 -0.373664
v -0.399944 0.684892 -0.399944
v -0.427305 0.712108 -0.427305
v -0.455681 0.737581 -0.455681
v -0.485002 0.761248 -0.485003
v -0.515200 0.783053 -0.515200
v -0.546201 0.802943 -0.546201
v -0.577930 0.820870 -0.577930
v -0.610311 0.836791 -0.610311
v -0.643266 0.850668 -0.643266
v -0.676715 0.862467 -0.676715
v -0.710578 0.872159 -0.710578
v -0.744774 0.879723 -0.744774
v -0.779220 0.885138 -0.779220
v -0.813832 0.888392 -0.813832
v -0.848528 0.889478 -0.848528
v -0.154602 -0.011825 -0.126879
v -0.155533 0.032400 -0.127643
v -0.158324 0.076518 -0.129934
v -0.162969 0.120423 -0.133745
v -0.169455 0.164010 -0.139068
v -0.177768 0.207174 -0.145891
v -0.187888 0.249809 -0.154195
v -0.199789 0.291815 -0.163963
v -0.213444 0.333089 -0.175169
v -0.228819 0.373532 -0.187787
v -0.245878 0.413046 -0.201787
v -0.264579 0.451537 -0.217135
v -0.284878 0.488912 -0.233793
v -0.306725 0.525080 -0.251723
v -0.330067 0.559955 -0.270879
v -0.354849 0.593453 -0.291218
v -0.381012 0.625492 -0.312688
v -0.408490 0.655996 -0.335239
v -0.437220 0.684892 -0.358817
v -0.467131 0.712108 -0.383364
v -0.498151 0.737581 -0.408822
v -0.530206 0.761248 -0.435129
v -0.563218 0.783053 -0.462221
v -0.597108 0.802943 -0.490034
v -0.631794 0.820870 -0.518500
v -0.667193 0.836791 -0.547551
v -0.703219 0.850668 -0.577117
v -0.739786 0.862467 -0.607127
v -0.776806 0.872159 -0.637508
v -0.814188 0.879723 -0.668187
v -0.851844 0.885138 -0.699091
v -0.889683 0.888392 -0.730144
v -0.927613 0.889478 -0.761272
v -0.166294 -0.011825 -0.111114
v -0.167295 0.032400 -0.111783
v -0.170298 0.076518 -0.113789
v -0.175293 0.120423 -0.117127
v -0.182270 0.164010 -0.121789
v -0.191212 0.207174 -0.127764
v -0.202097 0.249809 -0.135037
v -0.214898 0.291815 -0.143590
v -0.229586 0.333089 -0.153404
v -0.246124 0.373532 -0.164455
v -0.264473 0.413046 -0.176715
v -0.284588 0.451537 -0.190156
v -0.306422 0.488912 -0.204745
v -0.329921 0.525080 -0.220446
v -0.355029 0.559955 -0.237223
v -0.381685 0.593453 -0.255034
v -0.409826 0.625492 -0.273837
v -0.439383 0.655996 -0.293586
v -0.470285 0.684892 -0.314234
v -0.502458 0.712108 -0.335731
v -0.535824 0.737581 -0.358026
v -0.570303 0.761248 -0.381064
v -0.605811 0.783053 -0.404790
v -0.642264 0.802943 -0.429147
v -0.679574 0.820870 -0.454077
v -0.717650 0.836791 -0.479518
v -0.756401 0.850668 -0.505411
v -0.795733 0.862467 -0.531692
v -0.835552 0.872159 -0.558298
v -0.875761 0.879723 -0.585165
v -0.916265 0.885138 -0.612229
v -0.956965 0.888392 -0.639424
v -0.997764 0.889478 -0.666684
v -0.176384 -0.011825 -0.094279
v -0.177447 0.032400 -0.094847
v -0.180631 0.076518 -0.096549
v -0.185930 0.120423 -0.099382
v -0.193330 0.164010 -0.103337
v -0.202814 0.207174 -0.108407
v -0.214359 0.249809 -0.114578
v -0.227938 0.291815 -0.121835
v -0.243517 0.333089 -0.130162
v -0.261058 0.373532 -0.139538
v -0.280520 0.413046 -0.149941
v -0.301856 0.451537 -0.161346
v -0.325015 0.488912 -0.173724
v -0.349940 0.525080 -0.187047
v -0.376571 0.559955 -0.201281
v -0.404845 0.593453 -0.216394
v -0.434693 0.625492 -0.232348
v -0.466043 0.655996 -0.249105
v -0.498821 0.684892 -0.266625
v -0.532946 0.712108 -0.284865
v -0.568336 0.737581 -0.303782
v -0.604907 0.761248 -0.323330
v -0.642571 0.783053 -0.343461
v -0.681236 0.802943 -0.364128
v -0.720809 0.820870 -0.385280
v -0.761195 0.836791 -0.406867
v -0.802297 0.850668 -0.428837
v -0.844016 0.862467 -0.451136
v -0.886251 0.872159 -0.473711
v -0.928901 0.879723 -0.496508
v -0.971862 0.885138 -0.519471
v -1.015032 0.888392 -0.542546
v -1.058306 0.889478 -0.565676
v -0.184776 -0.011825 -0.076537
v -0.185889 0.032400 -0.076998
v -0.189225 0.076518 -0.078379
v -0.194775 0.120423 -0.080679
v -0.202528 0.164010 -0.083890
v -0.212463 0.207174 -0.088005
v -0.224558 0.249809 -0.093015
v -0.238782 0.291815 -0.098907
v -0.255102 0.333089 -0.105667
v -0.273478 0.373532 -0.113278
v -0.293866 0.413046 -0.121723
v -0.316218 0.451537 -0.130982
v -0.340478 0.488912 -0.141030
v -0.366588 0.525080 -0.151846
v -0.394487 0.559955 -0.163402
v -0.424106 0.593453 -0.175670
v -0.455374 0.625492 -0.188622
v -0.488216 0.655996 -0.202226
v -0.522552 0.684892 -0.216448
v -0.558301 0.712108 -0.231256
v -0.595375 0.737581 -0.246613
v -0.633686 0.761248 -0.262481
v -0.673142 0.783053 -0.278824
v -0.713646 0.802943 -0.295602
v -0.755102 0.820870 -0.312773
v -0.797410 0.836791 -0.330298
v -0.840467 0.850668 -0.348133
v -0.884171 0.862467 -0.366235
v -0.928415 0.872159 -0.384562
v -0.973094 0.879723 -0.403069
v -1.018099 0.885138 -0.421710
v -1.063323 0.888392 -0.440443
v -1.108655 0.889478 -0.459220
v -0.191388 -0.011825 -0.058057
v -0.192541 0.032400 -0.058407
v -0.195996 0.076518 -0.059455
v -0.201745 0.120423 -0.061199
v -0.209775 0.164010 -0.063635
v -0.220066 0.207174 -0.066756
v -0.232594 0.249809 -0.070557
v -0.247327 0.291815 -0.075026
v -0.264231 0.333089 -0.080154
v -0.283264 0.373532 -0.085927
v -0.304382 0.413046 -0.092333
v -0.327533 0.451537 -0.099356
v -0.352662 0.488912 -0.106979
v -0.379707 0.525080 -0.115183
v -0.408603 0.559955 -0.123949
v -0.439282 0.593453 -0.133255
v -0.471669 0.625492 -0.143079
v -0.505686 0.655996 -0.153398
v -0.541252 0.684892 -0.164187
v -0.578280 0.712108 -0.175419
v -0.616681 0.737581 -0.187068
v -0.656363 0.761248 -0.199106
v -0.697230 0.783053 -0.211502
v -0.739184 0.802943 -0.224229
v -0.782123 0.820870 -0.237255
v -0.825945 0.836791 -0.250548
v -0.870543 0.850668 -0.264077
v -0.915811 0.862467 -0.277808
v -0.961639 0.872159 -0.291710
v -1.007916 0.879723 -0.305748
v -1.054532 0.885138 -0.319889
v -1.101374 0.888392 -0.334098
v -1.148328 0.889478 -0.348342
v -0.196157 -0.011825 -0.039018
v -0.197338 0.032400 -0.039253
v -0.200880 0.076518 -0.039958
v -0.206773 0.120423 -0.041130
v -0.215003 0.164010 -0.042767
v -0.225550 0.207174 -0.044865
v -0.238389 0.249809 -0.047419
v -0.253490 0.291815 -0.050422
v -0.270815 0.333089 -0.053868
v -0.290323 0.373532 -0.057749
v -0.311967 0.413046 -0.062054
v -0.335695 0.451537 -0.066774
v -0.361449 0.488912 -0.071897
v -0.389168 0.525080 -0.077410
v -0.418785 0.559955 -0.083302
v -0.450228 0.593453 -0.089556
v -0.483422 0.625492 -0.096159
v -0.518287 0.655996 -0.103094
v -0.554739 0.684892 -0.110344
v -0.592689 0.712108 -0.117893
v -0.632047 0.737581 -0.125722
v -0.672718 0.761248 -0.133812
v -0.714603 0.783053 -0.142143
v -0.757603 0.802943 -0.150697
v -0.801612 0.820870 -0.159451
v -0.846526 0.836791 -0.168384
v -0.892235 0.850668 -0.177477
v -0.938631 0.862467 -0.186705
v -0.985601 0.872159 -0.196048
v -1.033031 0.879723 -0.205483
v -1.080809 0.885138 -0.214986
v -1.128818 0.888392 -0.224536
v -1.176942 0.889478 -0.234108
v -0.199037 -0.011825 -0.019603
v -0.200236 0.032400 -0.019722
v -0.203829 0.076518 -0.020075
v -0.209808 0.120423 -0.020664
v -0.218159 0.164010 -0.021487
v -0.228861 0.207174 -0.022541
v -0.241889 0.249809 -0.023824
v -0.257211 0.291815 -0.025333
v -0.274791 0.333089 -0.027065
v -0.294585 0.373532 -0.029014
v -0.316547 0.413046 -0.031177
v -0.340623 0.451537 -0.033548
v -0.366756 0.488912 -0.036122
v -0.394882 0.525081 -0.038892
v -0.424933 0.559955 -0.041852
v -0.456838 0.593453 -0.044995
v -0.490520 0.625492 -0.048312
v -0.525896 0.655996 -0.051796
v -0.562883 0.684892 -0.055439
v -0.601391 0.712108 -0.059232
v -0.641327 0.737581 -0.063165
v -0.682594 0.761248 -0.067230
v -0.725095 0.783053 -0.071416
v -0.768725 0.802943 -0.075713
v -0.813381 0.820870 -0.080111
v -0.858954 0.836791 -0.084600
v -0.905335 0.850668 -0.089168
v -0.952411 0.862467 -0.093804
v -1.000071 0.872159 -0.098498
v -1.048198 0.879723 -0.103238
v -1.096676 0.885138 -0.108013
v -1.145390 0.888392 -0.112811
v -1.194222 0.889478 -0.117621
v -0.200000 -0.011825 -0.000000
v -0.201205 0.032400 -0.000000
v -0.204815 0.076518 -0.000000
v -0.210823 0.120423 -0.000000
v -0.219215 0.164010 -0.000000
v -0.229969 0.207174 -0.000000
v -0.243060 0.249809 -0.000000
v -0.258456 0.291815 -0.000000
v -0.276120 0.333089 -0.000000
v -0.296011 0.373532 -0.000000
v -0.318079 0.413046 -0.000000
v -0.342271 0.451537 -0.000000
v -0.368530 0.488912 -0.000000
v -0.396792 0.525081 -0.000000
v -0.426990 0.559955 -0.000000
v -0.459049 0.593453 -0.000000
v -0.492893 0.625492 0.000000
v -0.528441 0.655996 0.000000
v -0.565607 0.684892 0.000000
v -0.604301 0.712108 0.000000
v -0.644430 0.737581 0.000000
v -0.685897 0.761248 0.000000
v -0.728603 0.783053 0.000000
v -0.772445 0.802943 0.000000
v -0.817316 0.820870 0.000000
v -0.863110 0.836791 0.000000
v -0.909715 0.850668 0.000000
v -0.957020 0.862467 0.000000
v -1.004910 0.872159 0.000000
v -1.053269 0.879723 0.000000
v -1.101983 0.885138 0.000000
v -1.150932 0.888392 0.000000
v -1.200000 0.889478 0.000000
v -0.199037 -0.011825 0.019603
v -0.200236 0.032400 0.019721
v -0.203829 0.076518 0.020075
v -0.209808 0.120423 0.020664
v -0.218159 0.164010 0.021487
v -0.228861 0.207174 0.022541
v -0.241889 0.249809 0.023824
v -0.257211 0.291815 0.025333
v -0.274791 0.333089 0.027065
v -0.294585 0.373532 0.029014
v -0.316547 0.413046 0.031177
v -0.340623 0.451537 0.033548
v -0.366756 0.488912 0.036122
v -0.394882 0.525081 0.038892
v -0.424933 0.559955 0.041852
v -0.456838 0.593453 0.044995
v -0.490520 0.625492 0.048312
v -0.525896 0.655996 0.051796
v -0.562883 0.684892 0.055439
v -0.601391 0.712108 0.059232
v -0.641327 0.737581 0.063165
v -0.682594 0.761248 0.067230
v -0.725095 0.783053 0.071416
v -0.768725 0.802943 0.075713
v -0.813381 0.820870 0.080111
v -0.858954 0.836791 0.084600
v -0.905335 0.850668 0.089168
v -0.952411 0.862467 0.093804
v -1.000071 0.872159 0.098498
v -1.048198 0.879723 0.103239
v -1.096676 0.885138 0.108013
v -1.145390 0.888392 0.112811
v -1.194222 0.889478 0.117621
v -0.196157 -0.011825 0.039018
v -0.197339 0.032400 0.039253
v -0.200880 0.076518 0.039957
v -0.206773 0.120423 0.041130
v -0.215003 0.164010 0.042767
v -0.225550 0.207174 0.044865
v -0.238389 0.249809 0.047419
v -0.253490 0.291815 0.050422
v -0.270815 0.333089 0.053868
v -0.290323 0.373532 0.057749
v -0.311967 0.413046 0.062054
v -0.335695 0.451537 0.066774
v -0.361449 0.488912 0.071897
v -0.389168 0.525080 0.077410
v -0.418785 0.559955 0.083302
v -0.450228 0.593453 0.089556
v -0.483422 0.625492 0.096159
v -0.518287 0.655996 0.103094
v -0.554739 0.684892 0.110344
v -0.592689 0.712108 0.117893
v -0.632047 0.737581 0.125722
v -0.672718 0.761248 0.133812
v -0.714603 0.783053 0.142144
v -0.757603 0.802943 0.150697
v -0.801612 0.820870 0.159451
v -0.846526 0.836791 0.168385
v -0.892235 0.850668 0.177477
v -0.938631 0.862467 0.186705
v -0.985600 0.872159 0.196048
v -1.033031 0.879723 0.205483
v -1.080809 0.885138 0.214986
v -1.128817 0.888392 0.224536
v -1.176942 0.889478 0.234109
v -0.191388 -0.011825 0.058057
v -0.192541 0.032400 0.058407
v -0.195996 0.076518 0.059455
v -0.201746 0.120423 0.061199
v -0.209775 0.164010 0.063635
v -0.220066 0.207174 0.066756
v -0.232594 0.249809 0.070556
v -0.247327 0.291815 0.075026
v -0.264231 0.333089 0.080154
v -0.283265 0.373532 0.085927
v -0.304382 0.413046 0.092333
v -0.327533 0.451537 0.099356
v -0.352662 0.488912 0.106979
v -0.379707 0.525080 0.115183
v -0.408604 0.559955 0.123949
v -0.439282 0.593453 0.133255
v -0.471669 0.625492 0.143079
v -0.505686 0.655996 0.153398
v -0.541252 0.684892 0.164187
v -0.578280 0.712108 0.175419
v -0.616681 0.737581 0.187068
v -0.656363 0.761248 0.199106
v -0.697230 0.783053 0.211502
v -0.739184 0.802943 0.224229
v -0.782123 0.820870 0.237255
v -0.825945 0.836791 0.250548
v -0.870543 0.850668 0.264077
v -0.915811 0.862467 0.277808
v -0.961638 0.872159 0.291710
v -1.007916 0.879723 0.305748
v -1.054532 0.885138 0.319889
v -1.101374 0.888392 0.334098
v -1.148328 0.889478 0.348342
v -0.184776 -0.011825 0.076537
v -0.185889 0.032400 0.076998
v -0.189225 0.076518 0.078379
v -0.194776 0.120423 0.080679
v -0.202528 0.164010 0.083890
v -0.212463 0.207174 0.088005
v -0.224558 0.249809 0.093015
v -0.238782 0.291815 0.098907
v -0.255102 0.333089 0.105667
v -0.273478 0.373532 0.113278
v -0.293866 0.413046 0.121723
v -0.316218 0.451537 0.130982
v -0.340478 0.488912 0.141030
v -0.366588 0.525080 0.151846
v -0.394487 0.559955 0.163402
v -0.424106 0.593453 0.175670
v -0.455374 0.625492 0.188622
v -0.488216 0.655996 0.202226
v -0.522552 0.684892 0.216448
v -0.558301 0.712108 0.231256
v -0.595375 0.737581 0.246613
v -0.633686 0.761248 0.262481
v -0.673142 0.783053 0.278824
v -0.713646 0.802943 0.295602
v -0.755102 0.820870 0.312773
v -0.797410 0.836791 0.330298
v -0.840467 0.850668 0.348133
v -0.884171 0.862467 0.366236
v -0.928415 0.872159 0.384562
v -0.973094 0.879723 0.403069
v -1.018099 0.885138 0.421711
v -1.063323 0.888392 0.440443
v -1.108655 0.889478 0.459220
v -0.176384 -0.011825 0.094279
v -0.177447 0.032400 0.094847
v -0.180631 0.076518 0.096549
v -0.185930 0.120423 0.099381
v -0.193330 0.164010 0.103337
v -0.202814 0.207174 0.108406
v -0.214359 0.249809 0.114577
v -0.227938 0.291815 0.121835
v -0.243517 0.333089 0.130162
v -0.261058 0.373532 0.139538
v -0.280520 0.413046 0.149941
v -0.301856 0.451537 0.161346
v -0.325015 0.488912 0.173724
v -0.349940 0.525080 0.187047
v -0.376571 0.559955 0.201281
v -0.404845 0.593453 0.216394
v -0.434693 0.625492 0.232348
v -0.466043 0.655996 0.249105
v -0.498820 0.684892 0.266625
v -0.532946 0.712108 0.284865
v -0.568336 0.737581 0.303782
v -0.604907 0.761248 0.323330
v -0.642571 0.783053 0.343461
v -0.681236 0.802943 0.364128
v -0.720809 0.820870 0.385280
v -0.761195 0.836791 0.406867
v -0.802297 0.850668 0.428837
v -0.844016 0.862467 0.451136
v -0.886251 0.872159 0.473711
v -0.928901 0.879723 0.496508
v -0.971862 0.885138 0.519471
v -1.015032 0.888392 0.542546
v -1.058305 0.889478 0.565676
v -0.166294 -0.011825 0.111114
v -0.167296 0.032400 0.111783
v -0.170298 0.076518 0.113789
v -0.175293 0.120423 0.117127
v -0.182270 0.164010 0.121789
v -0.191212 0.207174 0.127764
v -0.202097 0.249809 0.135037
v -0.214898 0.291815 0.143590
v -0.229586 0.333089 0.153404
v -0.246124 0.373532 0.164455
v -0.264473 0.413046 0.176715
v -0.284588 0.451537 0.190156
v -0.306422 0.488912 0.204745
v -0.329921 0.525080 0.220446
v -0.355029 0.559955 0.237223
v -0.381685 0.593453 0.255034
v -0.409826 0.625492 0.273837
v -0.439383 0.655996 0.293586
v -0.470285 0.684892 0.314234
v -0.502458 0.712108 0.335731
v -0.535824 0.737581 0.358026
v -0.570303 0.761248 0.381064
v -0.605811 0.783053 0.404790
v -0.642264 0.802943 0.429147
v -0.679574 0.820870 0.454077
v -0.717650 0.836791 0.479518
v -0.756401 0.850668 0.505411
v -0.795733 0.862467 0.531692
v -0.835552 0.872159 0.558298
v -0.875761 0.879723 0.585165
v -0.916265 0.885138 0.612229
v -0.956965 0.888392 0.639424
v -0.997763 0.889478 0.666684
v -0.154602 -0.011825 0.126879
v -0.155533 0.032400 0.127643
v -0.158324 0.076518 0.129933
v -0.162969 0.120423 0.133745
v -0.169455 0.164010 0.139068
v -0.177768 0.207174 0.145891
v -0.187888 0.249809 0.154195
v -0.199789 0.291815 0.163963
v -0.213444 0.333089 0.175169
v -0.228819 0.373532 0.187787
v -0.245878 0.413046 0.201787
v -0.264579 0.451537 0.217135
v -0.284878 0.488912 0.233793
v -0.306725 0.525080 0.251722
v -0.330067 0.559955 0.270879
v -0.354850 0.593453 0.291218
v -0.381012 0.625492 0.312688
v -0.408490 0.655996 0.335239
v -0.437220 0.684892 0.358817
v -0.467131 0.712108 0.383364
v -0.498151 0.737581 0.408822
v -0.530206 0.761248 0.435129
v -0.563218 0.783053 0.462221
v -0.597108 0.802943 0.490034
v -0.631794 0.820870 0.518500
v -0.667193 0.836791 0.547551
v -0.703219 0.850668 0.577117
v -0.739786 0.862467 0.607127
v -0.776806 0.872159 0.637508
v -0.814188 0.879723 0.668187
v -0.851844 0.885138 0.699091
v -0.889683 0.888392 0.730144
v -0.927612 0.889478 0.761272
v -0.141421 -0.011825 0.141421
v -0.142273 0.032400 0.142273
v -0.144826 0.076518 0.144826
v -0.149075 0.120423 0.149075
v -0.155008 0.164010 0.155008
v -0.162612 0.207174 0.162612
v -0.171869 0.249809 0.171869
v -0.182756 0.291815 0.182756
v -0.195247 0.333089 0.195247
v -0.209311 0.373532 0.209311
v -0.224916 0.413046 0.224916
v -0.242022 0.451537 0.242022
v -0.260590 0.488912 0.260590
v -0.280575 0.525080 0.280575
v -0.301927 0.559955 0.301927
v -0.324596 0.593453 0.324597
v -0.348528 0.625492 0.348528
v -0.373664 0.655996 0.373664
v -0.399944 0.684892 0.399944
v -0.427305 0.712108 0.427305
v -0.455681 0.737581 0.455681
v -0.485002 0.761248 0.485003
v -0.515200 0.783053 0.515200
v -0.546201 0.802943 0.546201
v -0.577930 0.820870 0.577930
v -0.610311 0.836791 0.610311
v -0.643266 0.850668 0.643266
v -0.676715 0.862467 0.676715
v -0.710578 0.872159 0.710579
v -0.744774 0.879723 0.744774
v -0.779219 0.885138 0.779220
v -0.813832 0.888392 0.813832
v -0.848528 0.889478 0.848528
v -0.126879 -0.011825 0.154602
v -0.127643 0.032400 0.155533
v -0.129934 0.076518 0.158324
v -0.133745 0.120423 0.162969
v -0.139068 0.164010 0.169455
v -0.145891 0.207174 0.177768
v -0.154195 0.249809 0.187888
v -0.163963 0.291815 0.199789
v -0.175169 0.333089 0.213444
v -0.187787 0.373532 0.228819
v -0.201787 0.413046 0.245878
v -0.217135 0.451537 0.264579
v -0.233793 0.488912 0.284878
v -0.251722 0.525080 0.306725
v -0.270879 0.559955 0.330067
v -0.291218 0.593453 0.354850
v -0.312688 0.625492 0.381012
v -0.335239 0.655996 0.408490
v -0.358817 0.684891 0.437220
v -0.383364 0.712108 0.467131
v -0.408822 0.737581 0.498151
v -0.435129 0.761248 0.530206
v -0.462221 0.783053 0.563218
v -0.490034 0.802943 0.597108
v -0.518500 0.820870 0.631794
v -0.547551 0.836791 0.667193
v -0.577117 0.850668 0.703219
v -0.607127 0.862467 0.739786
v -0.637508 0.872159 0.776806
v -0.668187 0.879723 0.814188
v -0.699091 0.885138 0.851844
v -0.730144 0.888392 0.889683
v -0.761272 0.889478 0.927613
v -0.111114 -0.011825 0.166294
v -0.111783 0.032400 0.167296
v -0.113789 0.076518 0.170298
v -0.117127 0.120423 0.175293
v -0.121789 0.164010 0.182270
v -0.127764 0.207174 0.191212
v -0.135037 0.249809 0.202097
v -0.143590 0.291815 0.214898
v -0.153404 0.333089 0.229586
v -0.164455 0.373532 0.246124
v -0.176715 0.413046 0.264473
v -0.190156 0.451537 0.284588
v -0.204744 0.488912 0.306422
v -0.220446 0.525080 0.329921
v -0.237223 0.559955 0.355029
v -0.255034 0.593453 0.381685
v -0.273837 0.625492 0.409826
v -0.293586 0.655996 0.439383
v -0.314234 0.684891 0.470285
v -0.335731 0.712108 0.502458
v -0.358026 0.737581 0.535824
v -0.381064 0.761248 0.570303
v -0.404790 0.783053 0.605812
v -0.429147 0.802943 0.642265
v -0.454076 0.820870 0.679574
v -0.479518 0.836791 0.717650
v -0.505410 0.850668 0.756401
v -0.531691 0.862467 0.795733
v -0.558298 0.872159 0.835552
v -0.585165 0.879723 0.875762
v -0.612229 0.885138 0.916265
v -0.639423 0.888392 0.956966
v -0.666684 0.889478 0.997764
v -0.094279 -0.011825 0.176384
v -0.094847 0.032400 0.177447
v -0.096549 0.076518 0.180631
v -0.099382 0.120423 0.185930
v -0.103337 0.164010 0.193330
v -0.108407 0.207174 0.202814
v -0.114578 0.249809 0.214359
v -0.121835 0.291815 0.227938
v -0.130162 0.333089 0.243517
v -0.139538 0.373532 0.261058
v -0.149941 0.413046 0.280520
v -0.161346 0.451537 0.301856
v -0.173724 0.488912 0.325015
v -0.187047 0.525080 0.349940
v -0.201281 0.559955 0.376571
v -0.216394 0.593453 0.404845
v -0.232348 0.625492 0.434693
v -0.249105 0.655996 0.466043
v -0.266625 0.684891 0.498821
v -0.284865 0.712108 0.532946
v -0.303782 0.737581 0.568336
v -0.323330 0.761248 0.604907
v -0.343461 0.783053 0.642571
v -0.364128 0.802943 0.681236
v -0.385280 0.820870 0.720809
v -0.406867 0.836791 0.761195
v -0.428837 0.850668 0.802297
v -0.451136 0.862467 0.844016
v -0.473711 0.872159 0.886251
v -0.496508 0.879723 0.928901
v -0.519471 0.885138 0.971862
v -0.542546 0.888392 1.015032
v -0.565676 0.889478 1.058306
v -0.076537 -0.011825 0.184776
v -0.076998 0.032400 0.185889
v -0.078379 0.076518 0.189225
v -0.080679 0.120423 0.194776
v -0.083890 0.164010 0.202528
v -0.088005 0.207174 0.212463
v -0.093015 0.249809 0.224558
v -0.098907 0.291815 0.238782
v -0.105667 0.333089 0.255102
v -0.113278 0.373532 0.273478
v -0.121723 0.413046 0.293866
v -0.130982 0.451537 0.316218
v -0.141030 0.488912 0.340478
v -0.151846 0.525080 0.366588
v -0.163402 0.559955 0.394487
v -0.175670 0.593453 0.424106
v -0.188622 0.625492 0.455374
v -0.202225 0.655996 0.488216
v -0.216448 0.684891 0.522552
v -0.231256 0.712108 0.558301
v -0.246612 0.737581 0.595375
v -0.262481 0.761248 0.633686
v -0.278824 0.783053 0.673142
v -0.295602 0.802943 0.713646
v -0.312773 0.820870 0.755102
v -0.330298 0.836791 0.797410
v -0.348133 0.850668 0.840467
v -0.366235 0.862467 0.884171
v -0.384562 0.872159 0.928416
v -0.403068 0.879723 0.973094
v -0.421710 0.885138 1.018100
v -0.440442 0.888392 1.063323
v -0.459220 0.889478 1.108656
v -0.058057 -0.011825 0.191388
v -0.058407 0.032400 0.192541
v -0.059455 0.076518 0.195996
v -0.061199 0.120423 0.201746
v -0.063635 0.164010 0.209775
v -0.066756 0.207174 0.220066
v -0.070556 0.249809 0.232594
v -0.075026 0.291815 0.247327
v -0.080154 0.333089 0.264231
v -0.085927 0.373532 0.283265
v -0.092333 0.413046 0.304382
v -0.099356 0.451537 0.327533
v -0.106979 0.488912 0.352662
v -0.115183 0.525080 0.379707
v -0.123948 0.559955 0.408604
v -0.133255 0.593453 0.439282
v -0.143079 0.625492 0.471669
v -0.153398 0.655996 0.505687
v -0.164187 0.684891 0.541252
v -0.175419 0.712108 0.578280
v -0.187068 0.737581 0.616681
v -0.199105 0.761248 0.656363
v -0.211502 0.783053 0.697230
v -0.224229 0.802943 0.739184
v -0.237254 0.820870 0.782123
v -0.250547 0.836791 0.825945
v -0.264076 0.850668 0.870543
v -0.277808 0.862467 0.915811
v -0.291710 0.872159 0.961639
v -0.305748 0.879722 1.007916
v -0.319889 0.885138 1.054532
v -0.334098 0.888392 1.101374
v -0.348341 0.889478 1.148328
v -0.039018 -0.011825 0.196157
v -0.039253 0.032400 0.197338
v -0.039958 0.076518 0.200880
v -0.041130 0.120423 0.206773
v -0.042767 0.164010 0.215003
v -0.044865 0.207174 0.225550
v -0.047419 0.249809 0.238389
v -0.050422 0.291815 0.253490
v -0.053868 0.333089 0.270815
v -0.057749 0.373532 0.290323
v -0.062054 0.413046 0.311967
v -0.066774 0.451537 0.335695
v -0.071897 0.488912 0.361449
v -0.077410 0.525080 0.389168
v -0.083302 0.559955 0.418785
v -0.089556 0.593453 0.450228
v -0.096159 0.625492 0.483422
v -0.103094 0.655996 0.518287
v -0.110344 0.684891 0.554739
v -0.117893 0.712108 0.592689
v -0.125722 0.737581 0.632047
v -0.133812 0.761248 0.672718
v -0.142143 0.783053 0.714603
v -0.150697 0.802943 0.757603
v -0.159451 0.820870 0.801612
v -0.168384 0.836791 0.846526
v -0.177477 0.850668 0.892235
v -0.186705 0.862467 0.938631
v -0.196048 0.872159 0.985601
v -0.205483 0.879722 1.033031
v -0.214986 0.885138 1.080809
v -0.224536 0.888392 1.128818
v -0.234108 0.889478 1.176942
v -0.019603 -0.011825 0.199037
v -0.019722 0.032400 0.200236
v -0.020075 0.076518 0.203829
v -0.020664 0.120423 0.209808
v -0.021487 0.164010 0.218159
v -0.022541 0.207174 0.228861
v -0.023824 0.249809 0.241889
v -0.025333 0.291815 0.257211
v -0.027065 0.333089 0.274791
v -0.029014 0.373532 0.294585
v -0.031177 0.413046 0.316547
v -0.033548 0.451537 0.340623
v -0.036122 0.488912 0.366756
v -0.038892 0.525080 0.394882
v -0.041852 0.559955 0.424933
v -0.044995 0.593453 0.456838
v -0.048312 0.625492 0.490520
v -0.051796 0.655996 0.525896
v -0.055439 0.684891 0.562883
v -0.059232 0.712108 0.601391
v -0.063165 0.737581 0.641327
v -0.067230 0.761248 0.682594
v -0.071415 0.783053 0.725095
v -0.075713 0.802943 0.768725
v -0.080111 0.820870 0.813381
v -0.084599 0.836791 0.858954
v -0.089167 0.850668 0.905335
v -0.093804 0.862467 0.952411
v -0.098498 0.872159 1.000071
v -0.103238 0.879722 1.048198
v -0.108013 0.885138 1.096677
v -0.112811 0.888392 1.145390
v -0.117620 0.889478 1.194222
v -0.000000 -0.011825 0.200000
v -0.000000 0.032400 0.201205
v -0.000000 0.076518 0.204815
v -0.000000 0.120423 0.210824
v -0.000000 0.164010 0.219215
v -0.000000 0.207174 0.229969
v -0.000000 0.249809 0.243060
v -0.000000 0.291815 0.258456
v -0.000000 0.333089 0.276120
v -0.000000 0.373532 0.296011
v -0.000000 0.413046 0.318079
v -0.000000 0.451537 0.342271
v -0.000000 0.488912 0.368530
v -0.000000 0.525080 0.396792
v 0.000000 0.559955 0.426990
v 0.000000 0.593453 0.459049
v 0.000000 0.625492 0.492893
v 0.000000 0.655996 0.528441
v 0.000000 0.684891 0.565607
v 0.000000 0.712108 0.604301
v 0.000000 0.737581 0.644430
v 0.000000 0.761248 0.685897
v 0.000000 0.783053 0.728603
v 0.000000 0.802943 0.772445
v 0.000000 0.820870 0.817316
v 0.000000 0.836791 0.863110
v 0.000000 0.850668 0.909715
v 0.000000 0.862467 0.957020
v 0.000000 0.872159 1.004910
v 0.000000 0.879722 1.053269
v 0.000000 0.885138 1.101983
v 0.000000 0.888392 1.150932
v 0.000000 0.889478 1.200000
v 0.019603 -0.011825 0.199037
v 0.019722 0.032400 0.200236
v 0.020075 0.076518 0.203829
v 0.020664 0.120423 0.209808
v 0.021487 0.164010 0.218159
v 0.022541 0.207174 0.228861
v 0.023824 0.249809 0.241889
v 0.025333 0.291815 0.257211
v 0.027065 0.333089 0.274791
v 0.029014 0.373532 0.294585
v 0.031177 0.413046 0.316547
v 0.033549 0.451537 0.340623
v 0.036122 0.488912 0.366756
v 0.038893 0.525080 0.394882
v 0.041852 0.559955 0.424933
v 0.044995 0.593453 0.456838
v 0.048312 0.625492 0.490520
v 0.051796 0.655996 0.525896
v 0.055439 0.684891 0.562883
v 0.059232 0.712108 0.601391
v 0.063165 0.737581 0.641327
v 0.067230 0.761248 0.682594
v 0.071416 0.783053 0.725095
v 0.075713 0.802943 0.768725
v 0.080111 0.820870 0.813381
v 0.084600 0.836791 0.858954
v 0.089168 0.850668 0.905335
v 0.093805 0.862467 0.952411
v 0.098499 0.872159 1.000071
v 0.103239 0.879722 1.048198
v 0.108014 0.885138 1.096677
v 0.112812 0.888392 1.145390
v 0.117621 0.889478 1.194222
v 0.039018 -0.011825 0.196157
v 0.039253 0.032400 0.197339
v 0.039957 0.076518 0.200880
v 0.041130 0.120423 0.206773
v 0.042767 0.164010 0.215003
v 0.044865 0.207174 0.225550
v 0.047419 0.249809 0.238389
v 0.050422 0.291815 0.253490
v 0.053868 0.333089 0.270815
v 0.057749 0.373532 0.290323
v 0.062054 0.413046 0.311967
v 0.066774 0.451537 0.335695
v 0.071897 0.488912 0.361449
v 0.077410 0.525080 0.389168
v 0.083302 0.559955 0.418785
v 0.089556 0.593453 0.450228
v 0.096159 0.625492 0.483422
v 0.103094 0.655996 0.518287
v 0.110344 0.684891 0.554739
v 0.117893 0.712108 0.592689
v 0.125722 0.737581 0.632047
v 0.133812 0.761248 0.672718
v 0.142144 0.783053 0.714603
v 0.150697 0.802943 0.757603
v 0.159451 0.820870 0.801612
v 0.168385 0.836791 0.846526
v 0.177477 0.850668 0.892235
v 0.186705 0.862467 0.938631
v 0.196048 0.872159 0.985601
v 0.205483 0.879722 1.033031
v 0.214986 0.885138 1.080809
v 0.224536 0.888392 1.128818
v 0.234109 0.889478 1.176942
v 0.058057 -0.011825 0.191388
v 0.058407 0.032400 0.192541
v 0.059455 0.076518 0.195996
v 0.061199 0.120423 0.201746
v 0.063635 0.164010 0.209775
v 0.066756 0.207174 0.220066
v 0.070557 0.249809 0.232594
v 0.075026 0.291815 0.247327
v 0.080154 0.333089 0.264231
v 0.085927 0.373532 0.283265
v 0.092333 0.413046 0.304382
v 0.099356 0.451537 0.327533
v 0.106979 0.488912 0.352662
v 0.115183 0.525080 0.379707
v 0.123949 0.559955 0.408604
v 0.133255 0.593453 0.439282
v 0.143080 0.625492 0.471669
v 0.153399 0.655996 0.505686
v 0.164187 0.684891 0.541252
v 0.175419 0.712108 0.578280
v 0.187068 0.737581 0.616681
v 0.199106 0.761248 0.656363
v 0.211503 0.783053 0.697230
v 0.224229 0.802943 0.739184
v 0.237255 0.820870 0.782123
v 0.250548 0.836791 0.825945
v 0.264077 0.850668 0.870543
v 0.277809 0.862467 0.915811
v 0.291710 0.872159 0.961638
v 0.305748 0.879722 1.007916
v 0.319889 0.885138 1.054532
v 0.334099 0.888392 1.101374
v 0.348342 0.889478 1.148328
v 0.076537 -0.011825 0.184776
v 0.076998 0.032400 0.185889
v 0.078379 0.076518 0.189225
v 0.080679 0.120423 0.194776
v 0.083890 0.164010 0.202528
v 0.088005 0.207174 0.212463
v 0.093015 0.249809 0.224558
v 0.098907 0.291815 0.238782
v 0.105667 0.333089 0.255102
v 0.113278 0.373532 0.273478
v 0.121724 0.413046 0.293866
v 0.130982 0.451537 0.316218
v 0.141031 0.488912 0.340478
v 0.151846 0.525080 0.366588
v 0.163402 0.559955 0.394487
v 0.175670 0.593453 0.424106
v 0.188622 0.625492 0.455374
v 0.202226 0.655996 0.488216
v 0.216448 0.684891 0.522552
v 0.231256 0.712108 0.558301
v 0.246613 0.737581 0.595375
v 0.262482 0.761248 0.633686
v 0.278825 0.783053 0.673142
v 0.295602 0.802943 0.713646
v 0.312774 0.820870 0.755102
v 0.330298 0.836791 0.797410
v 0.348133 0.850668 0.840467
v 0.366236 0.862467 0.884171
v 0.384562 0.872159 0.928415
v 0.403069 0.879722 0.973094
v 0.421711 0.885138 1.018099
v 0.440443 0.888392 1.063323
v 0.459220 0.889478 1.108655
v 0.094279 -0.011825 0.176384
v 0.094847 0.032400 0.177447
v 0.096549 0.076518 0.180631
v 0.099381 0.120423 0.185930
v 0.103337 0.164010 0.193330
v 0.108406 0.207174 0.202814
v 0.114577 0.249809 0.214359
v 0.121835 0.291815 0.227938
v 0.130162 0.333089 0.243517
v 0.139538 0.373532 0.261058
v 0.149941 0.413046 0.280520
v 0.161346 0.451537 0.301856
v 0.173724 0.488912 0.325015
v 0.187047 0.525080 0.349940
v 0.201281 0.559955 0.376571
v 0.216394 0.593453 0.404845
v 0.232348 0.625492 0.434693
v 0.249105 0.655996 0.466043
v 0.266625 0.684891 0.498821
v 0.284865 0.712108 0.532946
v 0.303782 0.737581 0.568336
v 0.323330 0.761248 0.604907
v 0.343461 0.783053 0.642571
v 0.364128 0.802943 0.681236
v 0.385280 0.820870 0.720809
v 0.406867 0.836791 0.761195
v 0.428837 0.850668 0.802297
v 0.451136 0.862467 0.844016
v 0.473711 0.872159 0.886251
v 0.496508 0.879722 0.928901
v 0.519471 0.885138 0.971862
v 0.542546 0.888392 1.015032
v 0.565676 0.889478 1.058306
v 0.111114 -0.011825 0.166294
v 0.111783 0.032400 0.167296
v 0.113789 0.076518 0.170298
v 0.117127 0.120423 0.175293
v 0.121789 0.164010 0.182270
v 0.127764 0.207174 0.191212
v 0.135037 0.249809 0.202097
v 0.143590 0.291815 0.214898
v 0.153404 0.333089 0.229586
v 0.164455 0.373532 0.246124
v 0.176715 0.413046 0.264473
v 0.190156 0.451537 0.284588
v 0.204745 0.488912 0.306422
v 0.220446 0.525080 0.329921
v 0.237223 0.559955 0.355029
v 0.255034 0.593453 0.381685
v 0.273837 0.625492 0.409826
v 0.293586 0.655996 0.439383
v 0.314234 0.684891 0.470285
v 0.335732 0.712108 0.502458
v 0.358026 0.737581 0.535824
v 0.381064 0.761248 0.570303
v 0.404790 0.783053 0.605811
v 0.429148 0.802943 0.642264
v 0.454077 0.820870 0.679574
v 0.479519 0.836791 0.717650
v 0.505411 0.850668 0.756401
v 0.531692 0.862467 0.795733
v 0.558298 0.872159 0.835552
v 0.585165 0.879722 0.875761
v 0.612229 0.885138 0.916265
v 0.639424 0.888392 0.956965
v 0.666685 0.889478 0.997763
v 0.126879 -0.011825 0.154602
v 0.127643 0.032400 0.155533
v 0.129933 0.076518 0.158324
v 0.133745 0.120423 0.162969
v 0.139068 0.164010 0.169455
v 0.145891 0.207174 0.177768
v 0.154195 0.249809 0.187888
v 0.163963 0.291815 0.199789
v 0.175169 0.333089 0.213444
v 0.187787 0.373532 0.228819
v 0.201787 0.413046 0.245878
v 0.217135 0.451537 0.264579
v 0.233793 0.488912 0.284878
v 0.251722 0.525080 0.306725
v 0.270879 0.559955 0.330067
v 0.291218 0.593453 0.354850
v 0.312688 0.625492 0.381012
v 0.335239 0.655996 0.408490
v 0.358817 0.684891 0.437220
v 0.383364 0.712108 0.467131
v 0.408822 0.737581 0.498151
v 0.435129 0.761248 0.530206
v 0.462221 0.783053 0.563218
v 0.490034 0.802943 0.597108
v 0.518500 0.820870 0.631794
v 0.547551 0.836791 0.667193
v 0.577117 0.850668 0.703219
v 0.607127 0.862467 0.739786
v 0.637508 0.872159 0.776806
v 0.668187 0.879722 0.814188
v 0.699091 0.885138 0.851844
v 0.730144 0.888392 0.889683
v 0.761272 0.889478 0.927613
v 0.141421 -0.011825 0.141421
v 0.142273 0.032400 0.142273
v 0.144826 0.076518 0.144826
v 0.149075 0.120423 0.149075
v 0.155008 0.164010 0.155008
v 0.162612 0.207174 0.162612
v 0.171869 0.249809 0.171869
v 0.182756 0.291815 0.182756
v 0.195247 0.333089 0.195247
v 0.209311 0.373531 0.209311
v 0.224916 0.413046 0.224916
v 0.242022 0.451537 0.242022
v 0.260590 0.488912 0.260590
v 0.280575 0.525080 0.280575
v 0.301927 0.559955 0.301927
v 0.324597 0.593453 0.324596
v 0.348528 0.625492 0.348528
v 0.373664 0.655996 0.373664
v 0.399944 0.684891 0.399944
v 0.427305 0.712108 0.427305
v 0.455681 0.737581 0.455681
v 0.485003 0.761248 0.485002
v 0.515200 0.783053 0.515200
v 0.546201 0.802943 0.546201
v 0.577930 0.820870 0.577930
v 0.610311 0.836791 0.610311
v 0.643266 0.850668 0.643266
v 0.676715 0.862467 0.676715
v 0.710579 0.872159 0.710578
v 0.744774 0.879722 0.744774
v 0.779220 0.885138 0.779219
v 0.813832 0.888392 0.813832
v 0.848529 0.889478 0.848528
v 0.154602 -0.011825 0.126879
v 0.155533 0.032400 0.127643
v 0.158324 0.076518 0.129933
v 0.162969 0.120423 0.133745
v 0.169455 0.164010 0.139068
v 0.177768 0.207174 0.145891
v 0.187888 0.249809 0.154195
v 0.199789 0.291815 0.163963
v 0.213444 0.333089 0.175169
v 0.228819 0.373531 0.187787
v 0.245878 0.413046 0.201787
v 0.264579 0.451537 0.217135
v 0.284878 0.488912 0.233793
v 0.306725 0.525080 0.251722
v 0.330067 0.559955 0.270879
v 0.354850 0.593453 0.291217
v 0.381012 0.625492 0.312688
v 0.408491 0.655996 0.335239
v 0.437220 0.684891 0.358817
v 0.467131 0.712108 0.383364
v 0.498151 0.737581 0.408822
v 0.530206 0.761248 0.435129
v 0.563218 0.783053 0.462221
v 0.597108 0.802943 0.490034
v 0.631794 0.820870 0.518500
v 0.667193 0.836791 0.547551
v 0.703220 0.850668 0.577117
v 0.739786 0.862467 0.607127
v 0.776806 0.872159 0.637508
v 0.814188 0.879722 0.668187
v 0.851844 0.885138 0.699090
v 0.889683 0.888392 0.730144
v 0.927613 0.889478 0.761272
v 0.166294 -0.011825 0.111114
v 0.167295 0.032400 0.111783
v 0.170298 0.076518 0.113789
v 0.175293 0.120423 0.117127
v 0.182270 0.164010 0.121789
v 0.191212 0.207174 0.127764
v 0.202097 0.249809 0.135037
v 0.214898 0.291815 0.143590
v 0.229586 0.333089 0.153404
v 0.246124 0.373531 0.164455
v 0.264473 0.413046 0.176715
v 0.284588 0.451537 0.190156
v 0.306422 0.488912 0.204745
v 0.329921 0.525080 0.220446
v 0.355029 0.559955 0.237223
v 0.381685 0.593453 0.255034
v 0.409826 0.625492 0.273837
v 0.439383 0.655996 0.293586
v 0.470285 0.684891 0.314234
v 0.502458 0.712108 0.335732
v 0.535824 0.737581 0.358026
v 0.570303 0.761248 0.381064
v 0.605811 0.783053 0.404790
v 0.642264 0.802943 0.429147
v 0.679574 0.820870 0.454077
v 0.717650 0.836791 0.479518
v 0.756401 0.850668 0.505411
v 0.795733 0.862467 0.531692
v 0.835552 0.872159 0.558298
v 0.875762 0.879722 0.585165
v 0.916265 0.885138 0.612229
v 0.956965 0.888392 0.639424
v 0.997764 0.889478 0.666684
v 0.176384 -0.011825 0.094279
v 0.177447 0.032400 0.094847
v 0.180631 0.076518 0.096549
v 0.185930 0.120423 0.099382
v 0.193330 0.164010 0.103337
v 0.202814 0.207174 0.108407
v 0.214359 0.249809 0.114578
v 0.227938 0.291815 0.121835
v 0.243517 0.333089 0.130162
v 0.261058 0.373531 0.139538
v 0.280520 0.413046 0.149941
v 0.301856 0.451537 0.161346
v 0.325015 0.488912 0.173724
v 0.349940 0.525080 0.187047
v 0.376571 0.559955 0.201281
v 0.404845 0.593453 0.216394
v 0.434693 0.625492 0.232348
v 0.466043 0.655996 0.249105
v 0.498821 0.684891 0.266625
v 0.532946 0.712108 0.284865
v 0.568336 0.737581 0.303782
v 0.604907 0.761248 0.323330
v 0.642571 0.783053 0.343461
v 0.681236 0.802943 0.364128
v 0.720809 0.820870 0.385280
v 0.761195 0.836791 0.406867
v 0.802297 0.850668 0.428837
v 0.844016 0.862467 0.451136
v 0.886251 0.872159 0.473711
v 0.928901 0.879722 0.496508
v 0.971862 0.885138 0.519471
v 1.015032 0.888392 0.542546
v 1.058306 0.889478 0.565676
v 0.184776 -0.011825 0.076537
v 0.185889 0.032400 0.076998
v 0.189225 0.076518 0.078379
v 0.194776 0.120423 0.080679
v 0.202528 0.164010 0.083890
v 0.212463 0.207174 0.088005
v 0.224558 0.249809 0.093015
v 0.238782 0.291815 0.098907
v 0.255102 0.333089 0.105667
v 0.273478 0.373531 0.113278
v 0.293866 0.413046 0.121724
v 0.316218 0.451537 0.130982
v 0.340478 0.488912 0.141031
v 0.366588 0.525080 0.151846
v 0.394487 0.559955 0.163402
v 0.424106 0.593453 0.175670
v 0.455374 0.625492 0.188622
v 0.488216 0.655996 0.202226
v 0.522552 0.684891 0.216448
v 0.558301 0.712108 0.231256
v 0.595375 0.737581 0.246613
v 0.633686 0.761248 0.262482
v 0.673142 0.783053 0.278824
v 0.713646 0.802943 0.295602
v 0.755102 0.820870 0.312773
v 0.797410 0.836791 0.330298
v 0.840467 0.850668 0.348133
v 0.884171 0.862467 0.366236
v 0.928415 0.872159 0.384562
v 0.973094 0.879722 0.403069
v 1.018100 0.885138 0.421711
v 1.063323 0.888392 0.440443
v 1.108656 0.889478 0.459220
v 0.191388 -0.011825 0.058057
v 0.192541 0.032400 0.058407
v 0.195996 0.076518 0.059455
v 0.201746 0.120423 0.061199
v 0.209775 0.164010 0.063635
v 0.220066 0.207174 0.066756
v 0.232594 0.249809 0.070556
v 0.247327 0.291815 0.075026
v 0.264231 0.333089 0.080154
v 0.283265 0.373531 0.085927
v 0.304382 0.413046 0.092333
v 0.327533 0.451537 0.099356
v 0.352662 0.488912 0.106979
v 0.379707 0.525080 0.115183
v 0.408604 0.559955 0.123948
v 0.439282 0.593453 0.133255
v 0.471669 0.625492 0.143079
v 0.505687 0.655996 0.153398
v 0.541252 0.684891 0.164187
v 0.578280 0.712108 0.175419
v 0.616681 0.737581 0.187068
v 0.656363 0.761248 0.199105
v 0.697230 0.783053 0.211502
v 0.739184 0.802943 0.224229
v 0.782123 0.820870 0.237254
v 0.825945 0.836791 0.250547
v 0.870543 0.850668 0.264076
v 0.915811 0.862467 0.277808
v 0.961639 0.872159 0.291710
v 1.007916 0.879722 0.305748
v 1.054532 0.885138 0.319888
v 1.101374 0.888392 0.334098
v 1.148329 0.889478 0.348341
v 0.196157 -0.011825 0.039018
v 0.197338 0.032400 0.039253
v 0.200880 0.076518 0.039958
v 0.206773 0.120423 0.041130
v 0.215003 0.164010 0.042767
v 0.225550 0.207174 0.044865
v 0.238389 0.249809 0.047419
v 0.253490 0.291815 0.050422
v 0.270815 0.333089 0.053868
v 0.290323 0.373531 0.057749
v 0.311967 0.413046 0.062054
v 0.335695 0.451537 0.066774
v 0.361449 0.488912 0.071897
v 0.389168 0.525080 0.077410
v 0.418785 0.559955 0.083302
v 0.450228 0.593453 0.089556
v 0.483422 0.625492 0.096159
v 0.518287 0.655996 0.103094
v 0.554739 0.684891 0.110344
v 0.592689 0.712108 0.117893
v 0.632047 0.737581 0.125722
v 0.672718 0.761248 0.133812
v 0.714603 0.783053 0.142143
v 0.757603 0.802943 0.150696
v 0.801612 0.820870 0.159450
v 0.846526 0.836791 0.168384
v 0.892236 0.850668 0.177477
v 0.938631 0.862467 0.186705
v 0.985601 0.872159 0.196048
v 1.033031 0.879722 0.205483
v 1.080809 0.885138 0.214986
v 1.128818 0.888392 0.224536
v 1.176943 0.889478 0.234108
v 0.199037 -0.011825 0.019603
v 0.200236 0.032400 0.019721
v 0.203829 0.076518 0.020075
v 0.209808 0.120423 0.020664
v 0.218159 0.164010 0.021487
v 0.228861 0.207174 0.022541
v 0.241889 0.249809 0.023824
v 0.257211 0.291815 0.025333
v 0.274791 0.333089 0.027064
v 0.294585 0.373531 0.029014
v 0.316547 0.413046 0.031177
v 0.340623 0.451537 0.033548
v 0.366756 0.488912 0.036122
v 0.394882 0.525080 0.038892
v 0.424934 0.559955 0.041852
v 0.456839 0.593453 0.044995
v 0.490520 0.625492 0.048312
v 0.525896 0.655996 0.051796
v 0.562883 0.684891 0.055439
v 0.601391 0.712108 0.059232
v 0.641327 0.737581 0.063165
v 0.682595 0.761248 0.067229
v 0.725095 0.783053 0.071415
v 0.768725 0.802943 0.075713
v 0.813381 0.820870 0.080111
v 0.858954 0.836791 0.084599
v 0.905335 0.850668 0.089167
v 0.952412 0.862467 0.093804
v 1.000071 0.872159 0.098498
v 1.048198 0.879722 0.103238
v 1.096677 0.885138 0.108013
v 1.145391 0.888392 0.112811
v 1.194222 0.889478 0.117620
vn 0.6665 -0.7455 -0.0000
vn 0.9937 -0.0544 -0.0979
vn 0.9985 -0.0544 -0.0000
vn 0.6723 -0.7373 -0.0662
vn 0.9793 -0.0544 -0.1948
vn 0.6465 -0.7373 -0.1961
vn 0.9555 -0.0544 -0.2899
vn 0.6076 -0.7533 -0.2517
vn 0.9225 -0.0544 -0.3821
vn 0.8806 -0.0538 -0.4707
vn 0.5958 -0.7373 -0.3185
vn 0.8302 -0.0544 -0.5547
vn 0.5222 -0.7373 -0.4286
vn 0.7719 -0.0544 -0.6335
vn 0.4651 -0.7533 -0.4651
vn 0.7061 -0.0544 -0.7061
vn 0.6335 -0.0544 -0.7719
vn 0.4228 -0.7455 -0.5152
vn 0.5547 -0.0544 -0.8302
vn 0.3099 -0.7534 -0.5799
vn 0.4707 -0.0544 -0.8806
vn 0.2586 -0.7372 -0.6243
vn 0.3821 -0.0544 -0.9225
vn 0.2899 -0.0544 -0.9555
vn 0.1301 -0.7454 -0.6538
vn 0.1948 -0.0544 -0.9793
vn 0.0979 -0.0544 -0.9937
vn 0.0662 -0.7373 -0.6723
vn -0.0000 -0.0544 -0.9985
vn -0.0662 -0.7372 -0.6725
vn -0.0979 -0.0544 -0.9937
vn -0.1948 -0.0544 -0.9793
vn -0.1283 -0.7534 -0.6449
vn -0.2899 -0.0544 -0.9555
vn -0.2517 -0.7533 -0.6076
vn -0.3821 -0.0544 -0.9225
vn -0.4707 -0.0544 -0.8806
vn -0.3703 -0.7455 -0.5542
vn -0.5547 -0.0544 -0.8302
vn -0.4228 -0.7455 -0.5152
vn -0.6335 -0.0544 -0.7719
vn -0.4714 -0.7454 -0.4714
vn -0.7061 -0.0544 -0.7061
vn -0.7719 -0.0544 -0.6335
vn -0.5083 -0.7534 -0.4171
vn -0.8302 -0.0544 -0.5547
vn -0.5617 -0.7373 -0.3753
vn -0.8806 -0.0544 -0.4707
vn -0.5799 -0.7534 -0.3099
vn -0.9225 -0.0544 -0.3821
vn -0.6292 -0.7534 -0.1909
vn -0.9555 -0.0544 -0.2899
vn -0.6538 -0.7454 -0.1301
vn -0.9793 -0.0544 -0.1948
vn -0.9937 -0.0544 -0.0979
vn -0.6723 -0.7373 -0.0662
vn -0.9985 -0.0544 -0.0000
vn -0.6575 -0.7534 -0.0000
vn -0.9937 -0.0544 0.0979
vn -0.6723 -0.7373 0.0662
vn -0.9793 -0.0544 0.1948
vn -0.6449 -0.7534 0.1283
vn -0.9555 -0.0544 0.2899
vn -0.6075 -0.7534 0.2516
vn -0.9226 -0.0536 0.3821
vn -0.5959 -0.7372 0.3185
vn -0.8806 -0.0544 0.4707
vn -0.8302 -0.0544 0.5547
vn -0.5467 -0.7534 0.3653
vn -0.7719 -0.0544 0.6335
vn -0.5152 -0.7456 0.4228
vn -0.7061 -0.0536 0.7061
vn -0.4777 -0.7373 0.4777
vn -0.6335 -0.0544 0.7719
vn -0.3753 -0.7373 0.5617
vn -0.5547 -0.0544 0.8302
vn -0.3100 -0.7533 0.5800
vn -0.4707 -0.0544 0.8806
vn -0.3821 -0.0544 0.9225
vn -0.2585 -0.7373 0.6241
vn -0.2899 -0.0544 0.9555
vn -0.1934 -0.7455 0.6378
vn -0.1948 -0.0544 0.9793
vn -0.0662 -0.7373 0.6723
vn -0.0979 -0.0544 0.9937
vn -0.0000 -0.7533 0.6577
vn -0.0000 -0.0544 0.9985
vn 0.0979 -0.0544 0.9937
vn 0.0662 -0.7373 0.6723
vn 0.1948 -0.0544 0.9793
vn 0.1283 -0.7534 0.6449
vn 0.2899 -0.0544 0.9555
vn 0.2516 -0.7534 0.6075
vn 0.3821 -0.0544 0.9225
vn 0.3185 -0.7373 0.5958
vn 0.4707 -0.0544 0.8806
vn 0.3654 -0.7533 0.5469
vn 0.5547 -0.0544 0.8302
vn 0.6335 -0.0544 0.7719
vn 0.4228 -0.7455 0.5152
vn 0.7061 -0.0544 0.7061
vn 0.5152 -0.7456 0.4228
vn 0.7719 -0.0544 0.6335
vn 0.5467 -0.7534 0.3653
vn 0.8302 -0.0544 0.5547
vn 0.5958 -0.7373 0.3185
vn 0.8806 -0.0544 0.4707
vn 0.6159 -0.7454 0.2551
vn 0.9225 -0.0544 0.3821
vn 0.9555 -0.0544 0.2899
vn 0.6292 -0.7534 0.1909
vn 0.9793 -0.0544 0.1948
vn 0.6626 -0.7373 0.1318
vn 0.9937 -0.0538 0.0978
vn 0.6543 -0.7534 0.0644
vn 0.9893 -0.1087 -0.0974
vn 0.9941 -0.1087 -0.0000
vn 0.9750 -0.1087 -0.1939
vn 0.9513 -0.1087 -0.2886
vn 0.9184 -0.1087 -0.3804
vn 0.8767 -0.1087 -0.4686
vn 0.8265 -0.1087 -0.5523
vn 0.7684 -0.1087 -0.6306
vn 0.7029 -0.1087 -0.7029
vn 0.6306 -0.1087 -0.7684
vn 0.5523 -0.1087 -0.8265
vn 0.4686 -0.1087 -0.8767
vn 0.3804 -0.1087 -0.9184
vn 0.2886 -0.1087 -0.9513
vn 0.1939 -0.1087 -0.9750
vn 0.0974 -0.1087 -0.9893
vn -0.0000 -0.1087 -0.9941
vn -0.0974 -0.1087 -0.9893
vn -0.1939 -0.1087 -0.9750
vn -0.2886 -0.1087 -0.9513
vn -0.3804 -0.1087 -0.9184
vn -0.4686 -0.1087 -0.8767
vn -0.5523 -0.1087 -0.8265
vn -0.6306 -0.1087 -0.7684
vn -0.7029 -0.1087 -0.7029
vn -0.7684 -0.1087 -0.6306
vn -0.8265 -0.1087 -0.5523
vn -0.8767 -0.1087 -0.4686
vn -0.9184 -0.1087 -0.3804
vn -0.9513 -0.1087 -0.2886
vn -0.9750 -0.1087 -0.1939
vn -0.9893 -0.1087 -0.0974
vn -0.9941 -0.1087 -0.0000
vn -0.9893 -0.1087 0.0974
vn -0.9750 -0.1087 0.1939
vn -0.9513 -0.1087 0.2886
vn -0.9184 -0.1087 0.3804
vn -0.8767 -0.1087 0.4686
vn -0.8265 -0.1087 0.5523
vn -0.7684 -0.1087 0.6306
vn -0.7029 -0.1087 0.7029
vn -0.6306 -0.1087 0.7684
vn -0.5523 -0.1087 0.8265
vn -0.4686 -0.1087 0.8767
vn -0.3804 -0.1087 0.9184
vn -0.2886 -0.1087 0.9513
vn -0.1939 -0.1087 0.9750
vn -0.0974 -0.1087 0.9893
vn -0.0000 -0.1087 0.9941
vn 0.0974 -0.1087 0.9893
vn 0.1939 -0.1087 0.9750
vn 0.2886 -0.1087 0.9513
vn 0.3804 -0.1087 0.9184
vn 0.4686 -0.1087 0.8767
vn 0.5523 -0.1087 0.8265
vn 0.6306 -0.1087 0.7684
vn 0.7029 -0.1087 0.7029
vn 0.7684 -0.1087 0.6306
vn 0.8265 -0.1087 0.5523
vn 0.8767 -0.1087 0.4686
vn 0.9184 -0.1087 0.3804
vn 0.9513 -0.1087 0.2886
vn 0.9750 -0.1087 0.1939
vn 0.9893 -0.1087 0.0974
vn 0.9867 -0.1625 -0.0000
vn 0.9820 -0.1625 -0.0967
vn 0.9677 -0.1625 -0.1925
vn 0.9442 -0.1625 -0.2864
vn 0.9116 -0.1625 -0.3776
vn 0.8702 -0.1625 -0.4651
vn 0.8204 -0.1625 -0.5482
vn 0.7627 -0.1625 -0.6260
vn 0.6977 -0.1625 -0.6977
vn 0.6260 -0.1625 -0.7627
vn 0.5482 -0.1625 -0.8204
vn 0.4651 -0.1625 -0.8702
vn 0.3776 -0.1625 -0.9116
vn 0.2864 -0.1625 -0.9442
vn 0.1925 -0.1625 -0.9677
vn 0.0964 -0.1626 -0.9820
vn -0.0000 -0.1625 -0.9867
vn -0.0967 -0.1625 -0.9820
vn -0.1925 -0.1625 -0.9677
vn -0.2864 -0.1625 -0.9442
vn -0.3776 -0.1625 -0.9116
vn -0.4651 -0.1625 -0.8702
vn -0.5482 -0.1625 -0.8204
vn -0.6260 -0.1625 -0.7627
vn -0.6977 -0.1625 -0.6977
vn -0.7627 -0.1625 -0.6260
vn -0.8204 -0.1625 -0.5482
vn -0.8702 -0.1625 -0.4651
vn -0.9116 -0.1625 -0.3776
vn -0.9442 -0.1625 -0.2864
vn -0.9677 -0.1625 -0.1925
vn -0.9820 -0.1625 -0.0967
vn -0.9867 -0.1625 -0.0000
vn -0.9820 -0.1625 0.0967
vn -0.9677 -0.1625 0.1925
vn -0.9442 -0.1625 0.2864
vn -0.9116 -0.1625 0.3776
vn -0.8702 -0.1625 0.4651
vn -0.8204 -0.1625 0.5482
vn -0.7627 -0.1625 0.6260
vn -0.6977 -0.1625 0.6977
vn -0.6260 -0.1625 0.7627
vn -0.5482 -0.1625 0.8204
vn -0.4651 -0.1625 0.8702
vn -0.3776 -0.1625 0.9116
vn -0.2864 -0.1625 0.9442
vn -0.1925 -0.1625 0.9677
vn -0.0970 -0.1626 0.9819
vn -0.0000 -0.1625 0.9867
vn 0.0967 -0.1625 0.9820
vn 0.1925 -0.1625 0.9677
vn 0.2864 -0.1625 0.9442
vn 0.3776 -0.1625 0.9116
vn 0.4651 -0.1625 0.8702
vn 0.5482 -0.1625 0.8204
vn 0.6260 -0.1625 0.7627
vn 0.6977 -0.1625 0.6977
vn 0.7627 -0.1625 0.6260
vn 0.8204 -0.1625 0.5482
vn 0.8702 -0.1625 0.4651
vn 0.9116 -0.1625 0.3776
vn 0.9442 -0.1625 0.2864
vn 0.9677 -0.1625 0.1925
vn 0.9820 -0.1625 0.0967
vn 0.9718 -0.2157 -0.0957
vn 0.9765 -0.2157 -0.0000
vn 0.9577 -0.2157 -0.1905
vn 0.9344 -0.2157 -0.2835
vn 0.9021 -0.2157 -0.3737
vn 0.8612 -0.2157 -0.4603
vn 0.8119 -0.2157 -0.5425
vn 0.7548 -0.2157 -0.6195
vn 0.6905 -0.2157 -0.6905
vn 0.6195 -0.2157 -0.7548
vn 0.5425 -0.2157 -0.8119
vn 0.4603 -0.2157 -0.8612
vn 0.3737 -0.2157 -0.9021
vn 0.2835 -0.2157 -0.9344
vn 0.1905 -0.2157 -0.9577
vn 0.0957 -0.2157 -0.9718
vn -0.0000 -0.2157 -0.9765
vn -0.0957 -0.2157 -0.9718
vn -0.1905 -0.2157 -0.9577
vn -0.2835 -0.2157 -0.9344
vn -0.3737 -0.2157 -0.9021
vn -0.4603 -0.2157 -0.8612
vn -0.5425 -0.2157 -0.8119
vn -0.6195 -0.2157 -0.7548
vn -0.6905 -0.2157 -0.6905
vn -0.7548 -0.2157 -0.6195
vn -0.8119 -0.2157 -0.5425
vn -0.8612 -0.2157 -0.4603
vn -0.9021 -0.2157 -0.3737
vn -0.9344 -0.2157 -0.2835
vn -0.9577 -0.2157 -0.1905
vn -0.9718 -0.2157 -0.0957
vn -0.9765 -0.2157 -0.0000
vn -0.9718 -0.2157 0.0957
vn -0.9577 -0.2157 0.1905
vn -0.9344 -0.2157 0.2835
vn -0.9021 -0.2157 0.3737
vn -0.8612 -0.2157 0.4603
vn -0.8119 -0.2157 0.5425
vn -0.7548 -0.2157 0.6195
vn -0.6905 -0.2157 0.6905
vn -0.6195 -0.2157 0.7548
vn -0.5425 -0.2157 0.8119
vn -0.4600 -0.2157 0.8613
vn -0.3737 -0.2157 0.9021
vn -0.2835 -0.2157 0.9344
vn -0.1905 -0.2157 0.9577
vn -0.0957 -0.2157 0.9718
vn -0.0000 -0.2157 0.9765
vn 0.0957 -0.2157 0.9718
vn 0.1905 -0.2157 0.9577
vn 0.2835 -0.2157 0.9344
vn 0.3737 -0.2157 0.9021
vn 0.4603 -0.2157 0.8612
vn 0.5425 -0.2157 0.8119
vn 0.6195 -0.2157 0.7548
vn 0.6905 -0.2157 0.6905
vn 0.7548 -0.2157 0.6195
vn 0.8119 -0.2157 0.5425
vn 0.8612 -0.2157 0.4603
vn 0.9021 -0.2157 0.3737
vn 0.9344 -0.2157 0.2835
vn 0.9577 -0.2157 0.1905
vn 0.9718 -0.2157 0.0957
vn 0.9588 -0.2682 -0.0941
vn 0.9635 -0.2679 -0.0003
vn 0.9449 -0.2680 -0.1880
vn 0.9221 -0.2681 -0.2792
vn 0.8901 -0.2680 -0.3687
vn 0.8497 -0.2680 -0.4542
vn 0.8011 -0.2680 -0.5352
vn 0.7451 -0.2679 -0.6108
vn 0.6812 -0.2680 -0.6812
vn 0.6112 -0.2680 -0.7447
vn 0.5353 -0.2680 -0.8011
vn 0.4542 -0.2680 -0.8497
vn 0.3687 -0.2680 -0.8901
vn 0.2797 -0.2680 -0.9219
vn 0.1876 -0.2679 -0.9450
vn 0.0944 -0.2680 -0.9588
vn -0.0000 -0.2680 -0.9634
vn -0.0944 -0.2680 -0.9588
vn -0.1876 -0.2684 -0.9449
vn -0.2797 -0.2680 -0.9219
vn -0.3687 -0.2680 -0.8901
vn -0.4542 -0.2680 -0.8497
vn -0.5353 -0.2680 -0.8011
vn -0.6112 -0.2680 -0.7447
vn -0.6812 -0.2680 -0.6812
vn -0.7447 -0.2680 -0.6112
vn -0.8011 -0.2680 -0.5353
vn -0.8495 -0.2679 -0.4545
vn -0.8901 -0.2680 -0.3687
vn -0.9219 -0.2680 -0.2797
vn -0.9449 -0.2680 -0.1880
vn -0.9588 -0.2680 -0.0944
vn -0.9633 -0.2683 -0.0003
vn -0.9588 -0.2680 0.0944
vn -0.9449 -0.2680 0.1880
vn -0.9219 -0.2680 0.2797
vn -0.8901 -0.2680 0.3687
vn -0.8497 -0.2680 0.4542
vn -0.8011 -0.2680 0.5352
vn -0.7450 -0.2681 0.6108
vn -0.6812 -0.2680 0.6812
vn -0.6112 -0.2680 0.7447
vn -0.5352 -0.2680 0.8011
vn -0.4542 -0.2680 0.8497
vn -0.3687 -0.2680 0.8901
vn -0.2794 -0.2683 0.9219
vn -0.1880 -0.2680 0.9449
vn -0.0948 -0.2680 0.9587
vn -0.0000 -0.2680 0.9634
vn 0.0944 -0.2680 0.9588
vn 0.1880 -0.2680 0.9449
vn 0.2797 -0.2680 0.9219
vn 0.3687 -0.2680 0.8901
vn 0.4537 -0.2681 0.8499
vn 0.5350 -0.2679 0.8013
vn 0.6112 -0.2680 0.7447
vn 0.6812 -0.2680 0.6812
vn 0.7447 -0.2680 0.6112
vn 0.8011 -0.2680 0.5352
vn 0.8497 -0.2680 0.4542
vn 0.8901 -0.2680 0.3687
vn 0.9219 -0.2680 0.2797
vn 0.9449 -0.2680 0.1880
vn 0.9588 -0.2680 0.0944
vn 0.9477 -0.3192 -0.0000
vn 0.9431 -0.3192 -0.0929
vn 0.9294 -0.3195 -0.1846
vn 0.9069 -0.3192 -0.2751
vn 0.8755 -0.3192 -0.3627
vn 0.8358 -0.3192 -0.4467
vn 0.7881 -0.3193 -0.5262
vn 0.7326 -0.3192 -0.6012
vn 0.6701 -0.3192 -0.6701
vn 0.6012 -0.3192 -0.7326
vn 0.5265 -0.3192 -0.7880
vn 0.4467 -0.3192 -0.8358
vn 0.3627 -0.3192 -0.8755
vn 0.2754 -0.3192 -0.9068
vn 0.1849 -0.3192 -0.9295
vn 0.0929 -0.3192 -0.9431
vn -0.0000 -0.3192 -0.9477
vn -0.0929 -0.3192 -0.9431
vn -0.1849 -0.3192 -0.9295
vn -0.2751 -0.3192 -0.9069
vn -0.3627 -0.3192 -0.8755
vn -0.4467 -0.3192 -0.8358
vn -0.5262 -0.3193 -0.7881
vn -0.6012 -0.3192 -0.7326
vn -0.6701 -0.3192 -0.6701
vn -0.7323 -0.3194 -0.6014
vn -0.7878 -0.3193 -0.5268
vn -0.8358 -0.3192 -0.4467
vn -0.8757 -0.3192 -0.3624
vn -0.9071 -0.3191 -0.2747
vn -0.9293 -0.3197 -0.1848
vn -0.9431 -0.3191 -0.0933
vn -0.9477 -0.3192 -0.0000
vn -0.9431 -0.3192 0.0929
vn -0.9295 -0.3192 0.1849
vn -0.9069 -0.3192 0.2751
vn -0.8757 -0.3192 0.3624
vn -0.8358 -0.3192 0.4467
vn -0.7880 -0.3192 0.5265
vn -0.7326 -0.3192 0.6012
vn -0.6701 -0.3192 0.6701
vn -0.6012 -0.3192 0.7326
vn -0.5265 -0.3192 0.7880
vn -0.4467 -0.3192 0.8358
vn -0.3627 -0.3192 0.8755
vn -0.2751 -0.3192 0.9069
vn -0.1849 -0.3192 0.9295
vn -0.0933 -0.3193 0.9430
vn -0.0000 -0.3192 0.9477
vn 0.0929 -0.3192 0.9431
vn 0.1849 -0.3192 0.9295
vn 0.2754 -0.3193 0.9068
vn 0.3627 -0.3192 0.8755
vn 0.4467 -0.3192 0.8358
vn 0.5265 -0.3192 0.7880
vn 0.6012 -0.3192 0.7326
vn 0.6699 -0.3193 0.6703
vn 0.7326 -0.3192 0.6012
vn 0.7880 -0.3192 0.5265
vn 0.8358 -0.3192 0.4467
vn 0.8755 -0.3192 0.3627
vn 0.9069 -0.3192 0.2751
vn 0.9295 -0.3192 0.1849
vn 0.9431 -0.3192 0.0929
vn 0.9292 -0.3696 0.0004
vn 0.9249 -0.3691 -0.0908
vn 0.9116 -0.3692 -0.1809
vn 0.8893 -0.3693 -0.2698
vn 0.8586 -0.3693 -0.3556
vn 0.8196 -0.3693 -0.4381
vn 0.7727 -0.3693 -0.5163
vn 0.7181 -0.3692 -0.5899
vn 0.6571 -0.3693 -0.6571
vn 0.5896 -0.3693 -0.7184
vn 0.5163 -0.3693 -0.7727
vn 0.4381 -0.3693 -0.8196
vn 0.3556 -0.3693 -0.8586
vn 0.2701 -0.3693 -0.8892
vn 0.1813 -0.3693 -0.9115
vn 0.0911 -0.3693 -0.9249
vn -0.0000 -0.3693 -0.9293
vn -0.0911 -0.3693 -0.9249
vn -0.1813 -0.3693 -0.9115
vn -0.2698 -0.3693 -0.8893
vn -0.3552 -0.3695 -0.8586
vn -0.4381 -0.3693 -0.8196
vn -0.5163 -0.3693 -0.7727
vn -0.5896 -0.3693 -0.7184
vn -0.6571 -0.3693 -0.6571
vn -0.7184 -0.3693 -0.5896
vn -0.7726 -0.3691 -0.5166
vn -0.8196 -0.3693 -0.4381
vn -0.8586 -0.3693 -0.3556
vn -0.8893 -0.3693 -0.2698
vn -0.9115 -0.3693 -0.1813
vn -0.9249 -0.3693 -0.0911
vn -0.9293 -0.3693 -0.0000
vn -0.9249 -0.3693 0.0911
vn -0.9116 -0.3692 0.1810
vn -0.8893 -0.3693 0.2698
vn -0.8586 -0.3693 0.3556
vn -0.8196 -0.3693 0.4381
vn -0.7727 -0.3693 0.5163
vn -0.7184 -0.3693 0.5896
vn -0.6571 -0.3693 0.6571
vn -0.5896 -0.3693 0.7184
vn -0.5163 -0.3693 0.7727
vn -0.4381 -0.3693 0.8196
vn -0.3556 -0.3693 0.8586
vn -0.2698 -0.3693 0.8893
vn -0.1813 -0.3693 0.9115
vn -0.0911 -0.3693 0.9249
vn -0.0000 -0.3693 0.9293
vn 0.0911 -0.3693 0.9249
vn 0.1813 -0.3693 0.9115
vn 0.2698 -0.3693 0.8893
vn 0.3556 -0.3693 0.8586
vn 0.4381 -0.3693 0.8196
vn 0.5163 -0.3693 0.7727
vn 0.5896 -0.3693 0.7184
vn 0.6571 -0.3693 0.6571
vn 0.7184 -0.3693 0.5896
vn 0.7727 -0.3693 0.5163
vn 0.8196 -0.3693 0.4381
vn 0.8586 -0.3693 0.3556
vn 0.8893 -0.3693 0.2698
vn 0.9115 -0.3693 0.1813
vn 0.9249 -0.3693 0.0911
vn 0.9041 -0.4179 -0.0890
vn 0.9085 -0.4179 -0.0000
vn 0.8912 -0.4177 -0.1767
vn 0.8694 -0.4179 -0.2637
vn 0.8393 -0.4179 -0.3477
vn 0.8013 -0.4182 -0.4278
vn 0.7556 -0.4178 -0.5045
vn 0.7023 -0.4179 -0.5763
vn 0.6424 -0.4179 -0.6424
vn 0.5763 -0.4179 -0.7023
vn 0.5052 -0.4180 -0.7551
vn 0.4285 -0.4179 -0.8011
vn 0.3477 -0.4179 -0.8393
vn 0.2637 -0.4179 -0.8694
vn 0.1772 -0.4179 -0.8910
vn 0.0890 -0.4179 -0.9041
vn -0.0000 -0.4179 -0.9085
vn -0.0890 -0.4179 -0.9041
vn -0.1772 -0.4179 -0.8910
vn -0.2632 -0.4180 -0.8695
vn -0.3477 -0.4179 -0.8393
vn -0.4283 -0.4179 -0.8012
vn -0.5047 -0.4179 -0.7554
vn -0.5763 -0.4179 -0.7023
vn -0.6421 -0.4181 -0.6425
vn -0.7023 -0.4179 -0.5763
vn -0.7554 -0.4179 -0.5047
vn -0.8012 -0.4179 -0.4283
vn -0.8393 -0.4179 -0.3477
vn -0.8694 -0.4179 -0.2637
vn -0.8910 -0.4179 -0.1772
vn -0.9041 -0.4179 -0.0890
vn -0.9085 -0.4179 -0.0000
vn -0.9041 -0.4179 0.0890
vn -0.8911 -0.4179 0.1769
vn -0.8694 -0.4179 0.2637
vn -0.8393 -0.4179 0.3477
vn -0.8012 -0.4179 0.4283
vn -0.7554 -0.4179 0.5047
vn -0.7023 -0.4179 0.5763
vn -0.6424 -0.4179 0.6424
vn -0.5763 -0.4179 0.7023
vn -0.5047 -0.4179 0.7554
vn -0.4283 -0.4179 0.8012
vn -0.3477 -0.4179 0.8393
vn -0.2637 -0.4179 0.8694
vn -0.1772 -0.4179 0.8910
vn -0.0894 -0.4178 0.9041
vn -0.0000 -0.4179 0.9085
vn 0.0890 -0.4179 0.9041
vn 0.1767 -0.4180 0.8911
vn 0.2633 -0.4178 0.8695
vn 0.3477 -0.4179 0.8393
vn 0.4283 -0.4179 0.8012
vn 0.5047 -0.4179 0.7554
vn 0.5761 -0.4178 0.7025
vn 0.6424 -0.4179 0.6424
vn 0.7020 -0.4185 0.5762
vn 0.7554 -0.4179 0.5047
vn 0.8012 -0.4179 0.4283
vn 0.8393 -0.4179 0.3477
vn 0.8694 -0.4179 0.2637
vn 0.8910 -0.4179 0.1772
vn 0.9039 -0.4184 0.0890
vn 0.8810 -0.4650 -0.0868
vn 0.8853 -0.4651 -0.0003
vn 0.8683 -0.4650 -0.1727
vn 0.8472 -0.4650 -0.2570
vn 0.8179 -0.4650 -0.3388
vn 0.7809 -0.4651 -0.4170
vn 0.7363 -0.4651 -0.4916
vn 0.6844 -0.4650 -0.5616
vn 0.6260 -0.4650 -0.6260
vn 0.5616 -0.4650 -0.6844
vn 0.4919 -0.4650 -0.7361
vn 0.4173 -0.4650 -0.7808
vn 0.3388 -0.4650 -0.8179
vn 0.2570 -0.4650 -0.8472
vn 0.1727 -0.4650 -0.8683
vn 0.0868 -0.4650 -0.8810
vn -0.0000 -0.4650 -0.8853
vn -0.0868 -0.4650 -0.8810
vn -0.1724 -0.4651 -0.8683
vn -0.2570 -0.4650 -0.8472
vn -0.3384 -0.4649 -0.8182
vn -0.4173 -0.4650 -0.7808
vn -0.4919 -0.4650 -0.7361
vn -0.5616 -0.4650 -0.6844
vn -0.6260 -0.4650 -0.6260
vn -0.6844 -0.4650 -0.5616
vn -0.7361 -0.4650 -0.4919
vn -0.7808 -0.4650 -0.4173
vn -0.8179 -0.4650 -0.3388
vn -0.8472 -0.4650 -0.2570
vn -0.8683 -0.4650 -0.1727
vn -0.8811 -0.4651 -0.0863
vn -0.8853 -0.4651 0.0003
vn -0.8810 -0.4650 0.0868
vn -0.8683 -0.4651 0.1724
vn -0.8471 -0.4654 0.2566
vn -0.8179 -0.4650 0.3388
vn -0.7810 -0.4651 0.4169
vn -0.7363 -0.4650 0.4916
vn -0.6844 -0.4650 0.5616
vn -0.6260 -0.4650 0.6260
vn -0.5616 -0.4650 0.6844
vn -0.4922 -0.4651 0.7358
vn -0.4173 -0.4650 0.7808
vn -0.3388 -0.4650 0.8179
vn -0.2570 -0.4650 0.8472
vn -0.1727 -0.4650 0.8683
vn -0.0868 -0.4650 0.8810
vn -0.0000 -0.4650 0.8853
vn 0.0868 -0.4650 0.8810
vn 0.1727 -0.4650 0.8683
vn 0.2570 -0.4650 0.8472
vn 0.3388 -0.4650 0.8179
vn 0.4173 -0.4650 0.7808
vn 0.4919 -0.4650 0.7361
vn 0.5614 -0.4653 0.6844
vn 0.6260 -0.4650 0.6260
vn 0.6844 -0.4650 0.5616
vn 0.7361 -0.4650 0.4919
vn 0.7808 -0.4650 0.4173
vn 0.8179 -0.4650 0.3388
vn 0.8472 -0.4650 0.2570
vn 0.8683 -0.4650 0.1727
vn 0.8811 -0.4650 0.0865
vn 0.8558 -0.5105 -0.0843
vn 0.8599 -0.5105 -0.0003
vn 0.8434 -0.5105 -0.1678
vn 0.8229 -0.5105 -0.2496
vn 0.7944 -0.5105 -0.3291
vn 0.7586 -0.5104 -0.4051
vn 0.7152 -0.5105 -0.4774
vn 0.6647 -0.5105 -0.5455
vn 0.6080 -0.5105 -0.6080
vn 0.5458 -0.5104 -0.6645
vn 0.4777 -0.5105 -0.7150
vn 0.4054 -0.5105 -0.7584
vn 0.3291 -0.5105 -0.7944
vn 0.2496 -0.5105 -0.8229
vn 0.1678 -0.5105 -0.8434
vn 0.0843 -0.5105 -0.8558
vn -0.0003 -0.5104 -0.8599
vn -0.0843 -0.5105 -0.8558
vn -0.1678 -0.5105 -0.8434
vn -0.2492 -0.5104 -0.8230
vn -0.3291 -0.5105 -0.7944
vn -0.4054 -0.5105 -0.7584
vn -0.4777 -0.5105 -0.7150
vn -0.5455 -0.5105 -0.6647
vn -0.6084 -0.5103 -0.6078
vn -0.6647 -0.5105 -0.5455
vn -0.7150 -0.5105 -0.4777
vn -0.7581 -0.5105 -0.4057
vn -0.7942 -0.5105 -0.3295
vn -0.8229 -0.5105 -0.2496
vn -0.8434 -0.5105 -0.1678
vn -0.8558 -0.5105 -0.0840
vn -0.8600 -0.5104 0.0003
vn -0.8555 -0.5109 0.0843
vn -0.8434 -0.5105 0.1678
vn -0.8229 -0.5105 0.2496
vn -0.7944 -0.5105 0.3291
vn -0.7584 -0.5105 0.4054
vn -0.7150 -0.5105 0.4777
vn -0.6647 -0.5105 0.5455
vn -0.6080 -0.5105 0.6080
vn -0.5455 -0.5105 0.6647
vn -0.4779 -0.5108 0.7146
vn -0.4054 -0.5105 0.7584
vn -0.3291 -0.5105 0.7944
vn -0.2496 -0.5105 0.8229
vn -0.1678 -0.5105 0.8434
vn -0.0843 -0.5105 0.8558
vn -0.0004 -0.5107 0.8597
vn 0.0843 -0.5105 0.8558
vn 0.1678 -0.5105 0.8434
vn 0.2492 -0.5104 0.8230
vn 0.3288 -0.5106 0.7944
vn 0.4054 -0.5105 0.7584
vn 0.4777 -0.5105 0.7150
vn 0.5455 -0.5105 0.6647
vn 0.6080 -0.5105 0.6080
vn 0.6645 -0.5103 0.5459
vn 0.7150 -0.5105 0.4777
vn 0.7584 -0.5105 0.4054
vn 0.7942 -0.5105 0.3295
vn 0.8228 -0.5105 0.2499
vn 0.8434 -0.5105 0.1678
vn 0.8558 -0.5105 0.0840
vn 0.8284 -0.5541 -0.0816
vn 0.8325 -0.5540 -0.0004
vn 0.8164 -0.5541 -0.1624
vn 0.7966 -0.5541 -0.2416
vn 0.7690 -0.5540 -0.3190
vn 0.7338 -0.5547 -0.3922
vn 0.6921 -0.5541 -0.4625
vn 0.6435 -0.5541 -0.5281
vn 0.5886 -0.5541 -0.5886
vn 0.5283 -0.5542 -0.6433
vn 0.4625 -0.5541 -0.6921
vn 0.3924 -0.5541 -0.7341
vn 0.3186 -0.5541 -0.7691
vn 0.2416 -0.5541 -0.7966
vn 0.1624 -0.5541 -0.8164
vn 0.0816 -0.5541 -0.8284
vn -0.0000 -0.5541 -0.8324
vn -0.0816 -0.5541 -0.8284
vn -0.1624 -0.5541 -0.8164
vn -0.2416 -0.5541 -0.7966
vn -0.3186 -0.5541 -0.7691
vn -0.3924 -0.5541 -0.7341
vn -0.4625 -0.5541 -0.6921
vn -0.5278 -0.5541 -0.6438
vn -0.5886 -0.5541 -0.5886
vn -0.6432 -0.5542 -0.5284
vn -0.6921 -0.5541 -0.4625
vn -0.7341 -0.5540 -0.3927
vn -0.7689 -0.5542 -0.3189
vn -0.7965 -0.5542 -0.2419
vn -0.8164 -0.5541 -0.1624
vn -0.8284 -0.5542 -0.0810
vn -0.8324 -0.5541 -0.0000
vn -0.8284 -0.5541 0.0816
vn -0.8164 -0.5541 0.1624
vn -0.7966 -0.5541 0.2416
vn -0.7691 -0.5541 0.3186
vn -0.7340 -0.5541 0.3927
vn -0.6921 -0.5541 0.4625
vn -0.6435 -0.5541 0.5281
vn -0.5886 -0.5541 0.5886
vn -0.5279 -0.5547 0.6432
vn -0.4625 -0.5541 0.6921
vn -0.3924 -0.5541 0.7341
vn -0.3186 -0.5541 0.7691
vn -0.2416 -0.5541 0.7966
vn -0.1624 -0.5541 0.8164
vn -0.0816 -0.5541 0.8284
vn -0.0005 -0.5542 0.8324
vn 0.0816 -0.5541 0.8284
vn 0.1624 -0.5541 0.8164
vn 0.2416 -0.5541 0.7966
vn 0.3181 -0.5542 0.7692
vn 0.3924 -0.5541 0.7341
vn 0.4625 -0.5541 0.6921
vn 0.5278 -0.5542 0.6436
vn 0.5886 -0.5541 0.5886
vn 0.6435 -0.5541 0.5281
vn 0.6921 -0.5541 0.4625
vn 0.7341 -0.5541 0.3924
vn 0.7688 -0.5542 0.3190
vn 0.7966 -0.5541 0.2416
vn 0.8164 -0.5541 0.1628
vn 0.8284 -0.5541 0.0816
vn 0.8030 -0.5959 -0.0000
vn 0.7992 -0.5959 -0.0790
vn 0.7876 -0.5959 -0.1567
vn 0.7685 -0.5959 -0.2331
vn 0.7416 -0.5962 -0.3076
vn 0.7082 -0.5959 -0.3785
vn 0.6677 -0.5959 -0.4461
vn 0.6207 -0.5959 -0.5094
vn 0.5678 -0.5959 -0.5678
vn 0.5094 -0.5959 -0.6207
vn 0.4461 -0.5959 -0.6677
vn 0.3785 -0.5959 -0.7082
vn 0.3073 -0.5959 -0.7419
vn 0.2331 -0.5959 -0.7685
vn 0.1569 -0.5960 -0.7875
vn 0.0787 -0.5959 -0.7992
vn -0.0004 -0.5962 -0.8028
vn -0.0787 -0.5959 -0.7992
vn -0.1567 -0.5959 -0.7876
vn -0.2327 -0.5960 -0.7685
vn -0.3073 -0.5959 -0.7419
vn -0.3785 -0.5959 -0.7082
vn -0.4458 -0.5960 -0.6679
vn -0.5094 -0.5959 -0.6208
vn -0.5678 -0.5959 -0.5678
vn -0.6204 -0.5960 -0.5097
vn -0.6677 -0.5959 -0.4461
vn -0.7082 -0.5959 -0.3785
vn -0.7419 -0.5959 -0.3076
vn -0.7682 -0.5960 -0.2337
vn -0.7876 -0.5959 -0.1571
vn -0.7992 -0.5959 -0.0787
vn -0.8030 -0.5959 -0.0000
vn -0.7992 -0.5959 0.0787
vn -0.7876 -0.5959 0.1567
vn -0.7685 -0.5959 0.2331
vn -0.7419 -0.5959 0.3073
vn -0.7082 -0.5959 0.3785
vn -0.6677 -0.5959 0.4461
vn -0.6208 -0.5959 0.5094
vn -0.5681 -0.5959 0.5677
vn -0.5098 -0.5959 0.6205
vn -0.4461 -0.5959 0.6677
vn -0.3785 -0.5959 0.7082
vn -0.3077 -0.5960 0.7417
vn -0.2331 -0.5959 0.7685
vn -0.1567 -0.5959 0.7876
vn -0.0784 -0.5961 0.7991
vn -0.0000 -0.5959 0.8030
vn 0.0787 -0.5959 0.7992
vn 0.1567 -0.5959 0.7876
vn 0.2331 -0.5959 0.7685
vn 0.3073 -0.5959 0.7419
vn 0.3783 -0.5959 0.7084
vn 0.4459 -0.5961 0.6677
vn 0.5094 -0.5959 0.6208
vn 0.5678 -0.5959 0.5678
vn 0.6207 -0.5959 0.5094
vn 0.6677 -0.5959 0.4461
vn 0.7082 -0.5959 0.3785
vn 0.7419 -0.5959 0.3073
vn 0.7684 -0.5958 0.2336
vn 0.7876 -0.5959 0.1567
vn 0.7992 -0.5959 0.0787
vn 0.7681 -0.6358 -0.0757
vn 0.7718 -0.6358 -0.0000
vn 0.7570 -0.6358 -0.1506
vn 0.7386 -0.6358 -0.2241
vn 0.7129 -0.6359 -0.2957
vn 0.6807 -0.6358 -0.3638
vn 0.6418 -0.6358 -0.4288
vn 0.5969 -0.6358 -0.4895
vn 0.5458 -0.6358 -0.5458
vn 0.4897 -0.6358 -0.5966
vn 0.4288 -0.6358 -0.6418
vn 0.3638 -0.6358 -0.6807
vn 0.2951 -0.6357 -0.7133
vn 0.2241 -0.6358 -0.7386
vn 0.1510 -0.6359 -0.7569
vn 0.0757 -0.6358 -0.7681
vn -0.0003 -0.6358 -0.7718
vn -0.0761 -0.6359 -0.7680
vn -0.1506 -0.6358 -0.7570
vn -0.2236 -0.6359 -0.7387
vn -0.2954 -0.6358 -0.7131
vn -0.3638 -0.6358 -0.6807
vn -0.4288 -0.6358 -0.6418
vn -0.4897 -0.6358 -0.5966
vn -0.5458 -0.6358 -0.5458
vn -0.5966 -0.6358 -0.4897
vn -0.6416 -0.6357 -0.4292
vn -0.6807 -0.6358 -0.3638
vn -0.7129 -0.6360 -0.2955
vn -0.7386 -0.6358 -0.2241
vn -0.7570 -0.6358 -0.1506
vn -0.7681 -0.6358 -0.0757
vn -0.7719 -0.6358 -0.0003
vn -0.7679 -0.6361 0.0760
vn -0.7570 -0.6358 0.1506
vn -0.7388 -0.6357 0.2237
vn -0.7131 -0.6358 0.2954
vn -0.6807 -0.6358 0.3638
vn -0.6418 -0.6358 0.4288
vn -0.5970 -0.6357 0.4894
vn -0.5458 -0.6358 0.5458
vn -0.4898 -0.6361 0.5963
vn -0.4291 -0.6357 0.6417
vn -0.3642 -0.6359 0.6805
vn -0.2954 -0.6358 0.7131
vn -0.2241 -0.6358 0.7386
vn -0.1506 -0.6358 0.7570
vn -0.0757 -0.6358 0.7681
vn -0.0002 -0.6360 0.7717
vn 0.0757 -0.6358 0.7681
vn 0.1506 -0.6358 0.7570
vn 0.2241 -0.6358 0.7386
vn 0.2954 -0.6358 0.7131
vn 0.3635 -0.6357 0.6810
vn 0.4288 -0.6358 0.6418
vn 0.4897 -0.6358 0.5966
vn 0.5458 -0.6358 0.5458
vn 0.5966 -0.6358 0.4897
vn 0.6418 -0.6358 0.4288
vn 0.6807 -0.6358 0.3638
vn 0.7131 -0.6358 0.2954
vn 0.7386 -0.6358 0.2241
vn 0.7570 -0.6358 0.1506
vn 0.7681 -0.6358 0.0757
vn 0.7391 -0.6736 0.0004
vn 0.7355 -0.6737 -0.0724
vn 0.7247 -0.6739 -0.1438
vn 0.7072 -0.6737 -0.2145
vn 0.6828 -0.6737 -0.2828
vn 0.6518 -0.6737 -0.3484
vn 0.6146 -0.6737 -0.4103
vn 0.5713 -0.6737 -0.4688
vn 0.5226 -0.6737 -0.5226
vn 0.4688 -0.6737 -0.5713
vn 0.4106 -0.6737 -0.6145
vn 0.3484 -0.6737 -0.6518
vn 0.2830 -0.6738 -0.6825
vn 0.2145 -0.6737 -0.7072
vn 0.1442 -0.6737 -0.7248
vn 0.0722 -0.6736 -0.7355
vn -0.0000 -0.6737 -0.7390
vn -0.0724 -0.6737 -0.7355
vn -0.1442 -0.6737 -0.7248
vn -0.2145 -0.6737 -0.7072
vn -0.2828 -0.6737 -0.6828
vn -0.3484 -0.6737 -0.6518
vn -0.4106 -0.6737 -0.6145
vn -0.4686 -0.6736 -0.5716
vn -0.5226 -0.6737 -0.5226
vn -0.5713 -0.6737 -0.4688
vn -0.6145 -0.6737 -0.4106
vn -0.6515 -0.6737 -0.3487
vn -0.6825 -0.6738 -0.2834
vn -0.7072 -0.6737 -0.2145
vn -0.7248 -0.6737 -0.1442
vn -0.7351 -0.6741 -0.0724
vn -0.7390 -0.6737 -0.0000
vn -0.7355 -0.6736 0.0722
vn -0.7248 -0.6737 0.1442
vn -0.7071 -0.6739 0.2142
vn -0.6828 -0.6737 0.2828
vn -0.6518 -0.6737 0.3484
vn -0.6148 -0.6736 0.4103
vn -0.5713 -0.6737 0.4688
vn -0.5226 -0.6737 0.5226
vn -0.4692 -0.6736 0.5711
vn -0.4106 -0.6737 0.6145
vn -0.3487 -0.6737 0.6515
vn -0.2828 -0.6737 0.6828
vn -0.2142 -0.6737 0.7073
vn -0.1442 -0.6737 0.7248
vn -0.0724 -0.6737 0.7355
vn -0.0000 -0.6737 0.7390
vn 0.0724 -0.6737 0.7355
vn 0.1442 -0.6737 0.7248
vn 0.2145 -0.6737 0.7072
vn 0.2828 -0.6737 0.6828
vn 0.3484 -0.6737 0.6518
vn 0.4101 -0.6737 0.6147
vn 0.4686 -0.6739 0.5713
vn 0.5224 -0.6736 0.5228
vn 0.5710 -0.6737 0.4691
vn 0.6145 -0.6737 0.4106
vn 0.6518 -0.6737 0.3484
vn 0.6829 -0.6736 0.2826
vn 0.7072 -0.6737 0.2145
vn 0.7248 -0.6737 0.1442
vn 0.7355 -0.6737 0.0724
vn 0.7047 -0.7095 -0.0000
vn 0.7013 -0.7095 -0.0687
vn 0.6912 -0.7096 -0.1370
vn 0.6744 -0.7095 -0.2046
vn 0.6509 -0.7095 -0.2700
vn 0.6211 -0.7097 -0.3324
vn 0.5859 -0.7095 -0.3915
vn 0.5447 -0.7095 -0.4471
vn 0.4983 -0.7095 -0.4983
vn 0.4468 -0.7099 -0.5444
vn 0.3915 -0.7095 -0.5859
vn 0.3322 -0.7095 -0.6215
vn 0.2700 -0.7094 -0.6510
vn 0.2050 -0.7094 -0.6743
vn 0.1375 -0.7095 -0.6912
vn 0.0691 -0.7095 -0.7013
vn -0.0000 -0.7095 -0.7047
vn -0.0685 -0.7096 -0.7013
vn -0.1375 -0.7095 -0.6912
vn -0.2046 -0.7095 -0.6744
vn -0.2698 -0.7097 -0.6508
vn -0.3322 -0.7095 -0.6215
vn -0.3911 -0.7097 -0.5859
vn -0.4471 -0.7095 -0.5447
vn -0.4982 -0.7094 -0.4985
vn -0.5445 -0.7095 -0.4473
vn -0.5857 -0.7095 -0.3918
vn -0.6215 -0.7095 -0.3322
vn -0.6510 -0.7094 -0.2700
vn -0.6743 -0.7094 -0.2048
vn -0.6910 -0.7096 -0.1377
vn -0.7013 -0.7094 -0.0694
vn -0.7047 -0.7095 -0.0000
vn -0.7014 -0.7094 0.0688
vn -0.6912 -0.7096 0.1369
vn -0.6746 -0.7094 0.2042
vn -0.6511 -0.7095 0.2697
vn -0.6215 -0.7095 0.3322
vn -0.5859 -0.7096 0.3912
vn -0.5447 -0.7095 0.4471
vn -0.4983 -0.7095 0.4983
vn -0.4471 -0.7095 0.5447
vn -0.3915 -0.7095 0.5859
vn -0.3322 -0.7095 0.6215
vn -0.2697 -0.7095 0.6511
vn -0.2046 -0.7095 0.6744
vn -0.1378 -0.7097 0.6909
vn -0.0691 -0.7095 0.7013
vn -0.0000 -0.7095 0.7047
vn 0.0687 -0.7094 0.7014
vn 0.1375 -0.7095 0.6912
vn 0.2045 -0.7098 0.6741
vn 0.2701 -0.7094 0.6510
vn 0.3322 -0.7095 0.6215
vn 0.3913 -0.7094 0.5863
vn 0.4471 -0.7095 0.5447
vn 0.4983 -0.7095 0.4983
vn 0.5447 -0.7095 0.4471
vn 0.5859 -0.7095 0.3915
vn 0.6217 -0.7096 0.3318
vn 0.6512 -0.7096 0.2692
vn 0.6744 -0.7095 0.2046
vn 0.6910 -0.7096 0.1379
vn 0.7013 -0.7095 0.0691
vn 0.6690 -0.7433 0.0004
vn 0.6656 -0.7435 -0.0653
vn 0.6563 -0.7432 -0.1303
vn 0.6402 -0.7432 -0.1942
vn 0.6178 -0.7433 -0.2565
vn 0.5897 -0.7433 -0.3158
vn 0.5563 -0.7432 -0.3717
vn 0.5172 -0.7432 -0.4244
vn 0.4731 -0.7432 -0.4731
vn 0.4248 -0.7432 -0.5170
vn 0.3717 -0.7432 -0.5563
vn 0.3151 -0.7434 -0.5900
vn 0.2560 -0.7432 -0.6181
vn 0.1942 -0.7432 -0.6402
vn 0.1305 -0.7432 -0.6562
vn 0.0656 -0.7432 -0.6658
vn -0.0000 -0.7432 -0.6690
vn -0.0653 -0.7435 -0.6656
vn -0.1305 -0.7432 -0.6562
vn -0.1942 -0.7432 -0.6402
vn -0.2558 -0.7432 -0.6183
vn -0.3154 -0.7432 -0.5900
vn -0.3712 -0.7433 -0.5565
vn -0.4244 -0.7432 -0.5172
vn -0.4731 -0.7432 -0.4731
vn -0.5169 -0.7433 -0.4247
vn -0.5559 -0.7433 -0.3721
vn -0.5900 -0.7432 -0.3154
vn -0.6179 -0.7434 -0.2562
vn -0.6401 -0.7433 -0.1945
vn -0.6561 -0.7433 -0.1309
vn -0.6657 -0.7433 -0.0660
vn -0.6691 -0.7432 -0.0004
vn -0.6658 -0.7432 0.0656
vn -0.6562 -0.7433 0.1303
vn -0.6402 -0.7432 0.1942
vn -0.6181 -0.7432 0.2560
vn -0.5900 -0.7432 0.3154
vn -0.5563 -0.7432 0.3717
vn -0.5172 -0.7432 0.4244
vn -0.4731 -0.7432 0.4731
vn -0.4248 -0.7432 0.5170
vn -0.3717 -0.7432 0.5563
vn -0.3152 -0.7436 0.5897
vn -0.2560 -0.7432 0.6181
vn -0.1944 -0.7434 0.6399
vn -0.1309 -0.7433 0.6561
vn -0.0656 -0.7432 0.6658
vn -0.0000 -0.7432 0.6690
vn 0.0653 -0.7435 0.6656
vn 0.1303 -0.7432 0.6563
vn 0.1942 -0.7432 0.6402
vn 0.2560 -0.7432 0.6181
vn 0.3154 -0.7432 0.5900
vn 0.3717 -0.7432 0.5563
vn 0.4242 -0.7432 0.5175
vn 0.4731 -0.7432 0.4731
vn 0.5169 -0.7434 0.4245
vn 0.5563 -0.7432 0.3717
vn 0.5900 -0.7432 0.3154
vn 0.6181 -0.7432 0.2560
vn 0.6402 -0.7432 0.1942
vn 0.6560 -0.7433 0.1310
vn 0.6657 -0.7433 0.0660
vn 0.6321 -0.7749 -0.0000
vn 0.6291 -0.7749 -0.0620
vn 0.6200 -0.7749 -0.1233
vn 0.6051 -0.7748 -0.1833
vn 0.5840 -0.7749 -0.2419
vn 0.5575 -0.7749 -0.2980
vn 0.5256 -0.7749 -0.3512
vn 0.4886 -0.7749 -0.4010
vn 0.4466 -0.7751 -0.4470
vn 0.4010 -0.7749 -0.4887
vn 0.3513 -0.7751 -0.5252
vn 0.2980 -0.7749 -0.5575
vn 0.2417 -0.7748 -0.5842
vn 0.1835 -0.7749 -0.6049
vn 0.1233 -0.7749 -0.6200
vn 0.0620 -0.7749 -0.6291
vn -0.0000 -0.7749 -0.6321
vn -0.0623 -0.7748 -0.6291
vn -0.1233 -0.7749 -0.6200
vn -0.1831 -0.7749 -0.6050
vn -0.2415 -0.7749 -0.5841
vn -0.2976 -0.7751 -0.5574
vn -0.3510 -0.7748 -0.5258
vn -0.4008 -0.7748 -0.4890
vn -0.4467 -0.7752 -0.4467
vn -0.4885 -0.7748 -0.4014
vn -0.5253 -0.7750 -0.3512
vn -0.5575 -0.7749 -0.2980
vn -0.5840 -0.7749 -0.2419
vn -0.6049 -0.7749 -0.1835
vn -0.6200 -0.7749 -0.1233
vn -0.6291 -0.7749 -0.0620
vn -0.6321 -0.7749 -0.0000
vn -0.6291 -0.7749 0.0620
vn -0.6201 -0.7748 0.1231
vn -0.6049 -0.7749 0.1835
vn -0.5840 -0.7749 0.2419
vn -0.5575 -0.7749 0.2980
vn -0.5256 -0.7750 0.3509
vn -0.4886 -0.7749 0.4010
vn -0.4470 -0.7749 0.4470
vn -0.4010 -0.7749 0.4886
vn -0.3515 -0.7749 0.5253
vn -0.2980 -0.7749 0.5575
vn -0.2419 -0.7749 0.5840
vn -0.1835 -0.7749 0.6049
vn -0.1237 -0.7749 0.6199
vn -0.0620 -0.7749 0.6291
vn -0.0003 -0.7749 0.6321
vn 0.0620 -0.7749 0.6291
vn 0.1235 -0.7750 0.6198
vn 0.1833 -0.7748 0.6051
vn 0.2417 -0.7750 0.5839
vn 0.2978 -0.7748 0.5577
vn 0.3508 -0.7749 0.5258
vn 0.4006 -0.7751 0.4886
vn 0.4470 -0.7749 0.4470
vn 0.4885 -0.7749 0.4012
vn 0.5256 -0.7749 0.3512
vn 0.5575 -0.7748 0.2982
vn 0.5838 -0.7750 0.2420
vn 0.6049 -0.7748 0.1838
vn 0.6198 -0.7749 0.1238
vn 0.6288 -0.7751 0.0622
vn 0.5939 -0.8045 -0.0003
vn 0.5913 -0.8043 -0.0585
vn 0.5827 -0.8044 -0.1159
vn 0.5684 -0.8045 -0.1722
vn 0.5489 -0.8044 -0.2274
vn 0.5243 -0.8043 -0.2798
vn 0.4942 -0.8044 -0.3297
vn 0.4593 -0.8044 -0.3769
vn 0.4201 -0.8044 -0.4201
vn 0.3769 -0.8044 -0.4593
vn 0.3301 -0.8044 -0.4940
vn 0.2799 -0.8043 -0.5242
vn 0.2274 -0.8044 -0.5489
vn 0.1725 -0.8044 -0.5686
vn 0.1159 -0.8044 -0.5827
vn 0.0582 -0.8044 -0.5913
vn -0.0000 -0.8044 -0.5941
vn -0.0582 -0.8044 -0.5913
vn -0.1158 -0.8046 -0.5823
vn -0.1723 -0.8043 -0.5687
vn -0.2274 -0.8044 -0.5489
vn -0.2803 -0.8043 -0.5239
vn -0.3301 -0.8045 -0.4938
vn -0.3767 -0.8043 -0.4596
vn -0.4201 -0.8044 -0.4201
vn -0.4593 -0.8044 -0.3769
vn -0.4940 -0.8044 -0.3301
vn -0.5240 -0.8044 -0.2801
vn -0.5489 -0.8044 -0.2274
vn -0.5686 -0.8044 -0.1725
vn -0.5826 -0.8045 -0.1157
vn -0.5912 -0.8044 -0.0578
vn -0.5939 -0.8045 0.0003
vn -0.5913 -0.8044 0.0582
vn -0.5823 -0.8047 0.1158
vn -0.5686 -0.8044 0.1725
vn -0.5489 -0.8044 0.2274
vn -0.5240 -0.8044 0.2801
vn -0.4940 -0.8044 0.3301
vn -0.4591 -0.8043 0.3773
vn -0.4201 -0.8044 0.4201
vn -0.3772 -0.8044 0.4590
vn -0.3304 -0.8044 0.4938
vn -0.2801 -0.8044 0.5240
vn -0.2274 -0.8044 0.5489
vn -0.1725 -0.8044 0.5686
vn -0.1159 -0.8044 0.5827
vn -0.0582 -0.8044 0.5913
vn -0.0000 -0.8044 0.5941
vn 0.0583 -0.8042 0.5915
vn 0.1159 -0.8044 0.5827
vn 0.1725 -0.8044 0.5686
vn 0.2274 -0.8044 0.5489
vn 0.2802 -0.8045 0.5237
vn 0.3299 -0.8043 0.4943
vn 0.3769 -0.8044 0.4593
vn 0.4201 -0.8044 0.4201
vn 0.4593 -0.8044 0.3769
vn 0.4940 -0.8044 0.3301
vn 0.5240 -0.8044 0.2801
vn 0.5489 -0.8043 0.2276
vn 0.5686 -0.8044 0.1725
vn 0.5827 -0.8044 0.1159
vn 0.5913 -0.8044 0.0582
vn 0.5525 -0.8317 -0.0544
vn 0.5553 -0.8317 -0.0003
vn 0.5443 -0.8319 -0.1081
vn 0.5314 -0.8317 -0.1609
vn 0.5125 -0.8319 -0.2126
vn 0.4896 -0.8317 -0.2617
vn 0.4615 -0.8319 -0.3082
vn 0.4294 -0.8317 -0.3521
vn 0.3926 -0.8317 -0.3926
vn 0.3522 -0.8317 -0.4291
vn 0.3082 -0.8317 -0.4619
vn 0.2617 -0.8317 -0.4896
vn 0.2127 -0.8318 -0.5127
vn 0.1612 -0.8317 -0.5312
vn 0.1079 -0.8318 -0.5445
vn 0.0544 -0.8317 -0.5525
vn -0.0000 -0.8317 -0.5552
vn -0.0544 -0.8317 -0.5525
vn -0.1081 -0.8317 -0.5446
vn -0.1612 -0.8317 -0.5312
vn -0.2124 -0.8317 -0.5129
vn -0.2619 -0.8317 -0.4896
vn -0.3085 -0.8319 -0.4612
vn -0.3522 -0.8319 -0.4288
vn -0.3924 -0.8317 -0.3929
vn -0.4288 -0.8318 -0.3525
vn -0.4616 -0.8317 -0.3084
vn -0.4896 -0.8317 -0.2617
vn -0.5127 -0.8318 -0.2127
vn -0.5309 -0.8319 -0.1613
vn -0.5445 -0.8317 -0.1083
vn -0.5525 -0.8318 -0.0542
vn -0.5551 -0.8318 0.0004
vn -0.5525 -0.8317 0.0544
vn -0.5445 -0.8317 0.1083
vn -0.5312 -0.8317 0.1612
vn -0.5129 -0.8317 0.2124
vn -0.4896 -0.8317 0.2617
vn -0.4616 -0.8317 0.3084
vn -0.4291 -0.8317 0.3522
vn -0.3920 -0.8320 0.3925
vn -0.3527 -0.8316 0.4290
vn -0.3087 -0.8318 0.4613
vn -0.2619 -0.8317 0.4895
vn -0.2126 -0.8319 0.5126
vn -0.1612 -0.8317 0.5312
vn -0.1079 -0.8318 0.5445
vn -0.0544 -0.8317 0.5525
vn -0.0000 -0.8317 0.5552
vn 0.0544 -0.8317 0.5525
vn 0.1083 -0.8317 0.5445
vn 0.1612 -0.8317 0.5312
vn 0.2124 -0.8317 0.5129
vn 0.2621 -0.8318 0.4893
vn 0.3084 -0.8317 0.4616
vn 0.3519 -0.8318 0.4293
vn 0.3926 -0.8317 0.3926
vn 0.4289 -0.8319 0.3522
vn 0.4616 -0.8317 0.3084
vn 0.4895 -0.8319 0.2615
vn 0.5129 -0.8317 0.2127
vn 0.5310 -0.8318 0.1617
vn 0.5445 -0.8317 0.1083
vn 0.5524 -0.8318 0.0541
vn 0.5153 -0.8570 -0.0000
vn 0.5128 -0.8570 -0.0505
vn 0.5055 -0.8570 -0.1003
vn 0.4931 -0.8570 -0.1496
vn 0.4761 -0.8570 -0.1972
vn 0.4544 -0.8570 -0.2429
vn 0.4284 -0.8570 -0.2863
vn 0.3980 -0.8572 -0.3269
vn 0.3644 -0.8570 -0.3644
vn 0.3267 -0.8570 -0.3984
vn 0.2863 -0.8570 -0.4284
vn 0.2429 -0.8570 -0.4544
vn 0.1976 -0.8571 -0.4758
vn 0.1498 -0.8570 -0.4931
vn 0.1005 -0.8570 -0.5054
vn 0.0507 -0.8572 -0.5125
vn -0.0000 -0.8570 -0.5153
vn -0.0507 -0.8572 -0.5125
vn -0.1005 -0.8570 -0.5054
vn -0.1494 -0.8570 -0.4933
vn -0.1972 -0.8570 -0.4761
vn -0.2429 -0.8570 -0.4544
vn -0.2864 -0.8569 -0.4287
vn -0.3269 -0.8570 -0.3983
vn -0.3644 -0.8570 -0.3644
vn -0.3981 -0.8571 -0.3269
vn -0.4284 -0.8570 -0.2863
vn -0.4544 -0.8570 -0.2429
vn -0.4759 -0.8570 -0.1974
vn -0.4931 -0.8570 -0.1496
vn -0.5054 -0.8571 -0.1000
vn -0.5128 -0.8570 -0.0505
vn -0.5151 -0.8571 0.0002
vn -0.5128 -0.8570 0.0505
vn -0.5055 -0.8570 0.1003
vn -0.4930 -0.8571 0.1494
vn -0.4761 -0.8570 0.1972
vn -0.4541 -0.8572 0.2430
vn -0.4284 -0.8570 0.2863
vn -0.3985 -0.8570 0.3268
vn -0.3644 -0.8570 0.3644
vn -0.3269 -0.8572 0.3980
vn -0.2863 -0.8572 0.4281
vn -0.2429 -0.8570 0.4544
vn -0.1975 -0.8571 0.4758
vn -0.1496 -0.8570 0.4931
vn -0.1003 -0.8572 0.5052
vn -0.0505 -0.8570 0.5128
vn -0.0000 -0.8570 0.5153
vn 0.0505 -0.8570 0.5128
vn 0.1005 -0.8570 0.5054
vn 0.1496 -0.8570 0.4931
vn 0.1972 -0.8570 0.4761
vn 0.2432 -0.8571 0.4542
vn 0.2863 -0.8570 0.4284
vn 0.3266 -0.8571 0.3985
vn 0.3644 -0.8570 0.3644
vn 0.3981 -0.8571 0.3269
vn 0.4284 -0.8570 0.2863
vn 0.4544 -0.8570 0.2429
vn 0.4758 -0.8571 0.1973
vn 0.4931 -0.8570 0.1496
vn 0.5054 -0.8570 0.1005
vn 0.5128 -0.8571 0.0501
vn 0.4723 -0.8802 -0.0468
vn 0.4745 -0.8802 -0.0005
vn 0.4655 -0.8802 -0.0926
vn 0.4542 -0.8802 -0.1378
vn 0.4385 -0.8802 -0.1816
vn 0.4184 -0.8803 -0.2234
vn 0.3947 -0.8802 -0.2637
vn 0.3665 -0.8802 -0.3014
vn 0.3355 -0.8801 -0.3359
vn 0.3011 -0.8802 -0.3669
vn 0.2637 -0.8803 -0.3943
vn 0.2238 -0.8802 -0.4186
vn 0.1820 -0.8801 -0.4385
vn 0.1379 -0.8803 -0.4539
vn 0.0926 -0.8802 -0.4655
vn 0.0465 -0.8802 -0.4724
vn -0.0000 -0.8802 -0.4747
vn -0.0465 -0.8802 -0.4724
vn -0.0928 -0.8802 -0.4654
vn -0.1378 -0.8802 -0.4542
vn -0.1816 -0.8802 -0.4385
vn -0.2238 -0.8802 -0.4186
vn -0.2634 -0.8803 -0.3946
vn -0.3011 -0.8802 -0.3669
vn -0.3356 -0.8802 -0.3356
vn -0.3669 -0.8802 -0.3011
vn -0.3947 -0.8802 -0.2637
vn -0.4186 -0.8802 -0.2238
vn -0.4385 -0.8802 -0.1816
vn -0.4542 -0.8801 -0.1381
vn -0.4655 -0.8802 -0.0926
vn -0.4722 -0.8803 -0.0467
vn -0.4747 -0.8802 -0.0000
vn -0.4720 -0.8803 0.0467
vn -0.4655 -0.8802 0.0926
vn -0.4542 -0.8802 0.1374
vn -0.4385 -0.8802 0.1816
vn -0.4186 -0.8802 0.2238
vn -0.3943 -0.8803 0.2637
vn -0.3669 -0.8802 0.3011
vn -0.3356 -0.8802 0.3356
vn -0.3011 -0.8803 0.3666
vn -0.2636 -0.8801 0.3949
vn -0.2238 -0.8802 0.4186
vn -0.1818 -0.8802 0.4384
vn -0.1381 -0.8802 0.4540
vn -0.0926 -0.8802 0.4655
vn -0.0465 -0.8802 0.4724
vn -0.0000 -0.8803 0.4744
vn 0.0469 -0.8801 0.4725
vn 0.0927 -0.8803 0.4653
vn 0.1378 -0.8802 0.4542
vn 0.1814 -0.8801 0.4388
vn 0.2238 -0.8803 0.4183
vn 0.2637 -0.8802 0.3947
vn 0.3011 -0.8802 0.3669
vn 0.3356 -0.8802 0.3356
vn 0.3669 -0.8802 0.3011
vn 0.3947 -0.8802 0.2637
vn 0.4186 -0.8802 0.2238
vn 0.4382 -0.8802 0.1821
vn 0.4540 -0.8802 0.1381
vn 0.4655 -0.8802 0.0926
vn 0.4723 -0.8802 0.0461
vn 0.4313 -0.9012 -0.0425
vn 0.4334 -0.9012 -0.0000
vn 0.4250 -0.9012 -0.0845
vn 0.4145 -0.9013 -0.1256
vn 0.4004 -0.9012 -0.1658
vn 0.3822 -0.9012 -0.2043
vn 0.3605 -0.9012 -0.2406
vn 0.3350 -0.9012 -0.2749
vn 0.3064 -0.9014 -0.3061
vn 0.2751 -0.9013 -0.3347
vn 0.2407 -0.9014 -0.3600
vn 0.2043 -0.9012 -0.3822
vn 0.1658 -0.9012 -0.4004
vn 0.1258 -0.9012 -0.4147
vn 0.0845 -0.9014 -0.4247
vn 0.0425 -0.9012 -0.4313
vn -0.0000 -0.9013 -0.4331
vn -0.0428 -0.9013 -0.4311
vn -0.0845 -0.9012 -0.4250
vn -0.1255 -0.9014 -0.4145
vn -0.1657 -0.9012 -0.4005
vn -0.2043 -0.9012 -0.3822
vn -0.2404 -0.9014 -0.3602
vn -0.2749 -0.9012 -0.3350
vn -0.3064 -0.9014 -0.3061
vn -0.3350 -0.9012 -0.2749
vn -0.3602 -0.9013 -0.2405
vn -0.3822 -0.9012 -0.2043
vn -0.4004 -0.9012 -0.1658
vn -0.4146 -0.9013 -0.1260
vn -0.4248 -0.9013 -0.0846
vn -0.4313 -0.9012 -0.0425
vn -0.4335 -0.9012 -0.0003
vn -0.4309 -0.9014 0.0427
vn -0.4250 -0.9012 0.0845
vn -0.4147 -0.9013 0.1255
vn -0.4004 -0.9013 0.1656
vn -0.3822 -0.9012 0.2043
vn -0.3603 -0.9012 0.2410
vn -0.3347 -0.9013 0.2749
vn -0.3064 -0.9012 0.3064
vn -0.2749 -0.9012 0.3350
vn -0.2404 -0.9013 0.3604
vn -0.2041 -0.9013 0.3821
vn -0.1658 -0.9012 0.4004
vn -0.1258 -0.9012 0.4147
vn -0.0843 -0.9012 0.4252
vn -0.0425 -0.9012 0.4313
vn -0.0000 -0.9012 0.4334
vn 0.0426 -0.9013 0.4311
vn 0.0845 -0.9012 0.4250
vn 0.1258 -0.9012 0.4147
vn 0.1658 -0.9012 0.4004
vn 0.2045 -0.9010 0.3826
vn 0.2404 -0.9014 0.3602
vn 0.2749 -0.9012 0.3350
vn 0.3066 -0.9012 0.3063
vn 0.3350 -0.9012 0.2749
vn 0.3603 -0.9012 0.2408
vn 0.3822 -0.9012 0.2046
vn 0.4001 -0.9013 0.1659
vn 0.4147 -0.9012 0.1258
vn 0.4250 -0.9012 0.0845
vn 0.4313 -0.9012 0.0425
vn 0.3896 -0.9202 -0.0384
vn 0.3914 -0.9202 -0.0003
vn 0.3841 -0.9202 -0.0762
vn 0.3747 -0.9202 -0.1135
vn 0.3612 -0.9204 -0.1496
vn 0.3452 -0.9202 -0.1845
vn 0.3255 -0.9202 -0.2175
vn 0.3026 -0.9202 -0.2483
vn 0.2768 -0.9202 -0.2768
vn 0.2483 -0.9202 -0.3026
vn 0.2173 -0.9202 -0.3257
vn 0.1845 -0.9202 -0.3452
vn 0.1500 -0.9202 -0.3617
vn 0.1140 -0.9203 -0.3744
vn 0.0764 -0.9202 -0.3839
vn 0.0384 -0.9202 -0.3896
vn -0.0000 -0.9202 -0.3915
vn -0.0384 -0.9202 -0.3896
vn -0.0764 -0.9202 -0.3839
vn -0.1136 -0.9202 -0.3746
vn -0.1496 -0.9202 -0.3617
vn -0.1843 -0.9203 -0.3450
vn -0.2176 -0.9201 -0.3257
vn -0.2483 -0.9203 -0.3024
vn -0.2768 -0.9202 -0.2768
vn -0.3026 -0.9202 -0.2483
vn -0.3255 -0.9202 -0.2175
vn -0.3452 -0.9202 -0.1845
vn -0.3613 -0.9203 -0.1498
vn -0.3744 -0.9203 -0.1137
vn -0.3841 -0.9202 -0.0762
vn -0.3896 -0.9202 -0.0384
vn -0.3912 -0.9203 -0.0001
vn -0.3899 -0.9201 0.0384
vn -0.3834 -0.9204 0.0763
vn -0.3744 -0.9203 0.1136
vn -0.3617 -0.9202 0.1498
vn -0.3452 -0.9202 0.1845
vn -0.3254 -0.9203 0.2173
vn -0.3026 -0.9202 0.2483
vn -0.2766 -0.9202 0.2769
vn -0.2483 -0.9202 0.3026
vn -0.2171 -0.9203 0.3253
vn -0.1845 -0.9202 0.3452
vn -0.1495 -0.9203 0.3614
vn -0.1132 -0.9203 0.3746
vn -0.0760 -0.9203 0.3839
vn -0.0384 -0.9202 0.3896
vn -0.0000 -0.9202 0.3915
vn 0.0387 -0.9201 0.3897
vn 0.0765 -0.9203 0.3836
vn 0.1136 -0.9202 0.3746
vn 0.1496 -0.9202 0.3618
vn 0.1841 -0.9204 0.3450
vn 0.2173 -0.9202 0.3255
vn 0.2481 -0.9203 0.3023
vn 0.2768 -0.9202 0.2768
vn 0.3023 -0.9202 0.2485
vn 0.3255 -0.9202 0.2175
vn 0.3449 -0.9203 0.1844
vn 0.3617 -0.9202 0.1498
vn 0.3744 -0.9203 0.1137
vn 0.3839 -0.9202 0.0764
vn 0.3896 -0.9202 0.0384
vn 0.3474 -0.9371 -0.0342
vn 0.3491 -0.9371 -0.0000
vn 0.3423 -0.9371 -0.0681
vn 0.3342 -0.9371 -0.1011
vn 0.3225 -0.9371 -0.1336
vn 0.3076 -0.9371 -0.1647
vn 0.2902 -0.9371 -0.1939
vn 0.2698 -0.9371 -0.2214
vn 0.2467 -0.9371 -0.2470
vn 0.2214 -0.9371 -0.2698
vn 0.1935 -0.9373 -0.2900
vn 0.1642 -0.9371 -0.3079
vn 0.1333 -0.9372 -0.3223
vn 0.1015 -0.9371 -0.3340
vn 0.0681 -0.9371 -0.3423
vn 0.0342 -0.9371 -0.3474
vn -0.0000 -0.9371 -0.3491
vn -0.0342 -0.9371 -0.3474
vn -0.0681 -0.9371 -0.3423
vn -0.1010 -0.9371 -0.3340
vn -0.1336 -0.9371 -0.3225
vn -0.1645 -0.9371 -0.3078
vn -0.1939 -0.9371 -0.2902
vn -0.2214 -0.9371 -0.2698
vn -0.2468 -0.9371 -0.2468
vn -0.2694 -0.9373 -0.2213
vn -0.2902 -0.9371 -0.1939
vn -0.3075 -0.9372 -0.1645
vn -0.3225 -0.9371 -0.1336
vn -0.3340 -0.9371 -0.1013
vn -0.3423 -0.9371 -0.0681
vn -0.3474 -0.9371 -0.0342
vn -0.3491 -0.9371 -0.0000
vn -0.3474 -0.9371 0.0342
vn -0.3423 -0.9371 0.0681
vn -0.3338 -0.9372 0.1013
vn -0.3225 -0.9371 0.1336
vn -0.3078 -0.9371 0.1645
vn -0.2901 -0.9372 0.1936
vn -0.2698 -0.9371 0.2214
vn -0.2468 -0.9371 0.2468
vn -0.2214 -0.9372 0.2695
vn -0.1938 -0.9372 0.2900
vn -0.1645 -0.9371 0.3078
vn -0.1336 -0.9371 0.3225
vn -0.1013 -0.9371 0.3340
vn -0.0681 -0.9371 0.3423
vn -0.0342 -0.9371 0.3474
vn -0.0000 -0.9371 0.3491
vn 0.0340 -0.9372 0.3471
vn 0.0681 -0.9371 0.3423
vn 0.1013 -0.9371 0.3340
vn 0.1334 -0.9372 0.3223
vn 0.1645 -0.9371 0.3078
vn 0.1939 -0.9371 0.2902
vn 0.2214 -0.9371 0.2698
vn 0.2468 -0.9371 0.2468
vn 0.2698 -0.9371 0.2214
vn 0.2902 -0.9371 0.1939
vn 0.3078 -0.9371 0.1645
vn 0.3225 -0.9371 0.1336
vn 0.3340 -0.9371 0.1013
vn 0.3423 -0.9371 0.0681
vn 0.3474 -0.9371 0.0342
vn 0.3062 -0.9520 -0.0000
vn 0.3047 -0.9520 -0.0300
vn 0.3004 -0.9519 -0.0600
vn 0.2928 -0.9521 -0.0887
vn 0.2829 -0.9520 -0.1172
vn 0.2698 -0.9520 -0.1445
vn 0.2546 -0.9520 -0.1701
vn 0.2370 -0.9519 -0.1941
vn 0.2164 -0.9521 -0.2162
vn 0.1943 -0.9520 -0.2365
vn 0.1701 -0.9520 -0.2546
vn 0.1443 -0.9520 -0.2701
vn 0.1172 -0.9520 -0.2829
vn 0.0889 -0.9520 -0.2930
vn 0.0597 -0.9521 -0.3000
vn 0.0300 -0.9520 -0.3047
vn 0.0001 -0.9521 -0.3059
vn -0.0300 -0.9520 -0.3047
vn -0.0597 -0.9520 -0.3003
vn -0.0886 -0.9520 -0.2930
vn -0.1170 -0.9520 -0.2827
vn -0.1447 -0.9519 -0.2700
vn -0.1701 -0.9520 -0.2546
vn -0.1943 -0.9520 -0.2367
vn -0.2165 -0.9520 -0.2165
vn -0.2367 -0.9520 -0.1943
vn -0.2546 -0.9520 -0.1701
vn -0.2699 -0.9520 -0.1442
vn -0.2829 -0.9520 -0.1172
vn -0.2928 -0.9520 -0.0889
vn -0.3003 -0.9520 -0.0597
vn -0.3045 -0.9520 -0.0299
vn -0.3065 -0.9519 -0.0000
vn -0.3042 -0.9521 0.0300
vn -0.3003 -0.9520 0.0597
vn -0.2932 -0.9519 0.0887
vn -0.2829 -0.9520 0.1172
vn -0.2697 -0.9521 0.1440
vn -0.2546 -0.9520 0.1701
vn -0.2367 -0.9520 0.1943
vn -0.2165 -0.9520 0.2165
vn -0.1943 -0.9520 0.2367
vn -0.1703 -0.9519 0.2545
vn -0.1443 -0.9521 0.2696
vn -0.1174 -0.9520 0.2827
vn -0.0890 -0.9520 0.2929
vn -0.0597 -0.9520 0.3003
vn -0.0300 -0.9521 0.3042
vn -0.0000 -0.9520 0.3062
vn 0.0300 -0.9520 0.3045
vn 0.0597 -0.9520 0.3003
vn 0.0889 -0.9520 0.2930
vn 0.1172 -0.9520 0.2829
vn 0.1446 -0.9520 0.2697
vn 0.1701 -0.9520 0.2546
vn 0.1941 -0.9520 0.2365
vn 0.2164 -0.9521 0.2162
vn 0.2369 -0.9519 0.1944
vn 0.2545 -0.9520 0.1699
vn 0.2699 -0.9520 0.1442
vn 0.2827 -0.9520 0.1172
vn 0.2931 -0.9519 0.0893
vn 0.3003 -0.9520 0.0597
vn 0.3047 -0.9520 0.0300
vn 0.2630 -0.9648 -0.0000
vn 0.2617 -0.9648 -0.0258
vn 0.2576 -0.9649 -0.0512
vn 0.2514 -0.9649 -0.0761
vn 0.2430 -0.9648 -0.1006
vn 0.2320 -0.9648 -0.1240
vn 0.2185 -0.9649 -0.1459
vn 0.2031 -0.9649 -0.1666
vn 0.1862 -0.9648 -0.1859
vn 0.1669 -0.9648 -0.2030
vn 0.1460 -0.9649 -0.2184
vn 0.1242 -0.9648 -0.2319
vn 0.1008 -0.9648 -0.2428
vn 0.0763 -0.9648 -0.2517
vn 0.0513 -0.9649 -0.2577
vn 0.0257 -0.9649 -0.2615
vn -0.0000 -0.9647 -0.2633
vn -0.0258 -0.9649 -0.2614
vn -0.0513 -0.9648 -0.2580
vn -0.0763 -0.9648 -0.2517
vn -0.1006 -0.9648 -0.2430
vn -0.1240 -0.9648 -0.2320
vn -0.1459 -0.9649 -0.2185
vn -0.1669 -0.9648 -0.2033
vn -0.1858 -0.9648 -0.1859
vn -0.2033 -0.9648 -0.1669
vn -0.2185 -0.9649 -0.1460
vn -0.2320 -0.9648 -0.1240
vn -0.2430 -0.9648 -0.1006
vn -0.2517 -0.9648 -0.0763
vn -0.2580 -0.9648 -0.0513
vn -0.2616 -0.9648 -0.0256
vn -0.2630 -0.9648 -0.0000
vn -0.2617 -0.9648 0.0258
vn -0.2580 -0.9648 0.0513
vn -0.2511 -0.9649 0.0762
vn -0.2430 -0.9648 0.1006
vn -0.2320 -0.9648 0.1240
vn -0.2185 -0.9649 0.1458
vn -0.2032 -0.9648 0.1667
vn -0.1858 -0.9649 0.1858
vn -0.1669 -0.9648 0.2033
vn -0.1460 -0.9649 0.2184
vn -0.1240 -0.9648 0.2320
vn -0.1008 -0.9648 0.2428
vn -0.0765 -0.9648 0.2515
vn -0.0513 -0.9648 0.2580
vn -0.0258 -0.9648 0.2617
vn -0.0000 -0.9648 0.2630
vn 0.0258 -0.9649 0.2614
vn 0.0513 -0.9648 0.2580
vn 0.0763 -0.9649 0.2515
vn 0.1006 -0.9648 0.2430
vn 0.1240 -0.9648 0.2320
vn 0.1461 -0.9648 0.2185
vn 0.1669 -0.9648 0.2033
vn 0.1860 -0.9648 0.1860
vn 0.2029 -0.9650 0.1665
vn 0.2187 -0.9648 0.1461
vn 0.2320 -0.9648 0.1240
vn 0.2430 -0.9648 0.1006
vn 0.2514 -0.9649 0.0764
vn 0.2577 -0.9649 0.0513
vn 0.2616 -0.9648 0.0256
vn 0.2182 -0.9757 -0.0217
vn 0.2195 -0.9756 -0.0000
vn 0.2153 -0.9756 -0.0428
vn 0.2101 -0.9756 -0.0637
vn 0.2026 -0.9756 -0.0841
vn 0.1932 -0.9757 -0.1034
vn 0.1825 -0.9756 -0.1219
vn 0.1695 -0.9757 -0.1391
vn 0.1552 -0.9756 -0.1552
vn 0.1393 -0.9757 -0.1694
vn 0.1219 -0.9756 -0.1825
vn 0.1032 -0.9757 -0.1931
vn 0.0842 -0.9756 -0.2027
vn 0.0637 -0.9756 -0.2101
vn 0.0428 -0.9756 -0.2153
vn 0.0214 -0.9756 -0.2183
vn -0.0000 -0.9757 -0.2192
vn -0.0215 -0.9756 -0.2184
vn -0.0428 -0.9756 -0.2153
vn -0.0636 -0.9757 -0.2098
vn -0.0839 -0.9757 -0.2026
vn -0.1035 -0.9756 -0.1936
vn -0.1218 -0.9757 -0.1823
vn -0.1393 -0.9756 -0.1697
vn -0.1552 -0.9756 -0.1552
vn -0.1695 -0.9757 -0.1391
vn -0.1825 -0.9756 -0.1219
vn -0.1936 -0.9756 -0.1035
vn -0.2025 -0.9757 -0.0840
vn -0.2101 -0.9756 -0.0637
vn -0.2153 -0.9756 -0.0428
vn -0.2185 -0.9756 -0.0213
vn -0.2191 -0.9757 -0.0000
vn -0.2184 -0.9756 0.0215
vn -0.2153 -0.9756 0.0428
vn -0.2101 -0.9756 0.0637
vn -0.2024 -0.9757 0.0839
vn -0.1934 -0.9757 0.1034
vn -0.1825 -0.9756 0.1219
vn -0.1697 -0.9756 0.1393
vn -0.1552 -0.9756 0.1552
vn -0.1393 -0.9756 0.1697
vn -0.1217 -0.9757 0.1823
vn -0.1033 -0.9757 0.1934
vn -0.0839 -0.9757 0.2026
vn -0.0636 -0.9757 0.2098
vn -0.0428 -0.9756 0.2153
vn -0.0215 -0.9756 0.2184
vn -0.0001 -0.9757 0.2191
vn 0.0215 -0.9756 0.2184
vn 0.0428 -0.9756 0.2153
vn 0.0635 -0.9756 0.2100
vn 0.0838 -0.9757 0.2026
vn 0.1035 -0.9756 0.1936
vn 0.1220 -0.9756 0.1825
vn 0.1391 -0.9757 0.1694
vn 0.1552 -0.9756 0.1552
vn 0.1697 -0.9756 0.1393
vn 0.1825 -0.9756 0.1219
vn 0.1932 -0.9757 0.1034
vn 0.2025 -0.9757 0.0841
vn 0.2101 -0.9756 0.0637
vn 0.2153 -0.9756 0.0428
vn 0.2182 -0.9757 0.0214
vn 0.1747 -0.9845 -0.0173
vn 0.1758 -0.9844 -0.0000
vn 0.1724 -0.9844 -0.0343
vn 0.1682 -0.9844 -0.0510
vn 0.1624 -0.9844 -0.0673
vn 0.1545 -0.9845 -0.0827
vn 0.1459 -0.9845 -0.0975
vn 0.1359 -0.9844 -0.1115
vn 0.1240 -0.9845 -0.1241
vn 0.1115 -0.9844 -0.1359
vn 0.0976 -0.9844 -0.1461
vn 0.0829 -0.9844 -0.1550
vn 0.0671 -0.9845 -0.1622
vn 0.0508 -0.9844 -0.1682
vn 0.0343 -0.9844 -0.1724
vn 0.0171 -0.9845 -0.1745
vn -0.0000 -0.9845 -0.1755
vn -0.0170 -0.9844 -0.1748
vn -0.0342 -0.9845 -0.1721
vn -0.0508 -0.9845 -0.1680
vn -0.0670 -0.9845 -0.1624
vn -0.0828 -0.9845 -0.1548
vn -0.0976 -0.9844 -0.1461
vn -0.1114 -0.9845 -0.1356
vn -0.1243 -0.9844 -0.1243
vn -0.1357 -0.9845 -0.1114
vn -0.1461 -0.9844 -0.0976
vn -0.1548 -0.9845 -0.0829
vn -0.1624 -0.9844 -0.0673
vn -0.1682 -0.9844 -0.0510
vn -0.1724 -0.9844 -0.0343
vn -0.1745 -0.9845 -0.0172
vn -0.1758 -0.9844 -0.0000
vn -0.1749 -0.9844 0.0172
vn -0.1722 -0.9845 0.0341
vn -0.1682 -0.9844 0.0508
vn -0.1622 -0.9845 0.0672
vn -0.1547 -0.9845 0.0828
vn -0.1461 -0.9844 0.0976
vn -0.1356 -0.9845 0.1114
vn -0.1243 -0.9844 0.1243
vn -0.1115 -0.9844 0.1359
vn -0.0976 -0.9844 0.1461
vn -0.0826 -0.9845 0.1547
vn -0.0671 -0.9845 0.1623
vn -0.0510 -0.9844 0.1682
vn -0.0342 -0.9845 0.1721
vn -0.0172 -0.9844 0.1749
vn -0.0000 -0.9844 0.1758
vn 0.0170 -0.9844 0.1748
vn 0.0342 -0.9845 0.1718
vn 0.0509 -0.9845 0.1680
vn 0.0673 -0.9844 0.1624
vn 0.0827 -0.9845 0.1547
vn 0.0975 -0.9845 0.1460
vn 0.1115 -0.9844 0.1359
vn 0.1242 -0.9845 0.1241
vn 0.1359 -0.9844 0.1115
vn 0.1459 -0.9845 0.0974
vn 0.1550 -0.9844 0.0829
vn 0.1620 -0.9845 0.0672
vn 0.1682 -0.9844 0.0510
vn 0.1724 -0.9844 0.0343
vn 0.1747 -0.9845 0.0172
vn 0.1312 -0.9913 -0.0129
vn 0.1318 -0.9913 -0.0000
vn 0.1288 -0.9913 -0.0256
vn 0.1261 -0.9913 -0.0383
vn 0.1218 -0.9913 -0.0504
vn 0.1160 -0.9913 -0.0620
vn 0.1093 -0.9913 -0.0731
vn 0.1019 -0.9913 -0.0836
vn 0.0929 -0.9913 -0.0931
vn 0.0836 -0.9913 -0.1019
vn 0.0731 -0.9913 -0.1093
vn 0.0622 -0.9913 -0.1161
vn 0.0504 -0.9913 -0.1218
vn 0.0382 -0.9913 -0.1259
vn 0.0257 -0.9913 -0.1290
vn 0.0129 -0.9913 -0.1312
vn -0.0000 -0.9913 -0.1314
vn -0.0128 -0.9913 -0.1309
vn -0.0256 -0.9913 -0.1291
vn -0.0383 -0.9913 -0.1261
vn -0.0504 -0.9913 -0.1218
vn -0.0620 -0.9913 -0.1161
vn -0.0731 -0.9913 -0.1095
vn -0.0836 -0.9913 -0.1019
vn -0.0928 -0.9913 -0.0928
vn -0.1019 -0.9913 -0.0834
vn -0.1094 -0.9913 -0.0731
vn -0.1159 -0.9913 -0.0620
vn -0.1218 -0.9913 -0.0504
vn -0.1259 -0.9913 -0.0382
vn -0.1293 -0.9913 -0.0257
vn -0.1312 -0.9913 -0.0129
vn -0.1318 -0.9913 -0.0000
vn -0.1306 -0.9914 0.0129
vn -0.1292 -0.9913 0.0255
vn -0.1258 -0.9913 0.0381
vn -0.1218 -0.9913 0.0504
vn -0.1160 -0.9913 0.0620
vn -0.1093 -0.9913 0.0731
vn -0.1017 -0.9913 0.0836
vn -0.0931 -0.9913 0.0931
vn -0.0835 -0.9913 0.1016
vn -0.0732 -0.9913 0.1096
vn -0.0622 -0.9913 0.1161
vn -0.0503 -0.9913 0.1214
vn -0.0383 -0.9913 0.1261
vn -0.0256 -0.9913 0.1289
vn -0.0128 -0.9913 0.1310
vn -0.0000 -0.9913 0.1314
vn 0.0129 -0.9913 0.1309
vn 0.0257 -0.9913 0.1293
vn 0.0383 -0.9913 0.1261
vn 0.0503 -0.9913 0.1215
vn 0.0620 -0.9913 0.1160
vn 0.0731 -0.9913 0.1094
vn 0.0836 -0.9913 0.1019
vn 0.0931 -0.9913 0.0930
vn 0.1019 -0.9913 0.0836
vn 0.1096 -0.9913 0.0732
vn 0.1161 -0.9913 0.0621
vn 0.1218 -0.9913 0.0504
vn 0.1261 -0.9913 0.0383
vn 0.1293 -0.9913 0.0257
vn 0.1309 -0.9913 0.0129
vn 0.0873 -0.9961 -0.0086
vn 0.0875 -0.9962 -0.0001
vn 0.0861 -0.9961 -0.0171
vn 0.0834 -0.9962 -0.0253
vn 0.0811 -0.9961 -0.0336
vn 0.0774 -0.9961 -0.0414
vn 0.0728 -0.9962 -0.0486
vn 0.0675 -0.9962 -0.0555
vn 0.0620 -0.9961 -0.0620
vn 0.0553 -0.9962 -0.0674
vn 0.0486 -0.9962 -0.0728
vn 0.0413 -0.9962 -0.0772
vn 0.0335 -0.9962 -0.0808
vn 0.0255 -0.9961 -0.0840
vn 0.0171 -0.9962 -0.0858
vn 0.0086 -0.9962 -0.0871
vn -0.0000 -0.9962 -0.0874
vn -0.0086 -0.9962 -0.0871
vn -0.0171 -0.9962 -0.0859
vn -0.0254 -0.9962 -0.0838
vn -0.0335 -0.9962 -0.0809
vn -0.0414 -0.9961 -0.0774
vn -0.0485 -0.9962 -0.0726
vn -0.0557 -0.9961 -0.0678
vn -0.0620 -0.9961 -0.0620
vn -0.0676 -0.9962 -0.0555
vn -0.0726 -0.9962 -0.0485
vn -0.0774 -0.9961 -0.0414
vn -0.0809 -0.9962 -0.0335
vn -0.0837 -0.9962 -0.0254
vn -0.0856 -0.9962 -0.0170
vn -0.0873 -0.9961 -0.0086
vn -0.0874 -0.9962 -0.0000
vn -0.0873 -0.9961 0.0086
vn -0.0859 -0.9962 0.0171
vn -0.0838 -0.9962 0.0254
vn -0.0808 -0.9962 0.0335
vn -0.0774 -0.9961 0.0414
vn -0.0728 -0.9962 0.0486
vn -0.0674 -0.9962 0.0554
vn -0.0619 -0.9962 0.0619
vn -0.0555 -0.9962 0.0677
vn -0.0486 -0.9962 0.0728
vn -0.0413 -0.9962 0.0771
vn -0.0335 -0.9962 0.0807
vn -0.0255 -0.9961 0.0840
vn -0.0171 -0.9962 0.0858
vn -0.0085 -0.9962 0.0871
vn -0.0000 -0.9962 0.0871
vn 0.0086 -0.9961 0.0873
vn 0.0170 -0.9962 0.0855
vn 0.0255 -0.9961 0.0840
vn 0.0334 -0.9962 0.0808
vn 0.0414 -0.9961 0.0774
vn 0.0486 -0.9962 0.0728
vn 0.0555 -0.9962 0.0675
vn 0.0620 -0.9961 0.0620
vn 0.0675 -0.9962 0.0554
vn 0.0730 -0.9961 0.0487
vn 0.0774 -0.9961 0.0414
vn 0.0808 -0.9962 0.0335
vn 0.0840 -0.9961 0.0255
vn 0.0858 -0.9962 0.0171
vn 0.0869 -0.9962 0.0086
vn 0.0424 -0.9991 -0.0042
vn 0.0425 -0.9991 -0.0000
vn 0.0418 -0.9991 -0.0083
vn 0.0410 -0.9991 -0.0124
vn 0.0392 -0.9991 -0.0162
vn 0.0376 -0.9991 -0.0201
vn 0.0355 -0.9991 -0.0237
vn 0.0330 -0.9991 -0.0271
vn 0.0301 -0.9991 -0.0301
vn 0.0270 -0.9991 -0.0329
vn 0.0237 -0.9991 -0.0355
vn 0.0201 -0.9991 -0.0376
vn 0.0163 -0.9991 -0.0394
vn 0.0124 -0.9991 -0.0408
vn 0.0083 -0.9991 -0.0418
vn 0.0042 -0.9991 -0.0424
vn -0.0000 -0.9991 -0.0426
vn -0.0042 -0.9991 -0.0424
vn -0.0083 -0.9991 -0.0418
vn -0.0124 -0.9991 -0.0408
vn -0.0163 -0.9991 -0.0393
vn -0.0200 -0.9991 -0.0374
vn -0.0238 -0.9991 -0.0355
vn -0.0271 -0.9991 -0.0330
vn -0.0301 -0.9991 -0.0301
vn -0.0329 -0.9991 -0.0271
vn -0.0353 -0.9991 -0.0236
vn -0.0376 -0.9991 -0.0201
vn -0.0396 -0.9991 -0.0164
vn -0.0407 -0.9991 -0.0124
vn -0.0418 -0.9991 -0.0083
vn -0.0422 -0.9991 -0.0042
vn -0.0427 -0.9991 -0.0000
vn -0.0424 -0.9991 0.0041
vn -0.0418 -0.9991 0.0083
vn -0.0408 -0.9991 0.0124
vn -0.0393 -0.9991 0.0163
vn -0.0376 -0.9991 0.0200
vn -0.0354 -0.9991 0.0236
vn -0.0331 -0.9991 0.0271
vn -0.0300 -0.9991 0.0300
vn -0.0271 -0.9991 0.0330
vn -0.0236 -0.9991 0.0353
vn -0.0201 -0.9991 0.0376
vn -0.0163 -0.9991 0.0394
vn -0.0124 -0.9991 0.0408
vn -0.0084 -0.9991 0.0420
vn -0.0042 -0.9991 0.0422
vn -0.0000 -0.9991 0.0428
vn 0.0042 -0.9991 0.0423
vn 0.0083 -0.9991 0.0417
vn 0.0123 -0.9991 0.0406
vn 0.0164 -0.9991 0.0396
vn 0.0200 -0.9991 0.0374
vn 0.0237 -0.9991 0.0354
vn 0.0272 -0.9991 0.0331
vn 0.0303 -0.9991 0.0303
vn 0.0330 -0.9991 0.0270
vn 0.0353 -0.9991 0.0236
vn 0.0375 -0.9991 0.0201
vn 0.0394 -0.9991 0.0163
vn 0.0406 -0.9991 0.0123
vn 0.0418 -0.9991 0.0083
vn 0.0428 -0.9991 0.0042
vn 0.5837 -0.8099 -0.0575
vn 0.5752 -0.8180 -0.0000
vn 0.5700 -0.8138 -0.1134
vn 0.5557 -0.8141 -0.1686
vn 0.5367 -0.8139 -0.2223
vn 0.5124 -0.8139 -0.2738
vn 0.4832 -0.8138 -0.3229
vn 0.4447 -0.8180 -0.3649
vn 0.4148 -0.8099 -0.4148
vn 0.3651 -0.8178 -0.4448
vn 0.3227 -0.8139 -0.4831
vn 0.2738 -0.8139 -0.5124
vn 0.2223 -0.8139 -0.5367
vn 0.1703 -0.8097 -0.5615
vn 0.1133 -0.8141 -0.5696
vn 0.0570 -0.8139 -0.5781
vn -0.0000 -0.8178 -0.5755
vn -0.0570 -0.8139 -0.5781
vn -0.1134 -0.8139 -0.5698
vn -0.1687 -0.8139 -0.5560
vn -0.2224 -0.8139 -0.5368
vn -0.2739 -0.8139 -0.5123
vn -0.3228 -0.8139 -0.4830
vn -0.3686 -0.8139 -0.4491
vn -0.4149 -0.8097 -0.4149
vn -0.4489 -0.8141 -0.3684
vn -0.4783 -0.8180 -0.3196
vn -0.5126 -0.8138 -0.2740
vn -0.5419 -0.8099 -0.2245
vn -0.5559 -0.8139 -0.1687
vn -0.5644 -0.8178 -0.1123
vn -0.5781 -0.8139 -0.0569
vn -0.5866 -0.8099 -0.0000
vn -0.5782 -0.8139 0.0569
vn -0.5700 -0.8138 0.1134
vn -0.5505 -0.8180 0.1670
vn -0.5419 -0.8099 0.2245
vn -0.5124 -0.8139 0.2738
vn -0.4832 -0.8138 0.3229
vn -0.4489 -0.8141 0.3684
vn -0.4108 -0.8139 0.4108
vn -0.3686 -0.8139 0.4491
vn -0.3228 -0.8139 0.4830
vn -0.2739 -0.8139 0.5123
vn -0.2201 -0.8180 0.5314
vn -0.1704 -0.8097 0.5615
vn -0.1134 -0.8139 0.5698
vn -0.0570 -0.8139 0.5781
vn -0.0000 -0.8138 0.5812
vn 0.0564 -0.8180 0.5725
vn 0.1134 -0.8139 0.5698
vn 0.1687 -0.8139 0.5559
vn 0.2245 -0.8099 0.5419
vn 0.2713 -0.8178 0.5075
vn 0.3228 -0.8139 0.4830
vn 0.3686 -0.8139 0.4491
vn 0.4149 -0.8097 0.4149
vn 0.4489 -0.8141 0.3684
vn 0.4830 -0.8139 0.3228
vn 0.5123 -0.8139 0.2739
vn 0.5314 -0.8180 0.2201
vn 0.5562 -0.8138 0.1687
vn 0.5698 -0.8139 0.1133
vn 0.5840 -0.8097 0.0575
vn -0.9937 0.0545 0.0979
vn -0.6512 -0.7589 -0.0000
vn -0.9985 0.0545 -0.0000
vn -0.9793 0.0545 0.1948
vn -0.6613 -0.7473 0.0651
vn -0.9555 0.0545 0.2899
vn -0.6260 -0.7699 0.1245
vn -0.5898 -0.7697 0.2443
vn -0.6357 -0.7475 0.1928
vn -0.8806 0.0545 0.4707
vn -0.9225 0.0545 0.3821
vn -0.5307 -0.7699 0.3546
vn -0.5859 -0.7475 0.3132
vn -0.8302 0.0545 0.5547
vn -0.5138 -0.7471 0.4217
vn -0.7061 0.0545 0.7061
vn -0.7719 0.0545 0.6335
vn -0.4132 -0.7587 0.5035
vn -0.4511 -0.7700 0.4511
vn -0.5547 0.0545 0.8302
vn -0.6335 0.0545 0.7719
vn -0.4707 0.0545 0.8806
vn -0.3692 -0.7473 0.5525
vn -0.3821 0.0545 0.9225
vn -0.3009 -0.7699 0.5629
vn -0.2899 0.0545 0.9555
vn -0.2543 -0.7473 0.6139
vn -0.1948 0.0545 0.9793
vn -0.1853 -0.7699 0.6107
vn -0.0979 0.0545 0.9937
vn -0.1270 -0.7589 0.6387
vn -0.0000 0.0545 0.9985
vn -0.0651 -0.7473 0.6613
vn 0.0979 0.0545 0.9937
vn -0.0000 -0.7699 0.6382
vn 0.1948 0.0545 0.9793
vn 0.0651 -0.7473 0.6613
vn 0.2899 0.0545 0.9555
vn 0.1245 -0.7699 0.6260
vn 0.2443 -0.7697 0.5898
vn 0.1928 -0.7475 0.6357
vn 0.4707 0.0545 0.8806
vn 0.3821 0.0545 0.9225
vn 0.5547 0.0545 0.8302
vn 0.3133 -0.7473 0.5861
vn 0.6335 0.0545 0.7719
vn 0.3618 -0.7589 0.5414
vn 0.7061 0.0545 0.7061
vn 0.4131 -0.7589 0.5034
vn 0.4935 -0.7697 0.4050
vn 0.4603 -0.7591 0.4603
vn 0.8302 0.0545 0.5547
vn 0.7719 0.0545 0.6335
vn 0.5630 -0.7697 0.3009
vn 0.5523 -0.7475 0.3691
vn 0.9225 0.0545 0.3821
vn 0.8806 0.0545 0.4707
vn 0.9555 0.0545 0.2899
vn 0.6139 -0.7473 0.2543
vn 0.9793 0.0545 0.1948
vn 0.6107 -0.7699 0.1853
vn 0.9937 0.0545 0.0979
vn 0.6387 -0.7589 0.1270
vn 0.9985 0.0545 -0.0000
vn 0.6613 -0.7473 0.0651
vn 0.9937 0.0545 -0.0979
vn 0.6382 -0.7699 -0.0000
vn 0.9793 0.0545 -0.1948
vn 0.6613 -0.7473 -0.0651
vn 0.9555 0.0545 -0.2899
vn 0.6260 -0.7699 -0.1245
vn 0.5898 -0.7697 -0.2443
vn 0.6357 -0.7475 -0.1928
vn 0.8806 0.0545 -0.4707
vn 0.9225 0.0545 -0.3821
vn 0.8302 0.0545 -0.5547
vn 0.5861 -0.7473 -0.3133
vn 0.7719 0.0545 -0.6335
vn 0.5307 -0.7699 -0.3546
vn 0.7061 0.0545 -0.7061
vn 0.5034 -0.7589 -0.4131
vn 0.6335 0.0545 -0.7719
vn 0.4699 -0.7473 -0.4699
vn 0.5547 0.0545 -0.8302
vn 0.4049 -0.7699 -0.4934
vn 0.3009 -0.7697 -0.5630
vn 0.3691 -0.7475 -0.5523
vn 0.3821 0.0545 -0.9225
vn 0.4707 0.0545 -0.8806
vn 0.2899 0.0545 -0.9555
vn 0.2543 -0.7473 -0.6139
vn 0.1948 0.0545 -0.9793
vn 0.1890 -0.7589 -0.6231
vn 0.0652 -0.7471 -0.6615
vn 0.1245 -0.7700 -0.6257
vn -0.0000 0.0545 -0.9985
vn 0.0979 0.0545 -0.9937
vn -0.0979 0.0545 -0.9937
vn -0.0000 -0.7699 -0.6382
vn -0.1948 0.0545 -0.9793
vn -0.0651 -0.7473 -0.6613
vn -0.2899 0.0545 -0.9555
vn -0.1245 -0.7699 -0.6260
vn -0.3821 0.0545 -0.9225
vn -0.1929 -0.7473 -0.6359
vn -0.4707 0.0545 -0.8806
vn -0.2442 -0.7699 -0.5896
vn -0.3547 -0.7697 -0.5308
vn -0.3132 -0.7475 -0.5859
vn -0.6335 0.0545 -0.7719
vn -0.5547 0.0545 -0.8302
vn -0.4699 -0.7473 -0.4699
vn -0.4130 -0.7591 -0.5032
vn -0.7061 0.0545 -0.7061
vn -0.5035 -0.7587 -0.4132
vn -0.8302 0.0545 -0.5547
vn -0.7719 0.0545 -0.6335
vn -0.8806 0.0545 -0.4707
vn -0.5307 -0.7699 -0.3546
vn -0.9225 0.0545 -0.3821
vn -0.5861 -0.7473 -0.3133
vn -0.9555 0.0545 -0.2899
vn -0.6016 -0.7589 -0.2492
vn -0.9793 0.0545 -0.1948
vn -0.6107 -0.7699 -0.1853
vn -0.9937 0.0545 -0.0979
vn -0.6517 -0.7473 -0.1296
vn -0.6351 -0.7699 -0.0626
vn -0.9941 0.1087 -0.0000
vn -0.9893 0.1087 0.0974
vn -0.9513 0.1087 0.2886
vn -0.9750 0.1087 0.1939
vn -0.9184 0.1087 0.3804
vn -0.8767 0.1087 0.4686
vn -0.8265 0.1087 0.5523
vn -0.7684 0.1087 0.6306
vn -0.7029 0.1087 0.7029
vn -0.6306 0.1087 0.7684
vn -0.5523 0.1087 0.8265
vn -0.4686 0.1087 0.8767
vn -0.3804 0.1087 0.9184
vn -0.1939 0.1087 0.9750
vn -0.2886 0.1087 0.9513
vn -0.0000 0.1087 0.9941
vn -0.0974 0.1087 0.9893
vn 0.0974 0.1087 0.9893
vn 0.1939 0.1087 0.9750
vn 0.2886 0.1087 0.9513
vn 0.3804 0.1087 0.9184
vn 0.4686 0.1087 0.8767
vn 0.6306 0.1087 0.7684
vn 0.5523 0.1087 0.8265
vn 0.7684 0.1087 0.6306
vn 0.7029 0.1087 0.7029
vn 0.8265 0.1087 0.5523
vn 0.8767 0.1087 0.4686
vn 0.9184 0.1087 0.3804
vn 0.9750 0.1087 0.1939
vn 0.9513 0.1087 0.2886
vn 0.9893 0.1087 0.0974
vn 0.9941 0.1087 -0.0000
vn 0.9893 0.1087 -0.0974
vn 0.9750 0.1087 -0.1939
vn 0.9513 0.1087 -0.2886
vn 0.9184 0.1087 -0.3804
vn 0.8767 0.1087 -0.4686
vn 0.7684 0.1087 -0.6306
vn 0.8265 0.1087 -0.5523
vn 0.7029 0.1087 -0.7029
vn 0.5523 0.1087 -0.8265
vn 0.6306 0.1087 -0.7684
vn 0.4686 0.1087 -0.8767
vn 0.3804 0.1087 -0.9184
vn 0.2886 0.1087 -0.9513
vn 0.1939 0.1087 -0.9750
vn 0.0974 0.1087 -0.9893
vn -0.0000 0.1087 -0.9941
vn -0.1939 0.1087 -0.9750
vn -0.0974 0.1087 -0.9893
vn -0.2886 0.1087 -0.9513
vn -0.4686 0.1087 -0.8767
vn -0.3804 0.1087 -0.9184
vn -0.5523 0.1087 -0.8265
vn -0.6306 0.1087 -0.7684
vn -0.7029 0.1087 -0.7029
vn -0.7684 0.1087 -0.6306
vn -0.8265 0.1087 -0.5523
vn -0.8767 0.1087 -0.4686
vn -0.9513 0.1087 -0.2886
vn -0.9184 0.1087 -0.3804
vn -0.9750 0.1087 -0.1939
vn -0.9893 0.1087 -0.0974
vn -0.9820 0.1625 0.0967
vn -0.9867 0.1626 0.0005
vn -0.9442 0.1625 0.2864
vn -0.9677 0.1625 0.1925
vn -0.8702 0.1625 0.4651
vn -0.9116 0.1625 0.3776
vn -0.8204 0.1625 0.5482
vn -0.7627 0.1625 0.6260
vn -0.6260 0.1625 0.7627
vn -0.6977 0.1625 0.6977
vn -0.5482 0.1625 0.8204
vn -0.3776 0.1625 0.9116
vn -0.4651 0.1625 0.8702
vn -0.2864 0.1625 0.9442
vn -0.0967 0.1625 0.9820
vn -0.1925 0.1625 0.9677
vn -0.0000 0.1625 0.9867
vn 0.0967 0.1625 0.9820
vn 0.1925 0.1625 0.9677
vn 0.2864 0.1625 0.9442
vn 0.4651 0.1625 0.8702
vn 0.3776 0.1625 0.9116
vn 0.6260 0.1625 0.7627
vn 0.5482 0.1625 0.8204
vn 0.6977 0.1625 0.6977
vn 0.8204 0.1625 0.5482
vn 0.7627 0.1625 0.6260
vn 0.8702 0.1625 0.4651
vn 0.9116 0.1625 0.3776
vn 0.9442 0.1625 0.2864
vn 0.9820 0.1625 0.0967
vn 0.9677 0.1625 0.1925
vn 0.9867 0.1625 -0.0000
vn 0.9820 0.1625 -0.0967
vn 0.9677 0.1625 -0.1925
vn 0.9442 0.1625 -0.2864
vn 0.8702 0.1625 -0.4651
vn 0.9116 0.1625 -0.3776
vn 0.8204 0.1625 -0.5482
vn 0.7627 0.1625 -0.6260
vn 0.6977 0.1625 -0.6977
vn 0.5482 0.1625 -0.8204
vn 0.6260 0.1625 -0.7627
vn 0.4651 0.1625 -0.8702
vn 0.2864 0.1625 -0.9442
vn 0.3776 0.1625 -0.9116
vn 0.1925 0.1625 -0.9677
vn -0.0000 0.1625 -0.9867
vn 0.0967 0.1625 -0.9820
vn -0.0967 0.1625 -0.9820
vn -0.1925 0.1625 -0.9677
vn -0.2864 0.1625 -0.9442
vn -0.4651 0.1625 -0.8702
vn -0.3776 0.1625 -0.9116
vn -0.5482 0.1625 -0.8204
vn -0.6260 0.1625 -0.7627
vn -0.6977 0.1625 -0.6977
vn -0.7627 0.1625 -0.6260
vn -0.8702 0.1625 -0.4651
vn -0.8204 0.1625 -0.5482
vn -0.9116 0.1625 -0.3776
vn -0.9442 0.1625 -0.2864
vn -0.9677 0.1625 -0.1925
vn -0.9820 0.1625 -0.0967
vn -0.9718 0.2157 0.0957
vn -0.9765 0.2157 -0.0000
vn -0.9577 0.2157 0.1905
vn -0.9344 0.2157 0.2835
vn -0.8612 0.2157 0.4603
vn -0.9021 0.2157 0.3737
vn -0.7548 0.2157 0.6195
vn -0.8119 0.2157 0.5425
vn -0.6905 0.2157 0.6905
vn -0.5425 0.2157 0.8119
vn -0.6195 0.2157 0.7548
vn -0.3737 0.2157 0.9021
vn -0.4603 0.2157 0.8612
vn -0.2835 0.2157 0.9344
vn -0.0957 0.2157 0.9718
vn -0.1905 0.2157 0.9577
vn -0.0000 0.2157 0.9765
vn 0.1905 0.2157 0.9577
vn 0.0957 0.2157 0.9718
vn 0.2835 0.2157 0.9344
vn 0.4603 0.2157 0.8612
vn 0.3737 0.2157 0.9021
vn 0.6195 0.2157 0.7548
vn 0.5425 0.2157 0.8119
vn 0.6905 0.2157 0.6905
vn 0.8119 0.2157 0.5425
vn 0.7548 0.2157 0.6195
vn 0.9021 0.2157 0.3737
vn 0.8612 0.2157 0.4603
vn 0.9577 0.2157 0.1905
vn 0.9344 0.2157 0.2835
vn 0.9718 0.2157 0.0957
vn 0.9765 0.2157 -0.0000
vn 0.9718 0.2157 -0.0957
vn 0.9344 0.2157 -0.2835
vn 0.9577 0.2157 -0.1905
vn 0.9021 0.2157 -0.3737
vn 0.8612 0.2157 -0.4603
vn 0.7548 0.2157 -0.6195
vn 0.8119 0.2157 -0.5425
vn 0.6905 0.2157 -0.6905
vn 0.6195 0.2157 -0.7548
vn 0.5425 0.2157 -0.8119
vn 0.3733 0.2160 -0.9022
vn 0.4603 0.2157 -0.8612
vn 0.1905 0.2157 -0.9577
vn 0.2835 0.2157 -0.9344
vn -0.0000 0.2157 -0.9765
vn 0.0957 0.2157 -0.9718
vn -0.0957 0.2157 -0.9718
vn -0.2835 0.2157 -0.9344
vn -0.1902 0.2157 -0.9578
vn -0.3737 0.2157 -0.9021
vn -0.5425 0.2157 -0.8119
vn -0.4603 0.2157 -0.8612
vn -0.6195 0.2157 -0.7548
vn -0.6905 0.2157 -0.6905
vn -0.7550 0.2157 -0.6192
vn -0.8119 0.2157 -0.5425
vn -0.8612 0.2157 -0.4603
vn -0.9021 0.2157 -0.3737
vn -0.9344 0.2157 -0.2835
vn -0.9577 0.2157 -0.1905
vn -0.9718 0.2157 -0.0957
vn -0.9588 0.2680 0.0944
vn -0.9634 0.2680 -0.0000
vn -0.9449 0.2680 0.1880
vn -0.9219 0.2680 0.2797
vn -0.8497 0.2680 0.4542
vn -0.8901 0.2680 0.3687
vn -0.8011 0.2680 0.5352
vn -0.6811 0.2687 0.6811
vn -0.7447 0.2680 0.6112
vn -0.6112 0.2680 0.7447
vn -0.5352 0.2680 0.8011
vn -0.3690 0.2683 0.8898
vn -0.4542 0.2680 0.8497
vn -0.1880 0.2680 0.9449
vn -0.2797 0.2680 0.9219
vn -0.0000 0.2680 0.9634
vn -0.0944 0.2680 0.9588
vn 0.0944 0.2680 0.9588
vn 0.2797 0.2680 0.9219
vn 0.1880 0.2680 0.9449
vn 0.4542 0.2680 0.8497
vn 0.3687 0.2680 0.8901
vn 0.6115 0.2681 0.7444
vn 0.5352 0.2680 0.8011
vn 0.6812 0.2680 0.6812
vn 0.8011 0.2680 0.5352
vn 0.7447 0.2680 0.6112
vn 0.8497 0.2680 0.4542
vn 0.8901 0.2680 0.3687
vn 0.9449 0.2680 0.1880
vn 0.9219 0.2680 0.2797
vn 0.9634 0.2680 -0.0000
vn 0.9588 0.2680 0.0948
vn 0.9588 0.2680 -0.0944
vn 0.9219 0.2680 -0.2797
vn 0.9450 0.2680 -0.1876
vn 0.8497 0.2680 -0.4542
vn 0.8901 0.2680 -0.3687
vn 0.8011 0.2680 -0.5352
vn 0.7447 0.2680 -0.6112
vn 0.6112 0.2680 -0.7447
vn 0.6812 0.2680 -0.6812
vn 0.5352 0.2680 -0.8011
vn 0.4542 0.2680 -0.8497
vn 0.3687 0.2680 -0.8901
vn 0.2797 0.2680 -0.9219
vn 0.1880 0.2680 -0.9449
vn 0.0944 0.2680 -0.9588
vn -0.0000 0.2680 -0.9634
vn -0.0944 0.2680 -0.9588
vn -0.1880 0.2680 -0.9449
vn -0.2797 0.2680 -0.9219
vn -0.4542 0.2680 -0.8497
vn -0.3687 0.2680 -0.8901
vn -0.6112 0.2680 -0.7447
vn -0.5352 0.2680 -0.8011
vn -0.6812 0.2680 -0.6812
vn -0.7447 0.2680 -0.6112
vn -0.8011 0.2680 -0.5352
vn -0.8901 0.2680 -0.3687
vn -0.8497 0.2680 -0.4542
vn -0.9219 0.2680 -0.2797
vn -0.9449 0.2680 -0.1880
vn -0.9588 0.2680 -0.0944
vn -0.9431 0.3192 0.0929
vn -0.9477 0.3192 -0.0000
vn -0.9295 0.3192 0.1849
vn -0.9070 0.3193 0.2746
vn -0.8358 0.3192 0.4467
vn -0.8755 0.3192 0.3627
vn -0.7880 0.3192 0.5265
vn -0.7326 0.3192 0.6012
vn -0.6012 0.3192 0.7326
vn -0.6701 0.3192 0.6701
vn -0.5265 0.3192 0.7880
vn -0.4470 0.3193 0.8356
vn -0.3627 0.3192 0.8755
vn -0.2754 0.3193 0.9068
vn -0.1849 0.3192 0.9295
vn -0.0000 0.3192 0.9477
vn -0.0929 0.3192 0.9431
vn 0.0929 0.3192 0.9431
vn 0.1852 0.3191 0.9294
vn 0.2751 0.3192 0.9069
vn 0.4467 0.3192 0.8358
vn 0.3627 0.3192 0.8755
vn 0.6012 0.3192 0.7326
vn 0.5265 0.3192 0.7880
vn 0.6701 0.3192 0.6701
vn 0.7880 0.3192 0.5265
vn 0.7326 0.3192 0.6012
vn 0.8755 0.3192 0.3627
vn 0.8358 0.3192 0.4467
vn 0.9069 0.3192 0.2751
vn 0.9295 0.3192 0.1849
vn 0.9431 0.3192 0.0929
vn 0.9431 0.3192 -0.0929
vn 0.9477 0.3192 -0.0005
vn 0.9295 0.3192 -0.1849
vn 0.9069 0.3192 -0.2751
vn 0.8358 0.3192 -0.4467
vn 0.8755 0.3192 -0.3627
vn 0.7880 0.3195 -0.5262
vn 0.7326 0.3192 -0.6012
vn 0.6701 0.3192 -0.6701
vn 0.5265 0.3192 -0.7880
vn 0.6012 0.3192 -0.7326
vn 0.4467 0.3192 -0.8358
vn 0.2751 0.3192 -0.9069
vn 0.3627 0.3192 -0.8755
vn 0.1848 0.3199 -0.9292
vn 0.0929 0.3192 -0.9431
vn -0.0929 0.3197 -0.9429
vn -0.0000 0.3192 -0.9477
vn -0.1849 0.3192 -0.9295
vn -0.3627 0.3192 -0.8755
vn -0.2751 0.3192 -0.9069
vn -0.4467 0.3192 -0.8358
vn -0.6012 0.3192 -0.7326
vn -0.5265 0.3192 -0.7880
vn -0.6701 0.3192 -0.6701
vn -0.7326 0.3192 -0.6012
vn -0.8358 0.3192 -0.4467
vn -0.7880 0.3192 -0.5265
vn -0.8755 0.3192 -0.3627
vn -0.9295 0.3192 -0.1849
vn -0.9069 0.3192 -0.2751
vn -0.9431 0.3192 -0.0929
vn -0.9248 0.3693 0.0911
vn -0.9293 0.3693 -0.0000
vn -0.9115 0.3693 0.1813
vn -0.8893 0.3693 0.2698
vn -0.8196 0.3693 0.4381
vn -0.8585 0.3692 0.3559
vn -0.7184 0.3693 0.5896
vn -0.7727 0.3693 0.5163
vn -0.6571 0.3693 0.6571
vn -0.5896 0.3693 0.7184
vn -0.5163 0.3693 0.7727
vn -0.4385 0.3694 0.8193
vn -0.3556 0.3693 0.8586
vn -0.2698 0.3693 0.8893
vn -0.0911 0.3693 0.9248
vn -0.1813 0.3693 0.9115
vn -0.0000 0.3693 0.9293
vn 0.0911 0.3693 0.9248
vn 0.1813 0.3693 0.9115
vn 0.2698 0.3693 0.8893
vn 0.4381 0.3693 0.8196
vn 0.3556 0.3693 0.8586
vn 0.5163 0.3693 0.7727
vn 0.6571 0.3693 0.6571
vn 0.5896 0.3693 0.7184
vn 0.7727 0.3693 0.5163
vn 0.7184 0.3693 0.5896
vn 0.8586 0.3693 0.3556
vn 0.8196 0.3693 0.4381
vn 0.8891 0.3694 0.2702
vn 0.9249 0.3692 0.0908
vn 0.9115 0.3693 0.1813
vn 0.9293 0.3693 -0.0000
vn 0.9248 0.3693 -0.0911
vn 0.9115 0.3693 -0.1813
vn 0.8893 0.3693 -0.2698
vn 0.8196 0.3693 -0.4381
vn 0.8586 0.3693 -0.3556
vn 0.7184 0.3693 -0.5896
vn 0.7727 0.3693 -0.5163
vn 0.6571 0.3693 -0.6571
vn 0.5163 0.3693 -0.7727
vn 0.5896 0.3693 -0.7184
vn 0.4381 0.3693 -0.8196
vn 0.2698 0.3693 -0.8893
vn 0.3559 0.3692 -0.8585
vn 0.0911 0.3693 -0.9248
vn 0.1813 0.3693 -0.9115
vn -0.0000 0.3697 -0.9291
vn -0.1813 0.3693 -0.9115
vn -0.0911 0.3693 -0.9248
vn -0.3559 0.3692 -0.8585
vn -0.2698 0.3693 -0.8893
vn -0.4381 0.3693 -0.8196
vn -0.5163 0.3693 -0.7727
vn -0.6571 0.3693 -0.6571
vn -0.5896 0.3693 -0.7184
vn -0.7727 0.3693 -0.5163
vn -0.7184 0.3693 -0.5896
vn -0.8196 0.3693 -0.4381
vn -0.8893 0.3693 -0.2698
vn -0.8586 0.3693 -0.3556
vn -0.9115 0.3693 -0.1813
vn -0.9249 0.3692 -0.0908
vn -0.9040 0.4180 0.0895
vn -0.9085 0.4179 -0.0000
vn -0.8910 0.4179 0.1772
vn -0.8393 0.4179 0.3477
vn -0.8694 0.4179 0.2637
vn -0.8012 0.4179 0.4283
vn -0.7556 0.4180 0.5043
vn -0.6424 0.4179 0.6424
vn -0.7023 0.4179 0.5763
vn -0.5763 0.4179 0.7023
vn -0.5047 0.4179 0.7554
vn -0.4283 0.4179 0.8012
vn -0.3477 0.4179 0.8393
vn -0.2637 0.4179 0.8694
vn -0.0890 0.4179 0.9041
vn -0.1772 0.4179 0.8910
vn 0.0894 0.4180 0.9041
vn -0.0000 0.4179 0.9085
vn 0.1772 0.4179 0.8910
vn 0.2637 0.4179 0.8694
vn 0.3477 0.4179 0.8393
vn 0.4283 0.4179 0.8012
vn 0.5047 0.4179 0.7554
vn 0.6424 0.4179 0.6424
vn 0.5763 0.4179 0.7023
vn 0.7023 0.4179 0.5763
vn 0.7554 0.4179 0.5047
vn 0.8010 0.4180 0.4286
vn 0.8393 0.4179 0.3477
vn 0.8693 0.4178 0.2640
vn 0.9041 0.4179 0.0890
vn 0.8910 0.4179 0.1772
vn 0.9041 0.4179 -0.0890
vn 0.9085 0.4179 -0.0000
vn 0.8911 0.4180 -0.1768
vn 0.8393 0.4179 -0.3477
vn 0.8694 0.4179 -0.2637
vn 0.8012 0.4179 -0.4283
vn 0.7554 0.4179 -0.5047
vn 0.6424 0.4179 -0.6424
vn 0.7023 0.4179 -0.5763
vn 0.5763 0.4179 -0.7023
vn 0.5047 0.4179 -0.7554
vn 0.4283 0.4179 -0.8012
vn 0.3477 0.4179 -0.8393
vn 0.2642 0.4178 -0.8693
vn 0.0890 0.4179 -0.9041
vn 0.1772 0.4179 -0.8910
vn -0.0894 0.4180 -0.9041
vn -0.0000 0.4179 -0.9085
vn -0.1772 0.4179 -0.8910
vn -0.3477 0.4179 -0.8393
vn -0.2637 0.4179 -0.8694
vn -0.4283 0.4179 -0.8012
vn -0.5047 0.4179 -0.7554
vn -0.6424 0.4179 -0.6424
vn -0.5763 0.4179 -0.7023
vn -0.7554 0.4179 -0.5047
vn -0.7023 0.4179 -0.5763
vn -0.8012 0.4179 -0.4283
vn -0.8694 0.4179 -0.2637
vn -0.8393 0.4179 -0.3477
vn -0.9041 0.4180 -0.0887
vn -0.8910 0.4179 -0.1772
vn -0.8810 0.4651 0.0872
vn -0.8853 0.4650 -0.0000
vn -0.8683 0.4650 0.1727
vn -0.8472 0.4650 0.2570
vn -0.8179 0.4650 0.3388
vn -0.7808 0.4650 0.4173
vn -0.7363 0.4651 0.4915
vn -0.6843 0.4650 0.5616
vn -0.6260 0.4650 0.6260
vn -0.5616 0.4650 0.6843
vn -0.4918 0.4650 0.7361
vn -0.3388 0.4650 0.8179
vn -0.4173 0.4650 0.7808
vn -0.2573 0.4653 0.8469
vn -0.0868 0.4650 0.8810
vn -0.1727 0.4650 0.8683
vn 0.0868 0.4650 0.8810
vn -0.0000 0.4650 0.8853
vn 0.1727 0.4650 0.8683
vn 0.2570 0.4650 0.8472
vn 0.3388 0.4650 0.8179
vn 0.4173 0.4650 0.7808
vn 0.4913 0.4651 0.7364
vn 0.5616 0.4650 0.6843
vn 0.6260 0.4650 0.6260
vn 0.6840 0.4651 0.5619
vn 0.7358 0.4651 0.4922
vn 0.7808 0.4650 0.4173
vn 0.8472 0.4650 0.2570
vn 0.8179 0.4650 0.3388
vn 0.8810 0.4650 0.0868
vn 0.8683 0.4650 0.1727
vn 0.8808 0.4653 -0.0871
vn 0.8853 0.4650 -0.0000
vn 0.8683 0.4650 -0.1727
vn 0.8179 0.4650 -0.3388
vn 0.8472 0.4650 -0.2570
vn 0.7808 0.4650 -0.4173
vn 0.7361 0.4650 -0.4918
vn 0.6844 0.4653 -0.5614
vn 0.6262 0.4649 -0.6258
vn 0.4920 0.4652 -0.7359
vn 0.5619 0.4650 -0.6842
vn 0.4177 0.4651 -0.7805
vn 0.2570 0.4650 -0.8472
vn 0.3388 0.4650 -0.8179
vn 0.0868 0.4650 -0.8810
vn 0.1727 0.4650 -0.8683
vn -0.0872 0.4651 -0.8810
vn -0.0000 0.4650 -0.8853
vn -0.1727 0.4650 -0.8683
vn -0.3388 0.4650 -0.8179
vn -0.2570 0.4650 -0.8472
vn -0.4173 0.4650 -0.7808
vn -0.4918 0.4650 -0.7361
vn -0.6260 0.4650 -0.6260
vn -0.5616 0.4650 -0.6843
vn -0.6843 0.4650 -0.5616
vn -0.7808 0.4650 -0.4173
vn -0.7361 0.4650 -0.4918
vn -0.8472 0.4650 -0.2570
vn -0.8179 0.4650 -0.3388
vn -0.8810 0.4650 -0.0868
vn -0.8683 0.4650 -0.1727
vn -0.8558 0.5105 0.0843
vn -0.8601 0.5101 -0.0000
vn -0.8434 0.5105 0.1678
vn -0.7943 0.5105 0.3293
vn -0.8229 0.5105 0.2496
vn -0.7584 0.5105 0.4054
vn -0.7151 0.5105 0.4775
vn -0.6079 0.5104 0.6083
vn -0.6647 0.5105 0.5455
vn -0.5455 0.5105 0.6647
vn -0.4054 0.5105 0.7584
vn -0.4777 0.5105 0.7150
vn -0.3291 0.5105 0.7944
vn -0.2496 0.5105 0.8229
vn -0.0843 0.5105 0.8558
vn -0.1678 0.5105 0.8434
vn 0.0843 0.5105 0.8558
vn -0.0000 0.5105 0.8599
vn 0.1678 0.5105 0.8434
vn 0.3291 0.5105 0.7944
vn 0.2496 0.5105 0.8229
vn 0.4052 0.5109 0.7582
vn 0.4775 0.5104 0.7152
vn 0.6080 0.5105 0.6080
vn 0.5455 0.5105 0.6647
vn 0.6643 0.5106 0.5459
vn 0.7148 0.5105 0.4780
vn 0.7581 0.5105 0.4057
vn 0.8229 0.5105 0.2496
vn 0.7944 0.5105 0.3291
vn 0.8556 0.5108 0.0839
vn 0.8434 0.5105 0.1678
vn 0.8558 0.5105 -0.0843
vn 0.8601 0.5101 -0.0000
vn 0.8434 0.5105 -0.1678
vn 0.7944 0.5105 -0.3291
vn 0.8229 0.5105 -0.2496
vn 0.7580 0.5108 -0.4056
vn 0.7150 0.5105 -0.4777
vn 0.6080 0.5105 -0.6080
vn 0.6649 0.5104 -0.5453
vn 0.5455 0.5105 -0.6647
vn 0.4778 0.5107 -0.7147
vn 0.4054 0.5105 -0.7584
vn 0.2496 0.5105 -0.8229
vn 0.3291 0.5105 -0.7944
vn 0.0843 0.5105 -0.8558
vn 0.1678 0.5105 -0.8434
vn -0.0843 0.5105 -0.8558
vn -0.0000 0.5105 -0.8599
vn -0.1678 0.5105 -0.8434
vn -0.2496 0.5105 -0.8229
vn -0.3287 0.5104 -0.7947
vn -0.4777 0.5105 -0.7150
vn -0.4054 0.5105 -0.7584
vn -0.6080 0.5105 -0.6080
vn -0.5455 0.5105 -0.6647
vn -0.6647 0.5105 -0.5455
vn -0.7584 0.5105 -0.4054
vn -0.7150 0.5105 -0.4777
vn -0.8229 0.5105 -0.2496
vn -0.7944 0.5105 -0.3291
vn -0.8557 0.5107 -0.0840
vn -0.8434 0.5105 -0.1678
vn -0.8324 0.5541 -0.0000
vn -0.8164 0.5541 0.1624
vn -0.8284 0.5541 0.0816
vn -0.7690 0.5540 0.3190
vn -0.7966 0.5541 0.2416
vn -0.7341 0.5541 0.3924
vn -0.6923 0.5542 0.4621
vn -0.5882 0.5544 0.5887
vn -0.6435 0.5541 0.5281
vn -0.5284 0.5540 0.6433
vn -0.3920 0.5542 0.7343
vn -0.4625 0.5541 0.6921
vn -0.3182 0.5540 0.7693
vn -0.2416 0.5541 0.7966
vn -0.0816 0.5541 0.8284
vn -0.1624 0.5541 0.8164
vn 0.0004 0.5540 0.8325
vn 0.0816 0.5541 0.8284
vn 0.1624 0.5541 0.8164
vn 0.2412 0.5542 0.7967
vn 0.3186 0.5541 0.7691
vn 0.4625 0.5541 0.6921
vn 0.3929 0.5541 0.7339
vn 0.5886 0.5541 0.5886
vn 0.5281 0.5541 0.6435
vn 0.6435 0.5541 0.5281
vn 0.6921 0.5541 0.4625
vn 0.7340 0.5541 0.3927
vn 0.7966 0.5541 0.2416
vn 0.7691 0.5541 0.3186
vn 0.8284 0.5541 0.0816
vn 0.8164 0.5541 0.1624
vn 0.8324 0.5541 -0.0000
vn 0.8164 0.5541 -0.1624
vn 0.8284 0.5541 -0.0816
vn 0.7691 0.5541 -0.3186
vn 0.7966 0.5541 -0.2416
vn 0.6921 0.5541 -0.4625
vn 0.7341 0.5541 -0.3924
vn 0.6435 0.5544 -0.5278
vn 0.5886 0.5541 -0.5886
vn 0.5284 0.5542 -0.6432
vn 0.3924 0.5541 -0.7341
vn 0.4628 0.5541 -0.6919
vn 0.3186 0.5541 -0.7691
vn 0.2416 0.5541 -0.7966
vn 0.0812 0.5540 -0.8285
vn 0.1624 0.5541 -0.8164
vn -0.0000 0.5541 -0.8324
vn -0.1624 0.5541 -0.8164
vn -0.0816 0.5541 -0.8284
vn -0.3186 0.5541 -0.7691
vn -0.2416 0.5541 -0.7966
vn -0.4621 0.5544 -0.6922
vn -0.3924 0.5541 -0.7341
vn -0.5886 0.5541 -0.5886
vn -0.5278 0.5541 -0.6438
vn -0.6435 0.5541 -0.5281
vn -0.7341 0.5541 -0.3924
vn -0.6921 0.5541 -0.4625
vn -0.7966 0.5541 -0.2416
vn -0.7691 0.5541 -0.3186
vn -0.8284 0.5541 -0.0816
vn -0.8164 0.5541 -0.1627
vn -0.7991 0.5960 0.0790
vn -0.8030 0.5960 0.0004
vn -0.7876 0.5960 0.1567
vn -0.7417 0.5961 0.3075
vn -0.7684 0.5960 0.2331
vn -0.7082 0.5960 0.3785
vn -0.6679 0.5960 0.4458
vn -0.5675 0.5960 0.5681
vn -0.6207 0.5960 0.5094
vn -0.5094 0.5960 0.6207
vn -0.3785 0.5960 0.7082
vn -0.4461 0.5960 0.6677
vn -0.3075 0.5961 0.7417
vn -0.2335 0.5960 0.7683
vn -0.0784 0.5960 0.7991
vn -0.1567 0.5960 0.7876
vn -0.0000 0.5960 0.8030
vn 0.1567 0.5960 0.7876
vn 0.0787 0.5960 0.7991
vn 0.2328 0.5960 0.7685
vn 0.3785 0.5960 0.7082
vn 0.3073 0.5960 0.7419
vn 0.4461 0.5960 0.6677
vn 0.5678 0.5960 0.5678
vn 0.5094 0.5960 0.6207
vn 0.6207 0.5960 0.5094
vn 0.7078 0.5966 0.3783
vn 0.6677 0.5960 0.4461
vn 0.7684 0.5960 0.2331
vn 0.7419 0.5960 0.3073
vn 0.7991 0.5960 0.0787
vn 0.7876 0.5960 0.1567
vn 0.7991 0.5960 -0.0787
vn 0.8030 0.5960 -0.0000
vn 0.7876 0.5960 -0.1567
vn 0.7419 0.5960 -0.3073
vn 0.7684 0.5960 -0.2331
vn 0.6677 0.5960 -0.4461
vn 0.7082 0.5960 -0.3785
vn 0.5678 0.5960 -0.5678
vn 0.6207 0.5960 -0.5094
vn 0.5096 0.5960 -0.6205
vn 0.4464 0.5960 -0.6674
vn 0.3788 0.5960 -0.7080
vn 0.2331 0.5960 -0.7684
vn 0.3073 0.5960 -0.7419
vn 0.0787 0.5960 -0.7991
vn 0.1567 0.5960 -0.7876
vn 0.0003 0.5960 -0.8030
vn -0.1567 0.5960 -0.7876
vn -0.0787 0.5960 -0.7991
vn -0.3073 0.5960 -0.7419
vn -0.2331 0.5960 -0.7684
vn -0.3783 0.5962 -0.7082
vn -0.4459 0.5959 -0.6679
vn -0.5094 0.5960 -0.6207
vn -0.5678 0.5960 -0.5678
vn -0.6205 0.5959 -0.5098
vn -0.7082 0.5960 -0.3785
vn -0.6677 0.5960 -0.4461
vn -0.7684 0.5960 -0.2331
vn -0.7419 0.5960 -0.3073
vn -0.7875 0.5960 -0.1569
vn -0.7991 0.5960 -0.0787
vn -0.7681 0.6358 0.0757
vn -0.7718 0.6358 -0.0000
vn -0.7570 0.6358 0.1506
vn -0.7128 0.6359 0.2958
vn -0.7386 0.6358 0.2241
vn -0.6807 0.6358 0.3638
vn -0.6420 0.6359 0.4283
vn -0.5454 0.6361 0.5458
vn -0.5966 0.6358 0.4896
vn -0.4896 0.6358 0.5966
vn -0.3636 0.6360 0.6807
vn -0.4288 0.6358 0.6418
vn -0.2954 0.6358 0.7131
vn -0.2244 0.6359 0.7384
vn -0.0757 0.6358 0.7681
vn -0.1506 0.6358 0.7570
vn -0.0000 0.6358 0.7718
vn 0.1506 0.6358 0.7570
vn 0.0757 0.6358 0.7681
vn 0.2235 0.6359 0.7387
vn 0.3642 0.6359 0.6804
vn 0.2954 0.6358 0.7131
vn 0.4288 0.6358 0.6418
vn 0.5458 0.6358 0.5458
vn 0.4896 0.6358 0.5966
vn 0.6418 0.6358 0.4288
vn 0.5966 0.6358 0.4896
vn 0.7131 0.6358 0.2954
vn 0.6807 0.6358 0.3638
vn 0.7384 0.6359 0.2244
vn 0.7681 0.6359 0.0754
vn 0.7570 0.6358 0.1506
vn 0.7718 0.6358 -0.0000
vn 0.7569 0.6360 -0.1503
vn 0.7681 0.6358 -0.0757
vn 0.7128 0.6359 -0.2958
vn 0.7386 0.6358 -0.2241
vn 0.6805 0.6359 -0.3642
vn 0.6418 0.6358 -0.4288
vn 0.5458 0.6358 -0.5458
vn 0.5966 0.6358 -0.4896
vn 0.4896 0.6358 -0.5966
vn 0.4288 0.6358 -0.6418
vn 0.3638 0.6358 -0.6807
vn 0.2241 0.6358 -0.7386
vn 0.2950 0.6358 -0.7133
vn 0.0757 0.6358 -0.7681
vn 0.1506 0.6355 -0.7573
vn 0.0004 0.6359 -0.7718
vn -0.1506 0.6358 -0.7570
vn -0.0757 0.6358 -0.7681
vn -0.2954 0.6358 -0.7131
vn -0.2241 0.6358 -0.7386
vn -0.4288 0.6358 -0.6418
vn -0.3638 0.6358 -0.6807
vn -0.5458 0.6358 -0.5458
vn -0.4896 0.6358 -0.5966
vn -0.5966 0.6358 -0.4896
vn -0.6807 0.6358 -0.3638
vn -0.6418 0.6358 -0.4288
vn -0.7386 0.6358 -0.2241
vn -0.7131 0.6358 -0.2954
vn -0.7570 0.6358 -0.1506
vn -0.7684 0.6355 -0.0757
vn -0.7390 0.6737 -0.0000
vn -0.7248 0.6737 0.1442
vn -0.7354 0.6737 0.0724
vn -0.6825 0.6738 0.2831
vn -0.7072 0.6737 0.2145
vn -0.6517 0.6737 0.3484
vn -0.6146 0.6738 0.4102
vn -0.5713 0.6737 0.4688
vn -0.4688 0.6737 0.5713
vn -0.5226 0.6737 0.5226
vn -0.3484 0.6737 0.6517
vn -0.4106 0.6737 0.6145
vn -0.2830 0.6739 0.6825
vn -0.2145 0.6737 0.7072
vn -0.1445 0.6738 0.7247
vn -0.0000 0.6737 0.7390
vn -0.0724 0.6737 0.7354
vn 0.1439 0.6739 0.7247
vn 0.0722 0.6737 0.7355
vn 0.2140 0.6738 0.7073
vn 0.3487 0.6736 0.6516
vn 0.2827 0.6740 0.6825
vn 0.4103 0.6739 0.6145
vn 0.5226 0.6737 0.5226
vn 0.4688 0.6737 0.5713
vn 0.5708 0.6738 0.4692
vn 0.6141 0.6738 0.4110
vn 0.6827 0.6739 0.2824
vn 0.6514 0.6741 0.3482
vn 0.7072 0.6737 0.2145
vn 0.7354 0.6737 0.0724
vn 0.7251 0.6734 0.1442
vn 0.7390 0.6737 -0.0000
vn 0.7354 0.6738 -0.0719
vn 0.7248 0.6738 -0.1438
vn 0.6825 0.6738 -0.2833
vn 0.7069 0.6740 -0.2144
vn 0.6515 0.6738 -0.3487
vn 0.6145 0.6737 -0.4106
vn 0.5226 0.6737 -0.5226
vn 0.5710 0.6741 -0.4686
vn 0.4688 0.6737 -0.5713
vn 0.4106 0.6737 -0.6145
vn 0.3484 0.6737 -0.6517
vn 0.2824 0.6738 -0.6828
vn 0.2140 0.6738 -0.7073
vn 0.1442 0.6737 -0.7248
vn 0.0727 0.6740 -0.7352
vn -0.0000 0.6737 -0.7390
vn -0.1441 0.6740 -0.7245
vn -0.0722 0.6737 -0.7355
vn -0.2828 0.6737 -0.6828
vn -0.2148 0.6737 -0.7071
vn -0.4106 0.6737 -0.6145
vn -0.3484 0.6737 -0.6517
vn -0.4688 0.6737 -0.5713
vn -0.5226 0.6737 -0.5226
vn -0.5713 0.6737 -0.4688
vn -0.6517 0.6739 -0.3481
vn -0.6145 0.6737 -0.4106
vn -0.7072 0.6737 -0.2145
vn -0.6829 0.6737 -0.2825
vn -0.7349 0.6743 -0.0724
vn -0.7248 0.6737 -0.1442
vn -0.7013 0.7095 0.0691
vn -0.7047 0.7095 -0.0000
vn -0.6912 0.7096 0.1371
vn -0.6510 0.7095 0.2697
vn -0.6745 0.7095 0.2043
vn -0.6210 0.7100 0.3320
vn -0.5859 0.7095 0.3915
vn -0.4983 0.7095 0.4983
vn -0.5447 0.7095 0.4471
vn -0.4474 0.7096 0.5443
vn -0.3318 0.7097 0.6214
vn -0.3915 0.7095 0.5859
vn -0.2697 0.7095 0.6510
vn -0.2046 0.7095 0.6743
vn -0.1375 0.7095 0.6911
vn -0.0000 0.7095 0.7047
vn -0.0691 0.7095 0.7013
vn 0.0691 0.7095 0.7013
vn 0.1375 0.7095 0.6911
vn 0.2046 0.7095 0.6743
vn 0.3321 0.7098 0.6212
vn 0.2697 0.7095 0.6510
vn 0.3915 0.7095 0.5859
vn 0.4983 0.7095 0.4983
vn 0.4471 0.7095 0.5447
vn 0.5447 0.7095 0.4471
vn 0.5858 0.7095 0.3918
vn 0.6512 0.7095 0.2694
vn 0.6211 0.7099 0.3320
vn 0.6742 0.7097 0.2043
vn 0.6911 0.7095 0.1375
vn 0.7045 0.7097 0.0003
vn 0.7013 0.7095 0.0691
vn 0.7013 0.7096 -0.0688
vn 0.6911 0.7095 -0.1375
vn 0.6510 0.7095 -0.2699
vn 0.6743 0.7095 -0.2046
vn 0.6212 0.7097 -0.3323
vn 0.5859 0.7095 -0.3915
vn 0.4983 0.7095 -0.4983
vn 0.5447 0.7095 -0.4471
vn 0.4471 0.7095 -0.5447
vn 0.3915 0.7095 -0.5859
vn 0.2693 0.7096 -0.6511
vn 0.3322 0.7095 -0.6215
vn 0.2042 0.7094 -0.6745
vn 0.1377 0.7097 -0.6909
vn -0.0000 0.7095 -0.7047
vn 0.0691 0.7095 -0.7013
vn -0.0687 0.7096 -0.7013
vn -0.2046 0.7095 -0.6743
vn -0.1375 0.7095 -0.6911
vn -0.2697 0.7095 -0.6510
vn -0.3915 0.7095 -0.5859
vn -0.3322 0.7095 -0.6215
vn -0.4986 0.7096 -0.4978
vn -0.4470 0.7095 -0.5447
vn -0.5447 0.7095 -0.4471
vn -0.6215 0.7095 -0.3322
vn -0.5857 0.7095 -0.3920
vn -0.6509 0.7098 -0.2693
vn -0.6743 0.7095 -0.2046
vn -0.6909 0.7096 -0.1380
vn -0.7013 0.7095 -0.0691
vn -0.6690 0.7433 -0.0000
vn -0.6658 0.7433 0.0656
vn -0.6563 0.7432 0.1303
vn -0.6403 0.7433 0.1937
vn -0.6181 0.7433 0.2560
vn -0.5562 0.7435 0.3713
vn -0.5904 0.7429 0.3156
vn -0.4727 0.7435 0.4731
vn -0.5172 0.7433 0.4244
vn -0.4244 0.7433 0.5172
vn -0.3154 0.7433 0.5900
vn -0.3717 0.7433 0.5563
vn -0.2560 0.7433 0.6181
vn -0.1942 0.7433 0.6402
vn -0.1305 0.7433 0.6562
vn -0.0000 0.7433 0.6690
vn -0.0660 0.7432 0.6658
vn 0.0656 0.7433 0.6658
vn 0.1939 0.7435 0.6401
vn 0.1305 0.7433 0.6562
vn 0.2558 0.7433 0.6181
vn 0.3717 0.7433 0.5563
vn 0.3154 0.7433 0.5900
vn 0.4731 0.7433 0.4731
vn 0.4244 0.7433 0.5172
vn 0.5563 0.7433 0.3717
vn 0.5172 0.7433 0.4244
vn 0.6178 0.7434 0.2561
vn 0.5900 0.7433 0.3154
vn 0.6559 0.7434 0.1307
vn 0.6402 0.7433 0.1942
vn 0.6656 0.7433 0.0661
vn 0.6690 0.7433 -0.0000
vn 0.6658 0.7433 -0.0656
vn 0.6400 0.7434 -0.1943
vn 0.6564 0.7430 -0.1306
vn 0.6181 0.7433 -0.2560
vn 0.5563 0.7433 -0.3717
vn 0.5900 0.7433 -0.3154
vn 0.4731 0.7433 -0.4731
vn 0.5173 0.7432 -0.4242
vn 0.4244 0.7433 -0.5172
vn 0.3717 0.7433 -0.5563
vn 0.2557 0.7435 -0.6179
vn 0.3157 0.7432 -0.5899
vn 0.1942 0.7433 -0.6402
vn 0.1305 0.7433 -0.6562
vn 0.0661 0.7433 -0.6656
vn 0.0004 0.7433 -0.6689
vn -0.0653 0.7435 -0.6655
vn -0.1305 0.7433 -0.6562
vn -0.2560 0.7433 -0.6181
vn -0.1942 0.7433 -0.6402
vn -0.3717 0.7433 -0.5563
vn -0.3154 0.7433 -0.5900
vn -0.4731 0.7433 -0.4731
vn -0.4244 0.7433 -0.5172
vn -0.5172 0.7433 -0.4244
vn -0.5563 0.7433 -0.3717
vn -0.5899 0.7432 -0.3157
vn -0.6402 0.7433 -0.1942
vn -0.6180 0.7432 -0.2564
vn -0.6562 0.7433 -0.1305
vn -0.6663 0.7428 -0.0656
vn -0.6289 0.7750 0.0624
vn -0.6322 0.7748 0.0004
vn -0.6200 0.7749 0.1233
vn -0.6049 0.7750 0.1830
vn -0.5575 0.7749 0.2980
vn -0.5840 0.7749 0.2419
vn -0.5258 0.7750 0.3507
vn -0.4466 0.7750 0.4472
vn -0.4886 0.7749 0.4010
vn -0.4010 0.7749 0.4886
vn -0.3512 0.7749 0.5256
vn -0.2980 0.7749 0.5575
vn -0.2419 0.7749 0.5840
vn -0.1840 0.7750 0.6046
vn -0.1234 0.7750 0.6197
vn -0.0620 0.7749 0.6291
vn -0.0000 0.7749 0.6321
vn 0.1233 0.7749 0.6200
vn 0.0624 0.7748 0.6291
vn 0.1830 0.7750 0.6049
vn 0.2414 0.7750 0.5841
vn 0.3512 0.7749 0.5256
vn 0.2980 0.7749 0.5575
vn 0.4470 0.7749 0.4470
vn 0.4010 0.7749 0.4886
vn 0.4886 0.7749 0.4010
vn 0.5256 0.7749 0.3512
vn 0.5575 0.7749 0.2980
vn 0.5837 0.7750 0.2423
vn 0.6047 0.7750 0.1839
vn 0.6200 0.7749 0.1233
vn 0.6291 0.7748 0.0622
vn 0.6288 0.7751 -0.0622
vn 0.6321 0.7749 -0.0000
vn 0.6200 0.7749 -0.1233
vn 0.5840 0.7749 -0.2419
vn 0.6049 0.7749 -0.1835
vn 0.5255 0.7751 -0.3508
vn 0.5577 0.7748 -0.2977
vn 0.4886 0.7749 -0.4010
vn 0.4472 0.7748 -0.4468
vn 0.4012 0.7749 -0.4883
vn 0.3514 0.7749 -0.5254
vn 0.2980 0.7750 -0.5572
vn 0.1832 0.7751 -0.6047
vn 0.2419 0.7749 -0.5840
vn 0.1233 0.7749 -0.6200
vn 0.0624 0.7750 -0.6289
vn 0.0004 0.7749 -0.6320
vn -0.1233 0.7749 -0.6200
vn -0.0620 0.7749 -0.6291
vn -0.1830 0.7750 -0.6049
vn -0.2419 0.7749 -0.5840
vn -0.3512 0.7749 -0.5256
vn -0.2983 0.7748 -0.5573
vn -0.4010 0.7749 -0.4886
vn -0.4468 0.7748 -0.4472
vn -0.4882 0.7750 -0.4013
vn -0.5575 0.7749 -0.2980
vn -0.5254 0.7751 -0.3510
vn -0.5840 0.7749 -0.2419
vn -0.6049 0.7749 -0.1835
vn -0.6288 0.7751 -0.0617
vn -0.6200 0.7749 -0.1233
vn -0.5912 0.8044 0.0585
vn -0.5940 0.8045 0.0005
vn -0.5827 0.8044 0.1159
vn -0.5685 0.8045 0.1720
vn -0.5488 0.8045 0.2271
vn -0.5240 0.8044 0.2801
vn -0.4941 0.8045 0.3297
vn -0.4197 0.8045 0.4204
vn -0.4592 0.8044 0.3769
vn -0.3769 0.8044 0.4592
vn -0.2798 0.8044 0.5240
vn -0.3299 0.8046 0.4938
vn -0.2274 0.8044 0.5489
vn -0.1725 0.8044 0.5685
vn -0.0582 0.8044 0.5912
vn -0.1156 0.8044 0.5828
vn 0.0586 0.8045 0.5911
vn -0.0000 0.8044 0.5941
vn 0.1160 0.8045 0.5825
vn 0.1725 0.8044 0.5685
vn 0.2274 0.8044 0.5489
vn 0.2800 0.8047 0.5236
vn 0.3301 0.8044 0.4940
vn 0.4204 0.8043 0.4199
vn 0.3769 0.8044 0.4592
vn 0.4592 0.8045 0.3766
vn 0.4942 0.8043 0.3298
vn 0.5236 0.8046 0.2802
vn 0.5485 0.8045 0.2278
vn 0.5683 0.8045 0.1726
vn 0.5912 0.8044 0.0582
vn 0.5828 0.8044 0.1157
vn 0.5938 0.8046 0.0002
vn 0.5823 0.8047 -0.1158
vn 0.5912 0.8044 -0.0582
vn 0.5686 0.8043 -0.1722
vn 0.5489 0.8044 -0.2274
vn 0.5240 0.8044 -0.2801
vn 0.4937 0.8046 -0.3300
vn 0.4201 0.8044 -0.4201
vn 0.4592 0.8044 -0.3769
vn 0.3769 0.8047 -0.4588
vn 0.3301 0.8044 -0.4940
vn 0.2274 0.8044 -0.5489
vn 0.2798 0.8044 -0.5242
vn 0.1156 0.8046 -0.5825
vn 0.1725 0.8044 -0.5685
vn 0.0582 0.8044 -0.5912
vn -0.0000 0.8044 -0.5941
vn -0.1159 0.8044 -0.5827
vn -0.0582 0.8044 -0.5912
vn -0.1721 0.8045 -0.5685
vn -0.2803 0.8045 -0.5237
vn -0.2272 0.8047 -0.5485
vn -0.3301 0.8044 -0.4940
vn -0.4201 0.8044 -0.4201
vn -0.3767 0.8046 -0.4590
vn -0.4590 0.8045 -0.3769
vn -0.5238 0.8046 -0.2797
vn -0.4940 0.8044 -0.3301
vn -0.5683 0.8045 -0.1726
vn -0.5492 0.8041 -0.2275
vn -0.5911 0.8045 -0.0581
vn -0.5827 0.8044 -0.1162
vn -0.5525 0.8317 0.0547
vn -0.5550 0.8319 0.0005
vn -0.5443 0.8319 0.1081
vn -0.5312 0.8319 0.1606
vn -0.4896 0.8318 0.2617
vn -0.5126 0.8319 0.2123
vn -0.4616 0.8318 0.3084
vn -0.3922 0.8318 0.3927
vn -0.4291 0.8318 0.3522
vn -0.3519 0.8320 0.4288
vn -0.2614 0.8317 0.4898
vn -0.3084 0.8318 0.4616
vn -0.2125 0.8320 0.5125
vn -0.1078 0.8319 0.5444
vn -0.1611 0.8318 0.5312
vn -0.0544 0.8318 0.5524
vn 0.0547 0.8317 0.5525
vn -0.0000 0.8320 0.5547
vn 0.1082 0.8319 0.5442
vn 0.1611 0.8318 0.5312
vn 0.2619 0.8317 0.4895
vn 0.2124 0.8318 0.5129
vn 0.3082 0.8320 0.4613
vn 0.3925 0.8318 0.3925
vn 0.3522 0.8318 0.4291
vn 0.4613 0.8319 0.3084
vn 0.4291 0.8318 0.3522
vn 0.4892 0.8320 0.2617
vn 0.5128 0.8317 0.2128
vn 0.5444 0.8319 0.1078
vn 0.5310 0.8319 0.1611
vn 0.5524 0.8318 0.0544
vn 0.5521 0.8320 -0.0544
vn 0.5547 0.8320 -0.0000
vn 0.5312 0.8318 -0.1611
vn 0.5444 0.8318 -0.1083
vn 0.4896 0.8318 -0.2617
vn 0.5129 0.8318 -0.2124
vn 0.4616 0.8318 -0.3084
vn 0.4291 0.8318 -0.3522
vn 0.3925 0.8318 -0.3925
vn 0.3081 0.8320 -0.4614
vn 0.3525 0.8317 -0.4289
vn 0.2617 0.8318 -0.4896
vn 0.2125 0.8320 -0.5125
vn 0.1079 0.8318 -0.5444
vn 0.1611 0.8318 -0.5312
vn 0.0544 0.8319 -0.5522
vn -0.0544 0.8318 -0.5524
vn -0.0000 0.8318 -0.5551
vn -0.1083 0.8318 -0.5444
vn -0.1607 0.8317 -0.5314
vn -0.2617 0.8319 -0.4893
vn -0.2124 0.8318 -0.5129
vn -0.3084 0.8318 -0.4616
vn -0.3925 0.8318 -0.3925
vn -0.3522 0.8318 -0.4291
vn -0.4613 0.8319 -0.3083
vn -0.4291 0.8318 -0.3522
vn -0.4896 0.8318 -0.2617
vn -0.5129 0.8318 -0.2124
vn -0.5310 0.8319 -0.1615
vn -0.5442 0.8319 -0.1084
vn -0.5524 0.8318 -0.0544
vn -0.5126 0.8572 0.0506
vn -0.5151 0.8571 0.0005
vn -0.5055 0.8570 0.1003
vn -0.4931 0.8571 0.1492
vn -0.4542 0.8572 0.2428
vn -0.4760 0.8570 0.1972
vn -0.3979 0.8572 0.3268
vn -0.4284 0.8570 0.2863
vn -0.3643 0.8570 0.3643
vn -0.3265 0.8572 0.3982
vn -0.2429 0.8570 0.4544
vn -0.2863 0.8570 0.4284
vn -0.1975 0.8570 0.4760
vn -0.1003 0.8572 0.5052
vn -0.1496 0.8570 0.4931
vn -0.0505 0.8570 0.5128
vn 0.0505 0.8570 0.5128
vn -0.0000 0.8570 0.5152
vn 0.1003 0.8570 0.5055
vn 0.1491 0.8571 0.4931
vn 0.2429 0.8570 0.4544
vn 0.1972 0.8570 0.4760
vn 0.3269 0.8570 0.3983
vn 0.2860 0.8570 0.4286
vn 0.3640 0.8573 0.3640
vn 0.3981 0.8573 0.3266
vn 0.4284 0.8570 0.2863
vn 0.4757 0.8572 0.1973
vn 0.4543 0.8570 0.2432
vn 0.5051 0.8572 0.1003
vn 0.4931 0.8570 0.1496
vn 0.5128 0.8570 0.0505
vn 0.5128 0.8570 -0.0505
vn 0.5152 0.8570 -0.0000
vn 0.5053 0.8571 -0.1001
vn 0.4931 0.8571 -0.1491
vn 0.4760 0.8570 -0.1972
vn 0.4544 0.8570 -0.2429
vn 0.4285 0.8571 -0.2859
vn 0.3643 0.8570 -0.3643
vn 0.3983 0.8570 -0.3269
vn 0.3271 0.8571 -0.3980
vn 0.2429 0.8570 -0.4544
vn 0.2863 0.8570 -0.4284
vn 0.1972 0.8572 -0.4758
vn 0.1003 0.8572 -0.5052
vn 0.1496 0.8570 -0.4931
vn 0.0505 0.8570 -0.5128
vn -0.0508 0.8573 -0.5123
vn -0.0000 0.8570 -0.5152
vn -0.1496 0.8570 -0.4931
vn -0.1005 0.8570 -0.5053
vn -0.1969 0.8572 -0.4758
vn -0.2863 0.8570 -0.4284
vn -0.2431 0.8570 -0.4543
vn -0.3643 0.8570 -0.3643
vn -0.3269 0.8570 -0.3983
vn -0.3979 0.8573 -0.3265
vn -0.4284 0.8570 -0.2863
vn -0.4544 0.8570 -0.2429
vn -0.4760 0.8570 -0.1972
vn -0.4931 0.8570 -0.1496
vn -0.5127 0.8571 -0.0503
vn -0.5053 0.8570 -0.1005
vn -0.4722 0.8803 0.0468
vn -0.4745 0.8803 0.0005
vn -0.4655 0.8802 0.0926
vn -0.4542 0.8803 0.1373
vn -0.4182 0.8804 0.2235
vn -0.4385 0.8802 0.1816
vn -0.3946 0.8802 0.2637
vn -0.3352 0.8803 0.3358
vn -0.3669 0.8802 0.3011
vn -0.3011 0.8802 0.3669
vn -0.2634 0.8801 0.3949
vn -0.2234 0.8804 0.4184
vn -0.1816 0.8802 0.4385
vn -0.1380 0.8802 0.4540
vn -0.0465 0.8803 0.4721
vn -0.0926 0.8802 0.4655
vn 0.0467 0.8802 0.4722
vn -0.0000 0.8802 0.4746
vn 0.0925 0.8803 0.4653
vn 0.1374 0.8803 0.4542
vn 0.2237 0.8802 0.4186
vn 0.1816 0.8802 0.4385
vn 0.2635 0.8803 0.3945
vn 0.3011 0.8802 0.3669
vn 0.3671 0.8802 0.3009
vn 0.3356 0.8802 0.3356
vn 0.3946 0.8802 0.2637
vn 0.4182 0.8803 0.2240
vn 0.4385 0.8802 0.1816
vn 0.4539 0.8803 0.1382
vn 0.4721 0.8803 0.0465
vn 0.4655 0.8802 0.0926
vn 0.4723 0.8802 -0.0465
vn 0.4746 0.8802 -0.0000
vn 0.4654 0.8803 -0.0922
vn 0.4542 0.8803 -0.1373
vn 0.4183 0.8804 -0.2236
vn 0.4385 0.8802 -0.1816
vn 0.3946 0.8802 -0.2637
vn 0.3356 0.8802 -0.3356
vn 0.3669 0.8802 -0.3011
vn 0.3014 0.8803 -0.3664
vn 0.2235 0.8803 -0.4185
vn 0.2637 0.8802 -0.3946
vn 0.1378 0.8803 -0.4539
vn 0.1816 0.8802 -0.4385
vn 0.0465 0.8802 -0.4723
vn 0.0925 0.8804 -0.4651
vn -0.0470 0.8803 -0.4721
vn -0.0000 0.8802 -0.4746
vn -0.0926 0.8802 -0.4655
vn -0.1374 0.8803 -0.4542
vn -0.2237 0.8804 -0.4182
vn -0.1816 0.8802 -0.4385
vn -0.2637 0.8802 -0.3946
vn -0.3354 0.8803 -0.3354
vn -0.3011 0.8802 -0.3669
vn -0.3946 0.8802 -0.2637
vn -0.3669 0.8802 -0.3011
vn -0.4183 0.8803 -0.2238
vn -0.4539 0.8803 -0.1378
vn -0.4385 0.8802 -0.1816
vn -0.4723 0.8802 -0.0463
vn -0.4655 0.8802 -0.0926
vn -0.4312 0.9012 0.0425
vn -0.4332 0.9013 0.0003
vn -0.4250 0.9012 0.0845
vn -0.4144 0.9014 0.1255
vn -0.4005 0.9012 0.1656
vn -0.3601 0.9014 0.2404
vn -0.3821 0.9012 0.2043
vn -0.3061 0.9013 0.3065
vn -0.3349 0.9012 0.2749
vn -0.2749 0.9012 0.3349
vn -0.2404 0.9014 0.3601
vn -0.1657 0.9014 0.4001
vn -0.2043 0.9012 0.3821
vn -0.1261 0.9013 0.4144
vn -0.0425 0.9012 0.4312
vn -0.0845 0.9014 0.4246
vn 0.0427 0.9013 0.4311
vn -0.0000 0.9014 0.4331
vn 0.0845 0.9012 0.4250
vn 0.1256 0.9012 0.4148
vn 0.1658 0.9012 0.4003
vn 0.2040 0.9014 0.3819
vn 0.2750 0.9013 0.3347
vn 0.2407 0.9012 0.3603
vn 0.3064 0.9012 0.3064
vn 0.3346 0.9015 0.2746
vn 0.3602 0.9012 0.2410
vn 0.3821 0.9012 0.2043
vn 0.4003 0.9012 0.1661
vn 0.4143 0.9014 0.1258
vn 0.4310 0.9014 0.0424
vn 0.4250 0.9012 0.0845
vn 0.4312 0.9012 -0.0425
vn 0.4331 0.9014 -0.0000
vn 0.4249 0.9013 -0.0842
vn 0.4146 0.9013 -0.1254
vn 0.4003 0.9013 -0.1654
vn 0.3602 0.9013 -0.2405
vn 0.3821 0.9012 -0.2043
vn 0.3061 0.9014 -0.3063
vn 0.3349 0.9012 -0.2749
vn 0.2749 0.9012 -0.3349
vn 0.2043 0.9012 -0.3821
vn 0.2407 0.9012 -0.3603
vn 0.1659 0.9014 -0.3999
vn 0.1258 0.9012 -0.4146
vn 0.0425 0.9012 -0.4312
vn 0.0845 0.9012 -0.4250
vn -0.0427 0.9013 -0.4311
vn -0.0000 0.9012 -0.4333
vn -0.0847 0.9014 -0.4245
vn -0.1256 0.9012 -0.4148
vn -0.1655 0.9013 -0.4003
vn -0.2407 0.9012 -0.3603
vn -0.2043 0.9012 -0.3821
vn -0.3062 0.9013 -0.3063
vn -0.2749 0.9012 -0.3349
vn -0.3347 0.9013 -0.2750
vn -0.3603 0.9012 -0.2407
vn -0.3821 0.9012 -0.2045
vn -0.4003 0.9012 -0.1658
vn -0.4146 0.9012 -0.1261
vn -0.4311 0.9013 -0.0420
vn -0.4250 0.9012 -0.0845
vn -0.3891 0.9204 0.0385
vn -0.3913 0.9203 0.0003
vn -0.3840 0.9202 0.0761
vn -0.3613 0.9204 0.1495
vn -0.3745 0.9202 0.1136
vn -0.3450 0.9203 0.1843
vn -0.3257 0.9202 0.2172
vn -0.2768 0.9202 0.2768
vn -0.3024 0.9203 0.2482
vn -0.2483 0.9202 0.3026
vn -0.2172 0.9203 0.3253
vn -0.1840 0.9203 0.3452
vn -0.1498 0.9202 0.3616
vn -0.1139 0.9203 0.3743
vn -0.0384 0.9202 0.3895
vn -0.0764 0.9202 0.3839
vn 0.0387 0.9203 0.3893
vn -0.0000 0.9203 0.3912
vn 0.0766 0.9203 0.3837
vn 0.1136 0.9202 0.3745
vn 0.1495 0.9203 0.3616
vn 0.2174 0.9203 0.3252
vn 0.1845 0.9202 0.3452
vn 0.2484 0.9203 0.3023
vn 0.2768 0.9202 0.2768
vn 0.3254 0.9202 0.2175
vn 0.3026 0.9202 0.2483
vn 0.3614 0.9203 0.1498
vn 0.3451 0.9202 0.1848
vn 0.3836 0.9203 0.0762
vn 0.3745 0.9202 0.1136
vn 0.3895 0.9202 0.0384
vn 0.3895 0.9202 -0.0384
vn 0.3914 0.9202 -0.0000
vn 0.3836 0.9204 -0.0761
vn 0.3742 0.9204 -0.1135
vn 0.3616 0.9202 -0.1498
vn 0.3452 0.9202 -0.1845
vn 0.3252 0.9204 -0.2171
vn 0.2768 0.9202 -0.2768
vn 0.3026 0.9202 -0.2483
vn 0.2480 0.9203 -0.3024
vn 0.2172 0.9203 -0.3255
vn 0.1845 0.9202 -0.3452
vn 0.1498 0.9202 -0.3616
vn 0.0760 0.9203 -0.3838
vn 0.1136 0.9202 -0.3745
vn 0.0384 0.9202 -0.3895
vn -0.0386 0.9203 -0.3893
vn -0.0000 0.9202 -0.3914
vn -0.0767 0.9203 -0.3836
vn -0.1136 0.9202 -0.3745
vn -0.1493 0.9203 -0.3616
vn -0.2175 0.9202 -0.3254
vn -0.1843 0.9204 -0.3449
vn -0.2480 0.9203 -0.3024
vn -0.2766 0.9203 -0.2766
vn -0.3024 0.9202 -0.2486
vn -0.3452 0.9202 -0.1845
vn -0.3254 0.9202 -0.2175
vn -0.3742 0.9203 -0.1137
vn -0.3615 0.9202 -0.1501
vn -0.3894 0.9203 -0.0379
vn -0.3835 0.9204 -0.0763
vn -0.3471 0.9372 0.0345
vn -0.3488 0.9372 0.0003
vn -0.3420 0.9372 0.0682
vn -0.3340 0.9371 0.1013
vn -0.3222 0.9372 0.1333
vn -0.2902 0.9371 0.1939
vn -0.3081 0.9370 0.1647
vn -0.2465 0.9372 0.2467
vn -0.2695 0.9372 0.2212
vn -0.2214 0.9371 0.2698
vn -0.1643 0.9372 0.3078
vn -0.1939 0.9371 0.2902
vn -0.1334 0.9372 0.3221
vn -0.1013 0.9371 0.3340
vn -0.0342 0.9371 0.3473
vn -0.0681 0.9371 0.3423
vn 0.0345 0.9372 0.3471
vn -0.0000 0.9371 0.3490
vn 0.0681 0.9371 0.3423
vn 0.1013 0.9371 0.3340
vn 0.1333 0.9373 0.3221
vn 0.1645 0.9371 0.3078
vn 0.2213 0.9373 0.2694
vn 0.1937 0.9371 0.2903
vn 0.2468 0.9371 0.2468
vn 0.2900 0.9372 0.1936
vn 0.2698 0.9371 0.2214
vn 0.3078 0.9371 0.1645
vn 0.3224 0.9371 0.1338
vn 0.3337 0.9372 0.1015
vn 0.3473 0.9371 0.0342
vn 0.3421 0.9372 0.0680
vn 0.3473 0.9371 -0.0342
vn 0.3490 0.9371 -0.0000
vn 0.3340 0.9371 -0.1013
vn 0.3424 0.9371 -0.0678
vn 0.3222 0.9373 -0.1333
vn 0.3078 0.9371 -0.1645
vn 0.2694 0.9373 -0.2213
vn 0.2902 0.9371 -0.1939
vn 0.2468 0.9371 -0.2468
vn 0.1936 0.9373 -0.2900
vn 0.2217 0.9371 -0.2696
vn 0.1645 0.9371 -0.3078
vn 0.1013 0.9371 -0.3340
vn 0.1335 0.9372 -0.3222
vn 0.0679 0.9373 -0.3420
vn 0.0342 0.9371 -0.3473
vn -0.0343 0.9373 -0.3469
vn -0.0000 0.9371 -0.3490
vn -0.0681 0.9371 -0.3423
vn -0.1011 0.9372 -0.3337
vn -0.1332 0.9372 -0.3224
vn -0.1937 0.9372 -0.2899
vn -0.1645 0.9371 -0.3078
vn -0.2469 0.9372 -0.2465
vn -0.2214 0.9371 -0.2698
vn -0.2698 0.9371 -0.2214
vn -0.3076 0.9372 -0.1644
vn -0.2900 0.9372 -0.1938
vn -0.3221 0.9372 -0.1336
vn -0.3340 0.9371 -0.1013
vn -0.3472 0.9372 -0.0339
vn -0.3423 0.9371 -0.0681
vn -0.3047 0.9520 0.0300
vn -0.3062 0.9520 0.0002
vn -0.3003 0.9520 0.0597
vn -0.2928 0.9521 0.0887
vn -0.2697 0.9521 0.1443
vn -0.2828 0.9520 0.1172
vn -0.2546 0.9520 0.1701
vn -0.2161 0.9521 0.2165
vn -0.2364 0.9521 0.1940
vn -0.1942 0.9520 0.2367
vn -0.1443 0.9520 0.2700
vn -0.1701 0.9520 0.2546
vn -0.1171 0.9521 0.2825
vn -0.0596 0.9521 0.3000
vn -0.0889 0.9520 0.2930
vn -0.0299 0.9521 0.3044
vn 0.0301 0.9521 0.3044
vn -0.0000 0.9519 0.3064
vn 0.0597 0.9520 0.3003
vn 0.0886 0.9520 0.2929
vn 0.1443 0.9521 0.2697
vn 0.1171 0.9521 0.2826
vn 0.1701 0.9520 0.2546
vn 0.2163 0.9521 0.2163
vn 0.1941 0.9521 0.2365
vn 0.2546 0.9520 0.1701
vn 0.2367 0.9520 0.1942
vn 0.2698 0.9521 0.1441
vn 0.2826 0.9521 0.1171
vn 0.2926 0.9521 0.0889
vn 0.3047 0.9520 0.0300
vn 0.3003 0.9520 0.0595
vn 0.3041 0.9522 -0.0300
vn 0.3064 0.9519 -0.0000
vn 0.3003 0.9520 -0.0597
vn 0.2930 0.9520 -0.0889
vn 0.2828 0.9520 -0.1172
vn 0.2698 0.9521 -0.1442
vn 0.2546 0.9520 -0.1701
vn 0.2163 0.9521 -0.2162
vn 0.2368 0.9520 -0.1940
vn 0.1941 0.9521 -0.2364
vn 0.1442 0.9521 -0.2698
vn 0.1699 0.9520 -0.2547
vn 0.0889 0.9521 -0.2926
vn 0.1173 0.9519 -0.2831
vn 0.0301 0.9521 -0.3045
vn 0.0599 0.9520 -0.3002
vn 0.0003 0.9520 -0.3060
vn -0.0597 0.9520 -0.3003
vn -0.0300 0.9520 -0.3047
vn -0.0885 0.9521 -0.2928
vn -0.1170 0.9521 -0.2827
vn -0.1701 0.9520 -0.2546
vn -0.1443 0.9520 -0.2700
vn -0.2166 0.9520 -0.2163
vn -0.1942 0.9520 -0.2367
vn -0.2362 0.9522 -0.1939
vn -0.2700 0.9520 -0.1443
vn -0.2546 0.9520 -0.1701
vn -0.2930 0.9520 -0.0889
vn -0.2826 0.9521 -0.1170
vn -0.3003 0.9520 -0.0597
vn -0.3043 0.9521 -0.0298
vn -0.2625 0.9649 0.0001
vn -0.2576 0.9649 0.0512
vn -0.2617 0.9648 0.0258
vn -0.2516 0.9648 0.0763
vn -0.2318 0.9648 0.1241
vn -0.2429 0.9648 0.1006
vn -0.2186 0.9648 0.1461
vn -0.1859 0.9648 0.1859
vn -0.2031 0.9649 0.1667
vn -0.1667 0.9649 0.2031
vn -0.1240 0.9648 0.2319
vn -0.1462 0.9648 0.2185
vn -0.1007 0.9649 0.2427
vn -0.0764 0.9649 0.2514
vn -0.0258 0.9648 0.2617
vn -0.0513 0.9648 0.2579
vn -0.0000 0.9650 0.2623
vn 0.0513 0.9648 0.2579
vn 0.0260 0.9648 0.2616
vn 0.0763 0.9648 0.2516
vn 0.1239 0.9649 0.2317
vn 0.1006 0.9648 0.2429
vn 0.1461 0.9648 0.2186
vn 0.1859 0.9648 0.1859
vn 0.1668 0.9648 0.2033
vn 0.2184 0.9649 0.1459
vn 0.2030 0.9649 0.1666
vn 0.2426 0.9649 0.1005
vn 0.2317 0.9649 0.1238
vn 0.2577 0.9649 0.0510
vn 0.2514 0.9649 0.0763
vn 0.2615 0.9649 0.0255
vn 0.2625 0.9649 -0.0001
vn 0.2579 0.9648 -0.0513
vn 0.2619 0.9648 -0.0258
vn 0.2516 0.9648 -0.0763
vn 0.2426 0.9649 -0.1006
vn 0.2315 0.9649 -0.1241
vn 0.2186 0.9648 -0.1461
vn 0.2031 0.9649 -0.1666
vn 0.1859 0.9648 -0.1859
vn 0.1459 0.9649 -0.2186
vn 0.1668 0.9648 -0.2033
vn 0.1240 0.9648 -0.2319
vn 0.1006 0.9649 -0.2425
vn 0.0763 0.9649 -0.2512
vn 0.0512 0.9649 -0.2576
vn 0.0258 0.9648 -0.2617
vn 0.0002 0.9649 -0.2628
vn -0.0513 0.9649 -0.2576
vn -0.0258 0.9649 -0.2615
vn -0.0763 0.9648 -0.2516
vn -0.1239 0.9649 -0.2315
vn -0.1004 0.9648 -0.2430
vn -0.1460 0.9649 -0.2184
vn -0.1858 0.9649 -0.1858
vn -0.1670 0.9648 -0.2030
vn -0.2184 0.9649 -0.1460
vn -0.2033 0.9648 -0.1668
vn -0.2316 0.9649 -0.1239
vn -0.2514 0.9649 -0.0763
vn -0.2428 0.9648 -0.1008
vn -0.2576 0.9649 -0.0513
vn -0.2617 0.9648 -0.0256
vn -0.2184 0.9756 0.0215
vn -0.2192 0.9757 0.0002
vn -0.2149 0.9757 0.0427
vn -0.2098 0.9757 0.0634
vn -0.1932 0.9757 0.1034
vn -0.2024 0.9757 0.0838
vn -0.1825 0.9756 0.1217
vn -0.1549 0.9757 0.1549
vn -0.1694 0.9757 0.1390
vn -0.1391 0.9757 0.1694
vn -0.1220 0.9756 0.1823
vn -0.1033 0.9757 0.1932
vn -0.0842 0.9756 0.2025
vn -0.0637 0.9756 0.2100
vn -0.0215 0.9756 0.2184
vn -0.0428 0.9757 0.2150
vn 0.0217 0.9757 0.2181
vn -0.0000 0.9757 0.2191
vn 0.0428 0.9757 0.2149
vn 0.0635 0.9757 0.2099
vn 0.0837 0.9757 0.2024
vn 0.1219 0.9756 0.1825
vn 0.1036 0.9756 0.1934
vn 0.1550 0.9757 0.1550
vn 0.1392 0.9756 0.1696
vn 0.1822 0.9757 0.1217
vn 0.1696 0.9756 0.1392
vn 0.2023 0.9757 0.0839
vn 0.1935 0.9756 0.1034
vn 0.2151 0.9757 0.0426
vn 0.2100 0.9756 0.0637
vn 0.2184 0.9756 0.0215
vn 0.2191 0.9757 -0.0001
vn 0.2182 0.9757 -0.0215
vn 0.2152 0.9756 -0.0428
vn 0.2100 0.9756 -0.0637
vn 0.1932 0.9757 -0.1033
vn 0.2027 0.9756 -0.0840
vn 0.1823 0.9757 -0.1218
vn 0.1550 0.9757 -0.1550
vn 0.1695 0.9757 -0.1391
vn 0.1219 0.9756 -0.1825
vn 0.1392 0.9756 -0.1696
vn 0.1033 0.9757 -0.1931
vn 0.0839 0.9757 -0.2023
vn 0.0426 0.9757 -0.2148
vn 0.0637 0.9756 -0.2100
vn 0.0215 0.9757 -0.2181
vn -0.0000 0.9756 -0.2194
vn -0.0428 0.9756 -0.2152
vn -0.0215 0.9756 -0.2184
vn -0.0635 0.9757 -0.2096
vn -0.0840 0.9756 -0.2027
vn -0.1220 0.9756 -0.1823
vn -0.1034 0.9756 -0.1935
vn -0.1390 0.9757 -0.1692
vn -0.1550 0.9757 -0.1550
vn -0.1692 0.9757 -0.1390
vn -0.1825 0.9756 -0.1219
vn -0.1932 0.9757 -0.1035
vn -0.2024 0.9757 -0.0839
vn -0.2100 0.9756 -0.0637
vn -0.2180 0.9757 -0.0214
vn -0.2150 0.9757 -0.0431
vn -0.1745 0.9845 0.0172
vn -0.1757 0.9844 -0.0000
vn -0.1722 0.9845 0.0341
vn -0.1681 0.9844 0.0510
vn -0.1548 0.9845 0.0827
vn -0.1623 0.9844 0.0672
vn -0.1459 0.9845 0.0975
vn -0.1242 0.9844 0.1242
vn -0.1355 0.9845 0.1112
vn -0.0974 0.9845 0.1458
vn -0.1112 0.9845 0.1355
vn -0.0672 0.9844 0.1623
vn -0.0828 0.9844 0.1549
vn -0.0509 0.9845 0.1676
vn -0.0172 0.9846 0.1742
vn -0.0343 0.9844 0.1726
vn 0.0172 0.9844 0.1748
vn -0.0000 0.9844 0.1759
vn 0.0343 0.9845 0.1720
vn 0.0510 0.9844 0.1681
vn 0.0827 0.9845 0.1545
vn 0.0672 0.9844 0.1623
vn 0.0976 0.9844 0.1461
vn 0.1241 0.9845 0.1241
vn 0.1115 0.9844 0.1358
vn 0.1459 0.9845 0.0975
vn 0.1356 0.9845 0.1113
vn 0.1547 0.9845 0.0827
vn 0.1621 0.9845 0.0673
vn 0.1720 0.9845 0.0340
vn 0.1678 0.9845 0.0509
vn 0.1748 0.9844 0.0172
vn 0.1742 0.9846 -0.0172
vn 0.1757 0.9844 -0.0000
vn 0.1723 0.9844 -0.0343
vn 0.1678 0.9845 -0.0509
vn 0.1623 0.9845 -0.0670
vn 0.1458 0.9845 -0.0974
vn 0.1547 0.9845 -0.0827
vn 0.1240 0.9845 -0.1240
vn 0.1356 0.9845 -0.1113
vn 0.1112 0.9845 -0.1353
vn 0.0976 0.9844 -0.1461
vn 0.0827 0.9845 -0.1548
vn 0.0509 0.9845 -0.1679
vn 0.0670 0.9845 -0.1622
vn 0.0172 0.9845 -0.1745
vn 0.0344 0.9845 -0.1721
vn 0.0002 0.9845 -0.1754
vn -0.0343 0.9845 -0.1721
vn -0.0172 0.9845 -0.1745
vn -0.0510 0.9844 -0.1681
vn -0.0672 0.9844 -0.1623
vn -0.0974 0.9845 -0.1458
vn -0.0828 0.9844 -0.1549
vn -0.1242 0.9844 -0.1242
vn -0.1113 0.9845 -0.1356
vn -0.1458 0.9845 -0.0974
vn -0.1356 0.9845 -0.1113
vn -0.1549 0.9844 -0.0828
vn -0.1676 0.9845 -0.0508
vn -0.1623 0.9844 -0.0672
vn -0.1721 0.9845 -0.0345
vn -0.1746 0.9845 -0.0172
vn -0.1308 0.9913 0.0129
vn -0.1315 0.9913 0.0002
vn -0.1289 0.9913 0.0257
vn -0.1259 0.9913 0.0382
vn -0.1217 0.9913 0.0504
vn -0.1161 0.9913 0.0619
vn -0.1095 0.9913 0.0732
vn -0.0928 0.9914 0.0928
vn -0.1018 0.9913 0.0836
vn -0.0732 0.9913 0.1095
vn -0.0833 0.9913 0.1017
vn -0.0620 0.9913 0.1159
vn -0.0503 0.9914 0.1212
vn -0.0257 0.9913 0.1292
vn -0.0382 0.9913 0.1261
vn -0.0000 0.9913 0.1314
vn -0.0129 0.9913 0.1311
vn 0.0257 0.9913 0.1292
vn 0.0129 0.9913 0.1311
vn 0.0381 0.9913 0.1256
vn 0.0504 0.9913 0.1217
vn 0.0730 0.9913 0.1093
vn 0.0621 0.9913 0.1162
vn 0.0929 0.9913 0.0928
vn 0.0836 0.9913 0.1018
vn 0.1093 0.9913 0.0730
vn 0.1017 0.9913 0.0833
vn 0.1213 0.9913 0.0503
vn 0.1162 0.9913 0.0621
vn 0.1292 0.9913 0.0257
vn 0.1261 0.9913 0.0382
vn 0.1305 0.9914 0.0129
vn 0.1317 0.9913 -0.0000
vn 0.1289 0.9913 -0.0257
vn 0.1311 0.9913 -0.0129
vn 0.1256 0.9914 -0.0382
vn 0.1215 0.9913 -0.0503
vn 0.1092 0.9913 -0.0729
vn 0.1162 0.9913 -0.0621
vn 0.0929 0.9913 -0.0928
vn 0.1017 0.9913 -0.0833
vn 0.0732 0.9913 -0.1095
vn 0.0835 0.9913 -0.1017
vn 0.0621 0.9913 -0.1162
vn 0.0504 0.9913 -0.1217
vn 0.0382 0.9913 -0.1257
vn 0.0257 0.9913 -0.1289
vn 0.0129 0.9913 -0.1311
vn 0.0001 0.9913 -0.1316
vn -0.0257 0.9913 -0.1292
vn -0.0129 0.9913 -0.1309
vn -0.0381 0.9913 -0.1257
vn -0.0504 0.9913 -0.1217
vn -0.0730 0.9913 -0.1093
vn -0.0621 0.9913 -0.1162
vn -0.0927 0.9914 -0.0928
vn -0.0836 0.9913 -0.1018
vn -0.1094 0.9913 -0.0731
vn -0.1016 0.9913 -0.0835
vn -0.1160 0.9913 -0.0620
vn -0.1214 0.9913 -0.0504
vn -0.1289 0.9913 -0.0256
vn -0.1259 0.9913 -0.0382
vn -0.1309 0.9913 -0.0129
vn -0.0874 0.9962 -0.0000
vn -0.0857 0.9962 0.0172
vn -0.0873 0.9961 0.0086
vn -0.0834 0.9962 0.0253
vn -0.0808 0.9962 0.0335
vn -0.0773 0.9961 0.0413
vn -0.0725 0.9962 0.0484
vn -0.0678 0.9961 0.0556
vn -0.0554 0.9962 0.0676
vn -0.0620 0.9961 0.0620
vn -0.0486 0.9962 0.0726
vn -0.0413 0.9961 0.0773
vn -0.0335 0.9962 0.0807
vn -0.0170 0.9962 0.0856
vn -0.0255 0.9961 0.0839
vn -0.0000 0.9962 0.0874
vn -0.0086 0.9961 0.0873
vn 0.0170 0.9962 0.0857
vn 0.0086 0.9962 0.0870
vn 0.0253 0.9962 0.0834
vn 0.0334 0.9962 0.0808
vn 0.0411 0.9962 0.0771
vn 0.0485 0.9962 0.0726
vn 0.0619 0.9962 0.0618
vn 0.0556 0.9961 0.0678
vn 0.0675 0.9962 0.0554
vn 0.0726 0.9962 0.0485
vn 0.0773 0.9961 0.0413
vn 0.0808 0.9962 0.0335
vn 0.0854 0.9962 0.0170
vn 0.0837 0.9962 0.0254
vn 0.0875 0.9962 -0.0000
vn 0.0873 0.9961 0.0086
vn 0.0873 0.9961 -0.0086
vn 0.0858 0.9962 -0.0170
vn 0.0810 0.9961 -0.0336
vn 0.0839 0.9961 -0.0255
vn 0.0773 0.9961 -0.0413
vn 0.0729 0.9961 -0.0487
vn 0.0674 0.9962 -0.0553
vn 0.0620 0.9961 -0.0620
vn 0.0485 0.9962 -0.0725
vn 0.0556 0.9961 -0.0678
vn 0.0413 0.9962 -0.0770
vn 0.0334 0.9962 -0.0805
vn 0.0255 0.9962 -0.0837
vn 0.0086 0.9961 -0.0873
vn 0.0171 0.9962 -0.0858
vn -0.0000 0.9962 -0.0875
vn -0.0170 0.9962 -0.0856
vn -0.0086 0.9962 -0.0870
vn -0.0254 0.9962 -0.0837
vn -0.0336 0.9961 -0.0810
vn -0.0483 0.9962 -0.0723
vn -0.0413 0.9961 -0.0773
vn -0.0555 0.9962 -0.0676
vn -0.0618 0.9962 -0.0618
vn -0.0675 0.9962 -0.0554
vn -0.0729 0.9961 -0.0487
vn -0.0771 0.9962 -0.0413
vn -0.0807 0.9962 -0.0334
vn -0.0856 0.9962 -0.0170
vn -0.0841 0.9961 -0.0255
vn -0.0869 0.9962 -0.0086
vn -0.0428 0.9991 0.0042
vn -0.0432 0.9991 -0.0000
vn -0.0425 0.9991 0.0084
vn -0.0396 0.9991 0.0164
vn -0.0416 0.9991 0.0126
vn -0.0381 0.9991 0.0203
vn -0.0333 0.9991 0.0273
vn -0.0360 0.9991 0.0241
vn -0.0305 0.9991 0.0305
vn -0.0276 0.9991 0.0336
vn -0.0240 0.9991 0.0358
vn -0.0204 0.9991 0.0382
vn -0.0166 0.9991 0.0400
vn -0.0126 0.9991 0.0416
vn -0.0084 0.9991 0.0422
vn -0.0000 0.9991 0.0433
vn -0.0043 0.9991 0.0433
vn 0.0084 0.9991 0.0425
vn 0.0042 0.9991 0.0430
vn 0.0164 0.9991 0.0397
vn 0.0126 0.9991 0.0414
vn 0.0204 0.9991 0.0382
vn 0.0273 0.9991 0.0333
vn 0.0242 0.9991 0.0362
vn 0.0306 0.9991 0.0306
vn 0.0333 0.9991 0.0273
vn 0.0359 0.9991 0.0240
vn 0.0381 0.9991 0.0204
vn 0.0400 0.9991 0.0166
vn 0.0413 0.9991 0.0126
vn 0.0430 0.9991 0.0042
vn 0.0423 0.9991 0.0084
vn 0.0435 0.9991 -0.0000
vn 0.0428 0.9991 -0.0042
vn 0.0425 0.9991 -0.0084
vn 0.0398 0.9991 -0.0165
vn 0.0413 0.9991 -0.0125
vn 0.0384 0.9991 -0.0205
vn 0.0359 0.9991 -0.0240
vn 0.0304 0.9991 -0.0304
vn 0.0336 0.9991 -0.0276
vn 0.0275 0.9991 -0.0335
vn 0.0242 0.9991 -0.0362
vn 0.0204 0.9991 -0.0381
vn 0.0125 0.9991 -0.0414
vn 0.0165 0.9991 -0.0399
vn 0.0042 0.9991 -0.0426
vn 0.0085 0.9991 -0.0427
vn -0.0000 0.9991 -0.0435
vn -0.0085 0.9991 -0.0423
vn -0.0043 0.9991 -0.0433
vn -0.0125 0.9991 -0.0412
vn -0.0165 0.9991 -0.0399
vn -0.0202 0.9991 -0.0379
vn -0.0274 0.9991 -0.0334
vn -0.0242 0.9991 -0.0362
vn -0.0306 0.9991 -0.0306
vn -0.0334 0.9991 -0.0274
vn -0.0356 0.9991 -0.0238
vn -0.0384 0.9991 -0.0205
vn -0.0414 0.9991 -0.0126
vn -0.0399 0.9991 -0.0165
vn -0.0422 0.9991 -0.0084
vn -0.0433 0.9991 -0.0043
vn 0.5118 0.8591 -0.0000
vn 0.5079 0.8555 -0.1010
vn 0.5035 0.8626 -0.0496
vn 0.4896 0.8592 -0.1485
vn 0.4565 0.8556 -0.2440
vn 0.4676 0.8624 -0.1937
vn 0.4257 0.8590 -0.2845
vn 0.3618 0.8592 -0.3618
vn 0.3912 0.8625 -0.3211
vn 0.3285 0.8555 -0.4003
vn 0.2413 0.8591 -0.4514
vn 0.2812 0.8624 -0.4209
vn 0.1959 0.8591 -0.4729
vn 0.1502 0.8556 -0.4953
vn 0.0502 0.8591 -0.5094
vn 0.0987 0.8626 -0.4962
vn -0.0000 0.8555 -0.5179
vn -0.1010 0.8556 -0.5077
vn -0.0496 0.8624 -0.5037
vn -0.1486 0.8591 -0.4898
vn -0.2440 0.8556 -0.4565
vn -0.1937 0.8625 -0.4676
vn -0.2844 0.8591 -0.4256
vn -0.3660 0.8556 -0.3660
vn -0.3211 0.8625 -0.3912
vn -0.4256 0.8591 -0.2844
vn -0.3911 0.8626 -0.3209
vn -0.4516 0.8590 -0.2414
vn -0.4727 0.8592 -0.1958
vn -0.4953 0.8556 -0.1503
vn -0.5094 0.8591 -0.0502
vn -0.4966 0.8623 -0.0988
vn -0.5174 0.8557 -0.0000
vn -0.5079 0.8555 0.1010
vn -0.5037 0.8625 0.0496
vn -0.4727 0.8592 0.1958
vn -0.4843 0.8625 0.1469
vn -0.4565 0.8556 0.2440
vn -0.4257 0.8590 0.2845
vn -0.3955 0.8592 0.3246
vn -0.3619 0.8591 0.3619
vn -0.3247 0.8591 0.3957
vn -0.2844 0.8591 0.4256
vn -0.2413 0.8591 0.4514
vn -0.1503 0.8556 0.4953
vn -0.1937 0.8624 0.4676
vn -0.0999 0.8591 0.5020
vn -0.0000 0.8555 0.5179
vn -0.0496 0.8624 0.5037
vn 0.0999 0.8591 0.5020
vn 0.0496 0.8624 0.5037
vn 0.1486 0.8591 0.4898
vn 0.1980 0.8557 0.4780
vn 0.2876 0.8556 0.4304
vn 0.2387 0.8623 0.4466
vn 0.3247 0.8591 0.3956
vn 0.3620 0.8591 0.3619
vn 0.3955 0.8592 0.3246
vn 0.4565 0.8556 0.2440
vn 0.4208 0.8625 0.2812
vn 0.4956 0.8555 0.1503
vn 0.4676 0.8625 0.1937
vn 0.5151 0.8556 0.0507
vn 0.4964 0.8624 0.0987
vn 0.6447 -0.7536 -0.1282
vn 0.5466 -0.7536 -0.3652
vn 0.3752 -0.7375 -0.5616
vn 0.1908 -0.7536 -0.6290
vn -0.0000 -0.7536 -0.6573
vn -0.1961 -0.7375 -0.6463
vn -0.3184 -0.7375 -0.5956
vn -0.6240 -0.7375 -0.2585
vn -0.6463 -0.7375 0.1961
vn -0.4170 -0.7536 0.5081
vn -0.1282 -0.7536 0.6447
vn 0.1961 -0.7375 0.6463
vn 0.4776 -0.7375 0.4776
vt 0.604004 0.500000
vt 0.603994 0.510243
vt 0.604497 0.500000
vt 0.603503 0.510194
vt 0.602489 0.520386
vt 0.599526 0.530191
vt 0.599997 0.530334
vt 0.596087 0.539801
vt 0.596543 0.539989
vt 0.592158 0.549259
vt 0.591723 0.549027
vt 0.586886 0.558055
vt 0.580396 0.565979
vt 0.580777 0.566292
vt 0.573542 0.573542
vt 0.573891 0.573891
vt 0.566292 0.580777
vt 0.565979 0.580396
vt 0.558055 0.586886
vt 0.549027 0.591723
vt 0.549259 0.592158
vt 0.539801 0.596087
vt 0.539989 0.596543
vt 0.530334 0.599997
vt 0.520290 0.602006
vt 0.520386 0.602489
vt 0.510242 0.603994
vt 0.510194 0.603503
vt 0.500000 0.604497
vt 0.489806 0.603503
vt 0.489757 0.603994
vt 0.479614 0.602489
vt 0.479710 0.602006
vt 0.469666 0.599997
vt 0.460199 0.596087
vt 0.460011 0.596543
vt 0.450740 0.592158
vt 0.442218 0.586476
vt 0.441945 0.586886
vt 0.434020 0.580396
vt 0.433708 0.580777
vt 0.426458 0.573542
vt 0.426109 0.573891
vt 0.419223 0.566292
vt 0.419604 0.565979
vt 0.413114 0.558055
vt 0.413524 0.557782
vt 0.407842 0.549259
vt 0.408276 0.549027
vt 0.403457 0.539989
vt 0.400474 0.530191
vt 0.400003 0.530334
vt 0.397994 0.520290
vt 0.397511 0.520386
vt 0.396006 0.510243
vt 0.396497 0.510194
vt 0.395503 0.500000
vt 0.395996 0.500000
vt 0.396006 0.489757
vt 0.396497 0.489806
vt 0.397511 0.479614
vt 0.397994 0.479710
vt 0.400003 0.469666
vt 0.403913 0.460199
vt 0.403457 0.460011
vt 0.408276 0.450973
vt 0.407842 0.450740
vt 0.413114 0.441945
vt 0.413524 0.442218
vt 0.419223 0.433708
vt 0.419604 0.434020
vt 0.426109 0.426109
vt 0.426458 0.426458
vt 0.433708 0.419223
vt 0.442218 0.413524
vt 0.441945 0.413114
vt 0.450973 0.408276
vt 0.450740 0.407842
vt 0.460011 0.403457
vt 0.460199 0.403913
vt 0.469666 0.400003
vt 0.469809 0.400474
vt 0.479614 0.397511
vt 0.489806 0.396497
vt 0.489757 0.396006
vt 0.500000 0.395996
vt 0.500000 0.395503
vt 0.510242 0.396006
vt 0.510194 0.396497
vt 0.520386 0.397511
vt 0.520290 0.397994
vt 0.530334 0.400003
vt 0.539801 0.403913
vt 0.539989 0.403457
vt 0.549027 0.408276
vt 0.549259 0.407842
vt 0.557782 0.413524
vt 0.558055 0.413114
vt 0.566292 0.419223
vt 0.565979 0.419604
vt 0.573891 0.426109
vt 0.580396 0.434020
vt 0.580777 0.433708
vt 0.586476 0.442218
vt 0.586886 0.441945
vt 0.591723 0.450973
vt 0.592158 0.450740
vt 0.596087 0.460199
vt 0.596543 0.460011
vt 0.599997 0.469666
vt 0.599526 0.469809
vt 0.602489 0.479614
vt 0.602006 0.479710
vt 0.603994 0.489757
vt 0.603503 0.489806
vt 0.605455 0.510386
vt 0.605965 0.500000
vt 0.603930 0.520673
vt 0.601403 0.530760
vt 0.597899 0.540551
vt 0.593453 0.549952
vt 0.588107 0.558871
vt 0.581912 0.567224
vt 0.574929 0.574929
vt 0.567224 0.581912
vt 0.558871 0.588107
vt 0.549952 0.593453
vt 0.540551 0.597899
vt 0.530760 0.601403
vt 0.520673 0.603930
vt 0.510386 0.605455
vt 0.500000 0.605966
vt 0.489614 0.605455
vt 0.479327 0.603930
vt 0.469240 0.601403
vt 0.459449 0.597899
vt 0.450048 0.593453
vt 0.441129 0.588107
vt 0.432776 0.581913
vt 0.425071 0.574929
vt 0.418087 0.567224
vt 0.411893 0.558871
vt 0.406547 0.549952
vt 0.402101 0.540551
vt 0.398597 0.530760
vt 0.396070 0.520673
vt 0.394545 0.510386
vt 0.394034 0.500000
vt 0.394545 0.489614
vt 0.396070 0.479327
vt 0.398597 0.469240
vt 0.402100 0.459449
vt 0.406547 0.450048
vt 0.411893 0.441129
vt 0.418087 0.432776
vt 0.425071 0.425071
vt 0.432776 0.418087
vt 0.441129 0.411893
vt 0.450048 0.406547
vt 0.459449 0.402101
vt 0.469240 0.398597
vt 0.479327 0.396070
vt 0.489613 0.394545
vt 0.500000 0.394034
vt 0.510386 0.394545
vt 0.520673 0.396070
vt 0.530760 0.398597
vt 0.540551 0.402101
vt 0.549952 0.406547
vt 0.558871 0.411893
vt 0.567224 0.418087
vt 0.574929 0.425071
vt 0.581912 0.432776
vt 0.588107 0.441129
vt 0.593453 0.450048
vt 0.597899 0.459449
vt 0.601403 0.469240
vt 0.603930 0.479327
vt 0.605455 0.489613
vt 0.608409 0.500000
vt 0.607887 0.510626
vt 0.606326 0.521149
vt 0.603741 0.531469
vt 0.600157 0.541486
vt 0.595608 0.551104
vt 0.590139 0.560229
vt 0.583801 0.568774
vt 0.576657 0.576657
vt 0.568774 0.583801
vt 0.560229 0.590139
vt 0.551104 0.595608
vt 0.541486 0.600157
vt 0.531469 0.603741
vt 0.521150 0.606326
vt 0.510626 0.607887
vt 0.500000 0.608409
vt 0.489374 0.607887
vt 0.478850 0.606326
vt 0.468531 0.603741
vt 0.458514 0.600157
vt 0.448896 0.595608
vt 0.439771 0.590139
vt 0.431226 0.583801
vt 0.423343 0.576657
vt 0.416199 0.568774
vt 0.409861 0.560229
vt 0.404392 0.551104
vt 0.399843 0.541486
vt 0.396259 0.531469
vt 0.393674 0.521150
vt 0.392113 0.510626
vt 0.391591 0.500000
vt 0.392113 0.489374
vt 0.393674 0.478850
vt 0.396259 0.468531
vt 0.399843 0.458514
vt 0.404392 0.448896
vt 0.409861 0.439771
vt 0.416199 0.431226
vt 0.423343 0.423343
vt 0.431226 0.416199
vt 0.439771 0.409861
vt 0.448896 0.404392
vt 0.458514 0.399843
vt 0.468530 0.396259
vt 0.478850 0.393674
vt 0.489374 0.392113
vt 0.500000 0.391591
vt 0.510626 0.392113
vt 0.521150 0.393674
vt 0.531469 0.396259
vt 0.541486 0.399843
vt 0.551104 0.404392
vt 0.560229 0.409861
vt 0.568774 0.416199
vt 0.576657 0.423343
vt 0.583801 0.431226
vt 0.590139 0.439771
vt 0.595608 0.448896
vt 0.600157 0.458514
vt 0.603741 0.468530
vt 0.606326 0.478850
vt 0.607887 0.489374
vt 0.611282 0.510960
vt 0.611821 0.500000
vt 0.609672 0.521815
vt 0.607005 0.532460
vt 0.603309 0.542792
vt 0.598617 0.552712
vt 0.592975 0.562124
vt 0.586438 0.570938
vt 0.579069 0.579069
vt 0.570938 0.586438
vt 0.562124 0.592975
vt 0.552712 0.598617
vt 0.542792 0.603309
vt 0.532460 0.607006
vt 0.521815 0.609672
vt 0.510960 0.611282
vt 0.500000 0.611821
vt 0.489040 0.611282
vt 0.478185 0.609672
vt 0.467540 0.607006
vt 0.457208 0.603309
vt 0.447288 0.598617
vt 0.437876 0.592975
vt 0.429062 0.586438
vt 0.420931 0.579069
vt 0.413562 0.570938
vt 0.407025 0.562124
vt 0.401383 0.552712
vt 0.396691 0.542792
vt 0.392994 0.532460
vt 0.390328 0.521815
vt 0.388718 0.510960
vt 0.388179 0.500000
vt 0.388718 0.489040
vt 0.390328 0.478185
vt 0.392994 0.467540
vt 0.396691 0.457208
vt 0.401383 0.447288
vt 0.407025 0.437876
vt 0.413562 0.429062
vt 0.420931 0.420931
vt 0.429062 0.413562
vt 0.437876 0.407025
vt 0.447288 0.401383
vt 0.457208 0.396691
vt 0.467540 0.392994
vt 0.478185 0.390328
vt 0.489040 0.388718
vt 0.500000 0.388179
vt 0.510960 0.388718
vt 0.521815 0.390328
vt 0.532460 0.392994
vt 0.542792 0.396691
vt 0.552712 0.401383
vt 0.562124 0.407025
vt 0.570938 0.413562
vt 0.579069 0.420931
vt 0.586438 0.429062
vt 0.592975 0.437876
vt 0.598617 0.447288
vt 0.603309 0.457208
vt 0.607005 0.467540
vt 0.609672 0.478185
vt 0.611282 0.489040
vt 0.615631 0.511389
vt 0.616191 0.500000
vt 0.613958 0.522668
vt 0.611188 0.533728
vt 0.607346 0.544464
vt 0.602471 0.554772
vt 0.596609 0.564552
vt 0.589817 0.573711
vt 0.582159 0.582159
vt 0.573711 0.589817
vt 0.564552 0.596609
vt 0.554772 0.602471
vt 0.544464 0.607346
vt 0.533728 0.611188
vt 0.522668 0.613958
vt 0.511389 0.615631
vt 0.500000 0.616191
vt 0.488611 0.615631
vt 0.477332 0.613958
vt 0.466271 0.611188
vt 0.455536 0.607346
vt 0.445228 0.602471
vt 0.435448 0.596609
vt 0.426289 0.589817
vt 0.417841 0.582159
vt 0.410183 0.573711
vt 0.403391 0.564552
vt 0.397529 0.554772
vt 0.392653 0.544464
vt 0.388812 0.533728
vt 0.386042 0.522668
vt 0.384368 0.511389
vt 0.383809 0.500000
vt 0.384368 0.488611
vt 0.386042 0.477332
vt 0.388812 0.466272
vt 0.392653 0.455536
vt 0.397529 0.445228
vt 0.403391 0.435448
vt 0.410183 0.426289
vt 0.417841 0.417841
vt 0.426289 0.410183
vt 0.435448 0.403391
vt 0.445228 0.397529
vt 0.455536 0.392653
vt 0.466271 0.388812
vt 0.477332 0.386042
vt 0.488611 0.384368
vt 0.500000 0.383809
vt 0.511389 0.384368
vt 0.522668 0.386042
vt 0.533728 0.388812
vt 0.544464 0.392653
vt 0.554772 0.397529
vt 0.564552 0.403391
vt 0.573711 0.410183
vt 0.582159 0.417841
vt 0.589817 0.426289
vt 0.596609 0.435448
vt 0.602471 0.445228
vt 0.607346 0.455536
vt 0.611188 0.466272
vt 0.613958 0.477332
vt 0.615631 0.488611
vt 0.621509 0.500000
vt 0.620923 0.511910
vt 0.619174 0.523705
vt 0.616277 0.535272
vt 0.612259 0.546499
vt 0.607161 0.557279
vt 0.601031 0.567507
vt 0.593927 0.577084
vt 0.585920 0.585920
vt 0.577084 0.593927
vt 0.567507 0.601031
vt 0.557279 0.607161
vt 0.546499 0.612259
vt 0.535272 0.616277
vt 0.523705 0.619174
vt 0.511910 0.620923
vt 0.500000 0.621509
vt 0.488090 0.620923
vt 0.476295 0.619174
vt 0.464728 0.616277
vt 0.453501 0.612259
vt 0.442721 0.607161
vt 0.432493 0.601031
vt 0.422916 0.593927
vt 0.414080 0.585920
vt 0.406072 0.577084
vt 0.398969 0.567507
vt 0.392839 0.557279
vt 0.387741 0.546499
vt 0.383723 0.535272
vt 0.380826 0.523705
vt 0.379076 0.511910
vt 0.378491 0.500000
vt 0.379076 0.488090
vt 0.380826 0.476295
vt 0.383723 0.464728
vt 0.387741 0.453501
vt 0.392839 0.442721
vt 0.398969 0.432493
vt 0.406072 0.422916
vt 0.414080 0.414080
vt 0.422916 0.406073
vt 0.432493 0.398969
vt 0.442721 0.392839
vt 0.453501 0.387741
vt 0.464728 0.383723
vt 0.476295 0.380826
vt 0.488090 0.379076
vt 0.500000 0.378491
vt 0.511910 0.379076
vt 0.523705 0.380826
vt 0.535272 0.383723
vt 0.546499 0.387741
vt 0.557279 0.392839
vt 0.567507 0.398969
vt 0.577084 0.406073
vt 0.585920 0.414080
vt 0.593927 0.422916
vt 0.601031 0.432493
vt 0.607161 0.442721
vt 0.612259 0.453501
vt 0.616277 0.464728
vt 0.619174 0.476295
vt 0.620923 0.488090
vt 0.627759 0.500000
vt 0.627144 0.512523
vt 0.625304 0.524925
vt 0.622258 0.537086
vt 0.618034 0.548891
vt 0.612673 0.560225
vt 0.606228 0.570979
vt 0.598759 0.581050
vt 0.590339 0.590339
vt 0.581050 0.598759
vt 0.570979 0.606228
vt 0.560225 0.612673
vt 0.548891 0.618034
vt 0.537086 0.622258
vt 0.524925 0.625304
vt 0.512523 0.627144
vt 0.500000 0.627759
vt 0.487477 0.627144
vt 0.475075 0.625304
vt 0.462913 0.622258
vt 0.451109 0.618034
vt 0.439775 0.612673
vt 0.429021 0.606228
vt 0.418950 0.598759
vt 0.409661 0.590339
vt 0.401241 0.581050
vt 0.393772 0.570979
vt 0.387326 0.560225
vt 0.381966 0.548891
vt 0.377742 0.537086
vt 0.374696 0.524925
vt 0.372856 0.512523
vt 0.372241 0.500000
vt 0.372856 0.487477
vt 0.374696 0.475075
vt 0.377742 0.462913
vt 0.381966 0.451109
vt 0.387326 0.439775
vt 0.393772 0.429021
vt 0.401241 0.418950
vt 0.409661 0.409661
vt 0.418950 0.401241
vt 0.429021 0.393772
vt 0.439775 0.387327
vt 0.451109 0.381966
vt 0.462913 0.377742
vt 0.475075 0.374696
vt 0.487477 0.372856
vt 0.500000 0.372241
vt 0.512523 0.372856
vt 0.524925 0.374696
vt 0.537086 0.377742
vt 0.548891 0.381966
vt 0.560225 0.387326
vt 0.570979 0.393772
vt 0.581049 0.401241
vt 0.590339 0.409661
vt 0.598759 0.418950
vt 0.606228 0.429021
vt 0.612673 0.439775
vt 0.618034 0.451109
vt 0.622258 0.462913
vt 0.625304 0.475075
vt 0.627144 0.487477
vt 0.634276 0.513225
vt 0.634925 0.500000
vt 0.632333 0.526323
vt 0.629116 0.539167
vt 0.624655 0.551634
vt 0.618994 0.563603
vt 0.612186 0.574961
vt 0.604299 0.585596
vt 0.595407 0.595407
vt 0.585596 0.604299
vt 0.574961 0.612186
vt 0.563603 0.618994
vt 0.551634 0.624655
vt 0.539167 0.629116
vt 0.526323 0.632333
vt 0.513225 0.634276
vt 0.500000 0.634925
vt 0.486775 0.634276
vt 0.473677 0.632333
vt 0.460833 0.629116
vt 0.448366 0.624655
vt 0.436397 0.618994
vt 0.425039 0.612186
vt 0.414404 0.604299
vt 0.404593 0.595407
vt 0.395701 0.585596
vt 0.387814 0.574961
vt 0.381006 0.563603
vt 0.375345 0.551634
vt 0.370884 0.539167
vt 0.367667 0.526323
vt 0.365724 0.513225
vt 0.365075 0.500000
vt 0.365724 0.486775
vt 0.367667 0.473677
vt 0.370884 0.460833
vt 0.375345 0.448366
vt 0.381006 0.436397
vt 0.387813 0.425039
vt 0.395701 0.414404
vt 0.404593 0.404593
vt 0.414404 0.395701
vt 0.425039 0.387814
vt 0.436396 0.381006
vt 0.448366 0.375345
vt 0.460833 0.370884
vt 0.473677 0.367667
vt 0.486775 0.365724
vt 0.500000 0.365075
vt 0.513225 0.365724
vt 0.526323 0.367667
vt 0.539167 0.370884
vt 0.551634 0.375345
vt 0.563603 0.381006
vt 0.574961 0.387814
vt 0.585596 0.395701
vt 0.595407 0.404593
vt 0.604299 0.414404
vt 0.612186 0.425039
vt 0.618994 0.436396
vt 0.624655 0.448366
vt 0.629116 0.460833
vt 0.632333 0.473677
vt 0.634276 0.486775
vt 0.642299 0.514015
vt 0.642988 0.500000
vt 0.640241 0.527896
vt 0.636831 0.541507
vt 0.632104 0.554719
vt 0.626104 0.567404
vt 0.618890 0.579440
vt 0.610531 0.590711
vt 0.601108 0.601108
vt 0.590711 0.610531
vt 0.579440 0.618890
vt 0.567404 0.626104
vt 0.554719 0.632104
vt 0.541507 0.636831
vt 0.527896 0.640241
vt 0.514015 0.642299
vt 0.500000 0.642988
vt 0.485985 0.642299
vt 0.472104 0.640241
vt 0.458493 0.636831
vt 0.445281 0.632104
vt 0.432596 0.626104
vt 0.420560 0.618890
vt 0.409289 0.610531
vt 0.398892 0.601108
vt 0.389469 0.590711
vt 0.381110 0.579440
vt 0.373896 0.567404
vt 0.367896 0.554719
vt 0.363169 0.541507
vt 0.359759 0.527896
vt 0.357700 0.514015
vt 0.357012 0.500000
vt 0.357700 0.485985
vt 0.359759 0.472104
vt 0.363169 0.458493
vt 0.367896 0.445281
vt 0.373896 0.432596
vt 0.381110 0.420560
vt 0.389469 0.409289
vt 0.398892 0.398892
vt 0.409289 0.389469
vt 0.420560 0.381110
vt 0.432596 0.373896
vt 0.445281 0.367896
vt 0.458493 0.363169
vt 0.472104 0.359759
vt 0.485985 0.357700
vt 0.500000 0.357012
vt 0.514015 0.357700
vt 0.527896 0.359759
vt 0.541507 0.363169
vt 0.554719 0.367896
vt 0.567404 0.373896
vt 0.579440 0.381110
vt 0.590711 0.389469
vt 0.601108 0.398892
vt 0.610531 0.409289
vt 0.618890 0.420560
vt 0.626104 0.432596
vt 0.632104 0.445281
vt 0.636831 0.458493
vt 0.640241 0.472104
vt 0.642300 0.485985
vt 0.651193 0.514891
vt 0.651925 0.500000
vt 0.649006 0.529639
vt 0.645383 0.544101
vt 0.640361 0.558139
vt 0.633986 0.571617
vt 0.626321 0.584405
vt 0.617440 0.596380
vt 0.607427 0.607427
vt 0.596380 0.617440
vt 0.584405 0.626321
vt 0.571617 0.633986
vt 0.558139 0.640360
vt 0.544102 0.645383
vt 0.529639 0.649006
vt 0.514891 0.651193
vt 0.500000 0.651925
vt 0.485109 0.651193
vt 0.470361 0.649006
vt 0.455898 0.645383
vt 0.441861 0.640361
vt 0.428383 0.633986
vt 0.415595 0.626321
vt 0.403620 0.617440
vt 0.392573 0.607427
vt 0.382560 0.596380
vt 0.373679 0.584405
vt 0.366014 0.571617
vt 0.359639 0.558139
vt 0.354617 0.544102
vt 0.350994 0.529639
vt 0.348806 0.514891
vt 0.348075 0.500000
vt 0.348806 0.485109
vt 0.350994 0.470361
vt 0.354617 0.455898
vt 0.359639 0.441861
vt 0.366014 0.428383
vt 0.373679 0.415595
vt 0.382560 0.403620
vt 0.392573 0.392573
vt 0.403620 0.382560
vt 0.415595 0.373679
vt 0.428383 0.366014
vt 0.441861 0.359639
vt 0.455898 0.354617
vt 0.470361 0.350994
vt 0.485109 0.348806
vt 0.500000 0.348075
vt 0.514891 0.348806
vt 0.529639 0.350994
vt 0.544102 0.354617
vt 0.558139 0.359639
vt 0.571617 0.366014
vt 0.584405 0.373679
vt 0.596380 0.382560
vt 0.607427 0.392573
vt 0.617440 0.403620
vt 0.626321 0.415595
vt 0.633986 0.428383
vt 0.640360 0.441861
vt 0.645383 0.455898
vt 0.649006 0.470361
vt 0.651193 0.485109
vt 0.660933 0.515851
vt 0.661712 0.500000
vt 0.658605 0.531548
vt 0.654749 0.546942
vt 0.649402 0.561884
vt 0.642617 0.576230
vt 0.634458 0.589842
vt 0.625005 0.602589
vt 0.614348 0.614348
vt 0.602589 0.625005
vt 0.589842 0.634458
vt 0.576230 0.642617
vt 0.561884 0.649402
vt 0.546942 0.654749
vt 0.531548 0.658605
vt 0.515850 0.660933
vt 0.500000 0.661712
vt 0.484149 0.660933
vt 0.468452 0.658605
vt 0.453057 0.654749
vt 0.438116 0.649402
vt 0.423769 0.642617
vt 0.410158 0.634458
vt 0.397411 0.625005
vt 0.385652 0.614348
vt 0.374995 0.602589
vt 0.365541 0.589842
vt 0.357383 0.576230
vt 0.350598 0.561884
vt 0.345251 0.546943
vt 0.341395 0.531548
vt 0.339067 0.515851
vt 0.338288 0.500000
vt 0.339067 0.484149
vt 0.341395 0.468451
vt 0.345251 0.453057
vt 0.350598 0.438115
vt 0.357383 0.423770
vt 0.365541 0.410158
vt 0.374995 0.397411
vt 0.385652 0.385652
vt 0.397411 0.374995
vt 0.410158 0.365541
vt 0.423769 0.357383
vt 0.438116 0.350598
vt 0.453057 0.345251
vt 0.468451 0.341395
vt 0.484149 0.339067
vt 0.500000 0.338288
vt 0.515851 0.339067
vt 0.531548 0.341395
vt 0.546942 0.345251
vt 0.561884 0.350598
vt 0.576230 0.357383
vt 0.589842 0.365542
vt 0.602589 0.374995
vt 0.614348 0.385652
vt 0.625005 0.397411
vt 0.634458 0.410158
vt 0.642617 0.423770
vt 0.649402 0.438115
vt 0.654749 0.453057
vt 0.658605 0.468451
vt 0.660933 0.484149
vt 0.672321 0.500000
vt 0.671492 0.516890
vt 0.669010 0.533618
vt 0.664901 0.550022
vt 0.659204 0.565945
vt 0.651974 0.581232
vt 0.643280 0.595737
vt 0.633206 0.609320
vt 0.621850 0.621850
vt 0.609320 0.633206
vt 0.595737 0.643280
vt 0.581232 0.651974
vt 0.565944 0.659204
vt 0.550022 0.664901
vt 0.533618 0.669010
vt 0.516890 0.671492
vt 0.500000 0.672321
vt 0.483110 0.671492
vt 0.466382 0.669010
vt 0.449978 0.664901
vt 0.434055 0.659204
vt 0.418768 0.651974
vt 0.404263 0.643280
vt 0.390680 0.633206
vt 0.378150 0.621850
vt 0.366794 0.609320
vt 0.356720 0.595737
vt 0.348026 0.581232
vt 0.340796 0.565945
vt 0.335099 0.550022
vt 0.330990 0.533618
vt 0.328508 0.516890
vt 0.327678 0.500000
vt 0.328508 0.483109
vt 0.330990 0.466382
vt 0.335099 0.449978
vt 0.340796 0.434055
vt 0.348026 0.418768
vt 0.356720 0.404263
vt 0.366794 0.390680
vt 0.378150 0.378150
vt 0.390680 0.366794
vt 0.404263 0.356720
vt 0.418768 0.348026
vt 0.434055 0.340796
vt 0.449978 0.335099
vt 0.466382 0.330990
vt 0.483110 0.328508
vt 0.500000 0.327679
vt 0.516890 0.328508
vt 0.533618 0.330990
vt 0.550022 0.335099
vt 0.565944 0.340796
vt 0.581232 0.348026
vt 0.595737 0.356720
vt 0.609320 0.366794
vt 0.621850 0.378150
vt 0.633206 0.390680
vt 0.643280 0.404263
vt 0.651974 0.418768
vt 0.659204 0.434055
vt 0.664901 0.449978
vt 0.669010 0.466382
vt 0.671492 0.483110
vt 0.682840 0.518008
vt 0.683724 0.500000
vt 0.680194 0.535843
vt 0.675813 0.553332
vt 0.669739 0.570308
vt 0.662030 0.586607
vt 0.652761 0.602072
vt 0.642021 0.616553
vt 0.629913 0.629913
vt 0.616554 0.642021
vt 0.602072 0.652761
vt 0.586607 0.662031
vt 0.570308 0.669739
vt 0.553332 0.675813
vt 0.535843 0.680194
vt 0.518008 0.682840
vt 0.500000 0.683724
vt 0.481992 0.682840
vt 0.464157 0.680194
vt 0.446668 0.675813
vt 0.429692 0.669739
vt 0.413393 0.662031
vt 0.397928 0.652761
vt 0.383446 0.642021
vt 0.370087 0.629913
vt 0.357979 0.616554
vt 0.347239 0.602072
vt 0.337969 0.586607
vt 0.330261 0.570308
vt 0.324187 0.553332
vt 0.319806 0.535843
vt 0.317160 0.518008
vt 0.316275 0.500000
vt 0.317160 0.481992
vt 0.319806 0.464157
vt 0.324187 0.446668
vt 0.330261 0.429692
vt 0.337969 0.413393
vt 0.347239 0.397928
vt 0.357979 0.383446
vt 0.370087 0.370087
vt 0.383446 0.357979
vt 0.397928 0.347239
vt 0.413393 0.337969
vt 0.429692 0.330261
vt 0.446668 0.324187
vt 0.464157 0.319806
vt 0.481992 0.317160
vt 0.500000 0.316275
vt 0.518008 0.317160
vt 0.535843 0.319806
vt 0.553332 0.324187
vt 0.570308 0.330261
vt 0.586607 0.337969
vt 0.602072 0.347239
vt 0.616554 0.357979
vt 0.629913 0.370087
vt 0.642021 0.383446
vt 0.652761 0.397928
vt 0.662031 0.413393
vt 0.669739 0.429692
vt 0.675813 0.446668
vt 0.680194 0.464157
vt 0.682840 0.481992
vt 0.695889 0.500000
vt 0.694946 0.519200
vt 0.692125 0.538216
vt 0.687454 0.556864
vt 0.680978 0.574963
vt 0.672759 0.592342
vt 0.662876 0.608830
vt 0.651425 0.624271
vt 0.638515 0.638515
vt 0.624271 0.651424
vt 0.608830 0.662876
vt 0.592341 0.672759
vt 0.574964 0.680978
vt 0.556864 0.687454
vt 0.538216 0.692125
vt 0.519200 0.694946
vt 0.500000 0.695889
vt 0.480799 0.694946
vt 0.461784 0.692125
vt 0.443136 0.687454
vt 0.425036 0.680978
vt 0.407658 0.672759
vt 0.391170 0.662876
vt 0.375729 0.651425
vt 0.361485 0.638515
vt 0.348576 0.624271
vt 0.337124 0.608830
vt 0.327241 0.592342
vt 0.319022 0.574963
vt 0.312546 0.556864
vt 0.307875 0.538216
vt 0.305054 0.519200
vt 0.304111 0.500000
vt 0.305054 0.480799
vt 0.307875 0.461784
vt 0.312546 0.443136
vt 0.319022 0.425036
vt 0.327241 0.407658
vt 0.337124 0.391170
vt 0.348576 0.375729
vt 0.361485 0.361485
vt 0.375729 0.348576
vt 0.391170 0.337124
vt 0.407658 0.327241
vt 0.425036 0.319022
vt 0.443136 0.312546
vt 0.461784 0.307875
vt 0.480799 0.305054
vt 0.500000 0.304111
vt 0.519201 0.305054
vt 0.538216 0.307875
vt 0.556864 0.312546
vt 0.574964 0.319022
vt 0.592341 0.327241
vt 0.608830 0.337124
vt 0.624271 0.348576
vt 0.638515 0.361485
vt 0.651425 0.375729
vt 0.662876 0.391170
vt 0.672759 0.407658
vt 0.680978 0.425036
vt 0.687454 0.443136
vt 0.692125 0.461784
vt 0.694946 0.480800
vt 0.708782 0.500000
vt 0.707776 0.520464
vt 0.704770 0.540731
vt 0.699792 0.560606
vt 0.692889 0.579897
vt 0.684129 0.598419
vt 0.673596 0.615993
vt 0.661390 0.632450
vt 0.647631 0.647631
vt 0.632450 0.661390
vt 0.615993 0.673596
vt 0.598419 0.684129
vt 0.579897 0.692889
vt 0.560606 0.699792
vt 0.540731 0.704770
vt 0.520464 0.707776
vt 0.500000 0.708782
vt 0.479536 0.707776
vt 0.459269 0.704770
vt 0.439394 0.699792
vt 0.420103 0.692889
vt 0.401581 0.684129
vt 0.384007 0.673596
vt 0.367550 0.661390
vt 0.352369 0.647631
vt 0.338609 0.632450
vt 0.326404 0.615993
vt 0.315871 0.598419
vt 0.307111 0.579897
vt 0.300208 0.560606
vt 0.295230 0.540731
vt 0.292224 0.520464
vt 0.291218 0.500000
vt 0.292224 0.479536
vt 0.295230 0.459269
vt 0.300208 0.439394
vt 0.307111 0.420103
vt 0.315871 0.401581
vt 0.326404 0.384007
vt 0.338609 0.367550
vt 0.352369 0.352369
vt 0.367550 0.338609
vt 0.384007 0.326404
vt 0.401581 0.315871
vt 0.420103 0.307111
vt 0.439394 0.300208
vt 0.459269 0.295230
vt 0.479536 0.292224
vt 0.500000 0.291218
vt 0.520464 0.292224
vt 0.540731 0.295230
vt 0.560606 0.300208
vt 0.579897 0.307111
vt 0.598419 0.315871
vt 0.615993 0.326404
vt 0.632450 0.338609
vt 0.647631 0.352369
vt 0.661390 0.367550
vt 0.673596 0.384007
vt 0.684129 0.401581
vt 0.692889 0.420103
vt 0.699792 0.439394
vt 0.704770 0.459269
vt 0.707776 0.479536
vt 0.722366 0.500000
vt 0.721295 0.521796
vt 0.718093 0.543381
vt 0.712791 0.564549
vt 0.705439 0.585096
vt 0.696109 0.604822
vt 0.684890 0.623540
vt 0.671891 0.641067
vt 0.657236 0.657236
vt 0.641067 0.671891
vt 0.623540 0.684890
vt 0.604823 0.696109
vt 0.585096 0.705439
vt 0.564549 0.712791
vt 0.543381 0.718093
vt 0.521796 0.721295
vt 0.500000 0.722366
vt 0.478204 0.721295
vt 0.456619 0.718093
vt 0.435451 0.712791
vt 0.414904 0.705439
vt 0.395177 0.696109
vt 0.376460 0.684890
vt 0.358933 0.671891
vt 0.342764 0.657236
vt 0.328109 0.641067
vt 0.315110 0.623540
vt 0.303891 0.604822
vt 0.294561 0.585096
vt 0.287209 0.564549
vt 0.281907 0.543381
vt 0.278705 0.521796
vt 0.277634 0.500000
vt 0.278705 0.478204
vt 0.281907 0.456618
vt 0.287209 0.435451
vt 0.294561 0.414904
vt 0.303891 0.395177
vt 0.315110 0.376460
vt 0.328109 0.358933
vt 0.342764 0.342764
vt 0.358933 0.328109
vt 0.376460 0.315110
vt 0.395177 0.303891
vt 0.414904 0.294561
vt 0.435451 0.287209
vt 0.456618 0.281907
vt 0.478204 0.278705
vt 0.500000 0.277634
vt 0.521796 0.278705
vt 0.543381 0.281907
vt 0.564549 0.287209
vt 0.585096 0.294561
vt 0.604822 0.303891
vt 0.623540 0.315110
vt 0.641067 0.328109
vt 0.657236 0.342764
vt 0.671891 0.358933
vt 0.684890 0.376460
vt 0.696109 0.395178
vt 0.705439 0.414904
vt 0.712791 0.435451
vt 0.718093 0.456618
vt 0.721295 0.478204
vt 0.736603 0.500000
vt 0.735464 0.523191
vt 0.732057 0.546159
vt 0.726415 0.568682
vt 0.718593 0.590544
vt 0.708665 0.611534
vt 0.696728 0.631450
vt 0.682897 0.650099
vt 0.667304 0.667304
vt 0.650099 0.682897
vt 0.631450 0.696728
vt 0.611534 0.708665
vt 0.590544 0.718593
vt 0.568682 0.726415
vt 0.546159 0.732057
vt 0.523191 0.735464
vt 0.500000 0.736603
vt 0.476809 0.735464
vt 0.453841 0.732057
vt 0.431318 0.726415
vt 0.409456 0.718593
vt 0.388466 0.708665
vt 0.368550 0.696728
vt 0.349901 0.682897
vt 0.332696 0.667304
vt 0.317103 0.650099
vt 0.303272 0.631450
vt 0.291335 0.611534
vt 0.281407 0.590544
vt 0.273585 0.568682
vt 0.267943 0.546159
vt 0.264536 0.523191
vt 0.263397 0.500000
vt 0.264536 0.476809
vt 0.267943 0.453841
vt 0.273585 0.431318
vt 0.281407 0.409456
vt 0.291335 0.388466
vt 0.303272 0.368550
vt 0.317103 0.349901
vt 0.332696 0.332696
vt 0.349901 0.317103
vt 0.368550 0.303272
vt 0.388466 0.291335
vt 0.409456 0.281407
vt 0.431318 0.273585
vt 0.453841 0.267943
vt 0.476809 0.264536
vt 0.500000 0.263397
vt 0.523191 0.264536
vt 0.546159 0.267943
vt 0.568682 0.273585
vt 0.590544 0.281407
vt 0.611534 0.291335
vt 0.631450 0.303272
vt 0.650099 0.317103
vt 0.667304 0.332696
vt 0.682897 0.349901
vt 0.696728 0.368550
vt 0.708665 0.388466
vt 0.718593 0.409456
vt 0.726415 0.431318
vt 0.732057 0.453841
vt 0.735464 0.476809
vt 0.751453 0.500000
vt 0.750242 0.524647
vt 0.746622 0.549056
vt 0.740626 0.572993
vt 0.732313 0.596227
vt 0.721762 0.618534
vt 0.709076 0.639700
vt 0.694376 0.659520
vt 0.677804 0.677804
vt 0.659520 0.694376
vt 0.639700 0.709076
vt 0.618534 0.721762
vt 0.596227 0.732313
vt 0.572993 0.740626
vt 0.549056 0.746622
vt 0.524647 0.750242
vt 0.500000 0.751453
vt 0.475353 0.750242
vt 0.450944 0.746622
vt 0.427007 0.740626
vt 0.403773 0.732313
vt 0.381466 0.721762
vt 0.360300 0.709076
vt 0.340480 0.694376
vt 0.322196 0.677804
vt 0.305624 0.659520
vt 0.290924 0.639700
vt 0.278238 0.618534
vt 0.267687 0.596227
vt 0.259374 0.572993
vt 0.253378 0.549056
vt 0.249757 0.524647
vt 0.248547 0.500000
vt 0.249757 0.475353
vt 0.253378 0.450944
vt 0.259374 0.427007
vt 0.267687 0.403773
vt 0.278238 0.381466
vt 0.290924 0.360300
vt 0.305624 0.340480
vt 0.322196 0.322196
vt 0.340480 0.305624
vt 0.360300 0.290924
vt 0.381466 0.278238
vt 0.403773 0.267687
vt 0.427007 0.259374
vt 0.450944 0.253378
vt 0.475353 0.249757
vt 0.500000 0.248547
vt 0.524647 0.249757
vt 0.549056 0.253378
vt 0.572993 0.259374
vt 0.596227 0.267687
vt 0.618534 0.278238
vt 0.639700 0.290924
vt 0.659520 0.305624
vt 0.677804 0.322196
vt 0.694376 0.340480
vt 0.709076 0.360300
vt 0.721762 0.381466
vt 0.732313 0.403773
vt 0.740626 0.427007
vt 0.746622 0.450944
vt 0.750242 0.475353
vt 0.765590 0.526158
vt 0.766875 0.500000
vt 0.761747 0.552065
vt 0.755383 0.577470
vt 0.746560 0.602129
vt 0.735363 0.625804
vt 0.721898 0.648268
vt 0.706297 0.669304
vt 0.688709 0.688709
vt 0.669304 0.706297
vt 0.648268 0.721898
vt 0.625804 0.735363
vt 0.602129 0.746560
vt 0.577470 0.755383
vt 0.552065 0.761747
vt 0.526158 0.765590
vt 0.500000 0.766875
vt 0.473842 0.765590
vt 0.447935 0.761747
vt 0.422530 0.755383
vt 0.397871 0.746560
vt 0.374196 0.735363
vt 0.351732 0.721898
vt 0.330696 0.706297
vt 0.311291 0.688709
vt 0.293703 0.669304
vt 0.278102 0.648268
vt 0.264637 0.625804
vt 0.253440 0.602129
vt 0.244617 0.577470
vt 0.238253 0.552065
vt 0.234410 0.526158
vt 0.233125 0.500000
vt 0.234410 0.473842
vt 0.238253 0.447935
vt 0.244617 0.422530
vt 0.253440 0.397871
vt 0.264637 0.374196
vt 0.278102 0.351732
vt 0.293703 0.330696
vt 0.311291 0.311291
vt 0.330696 0.293703
vt 0.351732 0.278102
vt 0.374196 0.264637
vt 0.397871 0.253440
vt 0.422530 0.244617
vt 0.447935 0.238253
vt 0.473842 0.234410
vt 0.500000 0.233125
vt 0.526158 0.234410
vt 0.552065 0.238253
vt 0.577470 0.244617
vt 0.602129 0.253440
vt 0.625804 0.264637
vt 0.648268 0.278102
vt 0.669304 0.293703
vt 0.688709 0.311291
vt 0.706297 0.330696
vt 0.721898 0.351732
vt 0.735363 0.374196
vt 0.746560 0.397871
vt 0.755383 0.422530
vt 0.761747 0.447935
vt 0.765590 0.473842
vt 0.782824 0.500000
vt 0.781462 0.527722
vt 0.777390 0.555176
vt 0.770646 0.582099
vt 0.761295 0.608232
vt 0.749429 0.633322
vt 0.735160 0.657129
vt 0.718626 0.679422
vt 0.699987 0.699987
vt 0.679422 0.718626
vt 0.657129 0.735160
vt 0.633322 0.749429
vt 0.608232 0.761295
vt 0.582099 0.770646
vt 0.555176 0.777390
vt 0.527722 0.781462
vt 0.500000 0.782824
vt 0.472278 0.781462
vt 0.444824 0.777390
vt 0.417900 0.770646
vt 0.391768 0.761295
vt 0.366678 0.749429
vt 0.342871 0.735160
vt 0.320578 0.718626
vt 0.300013 0.699987
vt 0.281374 0.679422
vt 0.264840 0.657129
vt 0.250571 0.633322
vt 0.238705 0.608232
vt 0.229354 0.582099
vt 0.222610 0.555176
vt 0.218538 0.527722
vt 0.217176 0.500000
vt 0.218538 0.472278
vt 0.222610 0.444824
vt 0.229354 0.417900
vt 0.238705 0.391768
vt 0.250571 0.366678
vt 0.264840 0.342871
vt 0.281374 0.320578
vt 0.300013 0.300013
vt 0.320578 0.281374
vt 0.342871 0.264840
vt 0.366678 0.250571
vt 0.391768 0.238705
vt 0.417900 0.229354
vt 0.444824 0.222610
vt 0.472278 0.218538
vt 0.500000 0.217176
vt 0.527722 0.218538
vt 0.555176 0.222610
vt 0.582100 0.229354
vt 0.608232 0.238705
vt 0.633322 0.250571
vt 0.657129 0.264840
vt 0.679422 0.281374
vt 0.699987 0.300013
vt 0.718626 0.320578
vt 0.735160 0.342871
vt 0.749429 0.366678
vt 0.761295 0.391768
vt 0.770646 0.417901
vt 0.777390 0.444824
vt 0.781462 0.472278
vt 0.797815 0.529332
vt 0.799256 0.500000
vt 0.793506 0.558382
vt 0.786371 0.586870
vt 0.776477 0.614520
vt 0.763921 0.641069
vt 0.748823 0.666258
vt 0.731328 0.689846
vt 0.711606 0.711606
vt 0.689846 0.731328
vt 0.666258 0.748823
vt 0.641069 0.763921
vt 0.614520 0.776477
vt 0.586870 0.786371
vt 0.558382 0.793506
vt 0.529332 0.797815
vt 0.500000 0.799256
vt 0.470668 0.797815
vt 0.441618 0.793506
vt 0.413130 0.786371
vt 0.385479 0.776477
vt 0.358931 0.763921
vt 0.333742 0.748823
vt 0.310154 0.731328
vt 0.288394 0.711606
vt 0.268672 0.689846
vt 0.251177 0.666258
vt 0.236079 0.641069
vt 0.223523 0.614520
vt 0.213629 0.586870
vt 0.206494 0.558382
vt 0.202184 0.529332
vt 0.200743 0.500000
vt 0.202184 0.470668
vt 0.206494 0.441618
vt 0.213629 0.413130
vt 0.223523 0.385479
vt 0.236079 0.358931
vt 0.251177 0.333742
vt 0.268672 0.310154
vt 0.288394 0.288394
vt 0.310154 0.268672
vt 0.333742 0.251177
vt 0.358931 0.236079
vt 0.385480 0.223523
vt 0.413130 0.213629
vt 0.441618 0.206494
vt 0.470668 0.202185
vt 0.500000 0.200744
vt 0.529332 0.202185
vt 0.558382 0.206494
vt 0.586870 0.213629
vt 0.614520 0.223523
vt 0.641069 0.236079
vt 0.666258 0.251177
vt 0.689846 0.268672
vt 0.711606 0.288394
vt 0.731328 0.310154
vt 0.748823 0.333742
vt 0.763921 0.358931
vt 0.776477 0.385479
vt 0.786371 0.413130
vt 0.793506 0.441618
vt 0.797815 0.470668
vt 0.814604 0.530986
vt 0.816127 0.500000
vt 0.810052 0.561673
vt 0.802514 0.591767
vt 0.792063 0.620976
vt 0.778799 0.649021
vt 0.762850 0.675631
vt 0.744369 0.700549
vt 0.723535 0.723535
vt 0.700549 0.744369
vt 0.675630 0.762850
vt 0.649021 0.778799
vt 0.620976 0.792063
vt 0.591767 0.802514
vt 0.561673 0.810052
vt 0.530986 0.814604
vt 0.500000 0.816127
vt 0.469014 0.814604
vt 0.438327 0.810052
vt 0.408233 0.802514
vt 0.379024 0.792063
vt 0.350979 0.778799
vt 0.324369 0.762850
vt 0.299451 0.744369
vt 0.276465 0.723535
vt 0.255631 0.700549
vt 0.237150 0.675630
vt 0.221201 0.649021
vt 0.207937 0.620976
vt 0.197486 0.591767
vt 0.189948 0.561673
vt 0.185396 0.530986
vt 0.183873 0.500000
vt 0.185396 0.469014
vt 0.189948 0.438327
vt 0.197486 0.408233
vt 0.207937 0.379024
vt 0.221201 0.350979
vt 0.237150 0.324369
vt 0.255631 0.299451
vt 0.276465 0.276465
vt 0.299451 0.255631
vt 0.324370 0.237150
vt 0.350979 0.221201
vt 0.379024 0.207937
vt 0.408233 0.197486
vt 0.438327 0.189948
vt 0.469014 0.185396
vt 0.500000 0.183873
vt 0.530986 0.185396
vt 0.561673 0.189948
vt 0.591767 0.197486
vt 0.620976 0.207937
vt 0.649021 0.221201
vt 0.675631 0.237150
vt 0.700549 0.255631
vt 0.723535 0.276465
vt 0.744369 0.299451
vt 0.762850 0.324369
vt 0.778799 0.350979
vt 0.792063 0.379024
vt 0.802514 0.408233
vt 0.810052 0.438327
vt 0.814604 0.469014
vt 0.831783 0.532678
vt 0.833388 0.500000
vt 0.826982 0.565041
vt 0.819033 0.596777
vt 0.808011 0.627582
vt 0.794022 0.657158
vt 0.777202 0.685221
vt 0.757713 0.711499
vt 0.735741 0.735741
vt 0.711499 0.757713
vt 0.685221 0.777202
vt 0.657158 0.794022
vt 0.627582 0.808011
vt 0.596777 0.819033
vt 0.565041 0.826982
vt 0.532678 0.831783
vt 0.500000 0.833388
vt 0.467322 0.831783
vt 0.434959 0.826982
vt 0.403222 0.819033
vt 0.372418 0.808011
vt 0.342842 0.794022
vt 0.314779 0.777202
vt 0.288501 0.757713
vt 0.264259 0.735741
vt 0.242287 0.711499
vt 0.222798 0.685221
vt 0.205978 0.657158
vt 0.191989 0.627582
vt 0.180967 0.596777
vt 0.173018 0.565041
vt 0.168217 0.532678
vt 0.166612 0.500000
vt 0.168217 0.467322
vt 0.173018 0.434959
vt 0.180967 0.403222
vt 0.191989 0.372418
vt 0.205978 0.342842
vt 0.222798 0.314779
vt 0.242287 0.288501
vt 0.264259 0.264259
vt 0.288501 0.242287
vt 0.314779 0.222798
vt 0.342842 0.205978
vt 0.372418 0.191989
vt 0.403223 0.180967
vt 0.434959 0.173018
vt 0.467322 0.168217
vt 0.500000 0.166612
vt 0.532678 0.168217
vt 0.565041 0.173018
vt 0.596778 0.180967
vt 0.627582 0.191989
vt 0.657158 0.205978
vt 0.685221 0.222798
vt 0.711499 0.242287
vt 0.735741 0.264259
vt 0.757713 0.288501
vt 0.777202 0.314779
vt 0.794022 0.342842
vt 0.808011 0.372418
vt 0.819033 0.403223
vt 0.826982 0.434959
vt 0.831783 0.467322
vt 0.849306 0.534404
vt 0.850996 0.500000
vt 0.844252 0.568476
vt 0.835882 0.601889
vt 0.824278 0.634320
vt 0.809551 0.665458
vt 0.791842 0.695003
vt 0.771324 0.722670
vt 0.748192 0.748192
vt 0.722670 0.771324
vt 0.695003 0.791843
vt 0.665458 0.809551
vt 0.634320 0.824278
vt 0.601889 0.835882
vt 0.568476 0.844252
vt 0.534404 0.849306
vt 0.500000 0.850996
vt 0.465596 0.849306
vt 0.431524 0.844252
vt 0.398111 0.835882
vt 0.365680 0.824278
vt 0.334541 0.809551
vt 0.304997 0.791842
vt 0.277330 0.771324
vt 0.251808 0.748192
vt 0.228676 0.722670
vt 0.208157 0.695003
vt 0.190449 0.665458
vt 0.175722 0.634320
vt 0.164118 0.601889
vt 0.155748 0.568476
vt 0.150694 0.534404
vt 0.149004 0.500000
vt 0.150694 0.465596
vt 0.155748 0.431524
vt 0.164118 0.398111
vt 0.175722 0.365680
vt 0.190449 0.334542
vt 0.208157 0.304997
vt 0.228676 0.277330
vt 0.251808 0.251808
vt 0.277330 0.228676
vt 0.304997 0.208157
vt 0.334542 0.190449
vt 0.365680 0.175722
vt 0.398111 0.164118
vt 0.431524 0.155748
vt 0.465596 0.150694
vt 0.500000 0.149004
vt 0.534404 0.150694
vt 0.568476 0.155748
vt 0.601889 0.164118
vt 0.634320 0.175722
vt 0.665458 0.190449
vt 0.695003 0.208157
vt 0.722670 0.228676
vt 0.748192 0.251808
vt 0.771324 0.277330
vt 0.791843 0.304997
vt 0.809551 0.334542
vt 0.824278 0.365680
vt 0.835882 0.398111
vt 0.844252 0.431524
vt 0.849306 0.465596
vt 0.868904 0.500000
vt 0.867128 0.536159
vt 0.861816 0.571970
vt 0.853020 0.607087
vt 0.840823 0.641174
vt 0.825345 0.673900
vt 0.806733 0.704952
vt 0.785167 0.734031
vt 0.760855 0.760855
vt 0.734031 0.785167
vt 0.704952 0.806733
vt 0.673900 0.825345
vt 0.641174 0.840823
vt 0.607087 0.853020
vt 0.571970 0.861816
vt 0.536159 0.867128
vt 0.500000 0.868904
vt 0.463841 0.867128
vt 0.428030 0.861816
vt 0.392913 0.853020
vt 0.358826 0.840823
vt 0.326100 0.825345
vt 0.295048 0.806733
vt 0.265969 0.785167
vt 0.239145 0.760855
vt 0.214833 0.734031
vt 0.193267 0.704952
vt 0.174655 0.673900
vt 0.159177 0.641174
vt 0.146980 0.607087
vt 0.138184 0.571970
vt 0.132872 0.536159
vt 0.131095 0.500000
vt 0.132872 0.463841
vt 0.138184 0.428030
vt 0.146980 0.392913
vt 0.159177 0.358826
vt 0.174655 0.326100
vt 0.193267 0.295048
vt 0.214833 0.265969
vt 0.239145 0.239145
vt 0.265969 0.214833
vt 0.295048 0.193267
vt 0.326100 0.174655
vt 0.358826 0.159177
vt 0.392913 0.146980
vt 0.428030 0.138184
vt 0.463841 0.132872
vt 0.500000 0.131096
vt 0.536159 0.132872
vt 0.571970 0.138184
vt 0.607087 0.146980
vt 0.641174 0.159177
vt 0.673900 0.174655
vt 0.704952 0.193267
vt 0.734031 0.214833
vt 0.760855 0.239145
vt 0.785167 0.265969
vt 0.806733 0.295048
vt 0.825345 0.326100
vt 0.840823 0.358826
vt 0.853020 0.392913
vt 0.861816 0.428030
vt 0.867128 0.463841
vt 0.887069 0.500000
vt 0.885206 0.537939
vt 0.879632 0.575513
vt 0.870402 0.612360
vt 0.857606 0.648125
vt 0.841365 0.682463
vt 0.821836 0.715044
vt 0.799209 0.745554
vt 0.773699 0.773699
vt 0.745554 0.799209
vt 0.715044 0.821836
vt 0.682463 0.841365
vt 0.648125 0.857605
vt 0.612360 0.870402
vt 0.575513 0.879632
vt 0.537939 0.885206
vt 0.500000 0.887069
vt 0.462060 0.885206
vt 0.424486 0.879632
vt 0.387640 0.870402
vt 0.351875 0.857605
vt 0.317537 0.841365
vt 0.284956 0.821836
vt 0.254446 0.799209
vt 0.226300 0.773699
vt 0.200791 0.745554
vt 0.178163 0.715044
vt 0.158635 0.682463
vt 0.142394 0.648125
vt 0.129598 0.612360
vt 0.120368 0.575513
vt 0.114794 0.537939
vt 0.112931 0.500000
vt 0.114794 0.462060
vt 0.120368 0.424486
vt 0.129598 0.387640
vt 0.142394 0.351875
vt 0.158635 0.317537
vt 0.178163 0.284956
vt 0.200791 0.254446
vt 0.226301 0.226301
vt 0.254446 0.200791
vt 0.284956 0.178163
vt 0.317537 0.158635
vt 0.351875 0.142394
vt 0.387640 0.129598
vt 0.424486 0.120368
vt 0.462061 0.114794
vt 0.500000 0.112931
vt 0.537939 0.114794
vt 0.575513 0.120368
vt 0.612360 0.129598
vt 0.648125 0.142394
vt 0.682463 0.158635
vt 0.715044 0.178164
vt 0.745554 0.200791
vt 0.773700 0.226301
vt 0.799209 0.254446
vt 0.821836 0.284956
vt 0.841365 0.317537
vt 0.857606 0.351875
vt 0.870402 0.387640
vt 0.879632 0.424486
vt 0.885206 0.462061
vt 0.903496 0.539741
vt 0.905448 0.500000
vt 0.897658 0.579099
vt 0.887990 0.617695
vt 0.874585 0.655158
vt 0.857573 0.691127
vt 0.837118 0.725255
vt 0.813416 0.757214
vt 0.786695 0.786695
vt 0.757214 0.813416
vt 0.725255 0.837118
vt 0.691127 0.857573
vt 0.655158 0.874585
vt 0.617695 0.887990
vt 0.579099 0.897658
vt 0.539741 0.903496
vt 0.500000 0.905448
vt 0.460259 0.903496
vt 0.420901 0.897658
vt 0.382305 0.887990
vt 0.344842 0.874585
vt 0.308873 0.857573
vt 0.274745 0.837118
vt 0.242786 0.813416
vt 0.213305 0.786695
vt 0.186584 0.757214
vt 0.162882 0.725255
vt 0.142426 0.691127
vt 0.125415 0.655158
vt 0.112010 0.617695
vt 0.102342 0.579099
vt 0.096504 0.539741
vt 0.094552 0.500000
vt 0.096504 0.460259
vt 0.102342 0.420901
vt 0.112010 0.382304
vt 0.125415 0.344842
vt 0.142426 0.308873
vt 0.162882 0.274745
vt 0.186584 0.242786
vt 0.213305 0.213305
vt 0.242786 0.186584
vt 0.274745 0.162882
vt 0.308873 0.142427
vt 0.344842 0.125415
vt 0.382305 0.112010
vt 0.420901 0.102342
vt 0.460259 0.096504
vt 0.500000 0.094552
vt 0.539741 0.096504
vt 0.579099 0.102342
vt 0.617696 0.112010
vt 0.655158 0.125415
vt 0.691127 0.142427
vt 0.725255 0.162882
vt 0.757214 0.186584
vt 0.786695 0.213305
vt 0.813416 0.242786
vt 0.837118 0.274745
vt 0.857573 0.308873
vt 0.874585 0.344842
vt 0.887990 0.382305
vt 0.897658 0.420901
vt 0.903496 0.460259
vt 0.921959 0.541559
vt 0.924001 0.500000
vt 0.915854 0.582718
vt 0.905743 0.623081
vt 0.891726 0.662258
vt 0.873935 0.699873
vt 0.852544 0.735562
vt 0.827757 0.768983
vt 0.799814 0.799814
vt 0.768983 0.827757
vt 0.735562 0.852544
vt 0.699873 0.873935
vt 0.662258 0.891726
vt 0.623081 0.905743
vt 0.582718 0.915854
vt 0.541559 0.921959
vt 0.500000 0.924001
vt 0.458441 0.921959
vt 0.417282 0.915853
vt 0.376919 0.905743
vt 0.337742 0.891726
vt 0.300127 0.873935
vt 0.264438 0.852544
vt 0.231017 0.827757
vt 0.200186 0.799814
vt 0.172243 0.768983
vt 0.147456 0.735562
vt 0.126065 0.699872
vt 0.108274 0.662258
vt 0.094257 0.623081
vt 0.084146 0.582718
vt 0.078041 0.541559
vt 0.075999 0.500000
vt 0.078041 0.458441
vt 0.084146 0.417281
vt 0.094257 0.376919
vt 0.108274 0.337742
vt 0.126065 0.300127
vt 0.147456 0.264438
vt 0.172243 0.231017
vt 0.200186 0.200186
vt 0.231017 0.172243
vt 0.264438 0.147456
vt 0.300127 0.126065
vt 0.337742 0.108274
vt 0.376919 0.094257
vt 0.417281 0.084146
vt 0.458441 0.078041
vt 0.500000 0.075999
vt 0.541559 0.078041
vt 0.582718 0.084146
vt 0.623081 0.094257
vt 0.662258 0.108274
vt 0.699873 0.126065
vt 0.735562 0.147456
vt 0.768983 0.172243
vt 0.799814 0.200186
vt 0.827757 0.231017
vt 0.852544 0.264438
vt 0.873935 0.300127
vt 0.891726 0.337742
vt 0.905743 0.376919
vt 0.915854 0.417282
vt 0.921959 0.458441
vt 0.940556 0.543391
vt 0.942688 0.500000
vt 0.934182 0.586364
vt 0.923626 0.628506
vt 0.908990 0.669409
vt 0.890416 0.708682
vt 0.868082 0.745944
vt 0.842202 0.780838
vt 0.813028 0.813028
vt 0.780838 0.842202
vt 0.745944 0.868082
vt 0.708682 0.890416
vt 0.669409 0.908990
vt 0.628506 0.923626
vt 0.586364 0.934182
vt 0.543391 0.940556
vt 0.500000 0.942688
vt 0.456609 0.940556
vt 0.413636 0.934182
vt 0.371494 0.923626
vt 0.330591 0.908990
vt 0.291318 0.890416
vt 0.254056 0.868082
vt 0.219162 0.842202
vt 0.186972 0.813028
vt 0.157797 0.780838
vt 0.131918 0.745944
vt 0.109584 0.708682
vt 0.091009 0.669409
vt 0.076374 0.628506
vt 0.065818 0.586364
vt 0.059443 0.543391
vt 0.057312 0.500000
vt 0.059444 0.456609
vt 0.065818 0.413636
vt 0.076374 0.371494
vt 0.091009 0.330591
vt 0.109584 0.291318
vt 0.131918 0.254056
vt 0.157797 0.219162
vt 0.186972 0.186972
vt 0.219162 0.157798
vt 0.254056 0.131918
vt 0.291318 0.109584
vt 0.330591 0.091010
vt 0.371494 0.076374
vt 0.413636 0.065818
vt 0.456609 0.059444
vt 0.500000 0.057312
vt 0.543391 0.059444
vt 0.586364 0.065818
vt 0.628506 0.076374
vt 0.669409 0.091010
vt 0.708682 0.109584
vt 0.745944 0.131918
vt 0.780838 0.157798
vt 0.813028 0.186972
vt 0.842202 0.219162
vt 0.868082 0.254056
vt 0.890416 0.291318
vt 0.908990 0.330591
vt 0.923626 0.371495
vt 0.934182 0.413636
vt 0.940557 0.456609
vt 0.959252 0.545232
vt 0.961474 0.500000
vt 0.952607 0.590029
vt 0.941604 0.633959
vt 0.926347 0.676599
vt 0.906984 0.717538
vt 0.883702 0.756382
vt 0.856725 0.792756
vt 0.826312 0.826312
vt 0.792756 0.856725
vt 0.756381 0.883702
vt 0.717538 0.906984
vt 0.676599 0.926347
vt 0.633959 0.941604
vt 0.590029 0.952607
vt 0.545232 0.959252
vt 0.500000 0.961474
vt 0.454767 0.959252
vt 0.409971 0.952607
vt 0.366041 0.941604
vt 0.323401 0.926347
vt 0.282462 0.906984
vt 0.243618 0.883702
vt 0.207244 0.856725
vt 0.173688 0.826312
vt 0.143275 0.792756
vt 0.116298 0.756381
vt 0.093016 0.717538
vt 0.073653 0.676599
vt 0.058396 0.633959
vt 0.047393 0.590029
vt 0.040748 0.545232
vt 0.038525 0.500000
vt 0.040748 0.454767
vt 0.047393 0.409971
vt 0.058396 0.366041
vt 0.073653 0.323401
vt 0.093016 0.282462
vt 0.116298 0.243618
vt 0.143275 0.207244
vt 0.173688 0.173688
vt 0.207244 0.143275
vt 0.243619 0.116298
vt 0.282462 0.093016
vt 0.323401 0.073653
vt 0.366041 0.058396
vt 0.409971 0.047393
vt 0.454768 0.040748
vt 0.500000 0.038525
vt 0.545232 0.040748
vt 0.590029 0.047393
vt 0.633959 0.058396
vt 0.676599 0.073653
vt 0.717538 0.093016
vt 0.756382 0.116298
vt 0.792756 0.143275
vt 0.826312 0.173688
vt 0.856725 0.207244
vt 0.883702 0.243618
vt 0.906984 0.282463
vt 0.926347 0.323401
vt 0.941604 0.366041
vt 0.952607 0.409971
vt 0.959252 0.454768
vt 0.978013 0.547080
vt 0.980326 0.500000
vt 0.971097 0.593707
vt 0.959643 0.639431
vt 0.943763 0.683813
vt 0.923610 0.726424
vt 0.899376 0.766855
vt 0.871297 0.804715
vt 0.839642 0.839642
vt 0.804715 0.871297
vt 0.766855 0.899376
vt 0.726424 0.923610
vt 0.683813 0.943763
vt 0.639431 0.959643
vt 0.593707 0.971097
vt 0.547080 0.978013
vt 0.500000 0.980326
vt 0.452920 0.978013
vt 0.406293 0.971096
vt 0.360569 0.959643
vt 0.316187 0.943763
vt 0.273576 0.923610
vt 0.233145 0.899376
vt 0.195284 0.871297
vt 0.160358 0.839642
vt 0.128703 0.804715
vt 0.100624 0.766855
vt 0.076390 0.726424
vt 0.056237 0.683813
vt 0.040357 0.639431
vt 0.028903 0.593707
vt 0.021987 0.547080
vt 0.019674 0.500000
vt 0.021987 0.452920
vt 0.028903 0.406293
vt 0.040357 0.360569
vt 0.056237 0.316187
vt 0.076390 0.273576
vt 0.100624 0.233145
vt 0.128703 0.195284
vt 0.160358 0.160358
vt 0.195284 0.128703
vt 0.233145 0.100624
vt 0.273576 0.076390
vt 0.316187 0.056237
vt 0.360569 0.040357
vt 0.406293 0.028903
vt 0.452920 0.021987
vt 0.500000 0.019674
vt 0.547080 0.021987
vt 0.593707 0.028903
vt 0.639431 0.040357
vt 0.683813 0.056237
vt 0.726424 0.076390
vt 0.766855 0.100624
vt 0.804716 0.128703
vt 0.839642 0.160358
vt 0.871297 0.195285
vt 0.899376 0.233145
vt 0.923610 0.273576
vt 0.943763 0.316187
vt 0.959643 0.360569
vt 0.971097 0.406293
vt 0.978013 0.452920
vt 0.997592 0.549009
vt 1.000000 0.500000
vt 0.990393 0.597545
vt 0.978470 0.645142
vt 0.961940 0.691342
vt 0.940961 0.735698
vt 0.915735 0.777785
vt 0.886505 0.817197
vt 0.853553 0.853553
vt 0.817197 0.886505
vt 0.777785 0.915735
vt 0.735698 0.940961
vt 0.691342 0.961940
vt 0.645142 0.978470
vt 0.597545 0.990393
vt 0.549009 0.997592
vt 0.500000 1.000000
vt 0.450991 0.997592
vt 0.402455 0.990393
vt 0.354858 0.978470
vt 0.308658 0.961940
vt 0.264302 0.940961
vt 0.222215 0.915735
vt 0.182803 0.886505
vt 0.146447 0.853553
vt 0.113495 0.817197
vt 0.084265 0.777785
vt 0.059039 0.735698
vt 0.038060 0.691342
vt 0.021530 0.645142
vt 0.009607 0.597545
vt 0.002408 0.549008
vt 0.000000 0.500000
vt 0.002408 0.450991
vt 0.009607 0.402455
vt 0.021530 0.354858
vt 0.038060 0.308658
vt 0.059039 0.264302
vt 0.084265 0.222215
vt 0.113495 0.182803
vt 0.146447 0.146447
vt 0.182803 0.113495
vt 0.222215 0.084265
vt 0.264302 0.059039
vt 0.308658 0.038060
vt 0.354858 0.021530
vt 0.402455 0.009607
vt 0.450991 0.002408
vt 0.500000 0.000000
vt 0.549009 0.002408
vt 0.597545 0.009607
vt 0.645142 0.021530
vt 0.691342 0.038060
vt 0.735698 0.059039
vt 0.777785 0.084265
vt 0.817197 0.113495
vt 0.853554 0.146447
vt 0.886505 0.182803
vt 0.915735 0.222215
vt 0.940961 0.264302
vt 0.961940 0.308658
vt 0.978470 0.354858
vt 0.990393 0.402455
vt 0.997592 0.450992
vt 0.583304 0.508205
vt 0.583206 0.500000
vt 0.583707 0.500000
vt 0.582098 0.516330
vt 0.582805 0.508155
vt 0.580102 0.524299
vt 0.581607 0.516233
vt 0.576872 0.531841
vt 0.579623 0.524153
vt 0.573823 0.539459
vt 0.577335 0.532033
vt 0.569183 0.546227
vt 0.573381 0.539223
vt 0.569600 0.546505
vt 0.564319 0.552785
vt 0.559190 0.559189
vt 0.564706 0.553103
vt 0.552785 0.564319
vt 0.558835 0.558835
vt 0.546505 0.569600
vt 0.553103 0.564706
vt 0.539459 0.573823
vt 0.546227 0.569183
vt 0.532033 0.577335
vt 0.539223 0.573381
vt 0.524299 0.580102
vt 0.531841 0.576872
vt 0.516330 0.582098
vt 0.524153 0.579623
vt 0.508205 0.583304
vt 0.516233 0.581607
vt 0.500000 0.583707
vt 0.508156 0.582805
vt 0.491795 0.583304
vt 0.500000 0.583205
vt 0.483670 0.582098
vt 0.491844 0.582805
vt 0.475701 0.580102
vt 0.483767 0.581607
vt 0.468159 0.576872
vt 0.475847 0.579623
vt 0.460541 0.573823
vt 0.467967 0.577335
vt 0.453495 0.569600
vt 0.460777 0.573381
vt 0.446897 0.564706
vt 0.453773 0.569183
vt 0.440810 0.559190
vt 0.447215 0.564319
vt 0.435681 0.552785
vt 0.441165 0.558835
vt 0.430400 0.546505
vt 0.435294 0.553103
vt 0.426619 0.539223
vt 0.430817 0.546227
vt 0.422665 0.532033
vt 0.426177 0.539459
vt 0.419898 0.524299
vt 0.423128 0.531841
vt 0.417902 0.516330
vt 0.420377 0.524153
vt 0.416696 0.508205
vt 0.418393 0.516233
vt 0.416293 0.500000
vt 0.417195 0.508156
vt 0.416696 0.491795
vt 0.416794 0.500000
vt 0.417902 0.483670
vt 0.417195 0.491844
vt 0.419898 0.475701
vt 0.418393 0.483767
vt 0.423128 0.468159
vt 0.420377 0.475847
vt 0.426177 0.460541
vt 0.422665 0.467967
vt 0.430400 0.453495
vt 0.426619 0.460777
vt 0.435294 0.446897
vt 0.430817 0.453773
vt 0.440810 0.440810
vt 0.435681 0.447215
vt 0.446897 0.435294
vt 0.441165 0.441165
vt 0.453495 0.430400
vt 0.447215 0.435681
vt 0.460777 0.426619
vt 0.453773 0.430817
vt 0.467967 0.422665
vt 0.460541 0.426177
vt 0.475701 0.419898
vt 0.468159 0.423128
vt 0.483670 0.417902
vt 0.475847 0.420377
vt 0.491844 0.417195
vt 0.483767 0.418393
vt 0.500000 0.416293
vt 0.491795 0.416696
vt 0.508205 0.416696
vt 0.500000 0.416794
vt 0.516330 0.417902
vt 0.508156 0.417195
vt 0.524299 0.419898
vt 0.516233 0.418393
vt 0.532033 0.422665
vt 0.524153 0.420377
vt 0.539459 0.426177
vt 0.531841 0.423128
vt 0.546227 0.430817
vt 0.539223 0.426619
vt 0.553103 0.435294
vt 0.546505 0.430400
vt 0.558835 0.441165
vt 0.552785 0.435681
vt 0.559190 0.440810
vt 0.564319 0.447215
vt 0.569599 0.453495
vt 0.564706 0.446897
vt 0.573823 0.460541
vt 0.569183 0.453773
vt 0.577335 0.467967
vt 0.573381 0.460777
vt 0.580102 0.475701
vt 0.576872 0.468159
vt 0.582098 0.483670
vt 0.579623 0.475847
vt 0.583304 0.491795
vt 0.581607 0.483767
vt 0.582805 0.491844
vt 0.585209 0.500000
vt 0.584798 0.508352
vt 0.581540 0.524735
vt 0.583571 0.516623
vt 0.578723 0.532608
vt 0.575147 0.540167
vt 0.570849 0.547339
vt 0.565867 0.554056
vt 0.560252 0.560252
vt 0.554056 0.565867
vt 0.547339 0.570849
vt 0.540167 0.575148
vt 0.532608 0.578723
vt 0.516623 0.583572
vt 0.524735 0.581540
vt 0.500000 0.585209
vt 0.508352 0.584799
vt 0.491648 0.584799
vt 0.483377 0.583572
vt 0.475265 0.581540
vt 0.467392 0.578723
vt 0.459833 0.575148
vt 0.445944 0.565867
vt 0.452660 0.570849
vt 0.434133 0.554056
vt 0.439748 0.560252
vt 0.429151 0.547339
vt 0.424852 0.540167
vt 0.421277 0.532608
vt 0.416428 0.516623
vt 0.418460 0.524735
vt 0.415201 0.508352
vt 0.414791 0.500000
vt 0.415201 0.491648
vt 0.416428 0.483377
vt 0.418460 0.475265
vt 0.421277 0.467392
vt 0.424852 0.459833
vt 0.434133 0.445944
vt 0.429151 0.452661
vt 0.439748 0.439748
vt 0.452660 0.429151
vt 0.445944 0.434133
vt 0.459833 0.424852
vt 0.467392 0.421277
vt 0.475265 0.418460
vt 0.483377 0.416428
vt 0.491648 0.415201
vt 0.500000 0.414791
vt 0.516623 0.416428
vt 0.508352 0.415201
vt 0.524735 0.418460
vt 0.540167 0.424852
vt 0.532608 0.421277
vt 0.547339 0.429151
vt 0.554056 0.434133
vt 0.560252 0.439748
vt 0.565867 0.445944
vt 0.570848 0.452661
vt 0.575147 0.459833
vt 0.581540 0.475265
vt 0.578723 0.467392
vt 0.583571 0.483377
vt 0.584798 0.491648
vt 0.587286 0.508597
vt 0.587708 0.500000
vt 0.583932 0.525460
vt 0.586023 0.517111
vt 0.577352 0.541345
vt 0.581032 0.533565
vt 0.572927 0.548728
vt 0.567800 0.555642
vt 0.555642 0.567800
vt 0.562019 0.562019
vt 0.548728 0.572927
vt 0.533565 0.581032
vt 0.541345 0.577352
vt 0.525460 0.583932
vt 0.508597 0.587286
vt 0.517111 0.586023
vt 0.500000 0.587708
vt 0.491403 0.587286
vt 0.482889 0.586023
vt 0.474540 0.583932
vt 0.458654 0.577352
vt 0.466435 0.581032
vt 0.444358 0.567800
vt 0.451272 0.572927
vt 0.437981 0.562019
vt 0.427073 0.548728
vt 0.432200 0.555642
vt 0.422648 0.541345
vt 0.418968 0.533565
vt 0.416068 0.525460
vt 0.412714 0.508597
vt 0.413977 0.517111
vt 0.412291 0.500000
vt 0.412714 0.491403
vt 0.413977 0.482889
vt 0.416068 0.474540
vt 0.422648 0.458654
vt 0.418968 0.466435
vt 0.427073 0.451272
vt 0.432200 0.444358
vt 0.437981 0.437981
vt 0.451272 0.427073
vt 0.444358 0.432200
vt 0.458654 0.422648
vt 0.474540 0.416068
vt 0.466435 0.418968
vt 0.482889 0.413977
vt 0.500000 0.412292
vt 0.491403 0.412714
vt 0.508597 0.412714
vt 0.517111 0.413977
vt 0.525460 0.416068
vt 0.541345 0.422648
vt 0.533565 0.418968
vt 0.548728 0.427073
vt 0.555642 0.432200
vt 0.562019 0.437981
vt 0.567800 0.444358
vt 0.577352 0.458654
vt 0.572927 0.451272
vt 0.581032 0.466435
vt 0.583932 0.474540
vt 0.586023 0.482889
vt 0.587286 0.491403
vt 0.590760 0.508939
vt 0.591199 0.500000
vt 0.589447 0.517792
vt 0.587272 0.526474
vt 0.580431 0.542991
vt 0.584257 0.534900
vt 0.570498 0.557856
vt 0.575830 0.550668
vt 0.564488 0.564488
vt 0.550668 0.575830
vt 0.557856 0.570498
vt 0.534901 0.584257
vt 0.542991 0.580431
vt 0.526474 0.587272
vt 0.508939 0.590760
vt 0.517792 0.589447
vt 0.500000 0.591199
vt 0.482208 0.589447
vt 0.491061 0.590760
vt 0.473526 0.587272
vt 0.457009 0.580431
vt 0.465099 0.584257
vt 0.442144 0.570498
vt 0.449332 0.575830
vt 0.435512 0.564488
vt 0.424170 0.550668
vt 0.429502 0.557856
vt 0.415743 0.534900
vt 0.419569 0.542991
vt 0.410553 0.517792
vt 0.412728 0.526474
vt 0.409240 0.508939
vt 0.408800 0.500000
vt 0.409240 0.491061
vt 0.412728 0.473526
vt 0.410553 0.482208
vt 0.415743 0.465099
vt 0.419569 0.457009
vt 0.429502 0.442144
vt 0.424170 0.449332
vt 0.435512 0.435512
vt 0.442144 0.429502
vt 0.449332 0.424170
vt 0.465099 0.415743
vt 0.457009 0.419569
vt 0.482208 0.410553
vt 0.473526 0.412728
vt 0.500000 0.408801
vt 0.491061 0.409240
vt 0.508939 0.409240
vt 0.526474 0.412728
vt 0.517792 0.410553
vt 0.534900 0.415743
vt 0.550668 0.424170
vt 0.542991 0.419569
vt 0.557856 0.429502
vt 0.564488 0.435512
vt 0.570498 0.442144
vt 0.575830 0.449332
vt 0.580431 0.457009
vt 0.584257 0.465099
vt 0.587272 0.473526
vt 0.589447 0.482208
vt 0.590760 0.491061
vt 0.595213 0.509378
vt 0.595673 0.500000
vt 0.593835 0.518665
vt 0.591554 0.527772
vt 0.584376 0.545100
vt 0.588391 0.536613
vt 0.579549 0.553153
vt 0.567651 0.567651
vt 0.573957 0.560695
vt 0.560695 0.573956
vt 0.553153 0.579549
vt 0.536613 0.588391
vt 0.545100 0.584376
vt 0.518665 0.593835
vt 0.527772 0.591554
vt 0.500000 0.595673
vt 0.509378 0.595213
vt 0.490622 0.595213
vt 0.472227 0.591554
vt 0.481335 0.593835
vt 0.454900 0.584376
vt 0.463387 0.588391
vt 0.439305 0.573957
vt 0.446847 0.579549
vt 0.432349 0.567651
vt 0.420450 0.553153
vt 0.426043 0.560695
vt 0.415624 0.545100
vt 0.411609 0.536613
vt 0.406165 0.518665
vt 0.408446 0.527773
vt 0.404327 0.500000
vt 0.404787 0.509378
vt 0.404787 0.490622
vt 0.408446 0.472227
vt 0.406165 0.481335
vt 0.415624 0.454900
vt 0.411609 0.463387
vt 0.420450 0.446847
vt 0.426043 0.439305
vt 0.439305 0.426043
vt 0.432349 0.432349
vt 0.446847 0.420451
vt 0.454900 0.415624
vt 0.463387 0.411609
vt 0.472227 0.408446
vt 0.481335 0.406165
vt 0.490622 0.404787
vt 0.500000 0.404327
vt 0.509378 0.404787
vt 0.518665 0.406165
vt 0.527772 0.408446
vt 0.545100 0.415624
vt 0.536613 0.411609
vt 0.560695 0.426043
vt 0.553153 0.420451
vt 0.567651 0.432349
vt 0.573956 0.439305
vt 0.579549 0.446847
vt 0.588391 0.463387
vt 0.584376 0.454900
vt 0.591554 0.472227
vt 0.593835 0.481335
vt 0.595213 0.490622
vt 0.600632 0.509911
vt 0.601119 0.500000
vt 0.599177 0.519727
vt 0.596765 0.529353
vt 0.589179 0.547667
vt 0.593422 0.538697
vt 0.584078 0.556179
vt 0.578166 0.564149
vt 0.564150 0.578166
vt 0.571502 0.571502
vt 0.556179 0.584078
vt 0.547667 0.589179
vt 0.538697 0.593422
vt 0.529353 0.596765
vt 0.519727 0.599177
vt 0.500000 0.601120
vt 0.509911 0.600633
vt 0.490089 0.600633
vt 0.480273 0.599177
vt 0.470646 0.596765
vt 0.452333 0.589179
vt 0.461303 0.593422
vt 0.435850 0.578166
vt 0.443821 0.584078
vt 0.428498 0.571502
vt 0.415922 0.556179
vt 0.421833 0.564149
vt 0.406578 0.538697
vt 0.410820 0.547667
vt 0.403235 0.529353
vt 0.400823 0.519727
vt 0.399367 0.509911
vt 0.399367 0.490088
vt 0.398880 0.500000
vt 0.400823 0.480272
vt 0.403235 0.470647
vt 0.410820 0.452333
vt 0.406578 0.461303
vt 0.415922 0.443821
vt 0.421833 0.435850
vt 0.428498 0.428498
vt 0.443821 0.415922
vt 0.435850 0.421834
vt 0.452332 0.410820
vt 0.470646 0.403235
vt 0.461303 0.406578
vt 0.480272 0.400823
vt 0.490088 0.399367
vt 0.509911 0.399367
vt 0.500000 0.398880
vt 0.519727 0.400823
vt 0.538697 0.406578
vt 0.529353 0.403235
vt 0.547667 0.410820
vt 0.564149 0.421833
vt 0.556179 0.415922
vt 0.571502 0.428498
vt 0.578166 0.435850
vt 0.589179 0.452332
vt 0.584078 0.443821
vt 0.593422 0.461303
vt 0.599177 0.480272
vt 0.596765 0.470647
vt 0.600632 0.490088
vt 0.607007 0.510539
vt 0.607525 0.500000
vt 0.605459 0.520977
vt 0.602895 0.531213
vt 0.594829 0.550687
vt 0.599340 0.541148
vt 0.583118 0.568213
vt 0.589404 0.559738
vt 0.576032 0.576032
vt 0.568213 0.583118
vt 0.559738 0.589404
vt 0.550687 0.594828
vt 0.541148 0.599340
vt 0.531213 0.602895
vt 0.510539 0.607007
vt 0.520977 0.605459
vt 0.500000 0.607525
vt 0.489461 0.607007
vt 0.479023 0.605459
vt 0.468787 0.602895
vt 0.449313 0.594828
vt 0.458852 0.599340
vt 0.440262 0.589404
vt 0.423968 0.576032
vt 0.431787 0.583118
vt 0.410596 0.559738
vt 0.416882 0.568213
vt 0.400660 0.541148
vt 0.405172 0.550687
vt 0.397105 0.531213
vt 0.392993 0.510539
vt 0.394541 0.520977
vt 0.392475 0.500000
vt 0.392993 0.489461
vt 0.394541 0.479023
vt 0.397105 0.468787
vt 0.405172 0.449313
vt 0.400660 0.458852
vt 0.416882 0.431787
vt 0.410596 0.440262
vt 0.423968 0.423968
vt 0.440262 0.410596
vt 0.431787 0.416882
vt 0.449313 0.405172
vt 0.468787 0.397105
vt 0.458852 0.400660
vt 0.489461 0.392993
vt 0.479023 0.394541
vt 0.500000 0.392475
vt 0.520977 0.394541
vt 0.510539 0.392993
vt 0.541148 0.400660
vt 0.531213 0.397105
vt 0.550687 0.405172
vt 0.559738 0.410596
vt 0.576032 0.423968
vt 0.568213 0.416882
vt 0.589404 0.440262
vt 0.583118 0.431787
vt 0.594829 0.449313
vt 0.602895 0.468787
vt 0.599340 0.458852
vt 0.605459 0.479023
vt 0.607007 0.489461
vt 0.614321 0.511260
vt 0.614874 0.500000
vt 0.612666 0.522411
vt 0.606130 0.543960
vt 0.609927 0.533346
vt 0.601310 0.554151
vt 0.595514 0.563820
vt 0.581228 0.581228
vt 0.588799 0.572875
vt 0.572875 0.588799
vt 0.563820 0.595514
vt 0.554151 0.601310
vt 0.543960 0.606130
vt 0.533346 0.609927
vt 0.511260 0.614321
vt 0.522411 0.612667
vt 0.488740 0.614321
vt 0.500000 0.614874
vt 0.477589 0.612667
vt 0.466654 0.609927
vt 0.456040 0.606130
vt 0.445849 0.601310
vt 0.436179 0.595514
vt 0.418772 0.581228
vt 0.427125 0.588799
vt 0.411201 0.572875
vt 0.404486 0.563820
vt 0.398690 0.554151
vt 0.393870 0.543960
vt 0.390073 0.533346
vt 0.385679 0.511260
vt 0.387333 0.522411
vt 0.385679 0.488740
vt 0.385126 0.500000
vt 0.387333 0.477589
vt 0.393870 0.456040
vt 0.390073 0.466654
vt 0.398690 0.445849
vt 0.404486 0.436179
vt 0.418772 0.418772
vt 0.411201 0.427125
vt 0.427125 0.411201
vt 0.436179 0.404486
vt 0.445849 0.398690
vt 0.456040 0.393870
vt 0.466654 0.390073
vt 0.488740 0.385679
vt 0.477589 0.387333
vt 0.511260 0.385679
vt 0.500000 0.385126
vt 0.522411 0.387333
vt 0.543960 0.393870
vt 0.533346 0.390073
vt 0.554151 0.398690
vt 0.563820 0.404486
vt 0.581228 0.418772
vt 0.572875 0.411201
vt 0.595514 0.436179
vt 0.588799 0.427125
vt 0.601310 0.445849
vt 0.609927 0.466654
vt 0.606130 0.456040
vt 0.614321 0.488740
vt 0.612666 0.477589
vt 0.622556 0.512071
vt 0.623149 0.500000
vt 0.620782 0.524025
vt 0.617846 0.535748
vt 0.613774 0.547127
vt 0.608607 0.558052
vt 0.602394 0.568418
vt 0.595195 0.578125
vt 0.587079 0.587079
vt 0.578125 0.595195
vt 0.568418 0.602394
vt 0.547127 0.613774
vt 0.558052 0.608607
vt 0.535748 0.617846
vt 0.512071 0.622556
vt 0.524025 0.620782
vt 0.487929 0.622556
vt 0.500000 0.623149
vt 0.475975 0.620782
vt 0.464252 0.617846
vt 0.452873 0.613774
vt 0.441948 0.608607
vt 0.431582 0.602394
vt 0.421875 0.595195
vt 0.412921 0.587079
vt 0.404805 0.578125
vt 0.397606 0.568418
vt 0.391392 0.558052
vt 0.382154 0.535748
vt 0.386225 0.547127
vt 0.377444 0.512071
vt 0.379218 0.524025
vt 0.377444 0.487929
vt 0.376851 0.500000
vt 0.379218 0.475975
vt 0.386225 0.452873
vt 0.382154 0.464252
vt 0.391392 0.441948
vt 0.397606 0.431582
vt 0.404805 0.421875
vt 0.412921 0.412921
vt 0.431582 0.397606
vt 0.421875 0.404805
vt 0.441948 0.391393
vt 0.464252 0.382154
vt 0.452873 0.386225
vt 0.487929 0.377444
vt 0.475975 0.379218
vt 0.512071 0.377444
vt 0.500000 0.376851
vt 0.524025 0.379218
vt 0.547127 0.386225
vt 0.535748 0.382154
vt 0.558052 0.391392
vt 0.568418 0.397606
vt 0.587079 0.412921
vt 0.578125 0.404805
vt 0.595195 0.421875
vt 0.608607 0.441948
vt 0.602394 0.431582
vt 0.617846 0.464252
vt 0.613774 0.452873
vt 0.622556 0.487929
vt 0.620782 0.475975
vt 0.631692 0.512971
vt 0.632330 0.500000
vt 0.629787 0.525816
vt 0.622256 0.550640
vt 0.626631 0.538413
vt 0.616704 0.562380
vt 0.610028 0.573518
vt 0.593571 0.593571
vt 0.602292 0.583949
vt 0.583949 0.602292
vt 0.562380 0.616704
vt 0.573518 0.610028
vt 0.550640 0.622257
vt 0.538413 0.626631
vt 0.512971 0.631692
vt 0.525816 0.629787
vt 0.487029 0.631692
vt 0.500000 0.632330
vt 0.474184 0.629787
vt 0.449360 0.622257
vt 0.461587 0.626631
vt 0.437620 0.616704
vt 0.426482 0.610028
vt 0.406429 0.593571
vt 0.416051 0.602292
vt 0.397708 0.583949
vt 0.389972 0.573518
vt 0.383296 0.562380
vt 0.373368 0.538413
vt 0.377743 0.550640
vt 0.368308 0.512971
vt 0.370213 0.525816
vt 0.368308 0.487029
vt 0.367670 0.500000
vt 0.370213 0.474184
vt 0.377743 0.449360
vt 0.373368 0.461587
vt 0.383296 0.437620
vt 0.389972 0.426482
vt 0.406429 0.406429
vt 0.397708 0.416051
vt 0.416051 0.397708
vt 0.426482 0.389972
vt 0.437620 0.383296
vt 0.461587 0.373368
vt 0.449360 0.377743
vt 0.487029 0.368308
vt 0.474184 0.370213
vt 0.512971 0.368308
vt 0.500000 0.367670
vt 0.525816 0.370213
vt 0.538413 0.373368
vt 0.550640 0.377743
vt 0.573518 0.389972
vt 0.562380 0.383296
vt 0.593571 0.406429
vt 0.583949 0.397708
vt 0.602292 0.416051
vt 0.616704 0.437620
vt 0.610028 0.426482
vt 0.626631 0.461587
vt 0.622256 0.449360
vt 0.631692 0.487029
vt 0.629787 0.474184
vt 0.642394 0.500000
vt 0.639658 0.527780
vt 0.641709 0.513957
vt 0.631555 0.554492
vt 0.636263 0.541335
vt 0.625581 0.567124
vt 0.618397 0.579110
vt 0.600688 0.600688
vt 0.610072 0.590334
vt 0.590334 0.610072
vt 0.567124 0.625581
vt 0.579110 0.618397
vt 0.554492 0.631555
vt 0.541335 0.636263
vt 0.513957 0.641709
vt 0.527780 0.639658
vt 0.500000 0.642394
vt 0.486043 0.641709
vt 0.472220 0.639658
vt 0.458665 0.636263
vt 0.445508 0.631555
vt 0.420890 0.618397
vt 0.432876 0.625581
vt 0.399312 0.600688
vt 0.409666 0.610072
vt 0.389928 0.590334
vt 0.381603 0.579110
vt 0.374419 0.567124
vt 0.363737 0.541335
vt 0.368445 0.554492
vt 0.358291 0.513957
vt 0.360342 0.527780
vt 0.357606 0.500000
vt 0.360342 0.472220
vt 0.358291 0.486043
vt 0.368445 0.445508
vt 0.363737 0.458665
vt 0.381603 0.420890
vt 0.374419 0.432876
vt 0.389928 0.409666
vt 0.399312 0.399312
vt 0.409666 0.389928
vt 0.432876 0.374419
vt 0.420890 0.381603
vt 0.445508 0.368445
vt 0.458665 0.363737
vt 0.486043 0.358291
vt 0.472220 0.360342
vt 0.500000 0.357606
vt 0.527780 0.360342
vt 0.513957 0.358291
vt 0.554492 0.368445
vt 0.541335 0.363737
vt 0.579110 0.381603
vt 0.567124 0.374419
vt 0.600688 0.399312
vt 0.590334 0.389928
vt 0.610072 0.409666
vt 0.625581 0.432876
vt 0.618397 0.420890
vt 0.636263 0.458665
vt 0.631555 0.445508
vt 0.641709 0.486043
vt 0.639658 0.472220
vt 0.652581 0.515028
vt 0.653319 0.500000
vt 0.650373 0.529911
vt 0.641648 0.558672
vt 0.646717 0.544506
vt 0.635215 0.572274
vt 0.627480 0.585179
vt 0.608413 0.608413
vt 0.618517 0.597264
vt 0.597264 0.618517
vt 0.572274 0.635215
vt 0.585179 0.627480
vt 0.558673 0.641648
vt 0.544506 0.646717
vt 0.515028 0.652581
vt 0.529911 0.650373
vt 0.500000 0.653319
vt 0.470089 0.650373
vt 0.484972 0.652581
vt 0.455494 0.646717
vt 0.427726 0.635215
vt 0.441327 0.641648
vt 0.414820 0.627480
vt 0.391587 0.608413
vt 0.402735 0.618517
vt 0.381483 0.597264
vt 0.364785 0.572274
vt 0.372520 0.585179
vt 0.353283 0.544506
vt 0.358352 0.558672
vt 0.347419 0.515028
vt 0.349627 0.529911
vt 0.347419 0.484972
vt 0.346681 0.500000
vt 0.349627 0.470089
vt 0.358352 0.441327
vt 0.353283 0.455494
vt 0.372520 0.414821
vt 0.364785 0.427726
vt 0.391587 0.391587
vt 0.381483 0.402735
vt 0.402735 0.381483
vt 0.414821 0.372520
vt 0.427726 0.364785
vt 0.455494 0.353283
vt 0.441327 0.358352
vt 0.484972 0.347419
vt 0.470089 0.349627
vt 0.500000 0.346681
vt 0.529911 0.349627
vt 0.515028 0.347419
vt 0.558673 0.358352
vt 0.544506 0.353283
vt 0.572274 0.364785
vt 0.585179 0.372520
vt 0.597264 0.381483
vt 0.608413 0.391587
vt 0.618517 0.402735
vt 0.635215 0.427726
vt 0.627480 0.414821
vt 0.646717 0.455494
vt 0.641648 0.441327
vt 0.650373 0.470089
vt 0.652581 0.484972
vt 0.664282 0.516180
vt 0.665077 0.500000
vt 0.661905 0.532205
vt 0.652511 0.563172
vt 0.657969 0.547919
vt 0.645585 0.577817
vt 0.637256 0.591712
vt 0.616727 0.616727
vt 0.627606 0.604723
vt 0.604723 0.627606
vt 0.577817 0.645585
vt 0.591712 0.637256
vt 0.563172 0.652511
vt 0.547919 0.657969
vt 0.516180 0.664282
vt 0.532205 0.661905
vt 0.500000 0.665077
vt 0.467795 0.661905
vt 0.483820 0.664282
vt 0.452081 0.657969
vt 0.422183 0.645585
vt 0.436828 0.652511
vt 0.408288 0.637256
vt 0.383273 0.616727
vt 0.395276 0.627606
vt 0.362744 0.591712
vt 0.372394 0.604723
vt 0.347489 0.563172
vt 0.354415 0.577817
vt 0.342031 0.547919
vt 0.335718 0.516180
vt 0.338095 0.532205
vt 0.334923 0.500000
vt 0.338095 0.467795
vt 0.335718 0.483820
vt 0.347489 0.436828
vt 0.342031 0.452081
vt 0.354415 0.422183
vt 0.362744 0.408288
vt 0.383273 0.383273
vt 0.372394 0.395276
vt 0.395276 0.372394
vt 0.408288 0.362744
vt 0.422183 0.354415
vt 0.452081 0.342031
vt 0.436828 0.347489
vt 0.483820 0.335718
vt 0.467795 0.338095
vt 0.500000 0.334923
vt 0.532205 0.338095
vt 0.516180 0.335718
vt 0.563172 0.347489
vt 0.547919 0.342031
vt 0.591712 0.362744
vt 0.577817 0.354415
vt 0.616727 0.383273
vt 0.604723 0.372394
vt 0.627606 0.395276
vt 0.645585 0.422183
vt 0.637256 0.408288
vt 0.657969 0.452081
vt 0.652511 0.436828
vt 0.661905 0.467795
vt 0.664282 0.483820
vt 0.677639 0.500000
vt 0.674226 0.534656
vt 0.676784 0.517412
vt 0.664118 0.567980
vt 0.669990 0.551566
vt 0.656664 0.583739
vt 0.647702 0.598691
vt 0.637317 0.612693
vt 0.612693 0.637317
vt 0.625610 0.625610
vt 0.583739 0.656664
vt 0.598691 0.647702
vt 0.567980 0.664118
vt 0.551566 0.669990
vt 0.534656 0.674226
vt 0.500000 0.677639
vt 0.517412 0.676784
vt 0.465344 0.674226
vt 0.482588 0.676784
vt 0.448434 0.669990
vt 0.416261 0.656664
vt 0.432020 0.664118
vt 0.401309 0.647702
vt 0.374390 0.625610
vt 0.387307 0.637317
vt 0.362683 0.612693
vt 0.352298 0.598691
vt 0.335882 0.567980
vt 0.343336 0.583739
vt 0.330010 0.551566
vt 0.323216 0.517412
vt 0.325774 0.534656
vt 0.322360 0.500000
vt 0.323216 0.482588
vt 0.325774 0.465344
vt 0.335882 0.432020
vt 0.330010 0.448434
vt 0.343336 0.416261
vt 0.352298 0.401309
vt 0.374390 0.374390
vt 0.362683 0.387307
vt 0.387307 0.362683
vt 0.401309 0.352298
vt 0.416261 0.343336
vt 0.432020 0.335882
vt 0.448434 0.330010
vt 0.465344 0.325774
vt 0.482588 0.323216
vt 0.500000 0.322360
vt 0.534656 0.325774
vt 0.517412 0.323216
vt 0.567980 0.335882
vt 0.551566 0.330010
vt 0.598691 0.352298
vt 0.583739 0.343336
vt 0.612693 0.362683
vt 0.625610 0.374390
vt 0.637317 0.387307
vt 0.656664 0.416261
vt 0.647702 0.401309
vt 0.669990 0.448434
vt 0.664118 0.432020
vt 0.676784 0.482588
vt 0.674226 0.465344
vt 0.690058 0.518719
vt 0.690977 0.500000
vt 0.687308 0.537258
vt 0.676440 0.573084
vt 0.682754 0.555438
vt 0.668427 0.590026
vt 0.658792 0.606101
vt 0.635041 0.635041
vt 0.647627 0.621154
vt 0.621155 0.647627
vt 0.590026 0.668427
vt 0.606101 0.658792
vt 0.573084 0.676440
vt 0.555438 0.682754
vt 0.537258 0.687308
vt 0.500000 0.690977
vt 0.518719 0.690057
vt 0.481281 0.690057
vt 0.462742 0.687308
vt 0.444562 0.682754
vt 0.409974 0.668427
vt 0.426916 0.676440
vt 0.393899 0.658792
vt 0.364959 0.635041
vt 0.378845 0.647627
vt 0.352373 0.621155
vt 0.341208 0.606101
vt 0.323560 0.573084
vt 0.331573 0.590026
vt 0.317246 0.555438
vt 0.312692 0.537258
vt 0.309023 0.500000
vt 0.309942 0.518719
vt 0.309942 0.481281
vt 0.312692 0.462742
vt 0.323560 0.426916
vt 0.317246 0.444562
vt 0.331573 0.409974
vt 0.341208 0.393899
vt 0.364959 0.364959
vt 0.352373 0.378845
vt 0.378845 0.352373
vt 0.393899 0.341208
vt 0.426916 0.323560
vt 0.409974 0.331573
vt 0.444562 0.317246
vt 0.462742 0.312693
vt 0.500000 0.309023
vt 0.481281 0.309942
vt 0.518719 0.309942
vt 0.555438 0.317246
vt 0.537258 0.312693
vt 0.573084 0.323560
vt 0.606101 0.341208
vt 0.590026 0.331573
vt 0.635041 0.364959
vt 0.621155 0.352373
vt 0.647627 0.378845
vt 0.668427 0.409974
vt 0.658792 0.393899
vt 0.676440 0.426916
vt 0.682754 0.444562
vt 0.687308 0.462742
vt 0.690058 0.481281
vt 0.705057 0.500000
vt 0.704070 0.520099
vt 0.701117 0.540005
vt 0.696227 0.559525
vt 0.689448 0.578472
vt 0.670499 0.613924
vt 0.680844 0.596663
vt 0.644997 0.644997
vt 0.658511 0.630087
vt 0.630087 0.658511
vt 0.596663 0.680844
vt 0.613924 0.670499
vt 0.578472 0.689448
vt 0.559525 0.696227
vt 0.540005 0.701117
vt 0.500000 0.705057
vt 0.520099 0.704070
vt 0.479901 0.704070
vt 0.440475 0.696227
vt 0.459995 0.701117
vt 0.421528 0.689448
vt 0.386076 0.670499
vt 0.403337 0.680844
vt 0.355003 0.644997
vt 0.369913 0.658511
vt 0.329501 0.613924
vt 0.341489 0.630087
vt 0.310552 0.578472
vt 0.319156 0.596663
vt 0.298883 0.540005
vt 0.303772 0.559525
vt 0.295930 0.520099
vt 0.294943 0.500000
vt 0.295930 0.479901
vt 0.303772 0.440475
vt 0.298883 0.459995
vt 0.310552 0.421528
vt 0.329501 0.386076
vt 0.319156 0.403337
vt 0.355003 0.355003
vt 0.341489 0.369913
vt 0.369913 0.341489
vt 0.386076 0.329501
vt 0.421528 0.310552
vt 0.403337 0.319156
vt 0.440475 0.303772
vt 0.459995 0.298883
vt 0.479901 0.295930
vt 0.500000 0.294943
vt 0.520099 0.295930
vt 0.540005 0.298883
vt 0.578472 0.310552
vt 0.559525 0.303772
vt 0.613924 0.329501
vt 0.596663 0.319156
vt 0.644997 0.355003
vt 0.630087 0.341489
vt 0.658511 0.369913
vt 0.670499 0.386076
vt 0.680844 0.403337
vt 0.696227 0.440475
vt 0.689448 0.421528
vt 0.701117 0.459995
vt 0.704070 0.479901
vt 0.718788 0.521549
vt 0.719846 0.500000
vt 0.715622 0.542890
vt 0.710380 0.563818
vt 0.693887 0.603635
vt 0.703111 0.584131
vt 0.682795 0.622140
vt 0.655455 0.655455
vt 0.669943 0.639469
vt 0.639469 0.669943
vt 0.622140 0.682795
vt 0.603635 0.693887
vt 0.584132 0.703111
vt 0.563818 0.710380
vt 0.542890 0.715622
vt 0.521549 0.718787
vt 0.500000 0.719846
vt 0.457110 0.715622
vt 0.478451 0.718787
vt 0.436182 0.710380
vt 0.415868 0.703111
vt 0.377860 0.682795
vt 0.396365 0.693887
vt 0.344545 0.655455
vt 0.360531 0.669943
vt 0.330057 0.639469
vt 0.317205 0.622140
vt 0.306113 0.603635
vt 0.296889 0.584131
vt 0.289620 0.563818
vt 0.284378 0.542890
vt 0.281212 0.521549
vt 0.281212 0.478451
vt 0.280154 0.500000
vt 0.284378 0.457110
vt 0.296889 0.415869
vt 0.289620 0.436182
vt 0.317205 0.377860
vt 0.306113 0.396365
vt 0.330057 0.360531
vt 0.344545 0.344545
vt 0.360531 0.330057
vt 0.377860 0.317205
vt 0.396365 0.306113
vt 0.436182 0.289620
vt 0.415869 0.296889
vt 0.457110 0.284378
vt 0.478451 0.281212
vt 0.500000 0.280154
vt 0.542890 0.284378
vt 0.521549 0.281212
vt 0.563818 0.289620
vt 0.584132 0.296889
vt 0.622140 0.317205
vt 0.603635 0.306113
vt 0.639469 0.330057
vt 0.655455 0.344545
vt 0.669943 0.360531
vt 0.693887 0.396365
vt 0.682795 0.377860
vt 0.703111 0.415869
vt 0.710380 0.436182
vt 0.718788 0.478451
vt 0.715622 0.457110
vt 0.734175 0.523064
vt 0.735308 0.500000
vt 0.730787 0.545906
vt 0.725176 0.568306
vt 0.717396 0.590048
vt 0.707523 0.610923
vt 0.695651 0.630730
vt 0.666388 0.666388
vt 0.681896 0.649278
vt 0.649278 0.681896
vt 0.610923 0.707523
vt 0.630730 0.695652
vt 0.590048 0.717396
vt 0.568306 0.725176
vt 0.523064 0.734175
vt 0.545906 0.730787
vt 0.476936 0.734175
vt 0.500000 0.735308
vt 0.454094 0.730787
vt 0.431694 0.725176
vt 0.409951 0.717396
vt 0.389077 0.707523
vt 0.369270 0.695651
vt 0.333612 0.666388
vt 0.350722 0.681896
vt 0.318104 0.649278
vt 0.304348 0.630730
vt 0.292477 0.610923
vt 0.282604 0.590048
vt 0.274824 0.568306
vt 0.265825 0.523064
vt 0.269213 0.545906
vt 0.264692 0.500000
vt 0.269213 0.454094
vt 0.265825 0.476936
vt 0.274824 0.431694
vt 0.282604 0.409952
vt 0.292477 0.389077
vt 0.304348 0.369270
vt 0.333612 0.333612
vt 0.318104 0.350722
vt 0.350722 0.318104
vt 0.369270 0.304348
vt 0.409952 0.282604
vt 0.389077 0.292477
vt 0.454094 0.269213
vt 0.431694 0.274824
vt 0.476936 0.265825
vt 0.500000 0.264692
vt 0.545906 0.269213
vt 0.523064 0.265825
vt 0.568306 0.274824
vt 0.610923 0.292477
vt 0.590048 0.282604
vt 0.630730 0.304349
vt 0.666388 0.333612
vt 0.649278 0.318104
vt 0.681896 0.350722
vt 0.707523 0.389077
vt 0.695651 0.369270
vt 0.725176 0.431694
vt 0.717396 0.409951
vt 0.734175 0.476936
vt 0.730787 0.454094
vt 0.750195 0.524642
vt 0.751406 0.500000
vt 0.746575 0.549047
vt 0.740580 0.572979
vt 0.721720 0.618512
vt 0.732269 0.596209
vt 0.709036 0.639674
vt 0.677771 0.677771
vt 0.694339 0.659490
vt 0.659490 0.694339
vt 0.618512 0.721720
vt 0.639674 0.709036
vt 0.596209 0.732269
vt 0.549047 0.746575
vt 0.572979 0.740580
vt 0.524642 0.750195
vt 0.475358 0.750195
vt 0.500000 0.751406
vt 0.450953 0.746575
vt 0.427021 0.740580
vt 0.381488 0.721720
vt 0.403791 0.732269
vt 0.360326 0.709036
vt 0.322229 0.677771
vt 0.340510 0.694339
vt 0.290964 0.639674
vt 0.305661 0.659490
vt 0.278280 0.618512
vt 0.267731 0.596209
vt 0.253425 0.549047
vt 0.259420 0.572979
vt 0.249805 0.524642
vt 0.249805 0.475358
vt 0.248594 0.500000
vt 0.259420 0.427021
vt 0.253425 0.450953
vt 0.278280 0.381488
vt 0.267731 0.403791
vt 0.290964 0.360326
vt 0.305661 0.340510
vt 0.322229 0.322229
vt 0.360326 0.290964
vt 0.340510 0.305661
vt 0.381488 0.278280
vt 0.403791 0.267731
vt 0.450953 0.253425
vt 0.427021 0.259420
vt 0.475358 0.249805
vt 0.524642 0.249805
vt 0.500000 0.248594
vt 0.549047 0.253425
vt 0.572979 0.259420
vt 0.618512 0.278280
vt 0.596209 0.267731
vt 0.639674 0.290964
vt 0.677771 0.322229
vt 0.659490 0.305661
vt 0.709036 0.360326
vt 0.694339 0.340510
vt 0.721720 0.381488
vt 0.732269 0.403791
vt 0.740580 0.427021
vt 0.746575 0.450953
vt 0.750195 0.475358
vt 0.766810 0.526278
vt 0.768101 0.500000
vt 0.762949 0.552304
vt 0.756556 0.577825
vt 0.736444 0.626382
vt 0.747693 0.602598
vt 0.707245 0.670081
vt 0.722918 0.648949
vt 0.689576 0.689576
vt 0.670081 0.707245
vt 0.626382 0.736444
vt 0.648949 0.722917
vt 0.602598 0.747693
vt 0.552304 0.762949
vt 0.577826 0.756556
vt 0.526278 0.766810
vt 0.473721 0.766810
vt 0.500000 0.768101
vt 0.447696 0.762949
vt 0.422174 0.756556
vt 0.373618 0.736444
vt 0.397402 0.747693
vt 0.329919 0.707245
vt 0.351051 0.722917
vt 0.310424 0.689576
vt 0.292755 0.670081
vt 0.277082 0.648949
vt 0.252307 0.602598
vt 0.263556 0.626382
vt 0.237051 0.552304
vt 0.243444 0.577826
vt 0.233190 0.526278
vt 0.233190 0.473721
vt 0.231899 0.500000
vt 0.237051 0.447696
vt 0.243444 0.422174
vt 0.252307 0.397402
vt 0.263556 0.373618
vt 0.277082 0.351051
vt 0.310424 0.310424
vt 0.292755 0.329919
vt 0.329919 0.292755
vt 0.373618 0.263556
vt 0.351051 0.277082
vt 0.397402 0.252307
vt 0.447696 0.237051
vt 0.422174 0.243444
vt 0.473722 0.233190
vt 0.526278 0.233190
vt 0.500000 0.231899
vt 0.577826 0.243444
vt 0.552304 0.237051
vt 0.602598 0.252307
vt 0.648949 0.277082
vt 0.626382 0.263556
vt 0.689576 0.310424
vt 0.670081 0.292755
vt 0.707245 0.329919
vt 0.722917 0.351051
vt 0.736444 0.373618
vt 0.747693 0.397402
vt 0.756556 0.422174
vt 0.766810 0.473722
vt 0.762949 0.447696
vt 0.783978 0.527969
vt 0.785352 0.500000
vt 0.779869 0.555669
vt 0.773065 0.582833
vt 0.751658 0.634514
vt 0.763631 0.609200
vt 0.737262 0.658533
vt 0.701775 0.701774
vt 0.720580 0.681026
vt 0.681026 0.720580
vt 0.658533 0.737262
vt 0.634514 0.751658
vt 0.609200 0.763631
vt 0.582833 0.773065
vt 0.527969 0.783978
vt 0.555669 0.779869
vt 0.472031 0.783978
vt 0.500000 0.785352
vt 0.444330 0.779869
vt 0.417167 0.773065
vt 0.365486 0.751658
vt 0.390800 0.763631
vt 0.341467 0.737262
vt 0.318974 0.720580
vt 0.279420 0.681026
vt 0.298225 0.701775
vt 0.262738 0.658533
vt 0.248342 0.634514
vt 0.236369 0.609199
vt 0.226935 0.582833
vt 0.216022 0.527969
vt 0.220131 0.555669
vt 0.216022 0.472030
vt 0.214648 0.500000
vt 0.220131 0.444330
vt 0.226935 0.417167
vt 0.248342 0.365486
vt 0.236369 0.390800
vt 0.262738 0.341467
vt 0.298225 0.298225
vt 0.279420 0.318974
vt 0.318974 0.279420
vt 0.365486 0.248342
vt 0.341467 0.262738
vt 0.417167 0.226935
vt 0.390800 0.236369
vt 0.472031 0.216022
vt 0.444330 0.220131
vt 0.527969 0.216022
vt 0.500000 0.214648
vt 0.555669 0.220131
vt 0.582833 0.226935
vt 0.634514 0.248342
vt 0.609200 0.236369
vt 0.658533 0.262738
vt 0.701775 0.298226
vt 0.681026 0.279420
vt 0.737262 0.341467
vt 0.720580 0.318974
vt 0.751658 0.365486
vt 0.773065 0.417167
vt 0.763631 0.390800
vt 0.783978 0.472031
vt 0.779869 0.444331
vt 0.801659 0.529711
vt 0.803119 0.500000
vt 0.797295 0.559136
vt 0.790067 0.587991
vt 0.780046 0.615999
vt 0.752034 0.668404
vt 0.767327 0.642889
vt 0.714338 0.714338
vt 0.734314 0.692297
vt 0.692297 0.734314
vt 0.668404 0.752034
vt 0.615999 0.780046
vt 0.642889 0.767327
vt 0.587991 0.790067
vt 0.529711 0.801659
vt 0.559136 0.797295
vt 0.470289 0.801659
vt 0.500000 0.803119
vt 0.440864 0.797295
vt 0.412009 0.790067
vt 0.384001 0.780046
vt 0.357111 0.767327
vt 0.307703 0.734314
vt 0.331596 0.752034
vt 0.285662 0.714338
vt 0.265686 0.692297
vt 0.247966 0.668404
vt 0.232673 0.642889
vt 0.219954 0.615999
vt 0.209933 0.587991
vt 0.198340 0.529711
vt 0.202705 0.559136
vt 0.198340 0.470289
vt 0.196881 0.500000
vt 0.202705 0.440864
vt 0.209933 0.412009
vt 0.219954 0.384001
vt 0.247966 0.331596
vt 0.232673 0.357111
vt 0.285662 0.285662
vt 0.265686 0.307703
vt 0.307703 0.265686
vt 0.357111 0.232673
vt 0.331596 0.247966
vt 0.384001 0.219954
vt 0.412009 0.209933
vt 0.470289 0.198340
vt 0.440864 0.202705
vt 0.529711 0.198340
vt 0.500000 0.196881
vt 0.559136 0.202705
vt 0.587991 0.209933
vt 0.615999 0.219954
vt 0.668404 0.247966
vt 0.642889 0.232673
vt 0.714338 0.285662
vt 0.692297 0.265686
vt 0.734314 0.307703
vt 0.752034 0.331596
vt 0.767327 0.357111
vt 0.780046 0.384001
vt 0.790067 0.412009
vt 0.801660 0.470289
vt 0.797295 0.440864
vt 0.819811 0.531499
vt 0.821359 0.500000
vt 0.815184 0.562694
vt 0.796897 0.622979
vt 0.807521 0.593285
vt 0.783413 0.651487
vt 0.767200 0.678537
vt 0.727235 0.727235
vt 0.748413 0.703868
vt 0.703868 0.748413
vt 0.678537 0.767200
vt 0.651487 0.783413
vt 0.622979 0.796896
vt 0.593285 0.807521
vt 0.531499 0.819811
vt 0.562694 0.815184
vt 0.468501 0.819811
vt 0.500000 0.821358
vt 0.437306 0.815184
vt 0.406714 0.807521
vt 0.377021 0.796897
vt 0.321463 0.767200
vt 0.348513 0.783413
vt 0.296132 0.748413
vt 0.272765 0.727235
vt 0.232800 0.678537
vt 0.251586 0.703868
vt 0.203103 0.622979
vt 0.216587 0.651487
vt 0.184816 0.562694
vt 0.192479 0.593285
vt 0.180189 0.531499
vt 0.180189 0.468501
vt 0.178641 0.500000
vt 0.184816 0.437306
vt 0.192479 0.406714
vt 0.203103 0.377021
vt 0.216587 0.348513
vt 0.232800 0.321463
vt 0.272765 0.272765
vt 0.251586 0.296132
vt 0.296132 0.251586
vt 0.321463 0.232800
vt 0.348513 0.216587
vt 0.377021 0.203103
vt 0.437306 0.184816
vt 0.406715 0.192479
vt 0.468501 0.180189
vt 0.531499 0.180189
vt 0.500000 0.178641
vt 0.562694 0.184816
vt 0.593286 0.192479
vt 0.622979 0.203103
vt 0.678537 0.232800
vt 0.651487 0.216587
vt 0.703868 0.251586
vt 0.727235 0.272765
vt 0.748413 0.296132
vt 0.783413 0.348513
vt 0.767200 0.321463
vt 0.807521 0.406715
vt 0.796897 0.377021
vt 0.819811 0.468501
vt 0.815184 0.437306
vt 0.838389 0.533328
vt 0.840026 0.500000
vt 0.833493 0.566336
vt 0.825385 0.598704
vt 0.814143 0.630122
vt 0.782722 0.688909
vt 0.799876 0.660287
vt 0.740435 0.740435
vt 0.762844 0.715710
vt 0.715710 0.762844
vt 0.660287 0.799876
vt 0.688908 0.782722
vt 0.630122 0.814143
vt 0.598704 0.825385
vt 0.533328 0.838389
vt 0.566336 0.833493
vt 0.466671 0.838389
vt 0.500000 0.840026
vt 0.433664 0.833493
vt 0.401296 0.825385
vt 0.369878 0.814143
vt 0.339713 0.799876
vt 0.284289 0.762844
vt 0.311091 0.782722
vt 0.259565 0.740435
vt 0.217278 0.688908
vt 0.237156 0.715710
vt 0.200123 0.660287
vt 0.185857 0.630122
vt 0.174615 0.598705
vt 0.161611 0.533328
vt 0.166507 0.566336
vt 0.161611 0.466671
vt 0.159974 0.500000
vt 0.174615 0.401295
vt 0.166507 0.433664
vt 0.185857 0.369878
vt 0.200123 0.339713
vt 0.237156 0.284290
vt 0.217278 0.311091
vt 0.259565 0.259565
vt 0.311091 0.217278
vt 0.284289 0.237156
vt 0.339713 0.200124
vt 0.401296 0.174615
vt 0.369878 0.185857
vt 0.433664 0.166507
vt 0.466672 0.161611
vt 0.533328 0.161611
vt 0.500000 0.159974
vt 0.566336 0.166507
vt 0.598704 0.174615
vt 0.630122 0.185857
vt 0.688909 0.217278
vt 0.660287 0.200124
vt 0.740435 0.259565
vt 0.715710 0.237156
vt 0.762844 0.284290
vt 0.799876 0.339713
vt 0.782722 0.311091
vt 0.814143 0.369878
vt 0.825385 0.401296
vt 0.838389 0.466672
vt 0.833493 0.433664
vt 0.857349 0.535196
vt 0.859078 0.500000
vt 0.852178 0.570053
vt 0.843616 0.604235
vt 0.816678 0.669268
vt 0.831745 0.637413
vt 0.798562 0.699493
vt 0.753906 0.753906
vt 0.777571 0.727797
vt 0.727796 0.777571
vt 0.669268 0.816678
vt 0.699493 0.798562
vt 0.637413 0.831745
vt 0.570053 0.852178
vt 0.604235 0.843616
vt 0.535196 0.857349
vt 0.464804 0.857349
vt 0.500000 0.859078
vt 0.429947 0.852178
vt 0.395765 0.843616
vt 0.330732 0.816678
vt 0.362587 0.831745
vt 0.300507 0.798562
vt 0.246094 0.753906
vt 0.272203 0.777571
vt 0.201438 0.699493
vt 0.222429 0.727796
vt 0.183322 0.669268
vt 0.168255 0.637413
vt 0.156384 0.604235
vt 0.142651 0.535196
vt 0.147822 0.570053
vt 0.142651 0.464804
vt 0.140922 0.500000
vt 0.147822 0.429947
vt 0.156384 0.395765
vt 0.168255 0.362587
vt 0.183322 0.330732
vt 0.201438 0.300507
vt 0.246094 0.246094
vt 0.222429 0.272203
vt 0.272203 0.222429
vt 0.330732 0.183322
vt 0.300507 0.201438
vt 0.395765 0.156384
vt 0.362587 0.168255
vt 0.464804 0.142651
vt 0.429947 0.147822
vt 0.500000 0.140922
vt 0.570053 0.147822
vt 0.535196 0.142651
vt 0.604235 0.156384
vt 0.637413 0.168255
vt 0.699493 0.201438
vt 0.669268 0.183322
vt 0.753906 0.246094
vt 0.727797 0.222429
vt 0.777571 0.272204
vt 0.816678 0.330732
vt 0.798562 0.300507
vt 0.843616 0.395765
vt 0.831745 0.362587
vt 0.852178 0.429947
vt 0.857349 0.464804
vt 0.878467 0.500000
vt 0.871195 0.573835
vt 0.876644 0.537096
vt 0.862170 0.609863
vt 0.833778 0.678408
vt 0.849658 0.644833
vt 0.814684 0.710265
vt 0.767616 0.767616
vt 0.792559 0.740097
vt 0.740097 0.792559
vt 0.678408 0.833778
vt 0.710265 0.814684
vt 0.644833 0.849658
vt 0.609863 0.862170
vt 0.537096 0.876644
vt 0.573835 0.871195
vt 0.500000 0.878467
vt 0.426165 0.871195
vt 0.462904 0.876644
vt 0.390137 0.862170
vt 0.321592 0.833778
vt 0.355167 0.849658
vt 0.289735 0.814684
vt 0.232383 0.767616
vt 0.259903 0.792559
vt 0.185316 0.710265
vt 0.207441 0.740097
vt 0.150342 0.644833
vt 0.166222 0.678408
vt 0.128805 0.573835
vt 0.137830 0.609863
vt 0.123356 0.537096
vt 0.121533 0.500000
vt 0.128805 0.426165
vt 0.123356 0.462904
vt 0.137830 0.390137
vt 0.150342 0.355167
vt 0.166222 0.321592
vt 0.185316 0.289735
vt 0.207441 0.259903
vt 0.232384 0.232383
vt 0.289735 0.185316
vt 0.259903 0.207441
vt 0.321592 0.166222
vt 0.355167 0.150342
vt 0.390137 0.137830
vt 0.426165 0.128805
vt 0.462904 0.123356
vt 0.500000 0.121533
vt 0.573835 0.128805
vt 0.537096 0.123356
vt 0.609863 0.137830
vt 0.678408 0.166222
vt 0.644833 0.150342
vt 0.710265 0.185316
vt 0.767617 0.232384
vt 0.740097 0.207441
vt 0.814684 0.289735
vt 0.792559 0.259903
vt 0.833778 0.321592
vt 0.862170 0.390137
vt 0.849658 0.355167
vt 0.871195 0.426165
vt 0.876644 0.462904
vt 0.896230 0.539025
vt 0.898147 0.500000
vt 0.890496 0.577675
vt 0.881003 0.615576
vt 0.851134 0.687685
vt 0.867840 0.652364
vt 0.831047 0.721198
vt 0.781532 0.781532
vt 0.807772 0.752582
vt 0.752582 0.807772
vt 0.721198 0.831047
vt 0.687685 0.851134
vt 0.652364 0.867840
vt 0.615576 0.881003
vt 0.539025 0.896230
vt 0.577675 0.890496
vt 0.460975 0.896230
vt 0.500000 0.898147
vt 0.422325 0.890496
vt 0.384424 0.881003
vt 0.347636 0.867840
vt 0.278801 0.831047
vt 0.312315 0.851134
vt 0.218468 0.781532
vt 0.247418 0.807772
vt 0.168953 0.721198
vt 0.192228 0.752582
vt 0.132160 0.652364
vt 0.148866 0.687685
vt 0.109503 0.577675
vt 0.118997 0.615576
vt 0.103770 0.539025
vt 0.101853 0.500000
vt 0.103770 0.460975
vt 0.109503 0.422325
vt 0.118997 0.384424
vt 0.148866 0.312315
vt 0.132160 0.347636
vt 0.168953 0.278801
vt 0.218468 0.218468
vt 0.192228 0.247418
vt 0.278802 0.168953
vt 0.247418 0.192228
vt 0.312315 0.148866
vt 0.347636 0.132160
vt 0.422325 0.109503
vt 0.384424 0.118997
vt 0.460975 0.103770
vt 0.500000 0.101853
vt 0.577675 0.109503
vt 0.539025 0.103770
vt 0.615576 0.118997
vt 0.652364 0.132160
vt 0.721199 0.168953
vt 0.687685 0.148866
vt 0.752582 0.192228
vt 0.781532 0.218468
vt 0.807772 0.247418
vt 0.831047 0.278801
vt 0.851134 0.312315
vt 0.867840 0.347636
vt 0.881003 0.384424
vt 0.896230 0.460975
vt 0.890496 0.422325
vt 0.916057 0.540978
vt 0.918070 0.500000
vt 0.910037 0.581562
vt 0.900068 0.621359
vt 0.868705 0.697077
vt 0.886247 0.659989
vt 0.847613 0.732267
vt 0.795620 0.795620
vt 0.823173 0.765221
vt 0.732267 0.847613
vt 0.765221 0.823173
vt 0.659989 0.886247
vt 0.697077 0.868705
vt 0.621359 0.900068
vt 0.540978 0.916057
vt 0.581561 0.910037
vt 0.459022 0.916057
vt 0.500000 0.918070
vt 0.418438 0.910037
vt 0.378641 0.900068
vt 0.302923 0.868705
vt 0.340011 0.886247
vt 0.267733 0.847613
vt 0.204380 0.795620
vt 0.234779 0.823173
vt 0.152387 0.732267
vt 0.176827 0.765221
vt 0.131295 0.697077
vt 0.113753 0.659989
vt 0.089963 0.581562
vt 0.099932 0.621359
vt 0.083943 0.540978
vt 0.083943 0.459022
vt 0.081930 0.500000
vt 0.089963 0.418438
vt 0.099932 0.378641
vt 0.113753 0.340011
vt 0.152387 0.267733
vt 0.131295 0.302923
vt 0.204380 0.204380
vt 0.176827 0.234779
vt 0.234779 0.176827
vt 0.267733 0.152387
vt 0.302923 0.131295
vt 0.378641 0.099932
vt 0.340012 0.113753
vt 0.459022 0.083943
vt 0.418438 0.089963
vt 0.500000 0.081930
vt 0.581562 0.089963
vt 0.540978 0.083943
vt 0.621360 0.099932
vt 0.659989 0.113753
vt 0.732267 0.152387
vt 0.697077 0.131295
vt 0.795620 0.204380
vt 0.765221 0.176827
vt 0.847613 0.267733
vt 0.823173 0.234779
vt 0.868705 0.302923
vt 0.900068 0.378641
vt 0.886247 0.340011
vt 0.910037 0.418439
vt 0.916057 0.459022
vt 0.936079 0.542950
vt 0.938189 0.500000
vt 0.929770 0.585486
vt 0.919321 0.627200
vt 0.904834 0.667688
vt 0.886449 0.706561
vt 0.864341 0.743445
vt 0.809847 0.809847
vt 0.838725 0.777984
vt 0.743445 0.864341
vt 0.777984 0.838725
vt 0.706561 0.886449
vt 0.667688 0.904834
vt 0.585486 0.929770
vt 0.627200 0.919321
vt 0.500000 0.938189
vt 0.542950 0.936079
vt 0.414513 0.929770
vt 0.457050 0.936079
vt 0.372800 0.919321
vt 0.332312 0.904834
vt 0.256555 0.864341
vt 0.293439 0.886448
vt 0.190153 0.809847
vt 0.222016 0.838725
vt 0.135659 0.743445
vt 0.161275 0.777984
vt 0.095166 0.667688
vt 0.113551 0.706561
vt 0.070230 0.585486
vt 0.080679 0.627200
vt 0.063921 0.542950
vt 0.061811 0.500000
vt 0.070230 0.414513
vt 0.063921 0.457050
vt 0.080679 0.372800
vt 0.095166 0.332312
vt 0.135659 0.256555
vt 0.113552 0.293439
vt 0.190153 0.190153
vt 0.161275 0.222016
vt 0.256555 0.135659
vt 0.222016 0.161275
vt 0.293439 0.113551
vt 0.332312 0.095166
vt 0.372800 0.080679
vt 0.414513 0.070230
vt 0.457050 0.063921
vt 0.500000 0.061811
vt 0.585487 0.070230
vt 0.542950 0.063921
vt 0.627200 0.080679
vt 0.667688 0.095166
vt 0.743445 0.135659
vt 0.706561 0.113551
vt 0.809847 0.190153
vt 0.777984 0.161275
vt 0.864341 0.256555
vt 0.838725 0.222016
vt 0.886449 0.293439
vt 0.904834 0.332312
vt 0.929770 0.414513
vt 0.919321 0.372800
vt 0.936079 0.457050
vt 0.958455 0.500000
vt 0.949646 0.589440
vt 0.956248 0.544936
vt 0.938715 0.633083
vt 0.923558 0.675443
vt 0.904322 0.716114
vt 0.881192 0.754704
vt 0.854391 0.790841
vt 0.790841 0.854391
vt 0.824177 0.824177
vt 0.754704 0.881192
vt 0.716114 0.904322
vt 0.675443 0.923558
vt 0.589440 0.949646
vt 0.633083 0.938715
vt 0.500000 0.958455
vt 0.544936 0.956248
vt 0.410560 0.949646
vt 0.455063 0.956248
vt 0.366917 0.938715
vt 0.324557 0.923558
vt 0.283885 0.904322
vt 0.245296 0.881192
vt 0.175823 0.824177
vt 0.209159 0.854391
vt 0.145609 0.790841
vt 0.118808 0.754704
vt 0.095678 0.716114
vt 0.076442 0.675443
vt 0.050354 0.589440
vt 0.061285 0.633083
vt 0.041544 0.500000
vt 0.043752 0.544936
vt 0.043752 0.455063
vt 0.050354 0.410560
vt 0.076442 0.324557
vt 0.061285 0.366917
vt 0.095678 0.283886
vt 0.118808 0.245296
vt 0.145609 0.209159
vt 0.175823 0.175823
vt 0.245296 0.118808
vt 0.209159 0.145609
vt 0.283886 0.095678
vt 0.324557 0.076442
vt 0.366917 0.061285
vt 0.455064 0.043752
vt 0.410560 0.050354
vt 0.500000 0.041545
vt 0.589440 0.050354
vt 0.544937 0.043752
vt 0.633083 0.061286
vt 0.675443 0.076442
vt 0.754704 0.118808
vt 0.716114 0.095678
vt 0.790841 0.145609
vt 0.824177 0.175823
vt 0.854391 0.209159
vt 0.881192 0.245296
vt 0.904322 0.283886
vt 0.923558 0.324557
vt 0.949646 0.410560
vt 0.938715 0.366917
vt 0.956248 0.455064
vt 0.976514 0.546933
vt 0.978820 0.500000
vt 0.969620 0.593413
vt 0.942372 0.683236
vt 0.958202 0.638994
vt 0.922281 0.725714
vt 0.870133 0.803760
vt 0.898124 0.766018
vt 0.838577 0.838577
vt 0.803760 0.870133
vt 0.766018 0.898124
vt 0.725714 0.922281
vt 0.683236 0.942372
vt 0.638994 0.958202
vt 0.593413 0.969619
vt 0.500000 0.978820
vt 0.546933 0.976514
vt 0.406587 0.969619
vt 0.453067 0.976514
vt 0.316763 0.942372
vt 0.361006 0.958202
vt 0.274286 0.922281
vt 0.196240 0.870133
vt 0.233982 0.898124
vt 0.161423 0.838577
vt 0.129867 0.803760
vt 0.101876 0.766018
vt 0.077718 0.725714
vt 0.057628 0.683236
vt 0.041798 0.638994
vt 0.023486 0.546933
vt 0.030380 0.593413
vt 0.021180 0.500000
vt 0.023486 0.453067
vt 0.030381 0.406587
vt 0.057628 0.316764
vt 0.041798 0.361006
vt 0.077719 0.274286
vt 0.101876 0.233982
vt 0.161423 0.161423
vt 0.129867 0.196240
vt 0.196240 0.129867
vt 0.233982 0.101876
vt 0.274286 0.077719
vt 0.361006 0.041798
vt 0.316764 0.057628
vt 0.453067 0.023486
vt 0.406587 0.030381
vt 0.500000 0.021180
vt 0.593413 0.030381
vt 0.546933 0.023486
vt 0.638994 0.041798
vt 0.683236 0.057628
vt 0.725714 0.077719
vt 0.803760 0.129867
vt 0.766018 0.101876
vt 0.838577 0.161423
vt 0.870133 0.196240
vt 0.898124 0.233982
vt 0.922281 0.274286
vt 0.958202 0.361006
vt 0.942372 0.316764
vt 0.969620 0.406587
vt 0.976514 0.453068
vt 0.999233 0.500000
vt 0.989641 0.597396
vt 0.996829 0.548933
vt 0.977737 0.644920
vt 0.940284 0.735337
vt 0.961231 0.691048
vt 0.915097 0.777359
vt 0.853011 0.853011
vt 0.885913 0.816710
vt 0.816710 0.885913
vt 0.735337 0.940284
vt 0.777359 0.915097
vt 0.691048 0.961231
vt 0.644920 0.977736
vt 0.548933 0.996829
vt 0.597395 0.989641
vt 0.500000 0.999233
vt 0.402604 0.989641
vt 0.451066 0.996829
vt 0.355080 0.977736
vt 0.264663 0.940284
vt 0.308952 0.961231
vt 0.222641 0.915097
vt 0.146989 0.853011
vt 0.183290 0.885913
vt 0.084903 0.777359
vt 0.114087 0.816710
vt 0.059715 0.735337
vt 0.038768 0.691048
vt 0.022263 0.644920
vt 0.003171 0.548933
vt 0.010359 0.597396
vt 0.000767 0.500000
vt 0.010359 0.402604
vt 0.003171 0.451066
vt 0.038769 0.308952
vt 0.022263 0.355080
vt 0.059715 0.264663
vt 0.084903 0.222641
vt 0.114087 0.183290
vt 0.146989 0.146989
vt 0.183290 0.114087
vt 0.222641 0.084903
vt 0.264663 0.059715
vt 0.355080 0.022264
vt 0.308952 0.038768
vt 0.402604 0.010359
vt 0.500000 0.000767
vt 0.451067 0.003171
vt 0.597396 0.010359
vt 0.548934 0.003171
vt 0.644920 0.022264
vt 0.691048 0.038769
vt 0.777359 0.084903
vt 0.735337 0.059715
vt 0.816710 0.114087
vt 0.853011 0.146989
vt 0.885913 0.183290
vt 0.940285 0.264663
vt 0.915097 0.222641
vt 0.977737 0.355080
vt 0.961232 0.308952
vt 0.996829 0.451067
vt 0.989641 0.402604
vt 0.602006 0.520290
vt 0.586476 0.557782
vt 0.557782 0.586476
vt 0.530191 0.599526
vt 0.500000 0.604004
vt 0.469809 0.599526
vt 0.450973 0.591723
vt 0.403913 0.539801
vt 0.400474 0.469809
vt 0.434020 0.419604
vt 0.479710 0.397994
vt 0.530191 0.400474
vt 0.573542 0.426458
s 1
f 1/1/1 35/2/2 2/3/3
f 34/4/4 68/5/5 35/2/2
f 68/5/5 100/6/6 101/7/7
f 101/7/7 133/8/8 134/9/9
f 133/8/8 167/10/10 134/9/9
f 166/11/11 200/12/12 167/10/10
f 200/12/12 232/13/13 233/14/14
f 233/14/14 265/15/15 266/16/16
f 265/15/15 299/17/17 266/16/16
f 298/18/18 332/19/19 299/17/17
f 332/19/19 364/20/20 365/21/21
f 365/21/21 397/22/22 398/23/23
f 397/22/22 431/24/24 398/23/23
f 431/24/24 463/25/25 464/26/26
f 463/25/25 497/27/27 464/26/26
f 496/28/28 530/29/29 497/27/27
f 530/29/29 562/30/30 563/31/31
f 562/30/30 596/32/32 563/31/31
f 595/33/33 629/34/34 596/32/32
f 629/34/34 661/35/35 662/36/36
f 661/35/35 695/37/37 662/36/36
f 695/37/37 727/38/38 728/39/39
f 728/39/39 760/40/40 761/41/41
f 761/41/41 793/42/42 794/43/43
f 793/42/42 827/44/44 794/43/43
f 826/45/45 860/46/46 827/44/44
f 859/47/47 893/48/48 860/46/46
f 892/49/49 926/50/50 893/48/48
f 926/50/50 958/51/51 959/52/52
f 959/52/52 991/53/53 992/54/54
f 991/53/53 1025/55/55 992/54/54
f 1024/56/56 1058/57/57 1025/55/55
f 1057/58/58 1091/59/59 1058/57/57
f 1090/60/60 1124/61/61 1091/59/59
f 1123/62/62 1157/63/63 1124/61/61
f 1157/63/63 1189/64/64 1190/65/65
f 1190/65/65 1222/66/66 1223/67/67
f 1222/66/66 1256/68/68 1223/67/67
f 1255/69/69 1289/70/70 1256/68/68
f 1288/71/71 1322/72/72 1289/70/70
f 1321/73/73 1355/74/74 1322/72/72
f 1355/74/74 1387/75/75 1388/76/76
f 1388/76/76 1420/77/77 1421/78/78
f 1420/77/77 1454/79/79 1421/78/78
f 1453/80/80 1487/81/81 1454/79/79
f 1486/82/82 1520/83/83 1487/81/81
f 1520/83/83 1552/84/84 1553/85/85
f 1553/85/85 1585/86/86 1586/87/87
f 1585/86/86 1619/88/88 1586/87/87
f 1618/89/89 1652/90/90 1619/88/88
f 1651/91/91 1685/92/92 1652/90/90
f 1685/92/92 1717/93/93 1718/94/94
f 1718/94/94 1750/95/95 1751/96/96
f 1751/96/96 1783/97/97 1784/98/98
f 1783/97/97 1817/99/99 1784/98/98
f 1816/100/100 1850/101/101 1817/99/99
f 1850/101/101 1882/102/102 1883/103/103
f 1883/103/103 1915/104/104 1916/105/105
f 1916/105/105 1948/106/106 1949/107/107
f 1949/107/107 1981/108/108 1982/109/109
f 1981/108/108 2015/110/110 1982/109/109
f 2014/111/111 2048/112/112 2015/110/110
f 2047/113/113 2081/114/114 2048/112/112
f 2080/115/115 2/3/3 2081/114/114
f 2/3/3 36/116/116 3/117/117
f 35/2/2 69/118/118 36/116/116
f 68/5/5 102/119/119 69/118/118
f 101/7/7 135/120/120 102/119/119
f 134/9/9 168/121/121 135/120/120
f 168/121/121 200/12/12 201/122/122
f 200/12/12 234/123/123 201/122/122
f 233/14/14 267/124/124 234/123/123
f 266/16/16 300/125/125 267/124/124
f 299/17/17 333/126/126 300/125/125
f 332/19/19 366/127/127 333/126/126
f 365/21/21 399/128/128 366/127/127
f 399/128/128 431/24/24 432/129/129
f 431/24/24 465/130/130 432/129/129
f 465/130/130 497/27/27 498/131/131
f 497/27/27 531/132/132 498/131/131
f 531/132/132 563/31/31 564/133/133
f 563/31/31 597/134/134 564/133/133
f 596/32/32 630/135/135 597/134/134
f 629/34/34 663/136/136 630/135/135
f 663/136/136 695/37/37 696/137/137
f 696/137/137 728/39/39 729/138/138
f 728/39/39 762/139/139 729/138/138
f 762/139/139 794/43/43 795/140/140
f 794/43/43 828/141/141 795/140/140
f 827/44/44 861/142/142 828/141/141
f 860/46/46 894/143/143 861/142/142
f 893/48/48 927/144/144 894/143/143
f 926/50/50 960/145/145 927/144/144
f 959/52/52 993/146/146 960/145/145
f 993/146/146 1025/55/55 1026/147/147
f 1026/147/147 1058/57/57 1059/148/148
f 1058/57/57 1092/149/149 1059/148/148
f 1091/59/59 1125/150/150 1092/149/149
f 1124/61/61 1158/151/151 1125/150/150
f 1157/63/63 1191/152/152 1158/151/151
f 1191/152/152 1223/67/67 1224/153/153
f 1224/153/153 1256/68/68 1257/154/154
f 1256/68/68 1290/155/155 1257/154/154
f 1289/70/70 1323/156/156 1290/155/155
f 1323/156/156 1355/74/74 1356/157/157
f 1356/157/157 1388/76/76 1389/158/158
f 1389/158/158 1421/78/78 1422/159/159
f 1421/78/78 1455/160/160 1422/159/159
f 1454/79/79 1488/161/161 1455/160/160
f 1487/81/81 1521/162/162 1488/161/161
f 1521/162/162 1553/85/85 1554/163/163
f 1553/85/85 1587/164/164 1554/163/163
f 1587/164/164 1619/88/88 1620/165/165
f 1620/165/165 1652/90/90 1653/166/166
f 1652/90/90 1686/167/167 1653/166/166
f 1685/92/92 1719/168/168 1686/167/167
f 1718/94/94 1752/169/169 1719/168/168
f 1752/169/169 1784/98/98 1785/170/170
f 1785/170/170 1817/99/99 1818/171/171
f 1817/99/99 1851/172/172 1818/171/171
f 1851/172/172 1883/103/103 1884/173/173
f 1883/103/103 1917/174/174 1884/173/173
f 1916/105/105 1950/175/175 1917/174/174
f 1949/107/107 1983/176/176 1950/175/175
f 1982/109/109 2016/177/177 1983/176/176
f 2015/110/110 2049/178/178 2016/177/177
f 2048/112/112 2082/179/179 2049/178/178
f 2082/179/179 2/3/3 3/117/117
f 4/180/180 36/116/116 37/181/181
f 37/181/181 69/118/118 70/182/182
f 69/118/118 103/183/183 70/182/182
f 102/119/119 136/184/184 103/183/183
f 135/120/120 169/185/185 136/184/184
f 169/185/185 201/122/122 202/186/186
f 202/186/186 234/123/123 235/187/187
f 234/123/123 268/188/188 235/187/187
f 267/124/124 301/189/189 268/188/188
f 301/189/189 333/126/126 334/190/190
f 334/190/190 366/127/127 367/191/191
f 366/127/127 400/192/192 367/191/191
f 400/192/192 432/129/129 433/193/193
f 433/193/193 465/130/130 466/194/194
f 465/130/130 499/195/195 466/194/194
f 498/131/131 532/196/196 499/195/195
f 532/196/196 564/133/133 565/197/197
f 565/197/197 597/134/134 598/198/198
f 597/134/134 631/199/199 598/198/198
f 631/199/199 663/136/136 664/200/200
f 664/200/200 696/137/137 697/201/201
f 697/201/201 729/138/138 730/202/202
f 729/138/138 763/203/203 730/202/202
f 762/139/139 796/204/204 763/203/203
f 795/140/140 829/205/205 796/204/204
f 829/205/205 861/142/142 862/206/206
f 862/206/206 894/143/143 895/207/207
f 895/207/207 927/144/144 928/208/208
f 927/144/144 961/209/209 928/208/208
f 960/145/145 994/210/210 961/209/209
f 994/210/210 1026/147/147 1027/211/211
f 1026/147/147 1060/212/212 1027/211/211
f 1060/212/212 1092/149/149 1093/213/213
f 1093/213/213 1125/150/150 1126/214/214
f 1125/150/150 1159/215/215 1126/214/214
f 1158/151/151 1192/216/216 1159/215/215
f 1191/152/152 1225/217/217 1192/216/216
f 1225/217/217 1257/154/154 1258/218/218
f 1258/218/218 1290/155/155 1291/219/219
f 1291/219/219 1323/156/156 1324/220/220
f 1323/156/156 1357/221/221 1324/220/220
f 1356/157/157 1390/222/222 1357/221/221
f 1390/222/222 1422/159/159 1423/223/223
f 1423/223/223 1455/160/160 1456/224/224
f 1455/160/160 1489/225/225 1456/224/224
f 1489/225/225 1521/162/162 1522/226/226
f 1522/226/226 1554/163/163 1555/227/227
f 1555/227/227 1587/164/164 1588/228/228
f 1588/228/228 1620/165/165 1621/229/229
f 1620/165/165 1654/230/230 1621/229/229
f 1654/230/230 1686/167/167 1687/231/231
f 1687/231/231 1719/168/168 1720/232/232
f 1719/168/168 1753/233/233 1720/232/232
f 1752/169/169 1786/234/234 1753/233/233
f 1786/234/234 1818/171/171 1819/235/235
f 1819/235/235 1851/172/172 1852/236/236
f 1852/236/236 1884/173/173 1885/237/237
f 1885/237/237 1917/174/174 1918/238/238
f 1918/238/238 1950/175/175 1951/239/239
f 1950/175/175 1984/240/240 1951/239/239
f 1983/176/176 2017/241/241 1984/240/240
f 2017/241/241 2049/178/178 2050/242/242
f 2049/178/178 2083/243/243 2050/242/242
f 2083/243/243 3/117/117 4/180/180
f 4/180/180 38/244/244 5/245/245
f 38/244/244 70/182/182 71/246/246
f 71/246/246 103/183/183 104/247/247
f 104/247/247 136/184/184 137/248/248
f 136/184/184 170/249/249 137/248/248
f 170/249/249 202/186/186 203/250/250
f 203/250/250 235/187/187 236/251/251
f 235/187/187 269/252/252 236/251/251
f 269/252/252 301/189/189 302/253/253
f 302/253/253 334/190/190 335/254/254
f 335/254/254 367/191/191 368/255/255
f 368/255/255 400/192/192 401/256/256
f 401/256/256 433/193/193 434/257/257
f 433/193/193 467/258/258 434/257/257
f 466/194/194 500/259/259 467/258/258
f 499/195/195 533/260/260 500/259/259
f 532/196/196 566/261/261 533/260/260
f 566/261/261 598/198/198 599/262/262
f 599/262/262 631/199/199 632/263/263
f 632/263/263 664/200/200 665/264/264
f 665/264/264 697/201/201 698/265/265
f 698/265/265 730/202/202 731/266/266
f 731/266/266 763/203/203 764/267/267
f 763/203/203 797/268/268 764/267/267
f 796/204/204 830/269/269 797/268/268
f 830/269/269 862/206/206 863/270/270
f 862/206/206 896/271/271 863/270/270
f 895/207/207 929/272/272 896/271/271
f 929/272/272 961/209/209 962/273/273
f 962/273/273 994/210/210 995/274/274
f 994/210/210 1028/275/275 995/274/274
f 1027/211/211 1061/276/276 1028/275/275
f 1061/276/276 1093/213/213 1094/277/277
f 1094/277/277 1126/214/214 1127/278/278
f 1127/278/278 1159/215/215 1160/279/279
f 1159/215/215 1193/280/280 1160/279/279
f 1192/216/216 1226/281/281 1193/280/280
f 1226/281/281 1258/218/218 1259/282/282
f 1258/218/218 1292/283/283 1259/282/282
f 1291/219/219 1325/284/284 1292/283/283
f 1325/284/284 1357/221/221 1358/285/285
f 1358/285/285 1390/222/222 1391/286/286
f 1390/222/222 1424/287/287 1391/286/286
f 1423/223/223 1457/288/288 1424/287/287
f 1457/288/288 1489/225/225 1490/289/289
f 1490/289/289 1522/226/226 1523/290/290
f 1523/290/290 1555/227/227 1556/291/291
f 1556/291/291 1588/228/228 1589/292/292
f 1589/292/292 1621/229/229 1622/293/293
f 1621/229/229 1655/294/294 1622/293/293
f 1655/294/294 1687/231/231 1688/295/295
f 1687/231/231 1721/296/296 1688/295/295
f 1721/296/296 1753/233/233 1754/297/297
f 1753/233/233 1787/298/298 1754/297/297
f 1786/234/234 1820/299/299 1787/298/298
f 1819/235/235 1853/300/300 1820/299/299
f 1852/236/236 1886/301/301 1853/300/300
f 1885/237/237 1919/302/302 1886/301/301
f 1919/302/302 1951/239/239 1952/303/303
f 1951/239/239 1985/304/304 1952/303/303
f 1985/304/304 2017/241/241 2018/305/305
f 2018/305/305 2050/242/242 2051/306/306
f 2050/242/242 2084/307/307 2051/306/306
f 2083/243/243 5/245/245 2084/307/307
f 5/245/245 39/308/308 6/309/309
f 39/308/308 71/246/246 72/310/310
f 72/310/310 104/247/247 105/311/311
f 105/311/311 137/248/248 138/312/312
f 137/248/248 171/313/313 138/312/312
f 171/313/313 203/250/250 204/314/314
f 204/314/314 236/251/251 237/315/315
f 236/251/251 270/316/316 237/315/315
f 270/316/316 302/253/253 303/317/317
f 303/317/317 335/254/254 336/318/318
f 336/318/318 368/255/255 369/319/319
f 368/255/255 402/320/320 369/319/319
f 402/320/320 434/257/257 435/321/321
f 435/321/321 467/258/258 468/322/322
f 467/258/258 501/323/323 468/322/322
f 501/323/323 533/260/260 534/324/324
f 533/260/260 567/325/325 534/324/324
f 567/325/325 599/262/262 600/326/326
f 600/326/326 632/263/263 633/327/327
f 632/263/263 666/328/328 633/327/327
f 665/264/264 699/329/329 666/328/328
f 699/329/329 731/266/266 732/330/330
f 731/266/266 765/331/331 732/330/330
f 765/331/331 797/268/268 798/332/332
f 798/332/332 830/269/269 831/333/333
f 831/333/333 863/270/270 864/334/334
f 864/334/334 896/271/271 897/335/335
f 896/271/271 930/336/336 897/335/335
f 930/336/336 962/273/273 963/337/337
f 963/337/337 995/274/274 996/338/338
f 995/274/274 1029/339/339 996/338/338
f 1029/339/339 1061/276/276 1062/340/340
f 1062/340/340 1094/277/277 1095/341/341
f 1095/341/341 1127/278/278 1128/342/342
f 1128/342/342 1160/279/279 1161/343/343
f 1161/343/343 1193/280/280 1194/344/344
f 1193/280/280 1227/345/345 1194/344/344
f 1227/345/345 1259/282/282 1260/346/346
f 1260/346/346 1292/283/283 1293/347/347
f 1293/347/347 1325/284/284 1326/348/348
f 1326/348/348 1358/285/285 1359/349/349
f 1358/285/285 1392/350/350 1359/349/349
f 1391/286/286 1425/351/351 1392/350/350
f 1424/287/287 1458/352/352 1425/351/351
f 1457/288/288 1491/353/353 1458/352/352
f 1490/289/289 1524/354/354 1491/353/353
f 1524/354/354 1556/291/291 1557/355/355
f 1557/355/355 1589/292/292 1590/356/356
f 1589/292/292 1623/357/357 1590/356/356
f 1622/293/293 1656/358/358 1623/357/357
f 1656/358/358 1688/295/295 1689/359/359
f 1689/359/359 1721/296/296 1722/360/360
f 1722/360/360 1754/297/297 1755/361/361
f 1755/361/361 1787/298/298 1788/362/362
f 1787/298/298 1821/363/363 1788/362/362
f 1820/299/299 1854/364/364 1821/363/363
f 1853/300/300 1887/365/365 1854/364/364
f 1887/365/365 1919/302/302 1920/366/366
f 1919/302/302 1953/367/367 1920/366/366
f 1952/303/303 1986/368/368 1953/367/367
f 1986/368/368 2018/305/305 2019/369/369
f 2018/305/305 2052/370/370 2019/369/369
f 2052/370/370 2084/307/307 2085/371/371
f 2084/307/307 6/309/309 2085/371/371
f 7/372/372 39/308/308 40/373/373
f 40/373/373 72/310/310 73/374/374
f 73/374/374 105/311/311 106/375/375
f 106/375/375 138/312/312 139/376/376
f 138/312/312 172/377/377 139/376/376
f 172/377/377 204/314/314 205/378/378
f 205/378/378 237/315/315 238/379/379
f 238/379/379 270/316/316 271/380/380
f 271/380/380 303/317/317 304/381/381
f 304/381/381 336/318/318 337/382/382
f 336/318/318 370/383/383 337/382/382
f 369/319/319 403/384/384 370/383/383
f 403/384/384 435/321/321 436/385/385
f 435/321/321 469/386/386 436/385/385
f 468/322/322 502/387/387 469/386/386
f 502/387/387 534/324/324 535/388/388
f 534/324/324 568/389/389 535/388/388
f 568/389/389 600/326/326 601/390/390
f 600/326/326 634/391/391 601/390/390
f 634/391/391 666/328/328 667/392/392
f 667/392/392 699/329/329 700/393/393
f 700/393/393 732/330/330 733/394/394
f 733/394/394 765/331/331 766/395/395
f 765/331/331 799/396/396 766/395/395
f 798/332/332 832/397/397 799/396/396
f 832/397/397 864/334/334 865/398/398
f 865/398/398 897/335/335 898/399/399
f 898/399/399 930/336/336 931/400/400
f 930/336/336 964/401/401 931/400/400
f 963/337/337 997/402/402 964/401/401
f 997/402/402 1029/339/339 1030/403/403
f 1030/403/403 1062/340/340 1063/404/404
f 1062/340/340 1096/405/405 1063/404/404
f 1096/405/405 1128/342/342 1129/406/406
f 1129/406/406 1161/343/343 1162/407/407
f 1162/407/407 1194/344/344 1195/408/408
f 1194/344/344 1228/409/409 1195/408/408
f 1228/409/409 1260/346/346 1261/410/410
f 1261/410/410 1293/347/347 1294/411/411
f 1294/411/411 1326/348/348 1327/412/412
f 1327/412/412 1359/349/349 1360/413/413
f 1360/413/413 1392/350/350 1393/414/414
f 1393/414/414 1425/351/351 1426/415/415
f 1426/415/415 1458/352/352 1459/416/416
f 1459/416/416 1491/353/353 1492/417/417
f 1491/353/353 1525/418/418 1492/417/417
f 1525/418/418 1557/355/355 1558/419/419
f 1558/419/419 1590/356/356 1591/420/420
f 1590/356/356 1624/421/421 1591/420/420
f 1624/421/421 1656/358/358 1657/422/422
f 1656/358/358 1690/423/423 1657/422/422
f 1689/359/359 1723/424/424 1690/423/423
f 1723/424/424 1755/361/361 1756/425/425
f 1756/425/425 1788/362/362 1789/426/426
f 1789/426/426 1821/363/363 1822/427/427
f 1822/427/427 1854/364/364 1855/428/428
f 1855/428/428 1887/365/365 1888/429/429
f 1888/429/429 1920/366/366 1921/430/430
f 1921/430/430 1953/367/367 1954/431/431
f 1954/431/431 1986/368/368 1987/432/432
f 1986/368/368 2020/433/433 1987/432/432
f 2019/369/369 2053/434/434 2020/433/433
f 2053/434/434 2085/371/371 2086/435/435
f 2085/371/371 7/372/372 2086/435/435
f 8/436/436 40/373/373 41/437/437
f 41/437/437 73/374/374 74/438/438
f 73/374/374 107/439/439 74/438/438
f 106/375/375 140/440/440 107/439/439
f 140/440/440 172/377/377 173/441/441
f 173/441/441 205/378/378 206/442/442
f 206/442/442 238/379/379 239/443/443
f 238/379/379 272/444/444 239/443/443
f 272/444/444 304/381/381 305/445/445
f 304/381/381 338/446/446 305/445/445
f 338/446/446 370/383/383 371/447/447
f 371/447/447 403/384/384 404/448/448
f 404/448/448 436/385/385 437/449/449
f 437/449/449 469/386/386 470/450/450
f 469/386/386 503/451/451 470/450/450
f 503/451/451 535/388/388 536/452/452
f 535/388/388 569/453/453 536/452/452
f 569/453/453 601/390/390 602/454/454
f 601/390/390 635/455/455 602/454/454
f 634/391/391 668/456/456 635/455/455
f 668/456/456 700/393/393 701/457/457
f 701/457/457 733/394/394 734/458/458
f 734/458/458 766/395/395 767/459/459
f 766/395/395 800/460/460 767/459/459
f 800/460/460 832/397/397 833/461/461
f 833/461/461 865/398/398 866/462/462
f 866/462/462 898/399/399 899/463/463
f 898/399/399 932/464/464 899/463/463
f 931/400/400 965/465/465 932/464/464
f 965/465/465 997/402/402 998/466/466
f 997/402/402 1031/467/467 998/466/466
f 1031/467/467 1063/404/404 1064/468/468
f 1063/404/404 1097/469/469 1064/468/468
f 1097/469/469 1129/406/406 1130/470/470
f 1129/406/406 1163/471/471 1130/470/470
f 1163/471/471 1195/408/408 1196/472/472
f 1196/472/472 1228/409/409 1229/473/473
f 1229/473/473 1261/410/410 1262/474/474
f 1262/474/474 1294/411/411 1295/475/475
f 1295/475/475 1327/412/412 1328/476/476
f 1328/476/476 1360/413/413 1361/477/477
f 1360/413/413 1394/478/478 1361/477/477
f 1393/414/414 1427/479/479 1394/478/478
f 1426/415/415 1460/480/480 1427/479/479
f 1459/416/416 1493/481/481 1460/480/480
f 1492/417/417 1526/482/482 1493/481/481
f 1526/482/482 1558/419/419 1559/483/483
f 1559/483/483 1591/420/420 1592/484/484
f 1591/420/420 1625/485/485 1592/484/484
f 1625/485/485 1657/422/422 1658/486/486
f 1657/422/422 1691/487/487 1658/486/486
f 1690/423/423 1724/488/488 1691/487/487
f 1724/488/488 1756/425/425 1757/489/489
f 1756/425/425 1790/490/490 1757/489/489
f 1790/490/490 1822/427/427 1823/491/491
f 1823/491/491 1855/428/428 1856/492/492
f 1856/492/492 1888/429/429 1889/493/493
f 1888/429/429 1922/494/494 1889/493/493
f 1921/430/430 1955/495/495 1922/494/494
f 1955/495/495 1987/432/432 1988/496/496
f 1987/432/432 2021/497/497 1988/496/496
f 2020/433/433 2054/498/498 2021/497/497
f 2054/498/498 2086/435/435 2087/499/499
f 2087/499/499 7/372/372 8/436/436
f 8/436/436 42/500/500 9/501/501
f 42/500/500 74/438/438 75/502/502
f 75/502/502 107/439/439 108/503/503
f 107/439/439 141/504/504 108/503/503
f 140/440/440 174/505/505 141/504/504
f 174/505/505 206/442/442 207/506/506
f 206/442/442 240/507/507 207/506/506
f 239/443/443 273/508/508 240/507/507
f 272/444/444 306/509/509 273/508/508
f 306/509/509 338/446/446 339/510/510
f 339/510/510 371/447/447 372/511/511
f 372/511/511 404/448/448 405/512/512
f 405/512/512 437/449/449 438/513/513
f 438/513/513 470/450/450 471/514/514
f 470/450/450 504/515/515 471/514/514
f 504/515/515 536/452/452 537/516/516
f 536/452/452 570/517/517 537/516/516
f 570/517/517 602/454/454 603/518/518
f 603/518/518 635/455/455 636/519/519
f 636/519/519 668/456/456 669/520/520
f 669/520/520 701/457/457 702/521/521
f 702/521/521 734/458/458 735/522/522
f 735/522/522 767/459/459 768/523/523
f 767/459/459 801/524/524 768/523/523
f 801/524/524 833/461/461 834/525/525
f 833/461/461 867/526/526 834/525/525
f 867/526/526 899/463/463 900/527/527
f 900/527/527 932/464/464 933/528/528
f 933/528/528 965/465/465 966/529/529
f 966/529/529 998/466/466 999/530/530
f 998/466/466 1032/531/531 999/530/530
f 1032/531/531 1064/468/468 1065/532/532
f 1064/468/468 1098/533/533 1065/532/532
f 1098/533/533 1130/470/470 1131/534/534
f 1131/534/534 1163/471/471 1164/535/535
f 1163/471/471 1197/536/536 1164/535/535
f 1196/472/472 1230/537/537 1197/536/536
f 1229/473/473 1263/538/538 1230/537/537
f 1262/474/474 1296/539/539 1263/538/538
f 1295/475/475 1329/540/540 1296/539/539
f 1328/476/476 1362/541/541 1329/540/540
f 1361/477/477 1395/542/542 1362/541/541
f 1394/478/478 1428/543/543 1395/542/542
f 1427/479/479 1461/544/544 1428/543/543
f 1460/480/480 1494/545/545 1461/544/544
f 1494/545/545 1526/482/482 1527/546/546
f 1527/546/546 1559/483/483 1560/547/547
f 1560/547/547 1592/484/484 1593/548/548
f 1592/484/484 1626/549/549 1593/548/548
f 1626/549/549 1658/486/486 1659/550/550
f 1659/550/550 1691/487/487 1692/551/551
f 1691/487/487 1725/552/552 1692/551/551
f 1725/552/552 1757/489/489 1758/553/553
f 1757/489/489 1791/554/554 1758/553/553
f 1791/554/554 1823/491/491 1824/555/555
f 1823/491/491 1857/556/556 1824/555/555
f 1856/492/492 1890/557/557 1857/556/556
f 1890/557/557 1922/494/494 1923/558/558
f 1923/558/558 1955/495/495 1956/559/559
f 1956/559/559 1988/496/496 1989/560/560
f 1988/496/496 2022/561/561 1989/560/560
f 2022/561/561 2054/498/498 2055/562/562
f 2054/498/498 2088/563/563 2055/562/562
f 2088/563/563 8/436/436 9/501/501
f 9/501/501 43/564/564 10/565/565
f 42/500/500 76/566/566 43/564/564
f 76/566/566 108/503/503 109/567/567
f 109/567/567 141/504/504 142/568/568
f 142/568/568 174/505/505 175/569/569
f 175/569/569 207/506/506 208/570/570
f 208/570/570 240/507/507 241/571/571
f 241/571/571 273/508/508 274/572/572
f 274/572/572 306/509/509 307/573/573
f 307/573/573 339/510/510 340/574/574
f 340/574/574 372/511/511 373/575/575
f 373/575/575 405/512/512 406/576/576
f 405/512/512 439/577/577 406/576/576
f 439/577/577 471/514/514 472/578/578
f 471/514/514 505/579/579 472/578/578
f 505/579/579 537/516/516 538/580/580
f 537/516/516 571/581/581 538/580/580
f 571/581/581 603/518/518 604/582/582
f 604/582/582 636/519/519 637/583/583
f 637/583/583 669/520/520 670/584/584
f 670/584/584 702/521/521 703/585/585
f 702/521/521 736/586/586 703/585/585
f 735/522/522 769/587/587 736/586/586
f 769/587/587 801/524/524 802/588/588
f 802/588/588 834/525/525 835/589/589
f 834/525/525 868/590/590 835/589/589
f 868/590/590 900/527/527 901/591/591
f 900/527/527 934/592/592 901/591/591
f 933/528/528 967/593/593 934/592/592
f 967/593/593 999/530/530 1000/594/594
f 999/530/530 1033/595/595 1000/594/594
f 1032/531/531 1066/596/596 1033/595/595
f 1065/532/532 1099/597/597 1066/596/596
f 1099/597/597 1131/534/534 1132/598/598
f 1132/598/598 1164/535/535 1165/599/599
f 1165/599/599 1197/536/536 1198/600/600
f 1198/600/600 1230/537/537 1231/601/601
f 1231/601/601 1263/538/538 1264/602/602
f 1264/602/602 1296/539/539 1297/603/603
f 1297/603/603 1329/540/540 1330/604/604
f 1330/604/604 1362/541/541 1363/605/605
f 1363/605/605 1395/542/542 1396/606/606
f 1396/606/606 1428/543/543 1429/607/607
f 1429/607/607 1461/544/544 1462/608/608
f 1461/544/544 1495/609/609 1462/608/608
f 1494/545/545 1528/610/610 1495/609/609
f 1527/546/546 1561/611/611 1528/610/610
f 1561/611/611 1593/548/548 1594/612/612
f 1594/612/612 1626/549/549 1627/613/613
f 1627/613/613 1659/550/550 1660/614/614
f 1660/614/614 1692/551/551 1693/615/615
f 1693/615/615 1725/552/552 1726/616/616
f 1726/616/616 1758/553/553 1759/617/617
f 1759/617/617 1791/554/554 1792/618/618
f 1792/618/618 1824/555/555 1825/619/619
f 1825/619/619 1857/556/556 1858/620/620
f 1858/620/620 1890/557/557 1891/621/621
f 1890/557/557 1924/622/622 1891/621/621
f 1923/558/558 1957/623/623 1924/622/622
f 1957/623/623 1989/560/560 1990/624/624
f 1989/560/560 2023/625/625 1990/624/624
f 2023/625/625 2055/562/562 2056/626/626
f 2056/626/626 2088/563/563 2089/627/627
f 2088/563/563 10/565/565 2089/627/627
f 10/565/565 44/628/628 11/629/629
f 44/628/628 76/566/566 77/630/630
f 77/630/630 109/567/567 110/631/631
f 109/567/567 143/632/632 110/631/631
f 143/632/632 175/569/569 176/633/633
f 176/633/633 208/570/570 209/634/634
f 209/634/634 241/571/571 242/635/635
f 241/571/571 275/636/636 242/635/635
f 275/636/636 307/573/573 308/637/637
f 307/573/573 341/638/638 308/637/637
f 340/574/574 374/639/639 341/638/638
f 374/639/639 406/576/576 407/640/640
f 407/640/640 439/577/577 440/641/641
f 440/641/641 472/578/578 473/642/642
f 472/578/578 506/643/643 473/642/642
f 506/643/643 538/580/580 539/644/644
f 538/580/580 572/645/645 539/644/644
f 572/645/645 604/582/582 605/646/646
f 605/646/646 637/583/583 638/647/647
f 637/583/583 671/648/648 638/647/647
f 671/648/648 703/585/585 704/649/649
f 704/649/649 736/586/586 737/650/650
f 737/650/650 769/587/587 770/651/651
f 769/587/587 803/652/652 770/651/651
f 802/588/588 836/653/653 803/652/652
f 836/653/653 868/590/590 869/654/654
f 869/654/654 901/591/591 902/655/655
f 902/655/655 934/592/592 935/656/656
f 935/656/656 967/593/593 968/657/657
f 968/657/657 1000/594/594 1001/658/658
f 1000/594/594 1034/659/659 1001/658/658
f 1033/595/595 1067/660/660 1034/659/659
f 1066/596/596 1100/661/661 1067/660/660
f 1100/661/661 1132/598/598 1133/662/662
f 1133/662/662 1165/599/599 1166/663/663
f 1165/599/599 1199/664/664 1166/663/663
f 1199/664/664 1231/601/601 1232/665/665
f 1232/665/665 1264/602/602 1265/666/666
f 1265/666/666 1297/603/603 1298/667/667
f 1298/667/667 1330/604/604 1331/668/668
f 1331/668/668 1363/605/605 1364/669/669
f 1364/669/669 1396/606/606 1397/670/670
f 1397/670/670 1429/607/607 1430/671/671
f 1430/671/671 1462/608/608 1463/672/672
f 1462/608/608 1496/673/673 1463/672/672
f 1496/673/673 1528/610/610 1529/674/674
f 1528/610/610 1562/675/675 1529/674/674
f 1561/611/611 1595/676/676 1562/675/675
f 1595/676/676 1627/613/613 1628/677/677
f 1627/613/613 1661/678/678 1628/677/677
f 1661/678/678 1693/615/615 1694/679/679
f 1693/615/615 1727/680/680 1694/679/679
f 1727/680/680 1759/617/617 1760/681/681
f 1759/617/617 1793/682/682 1760/681/681
f 1793/682/682 1825/619/619 1826/683/683
f 1825/619/619 1859/684/684 1826/683/683
f 1859/684/684 1891/621/621 1892/685/685
f 1892/685/685 1924/622/622 1925/686/686
f 1924/622/622 1958/687/687 1925/686/686
f 1958/687/687 1990/624/624 1991/688/688
f 1991/688/688 2023/625/625 2024/689/689
f 2024/689/689 2056/626/626 2057/690/690
f 2056/626/626 2090/691/691 2057/690/690
f 2089/627/627 11/629/629 2090/691/691
f 11/629/629 45/692/692 12/693/693
f 44/628/628 78/694/694 45/692/692
f 78/694/694 110/631/631 111/695/695
f 110/631/631 144/696/696 111/695/695
f 143/632/632 177/697/697 144/696/696
f 177/697/697 209/634/634 210/698/698
f 210/698/698 242/635/635 243/699/699
f 242/635/635 276/700/700 243/699/699
f 276/700/700 308/637/637 309/701/701
f 309/701/701 341/638/638 342/702/702
f 342/702/702 374/639/639 375/703/703
f 374/639/639 408/704/704 375/703/703
f 407/640/640 441/705/705 408/704/704
f 441/705/705 473/642/642 474/706/706
f 473/642/642 507/707/707 474/706/706
f 506/643/643 540/708/708 507/707/707
f 539/644/644 573/709/709 540/708/708
f 572/645/645 606/710/710 573/709/709
f 606/710/710 638/647/647 639/711/711
f 639/711/711 671/648/648 672/712/712
f 671/648/648 705/713/713 672/712/712
f 704/649/649 738/714/714 705/713/713
f 738/714/714 770/651/651 771/715/715
f 770/651/651 804/716/716 771/715/715
f 804/716/716 836/653/653 837/717/717
f 837/717/717 869/654/654 870/718/718
f 870/718/718 902/655/655 903/719/719
f 903/719/719 935/656/656 936/720/720
f 936/720/720 968/657/657 969/721/721
f 969/721/721 1001/658/658 1002/722/722
f 1001/658/658 1035/723/723 1002/722/722
f 1034/659/659 1068/724/724 1035/723/723
f 1068/724/724 1100/661/661 1101/725/725
f 1100/661/661 1134/726/726 1101/725/725
f 1134/726/726 1166/663/663 1167/727/727
f 1166/663/663 1200/728/728 1167/727/727
f 1200/728/728 1232/665/665 1233/729/729
f 1232/665/665 1266/730/730 1233/729/729
f 1266/730/730 1298/667/667 1299/731/731
f 1298/667/667 1332/732/732 1299/731/731
f 1331/668/668 1365/733/733 1332/732/732
f 1365/733/733 1397/670/670 1398/734/734
f 1397/670/670 1431/735/735 1398/734/734
f 1430/671/671 1464/736/736 1431/735/735
f 1463/672/672 1497/737/737 1464/736/736
f 1497/737/737 1529/674/674 1530/738/738
f 1530/738/738 1562/675/675 1563/739/739
f 1563/739/739 1595/676/676 1596/740/740
f 1596/740/740 1628/677/677 1629/741/741
f 1628/677/677 1662/742/742 1629/741/741
f 1662/742/742 1694/679/679 1695/743/743
f 1695/743/743 1727/680/680 1728/744/744
f 1728/744/744 1760/681/681 1761/745/745
f 1760/681/681 1794/746/746 1761/745/745
f 1794/746/746 1826/683/683 1827/747/747
f 1827/747/747 1859/684/684 1860/748/748
f 1859/684/684 1893/749/749 1860/748/748
f 1893/749/749 1925/686/686 1926/750/750
f 1925/686/686 1959/751/751 1926/750/750
f 1959/751/751 1991/688/688 1992/752/752
f 1992/752/752 2024/689/689 2025/753/753
f 2025/753/753 2057/690/690 2058/754/754
f 2057/690/690 2091/755/755 2058/754/754
f 2090/691/691 12/693/693 2091/755/755
f 13/756/756 45/692/692 46/757/757
f 45/692/692 79/758/758 46/757/757
f 79/758/758 111/695/695 112/759/759
f 111/695/695 145/760/760 112/759/759
f 145/760/760 177/697/697 178/761/761
f 177/697/697 211/762/762 178/761/761
f 210/698/698 244/763/763 211/762/762
f 243/699/699 277/764/764 244/763/763
f 277/764/764 309/701/701 310/765/765
f 310/765/765 342/702/702 343/766/766
f 343/766/766 375/703/703 376/767/767
f 376/767/767 408/704/704 409/768/768
f 409/768/768 441/705/705 442/769/769
f 442/769/769 474/706/706 475/770/770
f 475/770/770 507/707/707 508/771/771
f 507/707/707 541/772/772 508/771/771
f 541/772/772 573/709/709 574/773/773
f 573/709/709 607/774/774 574/773/773
f 607/774/774 639/711/711 640/775/775
f 640/775/775 672/712/712 673/776/776
f 672/712/712 706/777/777 673/776/776
f 706/777/777 738/714/714 739/778/778
f 739/778/778 771/715/715 772/779/779
f 772/779/779 804/716/716 805/780/780
f 805/780/780 837/717/717 838/781/781
f 838/781/781 870/718/718 871/782/782
f 870/718/718 904/783/783 871/782/782
f 904/783/783 936/720/720 937/784/784
f 937/784/784 969/721/721 970/785/785
f 970/785/785 1002/722/722 1003/786/786
f 1002/722/722 1036/787/787 1003/786/786
f 1035/723/723 1069/788/788 1036/787/787
f 1069/788/788 1101/725/725 1102/789/789
f 1101/725/725 1135/790/790 1102/789/789
f 1135/790/790 1167/727/727 1168/791/791
f 1167/727/727 1201/792/792 1168/791/791
f 1200/728/728 1234/793/793 1201/792/792
f 1233/729/729 1267/794/794 1234/793/793
f 1267/794/794 1299/731/731 1300/795/795
f 1300/795/795 1332/732/732 1333/796/796
f 1333/796/796 1365/733/733 1366/797/797
f 1365/733/733 1399/798/798 1366/797/797
f 1398/734/734 1432/799/799 1399/798/798
f 1432/799/799 1464/736/736 1465/800/800
f 1465/800/800 1497/737/737 1498/801/801
f 1497/737/737 1531/802/802 1498/801/801
f 1530/738/738 1564/803/803 1531/802/802
f 1564/803/803 1596/740/740 1597/804/804
f 1597/804/804 1629/741/741 1630/805/805
f 1629/741/741 1663/806/806 1630/805/805
f 1663/806/806 1695/743/743 1696/807/807
f 1696/807/807 1728/744/744 1729/808/808
f 1729/808/808 1761/745/745 1762/809/809
f 1761/745/745 1795/810/810 1762/809/809
f 1795/810/810 1827/747/747 1828/811/811
f 1828/811/811 1860/748/748 1861/812/812
f 1861/812/812 1893/749/749 1894/813/813
f 1894/813/813 1926/750/750 1927/814/814
f 1927/814/814 1959/751/751 1960/815/815
f 1960/815/815 1992/752/752 1993/816/816
f 1993/816/816 2025/753/753 2026/817/817
f 2026/817/817 2058/754/754 2059/818/818
f 2059/818/818 2091/755/755 2092/819/819
f 2091/755/755 13/756/756 2092/819/819
f 13/756/756 47/820/820 14/821/821
f 46/757/757 80/822/822 47/820/820
f 80/822/822 112/759/759 113/823/823
f 112/759/759 146/824/824 113/823/823
f 145/760/760 179/825/825 146/824/824
f 179/825/825 211/762/762 212/826/826
f 212/826/826 244/763/763 245/827/827
f 244/763/763 278/828/828 245/827/827
f 277/764/764 311/829/829 278/828/828
f 311/829/829 343/766/766 344/830/830
f 343/766/766 377/831/831 344/830/830
f 376/767/767 410/832/832 377/831/831
f 409/768/768 443/833/833 410/832/832
f 443/833/833 475/770/770 476/834/834
f 476/834/834 508/771/771 509/835/835
f 508/771/771 542/836/836 509/835/835
f 541/772/772 575/837/837 542/836/836
f 574/773/773 608/838/838 575/837/837
f 608/838/838 640/775/775 641/839/839
f 641/839/839 673/776/776 674/840/840
f 673/776/776 707/841/841 674/840/840
f 707/841/841 739/778/778 740/842/842
f 740/842/842 772/779/779 773/843/843
f 772/779/779 806/844/844 773/843/843
f 806/844/844 838/781/781 839/845/845
f 839/845/845 871/782/782 872/846/846
f 872/846/846 904/783/783 905/847/847
f 904/783/783 938/848/848 905/847/847
f 938/848/848 970/785/785 971/849/849
f 971/849/849 1003/786/786 1004/850/850
f 1004/850/850 1036/787/787 1037/851/851
f 1037/851/851 1069/788/788 1070/852/852
f 1069/788/788 1103/853/853 1070/852/852
f 1102/789/789 1136/854/854 1103/853/853
f 1136/854/854 1168/791/791 1169/855/855
f 1168/791/791 1202/856/856 1169/855/855
f 1202/856/856 1234/793/793 1235/857/857
f 1234/793/793 1268/858/858 1235/857/857
f 1268/858/858 1300/795/795 1301/859/859
f 1300/795/795 1334/860/860 1301/859/859
f 1334/860/860 1366/797/797 1367/861/861
f 1367/861/861 1399/798/798 1400/862/862
f 1400/862/862 1432/799/799 1433/863/863
f 1433/863/863 1465/800/800 1466/864/864
f 1466/864/864 1498/801/801 1499/865/865
f 1499/865/865 1531/802/802 1532/866/866
f 1531/802/802 1565/867/867 1532/866/866
f 1564/803/803 1598/868/868 1565/867/867
f 1598/868/868 1630/805/805 1631/869/869
f 1630/805/805 1664/870/870 1631/869/869
f 1664/870/870 1696/807/807 1697/871/871
f 1696/807/807 1730/872/872 1697/871/871
f 1730/872/872 1762/809/809 1763/873/873
f 1763/873/873 1795/810/810 1796/874/874
f 1796/874/874 1828/811/811 1829/875/875
f 1828/811/811 1862/876/876 1829/875/875
f 1861/812/812 1895/877/877 1862/876/876
f 1895/877/877 1927/814/814 1928/878/878
f 1927/814/814 1961/879/879 1928/878/878
f 1961/879/879 1993/816/816 1994/880/880
f 1993/816/816 2027/881/881 1994/880/880
f 2027/881/881 2059/818/818 2060/882/882
f 2059/818/818 2093/883/883 2060/882/882
f 2093/883/883 13/756/756 14/821/821
f 15/884/884 47/820/820 48/885/885
f 47/820/820 81/886/886 48/885/885
f 81/886/886 113/823/823 114/887/887
f 113/823/823 147/888/888 114/887/887
f 146/824/824 180/889/889 147/888/888
f 180/889/889 212/826/826 213/890/890
f 213/890/890 245/827/827 246/891/891
f 246/891/891 278/828/828 279/892/892
f 279/892/892 311/829/829 312/893/893
f 312/893/893 344/830/830 345/894/894
f 344/830/830 378/895/895 345/894/894
f 377/831/831 411/896/896 378/895/895
f 411/896/896 443/833/833 444/897/897
f 444/897/897 476/834/834 477/898/898
f 477/898/898 509/835/835 510/899/899
f 509/835/835 543/900/900 510/899/899
f 542/836/836 576/901/901 543/900/900
f 575/837/837 609/902/902 576/901/901
f 609/902/902 641/839/839 642/903/903
f 642/903/903 674/840/840 675/904/904
f 674/840/840 708/905/905 675/904/904
f 708/905/905 740/842/842 741/906/906
f 741/906/906 773/843/843 774/907/907
f 773/843/843 807/908/908 774/907/907
f 806/844/844 840/909/909 807/908/908
f 839/845/845 873/910/910 840/909/909
f 873/910/910 905/847/847 906/911/911
f 906/911/911 938/848/848 939/912/912
f 939/912/912 971/849/849 972/913/913
f 971/849/849 1005/914/914 972/913/913
f 1004/850/850 1038/915/915 1005/914/914
f 1038/915/915 1070/852/852 1071/916/916
f 1071/916/916 1103/853/853 1104/917/917
f 1103/853/853 1137/918/918 1104/917/917
f 1137/918/918 1169/855/855 1170/919/919
f 1170/919/919 1202/856/856 1203/920/920
f 1203/920/920 1235/857/857 1236/921/921
f 1236/921/921 1268/858/858 1269/922/922
f 1269/922/922 1301/859/859 1302/923/923
f 1302/923/923 1334/860/860 1335/924/924
f 1335/924/924 1367/861/861 1368/925/925
f 1367/861/861 1401/926/926 1368/925/925
f 1401/926/926 1433/863/863 1434/927/927
f 1434/927/927 1466/864/864 1467/928/928
f 1466/864/864 1500/929/929 1467/928/928
f 1499/865/865 1533/930/930 1500/929/929
f 1533/930/930 1565/867/867 1566/931/931
f 1566/931/931 1598/868/868 1599/932/932
f 1599/932/932 1631/869/869 1632/933/933
f 1631/869/869 1665/934/934 1632/933/933
f 1665/934/934 1697/871/871 1698/935/935
f 1698/935/935 1730/872/872 1731/936/936
f 1730/872/872 1764/937/937 1731/936/936
f 1764/937/937 1796/874/874 1797/938/938
f 1797/938/938 1829/875/875 1830/939/939
f 1830/939/939 1862/876/876 1863/940/940
f 1863/940/940 1895/877/877 1896/941/941
f 1896/941/941 1928/878/878 1929/942/942
f 1928/878/878 1962/943/943 1929/942/942
f 1962/943/943 1994/880/880 1995/944/944
f 1994/880/880 2028/945/945 1995/944/944
f 2028/945/945 2060/882/882 2061/946/946
f 2060/882/882 2094/947/947 2061/946/946
f 2094/947/947 14/821/821 15/884/884
f 16/948/948 48/885/885 49/949/949
f 49/949/949 81/886/886 82/950/950
f 82/950/950 114/887/887 115/951/951
f 114/887/887 148/952/952 115/951/951
f 147/888/888 181/953/953 148/952/952
f 181/953/953 213/890/890 214/954/954
f 214/954/954 246/891/891 247/955/955
f 246/891/891 280/956/956 247/955/955
f 279/892/892 313/957/957 280/956/956
f 313/957/957 345/894/894 346/958/958
f 346/958/958 378/895/895 379/959/959
f 379/959/959 411/896/896 412/960/960
f 412/960/960 444/897/897 445/961/961
f 444/897/897 478/962/962 445/961/961
f 477/898/898 511/963/963 478/962/962
f 510/899/899 544/964/964 511/963/963
f 544/964/964 576/901/901 577/965/965
f 577/965/965 609/902/902 610/966/966
f 610/966/966 642/903/903 643/967/967
f 642/903/903 676/968/968 643/967/967
f 675/904/904 709/969/969 676/968/968
f 708/905/905 742/970/970 709/969/969
f 742/970/970 774/907/907 775/971/971
f 775/971/971 807/908/908 808/972/972
f 808/972/972 840/909/909 841/973/973
f 841/973/973 873/910/910 874/974/974
f 874/974/974 906/911/911 907/975/975
f 907/975/975 939/912/912 940/976/976
f 940/976/976 972/913/913 973/977/977
f 972/913/913 1006/978/978 973/977/977
f 1006/978/978 1038/915/915 1039/979/979
f 1038/915/915 1072/980/980 1039/979/979
f 1072/980/980 1104/917/917 1105/981/981
f 1105/981/981 1137/918/918 1138/982/982
f 1138/982/982 1170/919/919 1171/983/983
f 1170/919/919 1204/984/984 1171/983/983
f 1203/920/920 1237/985/985 1204/984/984
f 1236/921/921 1270/986/986 1237/985/985
f 1270/986/986 1302/923/923 1303/987/987
f 1302/923/923 1336/988/988 1303/987/987
f 1336/988/988 1368/925/925 1369/989/989
f 1369/989/989 1401/926/926 1402/990/990
f 1402/990/990 1434/927/927 1435/991/991
f 1435/991/991 1467/928/928 1468/992/992
f 1467/928/928 1501/993/993 1468/992/992
f 1500/929/929 1534/994/994 1501/993/993
f 1534/994/994 1566/931/931 1567/995/995
f 1566/931/931 1600/996/996 1567/995/995
f 1600/996/996 1632/933/933 1633/997/997
f 1632/933/933 1666/998/998 1633/997/997
f 1665/934/934 1699/999/999 1666/998/998
f 1699/999/999 1731/936/936 1732/1000/1000
f 1731/936/936 1765/1001/1001 1732/1000/1000
f 1765/1001/1001 1797/938/938 1798/1002/1002
f 1798/1002/1002 1830/939/939 1831/1003/1003
f 1830/939/939 1864/1004/1004 1831/1003/1003
f 1864/1004/1004 1896/941/941 1897/1005/1005
f 1897/1005/1005 1929/942/942 1930/1006/1006
f 1929/942/942 1963/1007/1007 1930/1006/1006
f 1962/943/943 1996/1008/1008 1963/1007/1007
f 1995/944/944 2029/1009/1009 1996/1008/1008
f 2029/1009/1009 2061/946/946 2062/1010/1010
f 2062/1010/1010 2094/947/947 2095/1011/1011
f 2094/947/947 16/948/948 2095/1011/1011
f 17/1012/1012 49/949/949 50/1013/1013
f 50/1013/1013 82/950/950 83/1014/1014
f 83/1014/1014 115/951/951 116/1015/1015
f 115/951/951 149/1016/1016 116/1015/1015
f 148/952/952 182/1017/1017 149/1016/1016
f 181/953/953 215/1018/1018 182/1017/1017
f 215/1018/1018 247/955/955 248/1019/1019
f 247/955/955 281/1020/1020 248/1019/1019
f 281/1020/1020 313/957/957 314/1021/1021
f 313/957/957 347/1022/1022 314/1021/1021
f 346/958/958 380/1023/1023 347/1022/1022
f 379/959/959 413/1024/1024 380/1023/1023
f 413/1024/1024 445/961/961 446/1025/1025
f 446/1025/1025 478/962/962 479/1026/1026
f 479/1026/1026 511/963/963 512/1027/1027
f 511/963/963 545/1028/1028 512/1027/1027
f 545/1028/1028 577/965/965 578/1029/1029
f 578/1029/1029 610/966/966 611/1030/1030
f 610/966/966 644/1031/1031 611/1030/1030
f 644/1031/1031 676/968/968 677/1032/1032
f 676/968/968 710/1033/1033 677/1032/1032
f 710/1033/1033 742/970/970 743/1034/1034
f 743/1034/1034 775/971/971 776/1035/1035
f 775/971/971 809/1036/1036 776/1035/1035
f 809/1036/1036 841/973/973 842/1037/1037
f 842/1037/1037 874/974/974 875/1038/1038
f 875/1038/1038 907/975/975 908/1039/1039
f 907/975/975 941/1040/1040 908/1039/1039
f 941/1040/1040 973/977/977 974/1041/1041
f 974/1041/1041 1006/978/978 1007/1042/1042
f 1007/1042/1042 1039/979/979 1040/1043/1043
f 1040/1043/1043 1072/980/980 1073/1044/1044
f 1072/980/980 1106/1045/1045 1073/1044/1044
f 1106/1045/1045 1138/982/982 1139/1046/1046
f 1139/1046/1046 1171/983/983 1172/1047/1047
f 1172/1047/1047 1204/984/984 1205/1048/1048
f 1205/1048/1048 1237/985/985 1238/1049/1049
f 1238/1049/1049 1270/986/986 1271/1050/1050
f 1271/1050/1050 1303/987/987 1304/1051/1051
f 1303/987/987 1337/1052/1052 1304/1051/1051
f 1337/1052/1052 1369/989/989 1370/1053/1053
f 1369/989/989 1403/1054/1054 1370/1053/1053
f 1402/990/990 1436/1055/1055 1403/1054/1054
f 1436/1055/1055 1468/992/992 1469/1056/1056
f 1468/992/992 1502/1057/1057 1469/1056/1056
f 1502/1057/1057 1534/994/994 1535/1058/1058
f 1535/1058/1058 1567/995/995 1568/1059/1059
f 1567/995/995 1601/1060/1060 1568/1059/1059
f 1601/1060/1060 1633/997/997 1634/1061/1061
f 1634/1061/1061 1666/998/998 1667/1062/1062
f 1667/1062/1062 1699/999/999 1700/1063/1063
f 1699/999/999 1733/1064/1064 1700/1063/1063
f 1732/1000/1000 1766/1065/1065 1733/1064/1064
f 1765/1001/1001 1799/1066/1066 1766/1065/1065
f 1799/1066/1066 1831/1003/1003 1832/1067/1067
f 1831/1003/1003 1865/1068/1068 1832/1067/1067
f 1864/1004/1004 1898/1069/1069 1865/1068/1068
f 1898/1069/1069 1930/1006/1006 1931/1070/1070
f 1930/1006/1006 1964/1071/1071 1931/1070/1070
f 1963/1007/1007 1997/1072/1072 1964/1071/1071
f 1996/1008/1008 2030/1073/1073 1997/1072/1072
f 2030/1073/1073 2062/1010/1010 2063/1074/1074
f 2063/1074/1074 2095/1011/1011 2096/1075/1075
f 2096/1075/1075 16/948/948 17/1012/1012
f 18/1076/1076 50/1013/1013 51/1077/1077
f 50/1013/1013 84/1078/1078 51/1077/1077
f 84/1078/1078 116/1015/1015 117/1079/1079
f 116/1015/1015 150/1080/1080 117/1079/1079
f 149/1016/1016 183/1081/1081 150/1080/1080
f 182/1017/1017 216/1082/1082 183/1081/1081
f 216/1082/1082 248/1019/1019 249/1083/1083
f 248/1019/1019 282/1084/1084 249/1083/1083
f 282/1084/1084 314/1021/1021 315/1085/1085
f 315/1085/1085 347/1022/1022 348/1086/1086
f 348/1086/1086 380/1023/1023 381/1087/1087
f 380/1023/1023 414/1088/1088 381/1087/1087
f 413/1024/1024 447/1089/1089 414/1088/1088
f 446/1025/1025 480/1090/1090 447/1089/1089
f 480/1090/1090 512/1027/1027 513/1091/1091
f 513/1091/1091 545/1028/1028 546/1092/1092
f 546/1092/1092 578/1029/1029 579/1093/1093
f 578/1029/1029 612/1094/1094 579/1093/1093
f 612/1094/1094 644/1031/1031 645/1095/1095
f 645/1095/1095 677/1032/1032 678/1096/1096
f 678/1096/1096 710/1033/1033 711/1097/1097
f 711/1097/1097 743/1034/1034 744/1098/1098
f 744/1098/1098 776/1035/1035 777/1099/1099
f 776/1035/1035 810/1100/1100 777/1099/1099
f 810/1100/1100 842/1037/1037 843/1101/1101
f 843/1101/1101 875/1038/1038 876/1102/1102
f 876/1102/1102 908/1039/1039 909/1103/1103
f 909/1103/1103 941/1040/1040 942/1104/1104
f 942/1104/1104 974/1041/1041 975/1105/1105
f 975/1105/1105 1007/1042/1042 1008/1106/1106
f 1008/1106/1106 1040/1043/1043 1041/1107/1107
f 1041/1107/1107 1073/1044/1044 1074/1108/1108
f 1074/1108/1108 1106/1045/1045 1107/1109/1109
f 1107/1109/1109 1139/1046/1046 1140/1110/1110
f 1140/1110/1110 1172/1047/1047 1173/1111/1111
f 1172/1047/1047 1206/1112/1112 1173/1111/1111
f 1205/1048/1048 1239/1113/1113 1206/1112/1112
f 1238/1049/1049 1272/1114/1114 1239/1113/1113
f 1272/1114/1114 1304/1051/1051 1305/1115/1115
f 1304/1051/1051 1338/1116/1116 1305/1115/1115
f 1338/1116/1116 1370/1053/1053 1371/1117/1117
f 1371/1117/1117 1403/1054/1054 1404/1118/1118
f 1404/1118/1118 1436/1055/1055 1437/1119/1119
f 1436/1055/1055 1470/1120/1120 1437/1119/1119
f 1470/1120/1120 1502/1057/1057 1503/1121/1121
f 1503/1121/1121 1535/1058/1058 1536/1122/1122
f 1536/1122/1122 1568/1059/1059 1569/1123/1123
f 1569/1123/1123 1601/1060/1060 1602/1124/1124
f 1602/1124/1124 1634/1061/1061 1635/1125/1125
f 1634/1061/1061 1668/1126/1126 1635/1125/1125
f 1668/1126/1126 1700/1063/1063 1701/1127/1127
f 1701/1127/1127 1733/1064/1064 1734/1128/1128
f 1734/1128/1128 1766/1065/1065 1767/1129/1129
f 1767/1129/1129 1799/1066/1066 1800/1130/1130
f 1800/1130/1130 1832/1067/1067 1833/1131/1131
f 1833/1131/1131 1865/1068/1068 1866/1132/1132
f 1866/1132/1132 1898/1069/1069 1899/1133/1133
f 1899/1133/1133 1931/1070/1070 1932/1134/1134
f 1932/1134/1134 1964/1071/1071 1965/1135/1135
f 1965/1135/1135 1997/1072/1072 1998/1136/1136
f 1998/1136/1136 2030/1073/1073 2031/1137/1137
f 2031/1137/1137 2063/1074/1074 2064/1138/1138
f 2064/1138/1138 2096/1075/1075 2097/1139/1139
f 2097/1139/1139 17/1012/1012 18/1076/1076
f 19/1140/1140 51/1077/1077 52/1141/1141
f 51/1077/1077 85/1142/1142 52/1141/1141
f 85/1142/1142 117/1079/1079 118/1143/1143
f 118/1143/1143 150/1080/1080 151/1144/1144
f 151/1144/1144 183/1081/1081 184/1145/1145
f 184/1145/1145 216/1082/1082 217/1146/1146
f 217/1146/1146 249/1083/1083 250/1147/1147
f 249/1083/1083 283/1148/1148 250/1147/1147
f 282/1084/1084 316/1149/1149 283/1148/1148
f 316/1149/1149 348/1086/1086 349/1150/1150
f 348/1086/1086 382/1151/1151 349/1150/1150
f 381/1087/1087 415/1152/1152 382/1151/1151
f 415/1152/1152 447/1089/1089 448/1153/1153
f 448/1153/1153 480/1090/1090 481/1154/1154
f 481/1154/1154 513/1091/1091 514/1155/1155
f 514/1155/1155 546/1092/1092 547/1156/1156
f 546/1092/1092 580/1157/1157 547/1156/1156
f 579/1093/1093 613/1158/1158 580/1157/1157
f 613/1158/1158 645/1095/1095 646/1159/1159
f 646/1159/1159 678/1096/1096 679/1160/1160
f 679/1160/1160 711/1097/1097 712/1161/1161
f 711/1097/1097 745/1162/1162 712/1161/1161
f 745/1162/1162 777/1099/1099 778/1163/1163
f 778/1163/1163 810/1100/1100 811/1164/1164
f 810/1100/1100 844/1165/1165 811/1164/1164
f 844/1165/1165 876/1102/1102 877/1166/1166
f 876/1102/1102 910/1167/1167 877/1166/1166
f 909/1103/1103 943/1168/1168 910/1167/1167
f 942/1104/1104 976/1169/1169 943/1168/1168
f 975/1105/1105 1009/1170/1170 976/1169/1169
f 1008/1106/1106 1042/1171/1171 1009/1170/1170
f 1041/1107/1107 1075/1172/1172 1042/1171/1171
f 1075/1172/1172 1107/1109/1109 1108/1173/1173
f 1107/1109/1109 1141/1174/1174 1108/1173/1173
f 1141/1174/1174 1173/1111/1111 1174/1175/1175
f 1174/1175/1175 1206/1112/1112 1207/1176/1176
f 1207/1176/1176 1239/1113/1113 1240/1177/1177
f 1240/1177/1177 1272/1114/1114 1273/1178/1178
f 1273/1178/1178 1305/1115/1115 1306/1179/1179
f 1305/1115/1115 1339/1180/1180 1306/1179/1179
f 1339/1180/1180 1371/1117/1117 1372/1181/1181
f 1372/1181/1181 1404/1118/1118 1405/1182/1182
f 1405/1182/1182 1437/1119/1119 1438/1183/1183
f 1437/1119/1119 1471/1184/1184 1438/1183/1183
f 1471/1184/1184 1503/1121/1121 1504/1185/1185
f 1504/1185/1185 1536/1122/1122 1537/1186/1186
f 1537/1186/1186 1569/1123/1123 1570/1187/1187
f 1570/1187/1187 1602/1124/1124 1603/1188/1188
f 1603/1188/1188 1635/1125/1125 1636/1189/1189
f 1635/1125/1125 1669/1190/1190 1636/1189/1189
f 1668/1126/1126 1702/1191/1191 1669/1190/1190
f 1702/1191/1191 1734/1128/1128 1735/1192/1192
f 1734/1128/1128 1768/1193/1193 1735/1192/1192
f 1768/1193/1193 1800/1130/1130 1801/1194/1194
f 1801/1194/1194 1833/1131/1131 1834/1195/1195
f 1833/1131/1131 1867/1196/1196 1834/1195/1195
f 1867/1196/1196 1899/1133/1133 1900/1197/1197
f 1900/1197/1197 1932/1134/1134 1933/1198/1198
f 1932/1134/1134 1966/1199/1199 1933/1198/1198
f 1966/1199/1199 1998/1136/1136 1999/1200/1200
f 1998/1136/1136 2032/1201/1201 1999/1200/1200
f 2032/1201/1201 2064/1138/1138 2065/1202/1202
f 2065/1202/1202 2097/1139/1139 2098/1203/1203
f 2097/1139/1139 19/1140/1140 2098/1203/1203
f 19/1140/1140 53/1204/1204 20/1205/1205
f 52/1141/1141 86/1206/1206 53/1204/1204
f 86/1206/1206 118/1143/1143 119/1207/1207
f 118/1143/1143 152/1208/1208 119/1207/1207
f 151/1144/1144 185/1209/1209 152/1208/1208
f 185/1209/1209 217/1146/1146 218/1210/1210
f 218/1210/1210 250/1147/1147 251/1211/1211
f 251/1211/1211 283/1148/1148 284/1212/1212
f 283/1148/1148 317/1213/1213 284/1212/1212
f 317/1213/1213 349/1150/1150 350/1214/1214
f 349/1150/1150 383/1215/1215 350/1214/1214
f 383/1215/1215 415/1152/1152 416/1216/1216
f 416/1216/1216 448/1153/1153 449/1217/1217
f 448/1153/1153 482/1218/1218 449/1217/1217
f 481/1154/1154 515/1219/1219 482/1218/1218
f 515/1219/1219 547/1156/1156 548/1220/1220
f 547/1156/1156 581/1221/1221 548/1220/1220
f 581/1221/1221 613/1158/1158 614/1222/1222
f 613/1158/1158 647/1223/1223 614/1222/1222
f 647/1223/1223 679/1160/1160 680/1224/1224
f 679/1160/1160 713/1225/1225 680/1224/1224
f 712/1161/1161 746/1226/1226 713/1225/1225
f 745/1162/1162 779/1227/1227 746/1226/1226
f 779/1227/1227 811/1164/1164 812/1228/1228
f 812/1228/1228 844/1165/1165 845/1229/1229
f 845/1229/1229 877/1166/1166 878/1230/1230
f 877/1166/1166 911/1231/1231 878/1230/1230
f 911/1231/1231 943/1168/1168 944/1232/1232
f 944/1232/1232 976/1169/1169 977/1233/1233
f 977/1233/1233 1009/1170/1170 1010/1234/1234
f 1009/1170/1170 1043/1235/1235 1010/1234/1234
f 1042/1171/1171 1076/1236/1236 1043/1235/1235
f 1075/1172/1172 1109/1237/1237 1076/1236/1236
f 1109/1237/1237 1141/1174/1174 1142/1238/1238
f 1141/1174/1174 1175/1239/1239 1142/1238/1238
f 1174/1175/1175 1208/1240/1240 1175/1239/1239
f 1207/1176/1176 1241/1241/1241 1208/1240/1240
f 1240/1177/1177 1274/1242/1242 1241/1241/1241
f 1273/1178/1178 1307/1243/1243 1274/1242/1242
f 1306/1179/1179 1340/1244/1244 1307/1243/1243
f 1340/1244/1244 1372/1181/1181 1373/1245/1245
f 1373/1245/1245 1405/1182/1182 1406/1246/1246
f 1406/1246/1246 1438/1183/1183 1439/1247/1247
f 1438/1183/1183 1472/1248/1248 1439/1247/1247
f 1472/1248/1248 1504/1185/1185 1505/1249/1249
f 1504/1185/1185 1538/1250/1250 1505/1249/1249
f 1537/1186/1186 1571/1251/1251 1538/1250/1250
f 1571/1251/1251 1603/1188/1188 1604/1252/1252
f 1603/1188/1188 1637/1253/1253 1604/1252/1252
f 1637/1253/1253 1669/1190/1190 1670/1254/1254
f 1669/1190/1190 1703/1255/1255 1670/1254/1254
f 1703/1255/1255 1735/1192/1192 1736/1256/1256
f 1735/1192/1192 1769/1257/1257 1736/1256/1256
f 1768/1193/1193 1802/1258/1258 1769/1257/1257
f 1802/1258/1258 1834/1195/1195 1835/1259/1259
f 1835/1259/1259 1867/1196/1196 1868/1260/1260
f 1867/1196/1196 1901/1261/1261 1868/1260/1260
f 1901/1261/1261 1933/1198/1198 1934/1262/1262
f 1933/1198/1198 1967/1263/1263 1934/1262/1262
f 1967/1263/1263 1999/1200/1200 2000/1264/1264
f 2000/1264/1264 2032/1201/1201 2033/1265/1265
f 2033/1265/1265 2065/1202/1202 2066/1266/1266
f 2065/1202/1202 2099/1267/1267 2066/1266/1266
f 2098/1203/1203 20/1205/1205 2099/1267/1267
f 21/1268/1268 53/1204/1204 54/1269/1269
f 54/1269/1269 86/1206/1206 87/1270/1270
f 87/1270/1270 119/1207/1207 120/1271/1271
f 120/1271/1271 152/1208/1208 153/1272/1272
f 152/1208/1208 186/1273/1273 153/1272/1272
f 186/1273/1273 218/1210/1210 219/1274/1274
f 218/1210/1210 252/1275/1275 219/1274/1274
f 252/1275/1275 284/1212/1212 285/1276/1276
f 284/1212/1212 318/1277/1277 285/1276/1276
f 317/1213/1213 351/1278/1278 318/1277/1277
f 350/1214/1214 384/1279/1279 351/1278/1278
f 384/1279/1279 416/1216/1216 417/1280/1280
f 417/1280/1280 449/1217/1217 450/1281/1281
f 449/1217/1217 483/1282/1282 450/1281/1281
f 482/1218/1218 516/1283/1283 483/1282/1282
f 516/1283/1283 548/1220/1220 549/1284/1284
f 548/1220/1220 582/1285/1285 549/1284/1284
f 582/1285/1285 614/1222/1222 615/1286/1286
f 615/1286/1286 647/1223/1223 648/1287/1287
f 648/1287/1287 680/1224/1224 681/1288/1288
f 680/1224/1224 714/1289/1289 681/1288/1288
f 714/1289/1289 746/1226/1226 747/1290/1290
f 746/1226/1226 780/1291/1291 747/1290/1290
f 779/1227/1227 813/1292/1292 780/1291/1291
f 813/1292/1292 845/1229/1229 846/1293/1293
f 846/1293/1293 878/1230/1230 879/1294/1294
f 878/1230/1230 912/1295/1295 879/1294/1294
f 912/1295/1295 944/1232/1232 945/1296/1296
f 945/1296/1296 977/1233/1233 978/1297/1297
f 977/1233/1233 1011/1298/1298 978/1297/1297
f 1010/1234/1234 1044/1299/1299 1011/1298/1298
f 1043/1235/1235 1077/1300/1300 1044/1299/1299
f 1076/1236/1236 1110/1301/1301 1077/1300/1300
f 1110/1301/1301 1142/1238/1238 1143/1302/1302
f 1142/1238/1238 1176/1303/1303 1143/1302/1302
f 1176/1303/1303 1208/1240/1240 1209/1304/1304
f 1208/1240/1240 1242/1305/1305 1209/1304/1304
f 1242/1305/1305 1274/1242/1242 1275/1306/1306
f 1275/1306/1306 1307/1243/1243 1308/1307/1307
f 1307/1243/1243 1341/1308/1308 1308/1307/1307
f 1340/1244/1244 1374/1309/1309 1341/1308/1308
f 1374/1309/1309 1406/1246/1246 1407/1310/1310
f 1407/1310/1310 1439/1247/1247 1440/1311/1311
f 1440/1311/1311 1472/1248/1248 1473/1312/1312
f 1473/1312/1312 1505/1249/1249 1506/1313/1313
f 1505/1249/1249 1539/1314/1314 1506/1313/1313
f 1538/1250/1250 1572/1315/1315 1539/1314/1314
f 1572/1315/1315 1604/1252/1252 1605/1316/1316
f 1604/1252/1252 1638/1317/1317 1605/1316/1316
f 1638/1317/1317 1670/1254/1254 1671/1318/1318
f 1671/1318/1318 1703/1255/1255 1704/1319/1319
f 1704/1319/1319 1736/1256/1256 1737/1320/1320
f 1736/1256/1256 1770/1321/1321 1737/1320/1320
f 1769/1257/1257 1803/1322/1322 1770/1321/1321
f 1803/1322/1322 1835/1259/1259 1836/1323/1323
f 1836/1323/1323 1868/1260/1260 1869/1324/1324
f 1869/1324/1324 1901/1261/1261 1902/1325/1325
f 1902/1325/1325 1934/1262/1262 1935/1326/1326
f 1934/1262/1262 1968/1327/1327 1935/1326/1326
f 1967/1263/1263 2001/1328/1328 1968/1327/1327
f 2001/1328/1328 2033/1265/1265 2034/1329/1329
f 2034/1329/1329 2066/1266/1266 2067/1330/1330
f 2066/1266/1266 2100/1331/1331 2067/1330/1330
f 2099/1267/1267 21/1268/1268 2100/1331/1331
f 21/1268/1268 55/1332/1332 22/1333/1333
f 54/1269/1269 88/1334/1334 55/1332/1332
f 88/1334/1334 120/1271/1271 121/1335/1335
f 120/1271/1271 154/1336/1336 121/1335/1335
f 153/1272/1272 187/1337/1337 154/1336/1336
f 187/1337/1337 219/1274/1274 220/1338/1338
f 219/1274/1274 253/1339/1339 220/1338/1338
f 252/1275/1275 286/1340/1340 253/1339/1339
f 285/1276/1276 319/1341/1341 286/1340/1340
f 318/1277/1277 352/1342/1342 319/1341/1341
f 352/1342/1342 384/1279/1279 385/1343/1343
f 385/1343/1343 417/1280/1280 418/1344/1344
f 418/1344/1344 450/1281/1281 451/1345/1345
f 451/1345/1345 483/1282/1282 484/1346/1346
f 484/1346/1346 516/1283/1283 517/1347/1347
f 517/1347/1347 549/1284/1284 550/1348/1348
f 549/1284/1284 583/1349/1349 550/1348/1348
f 582/1285/1285 616/1350/1350 583/1349/1349
f 615/1286/1286 649/1351/1351 616/1350/1350
f 649/1351/1351 681/1288/1288 682/1352/1352
f 681/1288/1288 715/1353/1353 682/1352/1352
f 714/1289/1289 748/1354/1354 715/1353/1353
f 748/1354/1354 780/1291/1291 781/1355/1355
f 780/1291/1291 814/1356/1356 781/1355/1355
f 814/1356/1356 846/1293/1293 847/1357/1357
f 846/1293/1293 880/1358/1358 847/1357/1357
f 880/1358/1358 912/1295/1295 913/1359/1359
f 913/1359/1359 945/1296/1296 946/1360/1360
f 946/1360/1360 978/1297/1297 979/1361/1361
f 978/1297/1297 1012/1362/1362 979/1361/1361
f 1011/1298/1298 1045/1363/1363 1012/1362/1362
f 1045/1363/1363 1077/1300/1300 1078/1364/1364
f 1077/1300/1300 1111/1365/1365 1078/1364/1364
f 1111/1365/1365 1143/1302/1302 1144/1366/1366
f 1144/1366/1366 1176/1303/1303 1177/1367/1367
f 1177/1367/1367 1209/1304/1304 1210/1368/1368
f 1209/1304/1304 1243/1369/1369 1210/1368/1368
f 1242/1305/1305 1276/1370/1370 1243/1369/1369
f 1276/1370/1370 1308/1307/1307 1309/1371/1371
f 1309/1371/1371 1341/1308/1308 1342/1372/1372
f 1342/1372/1372 1374/1309/1309 1375/1373/1373
f 1375/1373/1373 1407/1310/1310 1408/1374/1374
f 1407/1310/1310 1441/1375/1375 1408/1374/1374
f 1441/1375/1375 1473/1312/1312 1474/1376/1376
f 1474/1376/1376 1506/1313/1313 1507/1377/1377
f 1507/1377/1377 1539/1314/1314 1540/1378/1378
f 1539/1314/1314 1573/1379/1379 1540/1378/1378
f 1573/1379/1379 1605/1316/1316 1606/1380/1380
f 1605/1316/1316 1639/1381/1381 1606/1380/1380
f 1638/1317/1317 1672/1382/1382 1639/1381/1381
f 1671/1318/1318 1705/1383/1383 1672/1382/1382
f 1705/1383/1383 1737/1320/1320 1738/1384/1384
f 1737/1320/1320 1771/1385/1385 1738/1384/1384
f 1770/1321/1321 1804/1386/1386 1771/1385/1385
f 1804/1386/1386 1836/1323/1323 1837/1387/1387
f 1837/1387/1387 1869/1324/1324 1870/1388/1388
f 1870/1388/1388 1902/1325/1325 1903/1389/1389
f 1902/1325/1325 1936/1390/1390 1903/1389/1389
f 1935/1326/1326 1969/1391/1391 1936/1390/1390
f 1969/1391/1391 2001/1328/1328 2002/1392/1392
f 2002/1392/1392 2034/1329/1329 2035/1393/1393
f 2035/1393/1393 2067/1330/1330 2068/1394/1394
f 2067/1330/1330 2101/1395/1395 2068/1394/1394
f 2100/1331/1331 22/1333/1333 2101/1395/1395
f 22/1333/1333 56/1396/1396 23/1397/1397
f 55/1332/1332 89/1398/1398 56/1396/1396
f 89/1398/1398 121/1335/1335 122/1399/1399
f 122/1399/1399 154/1336/1336 155/1400/1400
f 155/1400/1400 187/1337/1337 188/1401/1401
f 188/1401/1401 220/1338/1338 221/1402/1402
f 220/1338/1338 254/1403/1403 221/1402/1402
f 253/1339/1339 287/1404/1404 254/1403/1403
f 287/1404/1404 319/1341/1341 320/1405/1405
f 320/1405/1405 352/1342/1342 353/1406/1406
f 353/1406/1406 385/1343/1343 386/1407/1407
f 385/1343/1343 419/1408/1408 386/1407/1407
f 419/1408/1408 451/1345/1345 452/1409/1409
f 451/1345/1345 485/1410/1410 452/1409/1409
f 485/1410/1410 517/1347/1347 518/1411/1411
f 518/1411/1411 550/1348/1348 551/1412/1412
f 550/1348/1348 584/1413/1413 551/1412/1412
f 583/1349/1349 617/1414/1414 584/1413/1413
f 616/1350/1350 650/1415/1415 617/1414/1414
f 650/1415/1415 682/1352/1352 683/1416/1416
f 682/1352/1352 716/1417/1417 683/1416/1416
f 716/1417/1417 748/1354/1354 749/1418/1418
f 749/1418/1418 781/1355/1355 782/1419/1419
f 781/1355/1355 815/1420/1420 782/1419/1419
f 815/1420/1420 847/1357/1357 848/1421/1421
f 847/1357/1357 881/1422/1422 848/1421/1421
f 881/1422/1422 913/1359/1359 914/1423/1423
f 913/1359/1359 947/1424/1424 914/1423/1423
f 947/1424/1424 979/1361/1361 980/1425/1425
f 980/1425/1425 1012/1362/1362 1013/1426/1426
f 1013/1426/1426 1045/1363/1363 1046/1427/1427
f 1046/1427/1427 1078/1364/1364 1079/1428/1428
f 1078/1364/1364 1112/1429/1429 1079/1428/1428
f 1111/1365/1365 1145/1430/1430 1112/1429/1429
f 1145/1430/1430 1177/1367/1367 1178/1431/1431
f 1178/1431/1431 1210/1368/1368 1211/1432/1432
f 1211/1432/1432 1243/1369/1369 1244/1433/1433
f 1243/1369/1369 1277/1434/1434 1244/1433/1433
f 1276/1370/1370 1310/1435/1435 1277/1434/1434
f 1309/1371/1371 1343/1436/1436 1310/1435/1435
f 1343/1436/1436 1375/1373/1373 1376/1437/1437
f 1375/1373/1373 1409/1438/1438 1376/1437/1437
f 1408/1374/1374 1442/1439/1439 1409/1438/1438
f 1442/1439/1439 1474/1376/1376 1475/1440/1440
f 1475/1440/1440 1507/1377/1377 1508/1441/1441
f 1508/1441/1441 1540/1378/1378 1541/1442/1442
f 1540/1378/1378 1574/1443/1443 1541/1442/1442
f 1574/1443/1443 1606/1380/1380 1607/1444/1444
f 1606/1380/1380 1640/1445/1445 1607/1444/1444
f 1640/1445/1445 1672/1382/1382 1673/1446/1446
f 1672/1382/1382 1706/1447/1447 1673/1446/1446
f 1706/1447/1447 1738/1384/1384 1739/1448/1448
f 1739/1448/1448 1771/1385/1385 1772/1449/1449
f 1771/1385/1385 1805/1450/1450 1772/1449/1449
f 1805/1450/1450 1837/1387/1387 1838/1451/1451
f 1837/1387/1387 1871/1452/1452 1838/1451/1451
f 1870/1388/1388 1904/1453/1453 1871/1452/1452
f 1904/1453/1453 1936/1390/1390 1937/1454/1454
f 1937/1454/1454 1969/1391/1391 1970/1455/1455
f 1970/1455/1455 2002/1392/1392 2003/1456/1456
f 2003/1456/1456 2035/1393/1393 2036/1457/1457
f 2036/1457/1457 2068/1394/1394 2069/1458/1458
f 2068/1394/1394 2102/1459/1459 2069/1458/1458
f 2101/1395/1395 23/1397/1397 2102/1459/1459
f 23/1397/1397 57/1460/1460 24/1461/1461
f 57/1460/1460 89/1398/1398 90/1462/1462
f 90/1462/1462 122/1399/1399 123/1463/1463
f 122/1399/1399 156/1464/1464 123/1463/1463
f 156/1464/1464 188/1401/1401 189/1465/1465
f 189/1465/1465 221/1402/1402 222/1466/1466
f 222/1466/1466 254/1403/1403 255/1467/1467
f 255/1467/1467 287/1404/1404 288/1468/1468
f 288/1468/1468 320/1405/1405 321/1469/1469
f 321/1469/1469 353/1406/1406 354/1470/1470
f 353/1406/1406 387/1471/1471 354/1470/1470
f 387/1471/1471 419/1408/1408 420/1472/1472
f 420/1472/1472 452/1409/1409 453/1473/1473
f 453/1473/1473 485/1410/1410 486/1474/1474
f 485/1410/1410 519/1475/1475 486/1474/1474
f 519/1475/1475 551/1412/1412 552/1476/1476
f 551/1412/1412 585/1477/1477 552/1476/1476
f 584/1413/1413 618/1478/1478 585/1477/1477
f 618/1478/1478 650/1415/1415 651/1479/1479
f 651/1479/1479 683/1416/1416 684/1480/1480
f 684/1480/1480 716/1417/1417 717/1481/1481
f 717/1481/1481 749/1418/1418 750/1482/1482
f 749/1418/1418 783/1483/1483 750/1482/1482
f 782/1419/1419 816/1484/1484 783/1483/1483
f 815/1420/1420 849/1485/1485 816/1484/1484
f 848/1421/1421 882/1486/1486 849/1485/1485
f 881/1422/1422 915/1487/1487 882/1486/1486
f 914/1423/1423 948/1488/1488 915/1487/1487
f 948/1488/1488 980/1425/1425 981/1489/1489
f 981/1489/1489 1013/1426/1426 1014/1490/1490
f 1013/1426/1426 1047/1491/1491 1014/1490/1490
f 1047/1491/1491 1079/1428/1428 1080/1492/1492
f 1080/1492/1492 1112/1429/1429 1113/1493/1493
f 1112/1429/1429 1146/1494/1494 1113/1493/1493
f 1146/1494/1494 1178/1431/1431 1179/1495/1495
f 1179/1495/1495 1211/1432/1432 1212/1496/1496
f 1212/1496/1496 1244/1433/1433 1245/1497/1497
f 1244/1433/1433 1278/1498/1498 1245/1497/1497
f 1278/1498/1498 1310/1435/1435 1311/1499/1499
f 1310/1435/1435 1344/1500/1500 1311/1499/1499
f 1343/1436/1436 1377/1501/1501 1344/1500/1500
f 1376/1437/1437 1410/1502/1502 1377/1501/1501
f 1409/1438/1438 1443/1503/1503 1410/1502/1502
f 1442/1439/1439 1476/1504/1504 1443/1503/1503
f 1475/1440/1440 1509/1505/1505 1476/1504/1504
f 1508/1441/1441 1542/1506/1506 1509/1505/1505
f 1541/1442/1442 1575/1507/1507 1542/1506/1506
f 1575/1507/1507 1607/1444/1444 1608/1508/1508
f 1607/1444/1444 1641/1509/1509 1608/1508/1508
f 1640/1445/1445 1674/1510/1510 1641/1509/1509
f 1673/1446/1446 1707/1511/1511 1674/1510/1510
f 1707/1511/1511 1739/1448/1448 1740/1512/1512
f 1739/1448/1448 1773/1513/1513 1740/1512/1512
f 1773/1513/1513 1805/1450/1450 1806/1514/1514
f 1806/1514/1514 1838/1451/1451 1839/1515/1515
f 1838/1451/1451 1872/1516/1516 1839/1515/1515
f 1872/1516/1516 1904/1453/1453 1905/1517/1517
f 1905/1517/1517 1937/1454/1454 1938/1518/1518
f 1937/1454/1454 1971/1519/1519 1938/1518/1518
f 1971/1519/1519 2003/1456/1456 2004/1520/1520
f 2003/1456/1456 2037/1521/1521 2004/1520/1520
f 2037/1521/1521 2069/1458/1458 2070/1522/1522
f 2070/1522/1522 2102/1459/1459 2103/1523/1523
f 2102/1459/1459 24/1461/1461 2103/1523/1523
f 24/1461/1461 58/1524/1524 25/1525/1525
f 57/1460/1460 91/1526/1526 58/1524/1524
f 91/1526/1526 123/1463/1463 124/1527/1527
f 124/1527/1527 156/1464/1464 157/1528/1528
f 156/1464/1464 190/1529/1529 157/1528/1528
f 189/1465/1465 223/1530/1530 190/1529/1529
f 223/1530/1530 255/1467/1467 256/1531/1531
f 255/1467/1467 289/1532/1532 256/1531/1531
f 288/1468/1468 322/1533/1533 289/1532/1532
f 321/1469/1469 355/1534/1534 322/1533/1533
f 354/1470/1470 388/1535/1535 355/1534/1534
f 387/1471/1471 421/1536/1536 388/1535/1535
f 421/1536/1536 453/1473/1473 454/1537/1537
f 454/1537/1537 486/1474/1474 487/1538/1538
f 486/1474/1474 520/1539/1539 487/1538/1538
f 520/1539/1539 552/1476/1476 553/1540/1540
f 552/1476/1476 586/1541/1541 553/1540/1540
f 585/1477/1477 619/1542/1542 586/1541/1541
f 619/1542/1542 651/1479/1479 652/1543/1543
f 652/1543/1543 684/1480/1480 685/1544/1544
f 685/1544/1544 717/1481/1481 718/1545/1545
f 717/1481/1481 751/1546/1546 718/1545/1545
f 751/1546/1546 783/1483/1483 784/1547/1547
f 783/1483/1483 817/1548/1548 784/1547/1547
f 817/1548/1548 849/1485/1485 850/1549/1549
f 850/1549/1549 882/1486/1486 883/1550/1550
f 883/1550/1550 915/1487/1487 916/1551/1551
f 916/1551/1551 948/1488/1488 949/1552/1552
f 949/1552/1552 981/1489/1489 982/1553/1553
f 981/1489/1489 1015/1554/1554 982/1553/1553
f 1014/1490/1490 1048/1555/1555 1015/1554/1554
f 1048/1555/1555 1080/1492/1492 1081/1556/1556
f 1080/1492/1492 1114/1557/1557 1081/1556/1556
f 1114/1557/1557 1146/1494/1494 1147/1558/1558
f 1146/1494/1494 1180/1559/1559 1147/1558/1558
f 1179/1495/1495 1213/1560/1560 1180/1559/1559
f 1213/1560/1560 1245/1497/1497 1246/1561/1561
f 1246/1561/1561 1278/1498/1498 1279/1562/1562
f 1279/1562/1562 1311/1499/1499 1312/1563/1563
f 1311/1499/1499 1345/1564/1564 1312/1563/1563
f 1344/1500/1500 1378/1565/1565 1345/1564/1564
f 1378/1565/1565 1410/1502/1502 1411/1566/1566
f 1410/1502/1502 1444/1567/1567 1411/1566/1566
f 1444/1567/1567 1476/1504/1504 1477/1568/1568
f 1476/1504/1504 1510/1569/1569 1477/1568/1568
f 1509/1505/1505 1543/1570/1570 1510/1569/1569
f 1542/1506/1506 1576/1571/1571 1543/1570/1570
f 1576/1571/1571 1608/1508/1508 1609/1572/1572
f 1608/1508/1508 1642/1573/1573 1609/1572/1572
f 1642/1573/1573 1674/1510/1510 1675/1574/1574
f 1674/1510/1510 1708/1575/1575 1675/1574/1574
f 1708/1575/1575 1740/1512/1512 1741/1576/1576
f 1741/1576/1576 1773/1513/1513 1774/1577/1577
f 1774/1577/1577 1806/1514/1514 1807/1578/1578
f 1807/1578/1578 1839/1515/1515 1840/1579/1579
f 1839/1515/1515 1873/1580/1580 1840/1579/1579
f 1873/1580/1580 1905/1517/1517 1906/1581/1581
f 1906/1581/1581 1938/1518/1518 1939/1582/1582
f 1938/1518/1518 1972/1583/1583 1939/1582/1582
f 1972/1583/1583 2004/1520/1520 2005/1584/1584
f 2005/1584/1584 2037/1521/1521 2038/1585/1585
f 2038/1585/1585 2070/1522/1522 2071/1586/1586
f 2071/1586/1586 2103/1523/1523 2104/1587/1587
f 2103/1523/1523 25/1525/1525 2104/1587/1587
f 26/1588/1588 58/1524/1524 59/1589/1589
f 58/1524/1524 92/1590/1590 59/1589/1589
f 91/1526/1526 125/1591/1591 92/1590/1590
f 125/1591/1591 157/1528/1528 158/1592/1592
f 157/1528/1528 191/1593/1593 158/1592/1592
f 190/1529/1529 224/1594/1594 191/1593/1593
f 224/1594/1594 256/1531/1531 257/1595/1595
f 256/1531/1531 290/1596/1596 257/1595/1595
f 290/1596/1596 322/1533/1533 323/1597/1597
f 323/1597/1597 355/1534/1534 356/1598/1598
f 355/1534/1534 389/1599/1599 356/1598/1598
f 388/1535/1535 422/1600/1600 389/1599/1599
f 421/1536/1536 455/1601/1601 422/1600/1600
f 455/1601/1601 487/1538/1538 488/1602/1602
f 487/1538/1538 521/1603/1603 488/1602/1602
f 521/1603/1603 553/1540/1540 554/1604/1604
f 554/1604/1604 586/1541/1541 587/1605/1605
f 587/1605/1605 619/1542/1542 620/1606/1606
f 620/1606/1606 652/1543/1543 653/1607/1607
f 653/1607/1607 685/1544/1544 686/1608/1608
f 686/1608/1608 718/1545/1545 719/1609/1609
f 718/1545/1545 752/1610/1610 719/1609/1609
f 752/1610/1610 784/1547/1547 785/1611/1611
f 784/1547/1547 818/1612/1612 785/1611/1611
f 818/1612/1612 850/1549/1549 851/1613/1613
f 850/1549/1549 884/1614/1614 851/1613/1613
f 884/1614/1614 916/1551/1551 917/1615/1615
f 916/1551/1551 950/1616/1616 917/1615/1615
f 950/1616/1616 982/1553/1553 983/1617/1617
f 983/1617/1617 1015/1554/1554 1016/1618/1618
f 1015/1554/1554 1049/1619/1619 1016/1618/1618
f 1049/1619/1619 1081/1556/1556 1082/1620/1620
f 1081/1556/1556 1115/1621/1621 1082/1620/1620
f 1115/1621/1621 1147/1558/1558 1148/1622/1622
f 1148/1622/1622 1180/1559/1559 1181/1623/1623
f 1181/1623/1623 1213/1560/1560 1214/1624/1624
f 1214/1624/1624 1246/1561/1561 1247/1625/1625
f 1247/1625/1625 1279/1562/1562 1280/1626/1626
f 1279/1562/1562 1313/1627/1627 1280/1626/1626
f 1312/1563/1563 1346/1628/1628 1313/1627/1627
f 1346/1628/1628 1378/1565/1565 1379/1629/1629
f 1379/1629/1629 1411/1566/1566 1412/1630/1630
f 1411/1566/1566 1445/1631/1631 1412/1630/1630
f 1445/1631/1631 1477/1568/1568 1478/1632/1632
f 1478/1632/1632 1510/1569/1569 1511/1633/1633
f 1511/1633/1633 1543/1570/1570 1544/1634/1634
f 1543/1570/1570 1577/1635/1635 1544/1634/1634
f 1577/1635/1635 1609/1572/1572 1610/1636/1636
f 1610/1636/1636 1642/1573/1573 1643/1637/1637
f 1643/1637/1637 1675/1574/1574 1676/1638/1638
f 1675/1574/1574 1709/1639/1639 1676/1638/1638
f 1709/1639/1639 1741/1576/1576 1742/1640/1640
f 1741/1576/1576 1775/1641/1641 1742/1640/1640
f 1774/1577/1577 1808/1642/1642 1775/1641/1641
f 1808/1642/1642 1840/1579/1579 1841/1643/1643
f 1840/1579/1579 1874/1644/1644 1841/1643/1643
f 1874/1644/1644 1906/1581/1581 1907/1645/1645
f 1906/1581/1581 1940/1646/1646 1907/1645/1645
f 1939/1582/1582 1973/1647/1647 1940/1646/1646
f 1973/1647/1647 2005/1584/1584 2006/1648/1648
f 2006/1648/1648 2038/1585/1585 2039/1649/1649
f 2039/1649/1649 2071/1586/1586 2072/1650/1650
f 2071/1586/1586 2105/1651/1651 2072/1650/1650
f 2104/1587/1587 26/1588/1588 2105/1651/1651
f 27/1652/1652 59/1589/1589 60/1653/1653
f 59/1589/1589 93/1654/1654 60/1653/1653
f 93/1654/1654 125/1591/1591 126/1655/1655
f 126/1655/1655 158/1592/1592 159/1656/1656
f 158/1592/1592 192/1657/1657 159/1656/1656
f 191/1593/1593 225/1658/1658 192/1657/1657
f 225/1658/1658 257/1595/1595 258/1659/1659
f 258/1659/1659 290/1596/1596 291/1660/1660
f 291/1660/1660 323/1597/1597 324/1661/1661
f 324/1661/1661 356/1598/1598 357/1662/1662
f 357/1662/1662 389/1599/1599 390/1663/1663
f 390/1663/1663 422/1600/1600 423/1664/1664
f 423/1664/1664 455/1601/1601 456/1665/1665
f 456/1665/1665 488/1602/1602 489/1666/1666
f 488/1602/1602 522/1667/1667 489/1666/1666
f 522/1667/1667 554/1604/1604 555/1668/1668
f 554/1604/1604 588/1669/1669 555/1668/1668
f 587/1605/1605 621/1670/1670 588/1669/1669
f 621/1670/1670 653/1607/1607 654/1671/1671
f 654/1671/1671 686/1608/1608 687/1672/1672
f 686/1608/1608 720/1673/1673 687/1672/1672
f 719/1609/1609 753/1674/1674 720/1673/1673
f 753/1674/1674 785/1611/1611 786/1675/1675
f 785/1611/1611 819/1676/1676 786/1675/1675
f 819/1676/1676 851/1613/1613 852/1677/1677
f 851/1613/1613 885/1678/1678 852/1677/1677
f 885/1678/1678 917/1615/1615 918/1679/1679
f 917/1615/1615 951/1680/1680 918/1679/1679
f 951/1680/1680 983/1617/1617 984/1681/1681
f 983/1617/1617 1017/1682/1682 984/1681/1681
f 1016/1618/1618 1050/1683/1683 1017/1682/1682
f 1049/1619/1619 1083/1684/1684 1050/1683/1683
f 1083/1684/1684 1115/1621/1621 1116/1685/1685
f 1115/1621/1621 1149/1686/1686 1116/1685/1685
f 1148/1622/1622 1182/1687/1687 1149/1686/1686
f 1182/1687/1687 1214/1624/1624 1215/1688/1688
f 1215/1688/1688 1247/1625/1625 1248/1689/1689
f 1247/1625/1625 1281/1690/1690 1248/1689/1689
f 1281/1690/1690 1313/1627/1627 1314/1691/1691
f 1314/1691/1691 1346/1628/1628 1347/1692/1692
f 1347/1692/1692 1379/1629/1629 1380/1693/1693
f 1380/1693/1693 1412/1630/1630 1413/1694/1694
f 1413/1694/1694 1445/1631/1631 1446/1695/1695
f 1446/1695/1695 1478/1632/1632 1479/1696/1696
f 1479/1696/1696 1511/1633/1633 1512/1697/1697
f 1512/1697/1697 1544/1634/1634 1545/1698/1698
f 1545/1698/1698 1577/1635/1635 1578/1699/1699
f 1577/1635/1635 1611/1700/1700 1578/1699/1699
f 1610/1636/1636 1644/1701/1701 1611/1700/1700
f 1643/1637/1637 1677/1702/1702 1644/1701/1701
f 1676/1638/1638 1710/1703/1703 1677/1702/1702
f 1709/1639/1639 1743/1704/1704 1710/1703/1703
f 1742/1640/1640 1776/1705/1705 1743/1704/1704
f 1775/1641/1641 1809/1706/1706 1776/1705/1705
f 1809/1706/1706 1841/1643/1643 1842/1707/1707
f 1841/1643/1643 1875/1708/1708 1842/1707/1707
f 1874/1644/1644 1908/1709/1709 1875/1708/1708
f 1908/1709/1709 1940/1646/1646 1941/1710/1710
f 1940/1646/1646 1974/1711/1711 1941/1710/1710
f 1974/1711/1711 2006/1648/1648 2007/1712/1712
f 2006/1648/1648 2040/1713/1713 2007/1712/1712
f 2040/1713/1713 2072/1650/1650 2073/1714/1714
f 2072/1650/1650 2106/1715/1715 2073/1714/1714
f 2105/1651/1651 27/1652/1652 2106/1715/1715
f 27/1652/1652 61/1716/1716 28/1717/1717
f 60/1653/1653 94/1718/1718 61/1716/1716
f 94/1718/1718 126/1655/1655 127/1719/1719
f 126/1655/1655 160/1720/1720 127/1719/1719
f 159/1656/1656 193/1721/1721 160/1720/1720
f 193/1721/1721 225/1658/1658 226/1722/1722
f 226/1722/1722 258/1659/1659 259/1723/1723
f 258/1659/1659 292/1724/1724 259/1723/1723
f 292/1724/1724 324/1661/1661 325/1725/1725
f 325/1725/1725 357/1662/1662 358/1726/1726
f 357/1662/1662 391/1727/1727 358/1726/1726
f 391/1727/1727 423/1664/1664 424/1728/1728
f 424/1728/1728 456/1665/1665 457/1729/1729
f 457/1729/1729 489/1666/1666 490/1730/1730
f 489/1666/1666 523/1731/1731 490/1730/1730
f 522/1667/1667 556/1732/1732 523/1731/1731
f 556/1732/1732 588/1669/1669 589/1733/1733
f 588/1669/1669 622/1734/1734 589/1733/1733
f 621/1670/1670 655/1735/1735 622/1734/1734
f 655/1735/1735 687/1672/1672 688/1736/1736
f 688/1736/1736 720/1673/1673 721/1737/1737
f 721/1737/1737 753/1674/1674 754/1738/1738
f 754/1738/1738 786/1675/1675 787/1739/1739
f 787/1739/1739 819/1676/1676 820/1740/1740
f 820/1740/1740 852/1677/1677 853/1741/1741
f 852/1677/1677 886/1742/1742 853/1741/1741
f 886/1742/1742 918/1679/1679 919/1743/1743
f 918/1679/1679 952/1744/1744 919/1743/1743
f 952/1744/1744 984/1681/1681 985/1745/1745
f 984/1681/1681 1018/1746/1746 985/1745/1745
f 1017/1682/1682 1051/1747/1747 1018/1746/1746
f 1050/1683/1683 1084/1748/1748 1051/1747/1747
f 1084/1748/1748 1116/1685/1685 1117/1749/1749
f 1117/1749/1749 1149/1686/1686 1150/1750/1750
f 1150/1750/1750 1182/1687/1687 1183/1751/1751
f 1182/1687/1687 1216/1752/1752 1183/1751/1751
f 1216/1752/1752 1248/1689/1689 1249/1753/1753
f 1249/1753/1753 1281/1690/1690 1282/1754/1754
f 1282/1754/1754 1314/1691/1691 1315/1755/1755
f 1314/1691/1691 1348/1756/1756 1315/1755/1755
f 1347/1692/1692 1381/1757/1757 1348/1756/1756
f 1380/1693/1693 1414/1758/1758 1381/1757/1757
f 1413/1694/1694 1447/1759/1759 1414/1758/1758
f 1447/1759/1759 1479/1696/1696 1480/1760/1760
f 1480/1760/1760 1512/1697/1697 1513/1761/1761
f 1513/1761/1761 1545/1698/1698 1546/1762/1762
f 1546/1762/1762 1578/1699/1699 1579/1763/1763
f 1578/1699/1699 1612/1764/1764 1579/1763/1763
f 1612/1764/1764 1644/1701/1701 1645/1765/1765
f 1644/1701/1701 1678/1766/1766 1645/1765/1765
f 1678/1766/1766 1710/1703/1703 1711/1767/1767
f 1711/1767/1767 1743/1704/1704 1744/1768/1768
f 1744/1768/1768 1776/1705/1705 1777/1769/1769
f 1776/1705/1705 1810/1770/1770 1777/1769/1769
f 1809/1706/1706 1843/1771/1771 1810/1770/1770
f 1842/1707/1707 1876/1772/1772 1843/1771/1771
f 1876/1772/1772 1908/1709/1709 1909/1773/1773
f 1908/1709/1709 1942/1774/1774 1909/1773/1773
f 1941/1710/1710 1975/1775/1775 1942/1774/1774
f 1975/1775/1775 2007/1712/1712 2008/1776/1776
f 2008/1776/1776 2040/1713/1713 2041/1777/1777
f 2041/1777/1777 2073/1714/1714 2074/1778/1778
f 2073/1714/1714 2107/1779/1779 2074/1778/1778
f 2106/1715/1715 28/1717/1717 2107/1779/1779
f 28/1717/1717 62/1780/1780 29/1781/1781
f 61/1716/1716 95/1782/1782 62/1780/1780
f 95/1782/1782 127/1719/1719 128/1783/1783
f 127/1719/1719 161/1784/1784 128/1783/1783
f 160/1720/1720 194/1785/1785 161/1784/1784
f 193/1721/1721 227/1786/1786 194/1785/1785
f 227/1786/1786 259/1723/1723 260/1787/1787
f 259/1723/1723 293/1788/1788 260/1787/1787
f 293/1788/1788 325/1725/1725 326/1789/1789
f 326/1789/1789 358/1726/1726 359/1790/1790
f 359/1790/1790 391/1727/1727 392/1791/1791
f 391/1727/1727 425/1792/1792 392/1791/1791
f 425/1792/1792 457/1729/1729 458/1793/1793
f 457/1729/1729 491/1794/1794 458/1793/1793
f 490/1730/1730 524/1795/1795 491/1794/1794
f 523/1731/1731 557/1796/1796 524/1795/1795
f 557/1796/1796 589/1733/1733 590/1797/1797
f 589/1733/1733 623/1798/1798 590/1797/1797
f 623/1798/1798 655/1735/1735 656/1799/1799
f 656/1799/1799 688/1736/1736 689/1800/1800
f 688/1736/1736 722/1801/1801 689/1800/1800
f 721/1737/1737 755/1802/1802 722/1801/1801
f 754/1738/1738 788/1803/1803 755/1802/1802
f 787/1739/1739 821/1804/1804 788/1803/1803
f 821/1804/1804 853/1741/1741 854/1805/1805
f 853/1741/1741 887/1806/1806 854/1805/1805
f 887/1806/1806 919/1743/1743 920/1807/1807
f 920/1807/1807 952/1744/1744 953/1808/1808
f 953/1808/1808 985/1745/1745 986/1809/1809
f 985/1745/1745 1019/1810/1810 986/1809/1809
f 1018/1746/1746 1052/1811/1811 1019/1810/1810
f 1052/1811/1811 1084/1748/1748 1085/1812/1812
f 1084/1748/1748 1118/1813/1813 1085/1812/1812
f 1118/1813/1813 1150/1750/1750 1151/1814/1814
f 1151/1814/1814 1183/1751/1751 1184/1815/1815
f 1183/1751/1751 1217/1816/1816 1184/1815/1815
f 1216/1752/1752 1250/1817/1817 1217/1816/1816
f 1249/1753/1753 1283/1818/1818 1250/1817/1817
f 1282/1754/1754 1316/1819/1819 1283/1818/1818
f 1315/1755/1755 1349/1820/1820 1316/1819/1819
f 1349/1820/1820 1381/1757/1757 1382/1821/1821
f 1382/1821/1821 1414/1758/1758 1415/1822/1822
f 1414/1758/1758 1448/1823/1823 1415/1822/1822
f 1447/1759/1759 1481/1824/1824 1448/1823/1823
f 1480/1760/1760 1514/1825/1825 1481/1824/1824
f 1513/1761/1761 1547/1826/1826 1514/1825/1825
f 1547/1826/1826 1579/1763/1763 1580/1827/1827
f 1580/1827/1827 1612/1764/1764 1613/1828/1828
f 1613/1828/1828 1645/1765/1765 1646/1829/1829
f 1645/1765/1765 1679/1830/1830 1646/1829/1829
f 1679/1830/1830 1711/1767/1767 1712/1831/1831
f 1712/1831/1831 1744/1768/1768 1745/1832/1832
f 1744/1768/1768 1778/1833/1833 1745/1832/1832
f 1777/1769/1769 1811/1834/1834 1778/1833/1833
f 1811/1834/1834 1843/1771/1771 1844/1835/1835
f 1843/1771/1771 1877/1836/1836 1844/1835/1835
f 1877/1836/1836 1909/1773/1773 1910/1837/1837
f 1909/1773/1773 1943/1838/1838 1910/1837/1837
f 1943/1838/1838 1975/1775/1775 1976/1839/1839
f 1976/1839/1839 2008/1776/1776 2009/1840/1840
f 2009/1840/1840 2041/1777/1777 2042/1841/1841
f 2041/1777/1777 2075/1842/1842 2042/1841/1841
f 2075/1842/1842 2107/1779/1779 2108/1843/1843
f 2107/1779/1779 29/1781/1781 2108/1843/1843
f 29/1781/1781 63/1844/1844 30/1845/1845
f 62/1780/1780 96/1846/1846 63/1844/1844
f 96/1846/1846 128/1783/1783 129/1847/1847
f 129/1847/1847 161/1784/1784 162/1848/1848
f 162/1848/1848 194/1785/1785 195/1849/1849
f 194/1785/1785 228/1850/1850 195/1849/1849
f 228/1850/1850 260/1787/1787 261/1851/1851
f 260/1787/1787 294/1852/1852 261/1851/1851
f 293/1788/1788 327/1853/1853 294/1852/1852
f 326/1789/1789 360/1854/1854 327/1853/1853
f 360/1854/1854 392/1791/1791 393/1855/1855
f 392/1791/1791 426/1856/1856 393/1855/1855
f 425/1792/1792 459/1857/1857 426/1856/1856
f 458/1793/1793 492/1858/1858 459/1857/1857
f 492/1858/1858 524/1795/1795 525/1859/1859
f 524/1795/1795 558/1860/1860 525/1859/1859
f 558/1860/1860 590/1797/1797 591/1861/1861
f 591/1861/1861 623/1798/1798 624/1862/1862
f 624/1862/1862 656/1799/1799 657/1863/1863
f 657/1863/1863 689/1800/1800 690/1864/1864
f 690/1864/1864 722/1801/1801 723/1865/1865
f 723/1865/1865 755/1802/1802 756/1866/1866
f 756/1866/1866 788/1803/1803 789/1867/1867
f 788/1803/1803 822/1868/1868 789/1867/1867
f 822/1868/1868 854/1805/1805 855/1869/1869
f 854/1805/1805 888/1870/1870 855/1869/1869
f 888/1870/1870 920/1807/1807 921/1871/1871
f 921/1871/1871 953/1808/1808 954/1872/1872
f 954/1872/1872 986/1809/1809 987/1873/1873
f 987/1873/1873 1019/1810/1810 1020/1874/1874
f 1020/1874/1874 1052/1811/1811 1053/1875/1875
f 1052/1811/1811 1086/1876/1876 1053/1875/1875
f 1085/1812/1812 1119/1877/1877 1086/1876/1876
f 1119/1877/1877 1151/1814/1814 1152/1878/1878
f 1152/1878/1878 1184/1815/1815 1185/1879/1879
f 1185/1879/1879 1217/1816/1816 1218/1880/1880
f 1218/1880/1880 1250/1817/1817 1251/1881/1881
f 1250/1817/1817 1284/1882/1882 1251/1881/1881
f 1284/1882/1882 1316/1819/1819 1317/1883/1883
f 1316/1819/1819 1350/1884/1884 1317/1883/1883
f 1350/1884/1884 1382/1821/1821 1383/1885/1885
f 1383/1885/1885 1415/1822/1822 1416/1886/1886
f 1416/1886/1886 1448/1823/1823 1449/1887/1887
f 1448/1823/1823 1482/1888/1888 1449/1887/1887
f 1481/1824/1824 1515/1889/1889 1482/1888/1888
f 1514/1825/1825 1548/1890/1890 1515/1889/1889
f 1547/1826/1826 1581/1891/1891 1548/1890/1890
f 1580/1827/1827 1614/1892/1892 1581/1891/1891
f 1614/1892/1892 1646/1829/1829 1647/1893/1893
f 1647/1893/1893 1679/1830/1830 1680/1894/1894
f 1679/1830/1830 1713/1895/1895 1680/1894/1894
f 1712/1831/1831 1746/1896/1896 1713/1895/1895
f 1746/1896/1896 1778/1833/1833 1779/1897/1897
f 1779/1897/1897 1811/1834/1834 1812/1898/1898
f 1812/1898/1898 1844/1835/1835 1845/1899/1899
f 1844/1835/1835 1878/1900/1900 1845/1899/1899
f 1877/1836/1836 1911/1901/1901 1878/1900/1900
f 1910/1837/1837 1944/1902/1902 1911/1901/1901
f 1943/1838/1838 1977/1903/1903 1944/1902/1902
f 1977/1903/1903 2009/1840/1840 2010/1904/1904
f 2009/1840/1840 2043/1905/1905 2010/1904/1904
f 2042/1841/1841 2076/1906/1906 2043/1905/1905
f 2076/1906/1906 2108/1843/1843 2109/1907/1907
f 2108/1843/1843 30/1845/1845 2109/1907/1907
f 30/1845/1845 64/1908/1908 31/1909/1909
f 64/1908/1908 96/1846/1846 97/1910/1910
f 96/1846/1846 130/1911/1911 97/1910/1910
f 130/1911/1911 162/1848/1848 163/1912/1912
f 163/1912/1912 195/1849/1849 196/1913/1913
f 195/1849/1849 229/1914/1914 196/1913/1913
f 228/1850/1850 262/1915/1915 229/1914/1914
f 261/1851/1851 295/1916/1916 262/1915/1915
f 294/1852/1852 328/1917/1917 295/1916/1916
f 328/1917/1917 360/1854/1854 361/1918/1918
f 361/1918/1918 393/1855/1855 394/1919/1919
f 394/1919/1919 426/1856/1856 427/1920/1920
f 427/1920/1920 459/1857/1857 460/1921/1921
f 460/1921/1921 492/1858/1858 493/1922/1922
f 493/1922/1922 525/1859/1859 526/1923/1923
f 526/1923/1923 558/1860/1860 559/1924/1924
f 559/1924/1924 591/1861/1861 592/1925/1925
f 592/1925/1925 624/1862/1862 625/1926/1926
f 625/1926/1926 657/1863/1863 658/1927/1927
f 658/1927/1927 690/1864/1864 691/1928/1928
f 691/1928/1928 723/1865/1865 724/1929/1929
f 724/1929/1929 756/1866/1866 757/1930/1930
f 757/1930/1930 789/1867/1867 790/1931/1931
f 790/1931/1931 822/1868/1868 823/1932/1932
f 822/1868/1868 856/1933/1933 823/1932/1932
f 855/1869/1869 889/1934/1934 856/1933/1933
f 889/1934/1934 921/1871/1871 922/1935/1935
f 921/1871/1871 955/1936/1936 922/1935/1935
f 954/1872/1872 988/1937/1937 955/1936/1936
f 987/1873/1873 1021/1938/1938 988/1937/1937
f 1020/1874/1874 1054/1939/1939 1021/1938/1938
f 1053/1875/1875 1087/1940/1940 1054/1939/1939
f 1087/1940/1940 1119/1877/1877 1120/1941/1941
f 1119/1877/1877 1153/1942/1942 1120/1941/1941
f 1153/1942/1942 1185/1879/1879 1186/1943/1943
f 1185/1879/1879 1219/1944/1944 1186/1943/1943
f 1219/1944/1944 1251/1881/1881 1252/1945/1945
f 1251/1881/1881 1285/1946/1946 1252/1945/1945
f 1284/1882/1882 1318/1947/1947 1285/1946/1946
f 1317/1883/1883 1351/1948/1948 1318/1947/1947
f 1351/1948/1948 1383/1885/1885 1384/1949/1949
f 1383/1885/1885 1417/1950/1950 1384/1949/1949
f 1417/1950/1950 1449/1887/1887 1450/1951/1951
f 1450/1951/1951 1482/1888/1888 1483/1952/1952
f 1483/1952/1952 1515/1889/1889 1516/1953/1953
f 1516/1953/1953 1548/1890/1890 1549/1954/1954
f 1548/1890/1890 1582/1955/1955 1549/1954/1954
f 1581/1891/1891 1615/1956/1956 1582/1955/1955
f 1615/1956/1956 1647/1893/1893 1648/1957/1957
f 1647/1893/1893 1681/1958/1958 1648/1957/1957
f 1681/1958/1958 1713/1895/1895 1714/1959/1959
f 1714/1959/1959 1746/1896/1896 1747/1960/1960
f 1747/1960/1960 1779/1897/1897 1780/1961/1961
f 1779/1897/1897 1813/1962/1962 1780/1961/1961
f 1812/1898/1898 1846/1963/1963 1813/1962/1962
f 1845/1899/1899 1879/1964/1964 1846/1963/1963
f 1878/1900/1900 1912/1965/1965 1879/1964/1964
f 1912/1965/1965 1944/1902/1902 1945/1966/1966
f 1945/1966/1966 1977/1903/1903 1978/1967/1967
f 1978/1967/1967 2010/1904/1904 2011/1968/1968
f 2010/1904/1904 2044/1969/1969 2011/1968/1968
f 2043/1905/1905 2077/1970/1970 2044/1969/1969
f 2077/1970/1970 2109/1907/1907 2110/1971/1971
f 2109/1907/1907 31/1909/1909 2110/1971/1971
f 31/1909/1909 65/1972/1972 32/1973/1973
f 65/1972/1972 97/1910/1910 98/1974/1974
f 98/1974/1974 130/1911/1911 131/1975/1975
f 130/1911/1911 164/1976/1976 131/1975/1975
f 164/1976/1976 196/1913/1913 197/1977/1977
f 197/1977/1977 229/1914/1914 230/1978/1978
f 230/1978/1978 262/1915/1915 263/1979/1979
f 262/1915/1915 296/1980/1980 263/1979/1979
f 296/1980/1980 328/1917/1917 329/1981/1981
f 328/1917/1917 362/1982/1982 329/1981/1981
f 361/1918/1918 395/1983/1983 362/1982/1982
f 394/1919/1919 428/1984/1984 395/1983/1983
f 427/1920/1920 461/1985/1985 428/1984/1984
f 461/1985/1985 493/1922/1922 494/1986/1986
f 494/1986/1986 526/1923/1923 527/1987/1987
f 527/1987/1987 559/1924/1924 560/1988/1988
f 559/1924/1924 593/1989/1989 560/1988/1988
f 592/1925/1925 626/1990/1990 593/1989/1989
f 625/1926/1926 659/1991/1991 626/1990/1990
f 658/1927/1927 692/1992/1992 659/1991/1991
f 691/1928/1928 725/1993/1993 692/1992/1992
f 725/1993/1993 757/1930/1930 758/1994/1994
f 757/1930/1930 791/1995/1995 758/1994/1994
f 790/1931/1931 824/1996/1996 791/1995/1995
f 824/1996/1996 856/1933/1933 857/1997/1997
f 857/1997/1997 889/1934/1934 890/1998/1998
f 890/1998/1998 922/1935/1935 923/1999/1999
f 923/1999/1999 955/1936/1936 956/2000/2000
f 956/2000/2000 988/1937/1937 989/2001/2001
f 989/2001/2001 1021/1938/1938 1022/2002/2002
f 1021/1938/1938 1055/2003/2003 1022/2002/2002
f 1055/2003/2003 1087/1940/1940 1088/2004/2004
f 1088/2004/2004 1120/1941/1941 1121/2005/2005
f 1121/2005/2005 1153/1942/1942 1154/2006/2006
f 1154/2006/2006 1186/1943/1943 1187/2007/2007
f 1186/1943/1943 1220/2008/2008 1187/2007/2007
f 1220/2008/2008 1252/1945/1945 1253/2009/2009
f 1253/2009/2009 1285/1946/1946 1286/2010/2010
f 1286/2010/2010 1318/1947/1947 1319/2011/2011
f 1318/1947/1947 1352/2012/2012 1319/2011/2011
f 1352/2012/2012 1384/1949/1949 1385/2013/2013
f 1384/1949/1949 1418/2014/2014 1385/2013/2013
f 1418/2014/2014 1450/1951/1951 1451/2015/2015
f 1451/2015/2015 1483/1952/1952 1484/2016/2016
f 1483/1952/1952 1517/2017/2017 1484/2016/2016
f 1517/2017/2017 1549/1954/1954 1550/2018/2018
f 1549/1954/1954 1583/2019/2019 1550/2018/2018
f 1583/2019/2019 1615/1956/1956 1616/2020/2020
f 1615/1956/1956 1649/2021/2021 1616/2020/2020
f 1648/1957/1957 1682/2022/2022 1649/2021/2021
f 1681/1958/1958 1715/2023/2023 1682/2022/2022
f 1715/2023/2023 1747/1960/1960 1748/2024/2024
f 1748/2024/2024 1780/1961/1961 1781/2025/2025
f 1781/2025/2025 1813/1962/1962 1814/2026/2026
f 1814/2026/2026 1846/1963/1963 1847/2027/2027
f 1846/1963/1963 1880/2028/2028 1847/2027/2027
f 1879/1964/1964 1913/2029/2029 1880/2028/2028
f 1912/1965/1965 1946/2030/2030 1913/2029/2029
f 1946/2030/2030 1978/1967/1967 1979/2031/2031
f 1979/2031/2031 2011/1968/1968 2012/2032/2032
f 2011/1968/1968 2045/2033/2033 2012/2032/2032
f 2045/2033/2033 2077/1970/1970 2078/2034/2034
f 2078/2034/2034 2110/1971/1971 2111/2035/2035
f 2110/1971/1971 32/1973/1973 2111/2035/2035
f 32/1973/1973 66/2036/2036 33/2037/2037
f 66/2036/2036 98/1974/1974 99/2038/2038
f 99/2038/2038 131/1975/1975 132/2039/2039
f 132/2039/2039 164/1976/1976 165/2040/2040
f 165/2040/2040 197/1977/1977 198/2041/2041
f 198/2041/2041 230/1978/1978 231/2042/2042
f 231/2042/2042 263/1979/1979 264/2043/2043
f 263/1979/1979 297/2044/2044 264/2043/2043
f 297/2044/2044 329/1981/1981 330/2045/2045
f 329/1981/1981 363/2046/2046 330/2045/2045
f 362/1982/1982 396/2047/2047 363/2046/2046
f 395/1983/1983 429/2048/2048 396/2047/2047
f 428/1984/1984 462/2049/2049 429/2048/2048
f 462/2049/2049 494/1986/1986 495/2050/2050
f 495/2050/2050 527/1987/1987 528/2051/2051
f 528/2051/2051 560/1988/1988 561/2052/2052
f 560/1988/1988 594/2053/2053 561/2052/2052
f 593/1989/1989 627/2054/2054 594/2053/2053
f 626/1990/1990 660/2055/2055 627/2054/2054
f 659/1991/1991 693/2056/2056 660/2055/2055
f 692/1992/1992 726/2057/2057 693/2056/2056
f 725/1993/1993 759/2058/2058 726/2057/2057
f 758/1994/1994 792/2059/2059 759/2058/2058
f 791/1995/1995 825/2060/2060 792/2059/2059
f 825/2060/2060 857/1997/1997 858/2061/2061
f 858/2061/2061 890/1998/1998 891/2062/2062
f 890/1998/1998 924/2063/2063 891/2062/2062
f 923/1999/1999 957/2064/2064 924/2063/2063
f 957/2064/2064 989/2001/2001 990/2065/2065
f 990/2065/2065 1022/2002/2002 1023/2066/2066
f 1022/2002/2002 1056/2067/2067 1023/2066/2066
f 1055/2003/2003 1089/2068/2068 1056/2067/2067
f 1089/2068/2068 1121/2005/2005 1122/2069/2069
f 1122/2069/2069 1154/2006/2006 1155/2070/2070
f 1155/2070/2070 1187/2007/2007 1188/2071/2071
f 1187/2007/2007 1221/2072/2072 1188/2071/2071
f 1221/2072/2072 1253/2009/2009 1254/2073/2073
f 1254/2073/2073 1286/2010/2010 1287/2074/2074
f 1287/2074/2074 1319/2011/2011 1320/2075/2075
f 1320/2075/2075 1352/2012/2012 1353/2076/2076
f 1353/2076/2076 1385/2013/2013 1386/2077/2077
f 1386/2077/2077 1418/2014/2014 1419/2078/2078
f 1419/2078/2078 1451/2015/2015 1452/2079/2079
f 1452/2079/2079 1484/2016/2016 1485/2080/2080
f 1484/2016/2016 1518/2081/2081 1485/2080/2080
f 1518/2081/2081 1550/2018/2018 1551/2082/2082
f 1551/2082/2082 1583/2019/2019 1584/2083/2083
f 1584/2083/2083 1616/2020/2020 1617/2084/2084
f 1617/2084/2084 1649/2021/2021 1650/2085/2085
f 1649/2021/2021 1683/2086/2086 1650/2085/2085
f 1682/2022/2022 1716/2087/2087 1683/2086/2086
f 1715/2023/2023 1749/2088/2088 1716/2087/2087
f 1749/2088/2088 1781/2025/2025 1782/2089/2089
f 1781/2025/2025 1815/2090/2090 1782/2089/2089
f 1814/2026/2026 1848/2091/2091 1815/2090/2090
f 1847/2027/2027 1881/2092/2092 1848/2091/2091
f 1881/2092/2092 1913/2029/2029 1914/2093/2093
f 1914/2093/2093 1946/2030/2030 1947/2094/2094
f 1947/2094/2094 1979/2031/2031 1980/2095/2095
f 1980/2095/2095 2012/2032/2032 2013/2096/2096
f 2012/2032/2032 2046/2097/2097 2013/2096/2096
f 2045/2033/2033 2079/2098/2098 2046/2097/2097
f 2078/2034/2034 2112/2099/2099 2079/2098/2098
f 2112/2099/2099 32/1973/1973 33/2037/2037
f 2147/2100/2100 2113/2101/2101 2114/2102/2102
f 2180/2103/2103 2146/2104/2104 2147/2100/2100
f 2213/2105/2105 2179/2106/2106 2180/2103/2103
f 2213/2105/2105 2245/2107/2107 2212/2108/2108
f 2279/2109/2109 2245/2107/2107 2246/2110/2110
f 2279/2109/2109 2311/2111/2111 2278/2112/2112
f 2312/2113/2113 2344/2114/2114 2311/2111/2111
f 2378/2115/2115 2344/2114/2114 2345/2116/2116
f 2378/2115/2115 2410/2117/2117 2377/2118/2118
f 2444/2119/2119 2410/2117/2117 2411/2120/2120
f 2477/2121/2121 2443/2122/2122 2444/2119/2119
f 2510/2123/2123 2476/2124/2124 2477/2121/2121
f 2543/2125/2125 2509/2126/2126 2510/2123/2123
f 2576/2127/2127 2542/2128/2128 2543/2125/2125
f 2609/2129/2129 2575/2130/2130 2576/2127/2127
f 2642/2131/2131 2608/2132/2132 2609/2129/2129
f 2675/2133/2133 2641/2134/2134 2642/2131/2131
f 2708/2135/2135 2674/2136/2136 2675/2133/2133
f 2741/2137/2137 2707/2138/2138 2708/2135/2135
f 2741/2137/2137 2773/2139/2139 2740/2140/2140
f 2807/2141/2141 2773/2139/2139 2774/2142/2142
f 2840/2143/2143 2806/2144/2144 2807/2141/2141
f 2873/2145/2145 2839/2146/2146 2840/2143/2143
f 2906/2147/2147 2872/2148/2148 2873/2145/2145
f 2906/2147/2147 2938/2149/2149 2905/2150/2150
f 2972/2151/2151 2938/2149/2149 2939/2152/2152
f 2972/2151/2151 3004/2153/2153 2971/2154/2154
f 3038/2155/2155 3004/2153/2153 3005/2156/2156
f 3071/2157/2157 3037/2158/2158 3038/2155/2155
f 3104/2159/2159 3070/2160/2160 3071/2157/2157
f 3137/2161/2161 3103/2162/2162 3104/2159/2159
f 3170/2163/2163 3136/2164/2164 3137/2161/2161
f 3203/2165/2165 3169/2166/2166 3170/2163/2163
f 3236/2167/2167 3202/2168/2168 3203/2165/2165
f 3269/2169/2169 3235/2170/2170 3236/2167/2167
f 3269/2169/2169 3301/2171/2171 3268/2172/2172
f 3335/2173/2173 3301/2171/2171 3302/2174/2174
f 3368/2175/2175 3334/2176/2176 3335/2173/2173
f 3401/2177/2177 3367/2178/2178 3368/2175/2175
f 3434/2179/2179 3400/2180/2180 3401/2177/2177
f 3467/2181/2181 3433/2182/2182 3434/2179/2179
f 3500/2183/2183 3466/2184/2184 3467/2181/2181
f 3500/2183/2183 3532/2185/2185 3499/2186/2186
f 3566/2187/2187 3532/2185/2185 3533/2188/2188
f 3599/2189/2189 3565/2190/2190 3566/2187/2187
f 3632/2191/2191 3598/2192/2192 3599/2189/2189
f 3632/2191/2191 3664/2193/2193 3631/2194/2194
f 3698/2195/2195 3664/2193/2193 3665/2196/2196
f 3731/2197/2197 3697/2198/2198 3698/2195/2195
f 3764/2199/2199 3730/2200/2200 3731/2197/2197
f 3797/2201/2201 3763/2202/2202 3764/2199/2199
f 3830/2203/2203 3796/2204/2204 3797/2201/2201
f 3863/2205/2205 3829/2206/2206 3830/2203/2203
f 3863/2205/2205 3895/2207/2207 3862/2208/2208
f 3929/2209/2209 3895/2207/2207 3896/2210/2210
f 3929/2209/2209 3961/2211/2211 3928/2212/2212
f 3962/2213/2213 3994/2214/2214 3961/2211/2211
f 4028/2215/2215 3994/2214/2214 3995/2216/2216
f 4061/2217/2217 4027/2218/2218 4028/2215/2215
f 4094/2219/2219 4060/2220/2220 4061/2217/2217
f 4127/2221/2221 4093/2222/2222 4094/2219/2219
f 4160/2223/2223 4126/2224/2224 4127/2221/2221
f 4193/2225/2225 4159/2226/2226 4160/2223/2223
f 2114/2102/2102 4192/2227/2227 4193/2225/2225
f 2115/2228/2228 2147/2100/2100 2114/2102/2102
f 2148/2229/2229 2180/2103/2103 2147/2100/2100
f 2214/2230/2230 2180/2103/2103 2181/2231/2231
f 2247/2232/2232 2213/2105/2105 2214/2230/2230
f 2280/2233/2233 2246/2110/2110 2247/2232/2232
f 2313/2234/2234 2279/2109/2109 2280/2233/2233
f 2346/2235/2235 2312/2113/2113 2313/2234/2234
f 2379/2236/2236 2345/2116/2116 2346/2235/2235
f 2412/2237/2237 2378/2115/2115 2379/2236/2236
f 2445/2238/2238 2411/2120/2120 2412/2237/2237
f 2478/2239/2239 2444/2119/2119 2445/2238/2238
f 2478/2239/2239 2510/2123/2123 2477/2121/2121
f 2511/2240/2240 2543/2125/2125 2510/2123/2123
f 2577/2241/2241 2543/2125/2125 2544/2242/2242
f 2577/2241/2241 2609/2129/2129 2576/2127/2127
f 2643/2243/2243 2609/2129/2129 2610/2244/2244
f 2676/2245/2245 2642/2131/2131 2643/2243/2243
f 2709/2246/2246 2675/2133/2133 2676/2245/2245
f 2742/2247/2247 2708/2135/2135 2709/2246/2246
f 2775/2248/2248 2741/2137/2137 2742/2247/2247
f 2808/2249/2249 2774/2142/2142 2775/2248/2248
f 2808/2249/2249 2840/2143/2143 2807/2141/2141
f 2874/2250/2250 2840/2143/2143 2841/2251/2251
f 2874/2250/2250 2906/2147/2147 2873/2145/2145
f 2940/2252/2252 2906/2147/2147 2907/2253/2253
f 2973/2254/2254 2939/2152/2152 2940/2252/2252
f 3006/2255/2255 2972/2151/2151 2973/2254/2254
f 3039/2256/2256 3005/2156/2156 3006/2255/2255
f 3039/2256/2256 3071/2157/2157 3038/2155/2155
f 3105/2257/2257 3071/2157/2157 3072/2258/2258
f 3138/2259/2259 3104/2159/2159 3105/2257/2257
f 3171/2260/2260 3137/2161/2161 3138/2259/2259
f 3204/2261/2261 3170/2163/2163 3171/2260/2260
f 3237/2262/2262 3203/2165/2165 3204/2261/2261
f 3270/2263/2263 3236/2167/2167 3237/2262/2262
f 3303/2264/2264 3269/2169/2169 3270/2263/2263
f 3336/2265/2265 3302/2174/2174 3303/2264/2264
f 3336/2265/2265 3368/2175/2175 3335/2173/2173
f 3402/2266/2266 3368/2175/2175 3369/2267/2267
f 3435/2268/2268 3401/2177/2177 3402/2266/2266
f 3435/2268/2268 3467/2181/2181 3434/2179/2179
f 3501/2269/2269 3467/2181/2181 3468/2270/2270
f 3534/2271/2271 3500/2183/2183 3501/2269/2269
f 3567/2272/2272 3533/2188/2188 3534/2271/2271
f 3600/2273/2273 3566/2187/2187 3567/2272/2272
f 3633/2274/2274 3599/2189/2189 3600/2273/2273
f 3666/2275/2275 3632/2191/2191 3633/2274/2274
f 3699/2276/2276 3665/2196/2196 3666/2275/2275
f 3699/2276/2276 3731/2197/2197 3698/2195/2195
f 3765/2277/2277 3731/2197/2197 3732/2278/2278
f 3798/2279/2279 3764/2199/2199 3765/2277/2277
f 3798/2279/2279 3830/2203/2203 3797/2201/2201
f 3864/2280/2280 3830/2203/2203 3831/2281/2281
f 3897/2282/2282 3863/2205/2205 3864/2280/2280
f 3930/2283/2283 3896/2210/2210 3897/2282/2282
f 3963/2284/2284 3929/2209/2209 3930/2283/2283
f 3996/2285/2285 3962/2213/2213 3963/2284/2284
f 4029/2286/2286 3995/2216/2216 3996/2285/2285
f 4029/2286/2286 4061/2217/2217 4028/2215/2215
f 4062/2287/2287 4094/2219/2219 4061/2217/2217
f 4128/2288/2288 4094/2219/2219 4095/2289/2289
f 4161/2290/2290 4127/2221/2221 4128/2288/2288
f 4161/2290/2290 4193/2225/2225 4160/2223/2223
f 2115/2228/2228 4193/2225/2225 4194/2291/2291
f 2149/2292/2292 2115/2228/2228 2116/2293/2293
f 2149/2292/2292 2181/2231/2231 2148/2229/2229
f 2215/2294/2294 2181/2231/2231 2182/2295/2295
f 2215/2294/2294 2247/2232/2232 2214/2230/2230
f 2281/2296/2296 2247/2232/2232 2248/2297/2297
f 2314/2298/2298 2280/2233/2233 2281/2296/2296
f 2347/2299/2299 2313/2234/2234 2314/2298/2298
f 2347/2299/2299 2379/2236/2236 2346/2235/2235
f 2413/2300/2300 2379/2236/2236 2380/2301/2301
f 2446/2302/2302 2412/2237/2237 2413/2300/2300
f 2446/2302/2302 2478/2239/2239 2445/2238/2238
f 2512/2303/2303 2478/2239/2239 2479/2304/2304
f 2512/2303/2303 2544/2242/2242 2511/2240/2240
f 2545/2305/2305 2577/2241/2241 2544/2242/2242
f 2611/2306/2306 2577/2241/2241 2578/2307/2307
f 2644/2308/2308 2610/2244/2244 2611/2306/2306
f 2677/2309/2309 2643/2243/2243 2644/2308/2308
f 2710/2310/2310 2676/2245/2245 2677/2309/2309
f 2743/2311/2311 2709/2246/2246 2710/2310/2310
f 2743/2311/2311 2775/2248/2248 2742/2247/2247
f 2809/2312/2312 2775/2248/2248 2776/2313/2313
f 2809/2312/2312 2841/2251/2251 2808/2249/2249
f 2875/2314/2314 2841/2251/2251 2842/2315/2315
f 2908/2316/2316 2874/2250/2250 2875/2314/2314
f 2908/2316/2316 2940/2252/2252 2907/2253/2253
f 2974/2317/2317 2940/2252/2252 2941/2318/2318
f 3007/2319/2319 2973/2254/2254 2974/2317/2317
f 3040/2320/2320 3006/2255/2255 3007/2319/2319
f 3040/2320/2320 3072/2258/2258 3039/2256/2256
f 3073/2321/2321 3105/2257/2257 3072/2258/2258
f 3139/2322/2322 3105/2257/2257 3106/2323/2323
f 3172/2324/2324 3138/2259/2259 3139/2322/2322
f 3205/2325/2325 3171/2260/2260 3172/2324/2324
f 3238/2326/2326 3204/2261/2261 3205/2325/2325
f 3238/2326/2326 3270/2263/2263 3237/2262/2262
f 3271/2327/2327 3303/2264/2264 3270/2263/2263
f 3337/2328/2328 3303/2264/2264 3304/2329/2329
f 3370/2330/2330 3336/2265/2265 3337/2328/2328
f 3370/2330/2330 3402/2266/2266 3369/2267/2267
f 3403/2331/2331 3435/2268/2268 3402/2266/2266
f 3436/2332/2332 3468/2270/2270 3435/2268/2268
f 3502/2333/2333 3468/2270/2270 3469/2334/2334
f 3535/2335/2335 3501/2269/2269 3502/2333/2333
f 3535/2335/2335 3567/2272/2272 3534/2271/2271
f 3601/2336/2336 3567/2272/2272 3568/2337/2337
f 3634/2338/2338 3600/2273/2273 3601/2336/2336
f 3634/2338/2338 3666/2275/2275 3633/2274/2274
f 3700/2339/2339 3666/2275/2275 3667/2340/2340
f 3733/2341/2341 3699/2276/2276 3700/2339/2339
f 3766/2342/2342 3732/2278/2278 3733/2341/2341
f 3799/2343/2343 3765/2277/2277 3766/2342/2342
f 3799/2343/2343 3831/2281/2281 3798/2279/2279
f 3865/2344/2344 3831/2281/2281 3832/2345/2345
f 3898/2346/2346 3864/2280/2280 3865/2344/2344
f 3898/2346/2346 3930/2283/2283 3897/2282/2282
f 3931/2347/2347 3963/2284/2284 3930/2283/2283
f 3964/2348/2348 3996/2285/2285 3963/2284/2284
f 3997/2349/2349 4029/2286/2286 3996/2285/2285
f 4063/2350/2350 4029/2286/2286 4030/2351/2351
f 4096/2352/2352 4062/2287/2287 4063/2350/2350
f 4129/2353/2353 4095/2289/2289 4096/2352/2352
f 4162/2354/2354 4128/2288/2288 4129/2353/2353
f 4162/2354/2354 4194/2291/2291 4161/2290/2290
f 2116/2293/2293 4194/2291/2291 4195/2355/2355
f 2150/2356/2356 2116/2293/2293 2117/2357/2357
f 2150/2356/2356 2182/2295/2295 2149/2292/2292
f 2183/2358/2358 2215/2294/2294 2182/2295/2295
f 2216/2359/2359 2248/2297/2297 2215/2294/2294
f 2282/2360/2360 2248/2297/2297 2249/2361/2361
f 2282/2360/2360 2314/2298/2298 2281/2296/2296
f 2348/2362/2362 2314/2298/2298 2315/2363/2363
f 2381/2364/2364 2347/2299/2299 2348/2362/2362
f 2381/2364/2364 2413/2300/2300 2380/2301/2301
f 2447/2365/2365 2413/2300/2300 2414/2366/2366
f 2447/2365/2365 2479/2304/2304 2446/2302/2302
f 2513/2367/2367 2479/2304/2304 2480/2368/2368
f 2513/2367/2367 2545/2305/2305 2512/2303/2303
f 2546/2369/2369 2578/2307/2307 2545/2305/2305
f 2612/2370/2370 2578/2307/2307 2579/2371/2371
f 2645/2372/2372 2611/2306/2306 2612/2370/2370
f 2645/2372/2372 2677/2309/2309 2644/2308/2308
f 2711/2373/2373 2677/2309/2309 2678/2374/2374
f 2744/2375/2375 2710/2310/2310 2711/2373/2373
f 2744/2375/2375 2776/2313/2313 2743/2311/2311
f 2810/2376/2376 2776/2313/2313 2777/2377/2377
f 2810/2376/2376 2842/2315/2315 2809/2312/2312
f 2876/2378/2378 2842/2315/2315 2843/2379/2379
f 2909/2380/2380 2875/2314/2314 2876/2378/2378
f 2909/2380/2380 2941/2318/2318 2908/2316/2316
f 2975/2381/2381 2941/2318/2318 2942/2382/2382
f 2975/2381/2381 3007/2319/2319 2974/2317/2317
f 3041/2383/2383 3007/2319/2319 3008/2384/2384
f 3041/2383/2383 3073/2321/2321 3040/2320/2320
f 3107/2385/2385 3073/2321/2321 3074/2386/2386
f 3140/2387/2387 3106/2323/2323 3107/2385/2385
f 3173/2388/2388 3139/2322/2322 3140/2387/2387
f 3173/2388/2388 3205/2325/2325 3172/2324/2324
f 3206/2389/2389 3238/2326/2326 3205/2325/2325
f 3272/2390/2390 3238/2326/2326 3239/2391/2391
f 3305/2392/2392 3271/2327/2327 3272/2390/2390
f 3338/2393/2393 3304/2329/2329 3305/2392/2392
f 3338/2393/2393 3370/2330/2330 3337/2328/2328
f 3404/2394/2394 3370/2330/2330 3371/2395/2395
f 3437/2396/2396 3403/2331/2331 3404/2394/2394
f 3437/2396/2396 3469/2334/2334 3436/2332/2332
f 3470/2397/2397 3502/2333/2333 3469/2334/2334
f 3503/2398/2398 3535/2335/2335 3502/2333/2333
f 3569/2399/2399 3535/2335/2335 3536/2400/2400
f 3569/2399/2399 3601/2336/2336 3568/2337/2337
f 3635/2401/2401 3601/2336/2336 3602/2402/2402
f 3635/2401/2401 3667/2340/2340 3634/2338/2338
f 3701/2403/2403 3667/2340/2340 3668/2404/2404
f 3701/2403/2403 3733/2341/2341 3700/2339/2339
f 3734/2405/2405 3766/2342/2342 3733/2341/2341
f 3800/2406/2406 3766/2342/2342 3767/2407/2407
f 3800/2406/2406 3832/2345/2345 3799/2343/2343
f 3833/2408/2408 3865/2344/2344 3832/2345/2345
f 3899/2409/2409 3865/2344/2344 3866/2410/2410
f 3932/2411/2411 3898/2346/2346 3899/2409/2409
f 3965/2412/2412 3931/2347/2347 3932/2411/2411
f 3998/2413/2413 3964/2348/2348 3965/2412/2412
f 4031/2414/2414 3997/2349/2349 3998/2413/2413
f 4064/2415/2415 4030/2351/2351 4031/2414/2414
f 4064/2415/2415 4096/2352/2352 4063/2350/2350
f 4097/2416/2416 4129/2353/2353 4096/2352/2352
f 4130/2417/2417 4162/2354/2354 4129/2353/2353
f 4163/2418/2418 4195/2355/2355 4162/2354/2354
f 2117/2357/2357 4195/2355/2355 4196/2419/2419
f 2151/2420/2420 2117/2357/2357 2118/2421/2421
f 2151/2420/2420 2183/2358/2358 2150/2356/2356
f 2184/2422/2422 2216/2359/2359 2183/2358/2358
f 2217/2423/2423 2249/2361/2361 2216/2359/2359
f 2283/2424/2424 2249/2361/2361 2250/2425/2425
f 2283/2424/2424 2315/2363/2363 2282/2360/2360
f 2316/2426/2426 2348/2362/2362 2315/2363/2363
f 2382/2427/2427 2348/2362/2362 2349/2428/2428
f 2382/2427/2427 2414/2366/2366 2381/2364/2364
f 2415/2429/2429 2447/2365/2365 2414/2366/2366
f 2448/2430/2430 2480/2368/2368 2447/2365/2365
f 2514/2431/2431 2480/2368/2368 2481/2432/2432
f 2514/2431/2431 2546/2369/2369 2513/2367/2367
f 2580/2433/2433 2546/2369/2369 2547/2434/2434
f 2580/2433/2433 2612/2370/2370 2579/2371/2371
f 2646/2435/2435 2612/2370/2370 2613/2436/2436
f 2679/2437/2437 2645/2372/2372 2646/2435/2435
f 2679/2437/2437 2711/2373/2373 2678/2374/2374
f 2745/2438/2438 2711/2373/2373 2712/2439/2439
f 2745/2438/2438 2777/2377/2377 2744/2375/2375
f 2811/2440/2440 2777/2377/2377 2778/2441/2441
f 2811/2440/2440 2843/2379/2379 2810/2376/2376
f 2877/2442/2442 2843/2379/2379 2844/2443/2443
f 2910/2444/2444 2876/2378/2378 2877/2442/2442
f 2910/2444/2444 2942/2382/2382 2909/2380/2380
f 2976/2445/2445 2942/2382/2382 2943/2446/2446
f 2976/2445/2445 3008/2384/2384 2975/2381/2381
f 3009/2447/2447 3041/2383/2383 3008/2384/2384
f 3042/2448/2448 3074/2386/2386 3041/2383/2383
f 3108/2449/2449 3074/2386/2386 3075/2450/2450
f 3108/2449/2449 3140/2387/2387 3107/2385/2385
f 3174/2451/2451 3140/2387/2387 3141/2452/2452
f 3174/2451/2451 3206/2389/2389 3173/2388/2388
f 3207/2453/2453 3239/2391/2391 3206/2389/2389
f 3273/2454/2454 3239/2391/2391 3240/2455/2455
f 3273/2454/2454 3305/2392/2392 3272/2390/2390
f 3339/2456/2456 3305/2392/2392 3306/2457/2457
f 3339/2456/2456 3371/2395/2395 3338/2393/2393
f 3372/2458/2458 3404/2394/2394 3371/2395/2395
f 3405/2459/2459 3437/2396/2396 3404/2394/2394
f 3471/2460/2460 3437/2396/2396 3438/2461/2461
f 3504/2462/2462 3470/2397/2397 3471/2460/2460
f 3537/2463/2463 3503/2398/2398 3504/2462/2462
f 3570/2464/2464 3536/2400/2400 3537/2463/2463
f 3603/2465/2465 3569/2399/2399 3570/2464/2464
f 3636/2466/2466 3602/2402/2402 3603/2465/2465
f 3669/2467/2467 3635/2401/2401 3636/2466/2466
f 3702/2468/2468 3668/2404/2404 3669/2467/2467
f 3702/2468/2468 3734/2405/2405 3701/2403/2403
f 3735/2469/2469 3767/2407/2407 3734/2405/2405
f 3768/2470/2470 3800/2406/2406 3767/2407/2407
f 3801/2471/2471 3833/2408/2408 3800/2406/2406
f 3867/2472/2472 3833/2408/2408 3834/2473/2473
f 3867/2472/2472 3899/2409/2409 3866/2410/2410
f 3933/2474/2474 3899/2409/2409 3900/2475/2475
f 3966/2476/2476 3932/2411/2411 3933/2474/2474
f 3999/2477/2477 3965/2412/2412 3966/2476/2476
f 4032/2478/2478 3998/2413/2413 3999/2477/2477
f 4032/2478/2478 4064/2415/2415 4031/2414/2414
f 4098/2479/2479 4064/2415/2415 4065/2480/2480
f 4131/2481/2481 4097/2416/2416 4098/2479/2479
f 4131/2481/2481 4163/2418/2418 4130/2417/2417
f 4164/2482/2482 4196/2419/2419 4163/2418/2418
f 2118/2421/2421 4196/2419/2419 4197/2483/2483
f 2152/2484/2484 2118/2421/2421 2119/2485/2485
f 2185/2486/2486 2151/2420/2420 2152/2484/2484
f 2185/2486/2486 2217/2423/2423 2184/2422/2422
f 2218/2487/2487 2250/2425/2425 2217/2423/2423
f 2284/2488/2488 2250/2425/2425 2251/2489/2489
f 2284/2488/2488 2316/2426/2426 2283/2424/2424
f 2317/2490/2490 2349/2428/2428 2316/2426/2426
f 2350/2491/2491 2382/2427/2427 2349/2428/2428
f 2416/2492/2492 2382/2427/2427 2383/2493/2493
f 2449/2494/2494 2415/2429/2429 2416/2492/2492
f 2449/2494/2494 2481/2432/2432 2448/2430/2430
f 2482/2495/2495 2514/2431/2431 2481/2432/2432
f 2515/2496/2496 2547/2434/2434 2514/2431/2431
f 2548/2497/2497 2580/2433/2433 2547/2434/2434
f 2581/2498/2498 2613/2436/2436 2580/2433/2433
f 2647/2499/2499 2613/2436/2436 2614/2500/2500
f 2680/2501/2501 2646/2435/2435 2647/2499/2499
f 2713/2502/2502 2679/2437/2437 2680/2501/2501
f 2746/2503/2503 2712/2439/2439 2713/2502/2502
f 2746/2503/2503 2778/2441/2441 2745/2438/2438
f 2812/2504/2504 2778/2441/2441 2779/2505/2505
f 2812/2504/2504 2844/2443/2443 2811/2440/2440
f 2878/2506/2506 2844/2443/2443 2845/2507/2507
f 2911/2508/2508 2877/2442/2442 2878/2506/2506
f 2911/2508/2508 2943/2446/2446 2910/2444/2444
f 2977/2509/2509 2943/2446/2446 2944/2510/2510
f 2977/2509/2509 3009/2447/2447 2976/2445/2445
f 3043/2511/2511 3009/2447/2447 3010/2512/2512
f 3076/2513/2513 3042/2448/2448 3043/2511/2511
f 3109/2514/2514 3075/2450/2450 3076/2513/2513
f 3109/2514/2514 3141/2452/2452 3108/2449/2449
f 3142/2515/2515 3174/2451/2451 3141/2452/2452
f 3208/2516/2516 3174/2451/2451 3175/2517/2517
f 3208/2516/2516 3240/2455/2455 3207/2453/2453
f 3241/2518/2518 3273/2454/2454 3240/2455/2455
f 3274/2519/2519 3306/2457/2457 3273/2454/2454
f 3340/2520/2520 3306/2457/2457 3307/2521/2521
f 3340/2520/2520 3372/2458/2458 3339/2456/2456
f 3373/2522/2522 3405/2459/2459 3372/2458/2458
f 3406/2523/2523 3438/2461/2461 3405/2459/2459
f 3439/2524/2524 3471/2460/2460 3438/2461/2461
f 3505/2525/2525 3471/2460/2460 3472/2526/2526
f 3505/2525/2525 3537/2463/2463 3504/2462/2462
f 3538/2527/2527 3570/2464/2464 3537/2463/2463
f 3604/2528/2528 3570/2464/2464 3571/2529/2529
f 3637/2530/2530 3603/2465/2465 3604/2528/2528
f 3637/2530/2530 3669/2467/2467 3636/2466/2466
f 3670/2531/2531 3702/2468/2468 3669/2467/2467
f 3736/2532/2532 3702/2468/2468 3703/2533/2533
f 3736/2532/2532 3768/2470/2470 3735/2469/2469
f 3769/2534/2534 3801/2471/2471 3768/2470/2470
f 3835/2535/2535 3801/2471/2471 3802/2536/2536
f 3835/2535/2535 3867/2472/2472 3834/2473/2473
f 3868/2537/2537 3900/2475/2475 3867/2472/2472
f 3934/2538/2538 3900/2475/2475 3901/2539/2539
f 3934/2538/2538 3966/2476/2476 3933/2474/2474
f 3967/2540/2540 3999/2477/2477 3966/2476/2476
f 4000/2541/2541 4032/2478/2478 3999/2477/2477
f 4066/2542/2542 4032/2478/2478 4033/2543/2543
f 4066/2542/2542 4098/2479/2479 4065/2480/2480
f 4099/2544/2544 4131/2481/2481 4098/2479/2479
f 4165/2545/2545 4131/2481/2481 4132/2546/2546
f 4165/2545/2545 4197/2483/2483 4164/2482/2482
f 2119/2485/2485 4197/2483/2483 4198/2547/2547
f 2153/2548/2548 2119/2485/2485 2120/2549/2549
f 2153/2548/2548 2185/2486/2486 2152/2484/2484
f 2186/2550/2550 2218/2487/2487 2185/2486/2486
f 2219/2551/2551 2251/2489/2489 2218/2487/2487
f 2285/2552/2552 2251/2489/2489 2252/2553/2553
f 2285/2552/2552 2317/2490/2490 2284/2488/2488
f 2351/2554/2554 2317/2490/2490 2318/2555/2555
f 2384/2556/2556 2350/2491/2491 2351/2554/2554
f 2384/2556/2556 2416/2492/2492 2383/2493/2493
f 2417/2557/2557 2449/2494/2494 2416/2492/2492
f 2450/2558/2558 2482/2495/2495 2449/2494/2494
f 2483/2559/2559 2515/2496/2496 2482/2495/2495
f 2516/2560/2560 2548/2497/2497 2515/2496/2496
f 2549/2561/2561 2581/2498/2498 2548/2497/2497
f 2615/2562/2562 2581/2498/2498 2582/2563/2563
f 2648/2564/2564 2614/2500/2500 2615/2562/2562
f 2681/2565/2565 2647/2499/2499 2648/2564/2564
f 2714/2566/2566 2680/2501/2501 2681/2565/2565
f 2714/2566/2566 2746/2503/2503 2713/2502/2502
f 2747/2567/2567 2779/2505/2505 2746/2503/2503
f 2813/2568/2568 2779/2505/2505 2780/2569/2569
f 2813/2568/2568 2845/2507/2507 2812/2504/2504
f 2846/2570/2570 2878/2506/2506 2845/2507/2507
f 2912/2571/2571 2878/2506/2506 2879/2572/2572
f 2912/2571/2571 2944/2510/2510 2911/2508/2508
f 2978/2573/2573 2944/2510/2510 2945/2574/2574
f 2978/2573/2573 3010/2512/2512 2977/2509/2509
f 3044/2575/2575 3010/2512/2512 3011/2576/2576
f 3044/2575/2575 3076/2513/2513 3043/2511/2511
f 3077/2577/2577 3109/2514/2514 3076/2513/2513
f 3143/2578/2578 3109/2514/2514 3110/2579/2579
f 3176/2580/2580 3142/2515/2515 3143/2578/2578
f 3209/2581/2581 3175/2517/2517 3176/2580/2580
f 3209/2581/2581 3241/2518/2518 3208/2516/2516
f 3242/2582/2582 3274/2519/2519 3241/2518/2518
f 3275/2583/2583 3307/2521/2521 3274/2519/2519
f 3341/2584/2584 3307/2521/2521 3308/2585/2585
f 3341/2584/2584 3373/2522/2522 3340/2520/2520
f 3407/2586/2586 3373/2522/2522 3374/2587/2587
f 3407/2586/2586 3439/2524/2524 3406/2523/2523
f 3440/2588/2588 3472/2526/2526 3439/2524/2524
f 3506/2589/2589 3472/2526/2526 3473/2590/2590
f 3506/2589/2589 3538/2527/2527 3505/2525/2525
f 3539/2591/2591 3571/2529/2529 3538/2527/2527
f 3605/2592/2592 3571/2529/2529 3572/2593/2593
f 3605/2592/2592 3637/2530/2530 3604/2528/2528
f 3671/2594/2594 3637/2530/2530 3638/2595/2595
f 3704/2596/2596 3670/2531/2531 3671/2594/2594
f 3704/2596/2596 3736/2532/2532 3703/2533/2533
f 3770/2597/2597 3736/2532/2532 3737/2598/2598
f 3770/2597/2597 3802/2536/2536 3769/2534/2534
f 3836/2599/2599 3802/2536/2536 3803/2600/2600
f 3869/2601/2601 3835/2535/2535 3836/2599/2599
f 3902/2602/2602 3868/2537/2537 3869/2601/2601
f 3902/2602/2602 3934/2538/2538 3901/2539/2539
f 3968/2603/2603 3934/2538/2538 3935/2604/2604
f 3968/2603/2603 4000/2541/2541 3967/2540/2540
f 4034/2605/2605 4000/2541/2541 4001/2606/2606
f 4034/2605/2605 4066/2542/2542 4033/2543/2543
f 4067/2607/2607 4099/2544/2544 4066/2542/2542
f 4133/2608/2608 4099/2544/2544 4100/2609/2609
f 4133/2608/2608 4165/2545/2545 4132/2546/2546
f 4166/2610/2610 4198/2547/2547 4165/2545/2545
f 2120/2549/2549 4198/2547/2547 4199/2611/2611
f 2154/2612/2612 2120/2549/2549 2121/2613/2613
f 2187/2614/2614 2153/2548/2548 2154/2612/2612
f 2187/2614/2614 2219/2551/2551 2186/2550/2550
f 2253/2615/2615 2219/2551/2551 2220/2616/2616
f 2286/2617/2617 2252/2553/2553 2253/2615/2615
f 2286/2617/2617 2318/2555/2555 2285/2552/2552
f 2319/2618/2618 2351/2554/2554 2318/2555/2555
f 2385/2619/2619 2351/2554/2554 2352/2620/2620
f 2418/2621/2621 2384/2556/2556 2385/2619/2619
f 2451/2622/2622 2417/2557/2557 2418/2621/2621
f 2451/2622/2622 2483/2559/2559 2450/2558/2558
f 2484/2623/2623 2516/2560/2560 2483/2559/2559
f 2517/2624/2624 2549/2561/2561 2516/2560/2560
f 2550/2625/2625 2582/2563/2563 2549/2561/2561
f 2616/2626/2626 2582/2563/2563 2583/2627/2627
f 2616/2626/2626 2648/2564/2564 2615/2562/2562
f 2682/2628/2628 2648/2564/2564 2649/2629/2629
f 2715/2630/2630 2681/2565/2565 2682/2628/2628
f 2715/2630/2630 2747/2567/2567 2714/2566/2566
f 2748/2631/2631 2780/2569/2569 2747/2567/2567
f 2781/2632/2632 2813/2568/2568 2780/2569/2569
f 2814/2633/2633 2846/2570/2570 2813/2568/2568
f 2847/2634/2634 2879/2572/2572 2846/2570/2570
f 2913/2635/2635 2879/2572/2572 2880/2636/2636
f 2946/2637/2637 2912/2571/2571 2913/2635/2635
f 2979/2638/2638 2945/2574/2574 2946/2637/2637
f 2979/2638/2638 3011/2576/2576 2978/2573/2573
f 3012/2639/2639 3044/2575/2575 3011/2576/2576
f 3045/2640/2640 3077/2577/2577 3044/2575/2575
f 3078/2641/2641 3110/2579/2579 3077/2577/2577
f 3144/2642/2642 3110/2579/2579 3111/2643/2643
f 3144/2642/2642 3176/2580/2580 3143/2578/2578
f 3210/2644/2644 3176/2580/2580 3177/2645/2645
f 3210/2644/2644 3242/2582/2582 3209/2581/2581
f 3243/2646/2646 3275/2583/2583 3242/2582/2582
f 3309/2647/2647 3275/2583/2583 3276/2648/2648
f 3342/2649/2649 3308/2585/2585 3309/2647/2647
f 3342/2649/2649 3374/2587/2587 3341/2584/2584
f 3375/2650/2650 3407/2586/2586 3374/2587/2587
f 3441/2651/2651 3407/2586/2586 3408/2652/2652
f 3474/2653/2653 3440/2588/2588 3441/2651/2651
f 3507/2654/2654 3473/2590/2590 3474/2653/2653
f 3507/2654/2654 3539/2591/2591 3506/2589/2589
f 3540/2655/2655 3572/2593/2593 3539/2591/2591
f 3573/2656/2656 3605/2592/2592 3572/2593/2593
f 3606/2657/2657 3638/2595/2595 3605/2592/2592
f 3672/2658/2658 3638/2595/2595 3639/2659/2659
f 3672/2658/2658 3704/2596/2596 3671/2594/2594
f 3738/2660/2660 3704/2596/2596 3705/2661/2661
f 3771/2662/2662 3737/2598/2598 3738/2660/2660
f 3771/2662/2662 3803/2600/2600 3770/2597/2597
f 3837/2663/2663 3803/2600/2600 3804/2664/2664
f 3837/2663/2663 3869/2601/2601 3836/2599/2599
f 3870/2665/2665 3902/2602/2602 3869/2601/2601
f 3903/2666/2666 3935/2604/2604 3902/2602/2602
f 3969/2667/2667 3935/2604/2604 3936/2668/2668
f 3969/2667/2667 4001/2606/2606 3968/2603/2603
f 4035/2669/2669 4001/2606/2606 4002/2670/2670
f 4035/2669/2669 4067/2607/2607 4034/2605/2605
f 4068/2671/2671 4100/2609/2609 4067/2607/2607
f 4134/2672/2672 4100/2609/2609 4101/2673/2673
f 4134/2672/2672 4166/2610/2610 4133/2608/2608
f 4200/2674/2674 4166/2610/2610 4167/2675/2675
f 2121/2613/2613 4199/2611/2611 4200/2674/2674
f 2155/2676/2676 2121/2613/2613 2122/2677/2677
f 2188/2678/2678 2154/2612/2612 2155/2676/2676
f 2188/2678/2678 2220/2616/2616 2187/2614/2614
f 2221/2679/2679 2253/2615/2615 2220/2616/2616
f 2254/2680/2680 2286/2617/2617 2253/2615/2615
f 2287/2681/2681 2319/2618/2618 2286/2617/2617
f 2320/2682/2682 2352/2620/2620 2319/2618/2618
f 2353/2683/2683 2385/2619/2619 2352/2620/2620
f 2386/2684/2684 2418/2621/2621 2385/2619/2619
f 2419/2685/2685 2451/2622/2622 2418/2621/2621
f 2452/2686/2686 2484/2623/2623 2451/2622/2622
f 2518/2687/2687 2484/2623/2623 2485/2688/2688
f 2551/2689/2689 2517/2624/2624 2518/2687/2687
f 2551/2689/2689 2583/2627/2627 2550/2625/2625
f 2617/2690/2690 2583/2627/2627 2584/2691/2691
f 2617/2690/2690 2649/2629/2629 2616/2626/2626
f 2683/2692/2692 2649/2629/2629 2650/2693/2693
f 2716/2694/2694 2682/2628/2628 2683/2692/2692
f 2716/2694/2694 2748/2631/2631 2715/2630/2630
f 2749/2695/2695 2781/2632/2632 2748/2631/2631
f 2782/2696/2696 2814/2633/2633 2781/2632/2632
f 2815/2697/2697 2847/2634/2634 2814/2633/2633
f 2848/2698/2698 2880/2636/2636 2847/2634/2634
f 2881/2699/2699 2913/2635/2635 2880/2636/2636
f 2914/2700/2700 2946/2637/2637 2913/2635/2635
f 2947/2701/2701 2979/2638/2638 2946/2637/2637
f 2980/2702/2702 3012/2639/2639 2979/2638/2638
f 3013/2703/2703 3045/2640/2640 3012/2639/2639
f 3079/2704/2704 3045/2640/2640 3046/2705/2705
f 3079/2704/2704 3111/2643/2643 3078/2641/2641
f 3145/2706/2706 3111/2643/2643 3112/2707/2707
f 3145/2706/2706 3177/2645/2645 3144/2642/2642
f 3211/2708/2708 3177/2645/2645 3178/2709/2709
f 3211/2708/2708 3243/2646/2646 3210/2644/2644
f 3244/2710/2710 3276/2648/2648 3243/2646/2646
f 3310/2711/2711 3276/2648/2648 3277/2712/2712
f 3310/2711/2711 3342/2649/2649 3309/2647/2647
f 3343/2713/2713 3375/2650/2650 3342/2649/2649
f 3376/2714/2714 3408/2652/2652 3375/2650/2650
f 3409/2715/2715 3441/2651/2651 3408/2652/2652
f 3442/2716/2716 3474/2653/2653 3441/2651/2651
f 3508/2717/2717 3474/2653/2653 3475/2718/2718
f 3508/2717/2717 3540/2655/2655 3507/2654/2654
f 3541/2719/2719 3573/2656/2656 3540/2655/2655
f 3607/2720/2720 3573/2656/2656 3574/2721/2721
f 3607/2720/2720 3639/2659/2659 3606/2657/2657
f 3673/2722/2722 3639/2659/2659 3640/2723/2723
f 3673/2722/2722 3705/2661/2661 3672/2658/2658
f 3739/2724/2724 3705/2661/2661 3706/2725/2725
f 3772/2726/2726 3738/2660/2660 3739/2724/2724
f 3772/2726/2726 3804/2664/2664 3771/2662/2662
f 3838/2727/2727 3804/2664/2664 3805/2728/2728
f 3838/2727/2727 3870/2665/2665 3837/2663/2663
f 3871/2729/2729 3903/2666/2666 3870/2665/2665
f 3904/2730/2730 3936/2668/2668 3903/2666/2666
f 3970/2731/2731 3936/2668/2668 3937/2732/2732
f 3970/2731/2731 4002/2670/2670 3969/2667/2667
f 4003/2733/2733 4035/2669/2669 4002/2670/2670
f 4069/2734/2734 4035/2669/2669 4036/2735/2735
f 4069/2734/2734 4101/2673/2673 4068/2671/2671
f 4135/2736/2736 4101/2673/2673 4102/2737/2737
f 4135/2736/2736 4167/2675/2675 4134/2672/2672
f 4201/2738/2738 4167/2675/2675 4168/2739/2739
f 2122/2677/2677 4200/2674/2674 4201/2738/2738
f 2156/2740/2740 2122/2677/2677 2123/2741/2741
f 2189/2742/2742 2155/2676/2676 2156/2740/2740
f 2189/2742/2742 2221/2679/2679 2188/2678/2678
f 2255/2743/2743 2221/2679/2679 2222/2744/2744
f 2288/2745/2745 2254/2680/2680 2255/2743/2743
f 2288/2745/2745 2320/2682/2682 2287/2681/2681
f 2321/2746/2746 2353/2683/2683 2320/2682/2682
f 2387/2747/2747 2353/2683/2683 2354/2748/2748
f 2420/2749/2749 2386/2684/2684 2387/2747/2747
f 2420/2749/2749 2452/2686/2686 2419/2685/2685
f 2486/2750/2750 2452/2686/2686 2453/2751/2751
f 2519/2752/2752 2485/2688/2688 2486/2750/2750
f 2519/2752/2752 2551/2689/2689 2518/2687/2687
f 2552/2753/2753 2584/2691/2691 2551/2689/2689
f 2618/2754/2754 2584/2691/2691 2585/2755/2755
f 2618/2754/2754 2650/2693/2693 2617/2690/2690
f 2684/2756/2756 2650/2693/2693 2651/2757/2757
f 2717/2758/2758 2683/2692/2692 2684/2756/2756
f 2717/2758/2758 2749/2695/2695 2716/2694/2694
f 2783/2759/2759 2749/2695/2695 2750/2760/2760
f 2816/2761/2761 2782/2696/2696 2783/2759/2759
f 2816/2761/2761 2848/2698/2698 2815/2697/2697
f 2849/2762/2762 2881/2699/2699 2848/2698/2698
f 2915/2763/2763 2881/2699/2699 2882/2764/2764
f 2915/2763/2763 2947/2701/2701 2914/2700/2700
f 2948/2765/2765 2980/2702/2702 2947/2701/2701
f 2981/2766/2766 3013/2703/2703 2980/2702/2702
f 3014/2767/2767 3046/2705/2705 3013/2703/2703
f 3080/2768/2768 3046/2705/2705 3047/2769/2769
f 3080/2768/2768 3112/2707/2707 3079/2704/2704
f 3146/2770/2770 3112/2707/2707 3113/2771/2771
f 3146/2770/2770 3178/2709/2709 3145/2706/2706
f 3212/2772/2772 3178/2709/2709 3179/2773/2773
f 3245/2774/2774 3211/2708/2708 3212/2772/2772
f 3245/2774/2774 3277/2712/2712 3244/2710/2710
f 3311/2775/2775 3277/2712/2712 3278/2776/2776
f 3344/2777/2777 3310/2711/2711 3311/2775/2775
f 3377/2778/2778 3343/2713/2713 3344/2777/2777
f 3377/2778/2778 3409/2715/2715 3376/2714/2714
f 3443/2779/2779 3409/2715/2715 3410/2780/2780
f 3443/2779/2779 3475/2718/2718 3442/2716/2716
f 3476/2781/2781 3508/2717/2717 3475/2718/2718
f 3509/2782/2782 3541/2719/2719 3508/2717/2717
f 3542/2783/2783 3574/2721/2721 3541/2719/2719
f 3608/2784/2784 3574/2721/2721 3575/2785/2785
f 3608/2784/2784 3640/2723/2723 3607/2720/2720
f 3674/2786/2786 3640/2723/2723 3641/2787/2787
f 3674/2786/2786 3706/2725/2725 3673/2722/2722
f 3740/2788/2788 3706/2725/2725 3707/2789/2789
f 3773/2790/2790 3739/2724/2724 3740/2788/2788
f 3773/2790/2790 3805/2728/2728 3772/2726/2726
f 3806/2791/2791 3838/2727/2727 3805/2728/2728
f 3839/2792/2792 3871/2729/2729 3838/2727/2727
f 3905/2793/2793 3871/2729/2729 3872/2794/2794
f 3905/2793/2793 3937/2732/2732 3904/2730/2730
f 3971/2795/2795 3937/2732/2732 3938/2796/2796
f 3971/2795/2795 4003/2733/2733 3970/2731/2731
f 4004/2797/2797 4036/2735/2735 4003/2733/2733
f 4070/2798/2798 4036/2735/2735 4037/2799/2799
f 4070/2798/2798 4102/2737/2737 4069/2734/2734
f 4136/2800/2800 4102/2737/2737 4103/2801/2801
f 4136/2800/2800 4168/2739/2739 4135/2736/2736
f 4202/2802/2802 4168/2739/2739 4169/2803/2803
f 4202/2802/2802 2122/2677/2677 4201/2738/2738
f 2124/2804/2804 2156/2740/2740 2123/2741/2741
f 2190/2805/2805 2156/2740/2740 2157/2806/2806
f 2190/2805/2805 2222/2744/2744 2189/2742/2742
f 2256/2807/2807 2222/2744/2744 2223/2808/2808
f 2289/2809/2809 2255/2743/2743 2256/2807/2807
f 2289/2809/2809 2321/2746/2746 2288/2745/2745
f 2322/2810/2810 2354/2748/2748 2321/2746/2746
f 2388/2811/2811 2354/2748/2748 2355/2812/2812
f 2388/2811/2811 2420/2749/2749 2387/2747/2747
f 2421/2813/2813 2453/2751/2751 2420/2749/2749
f 2487/2814/2814 2453/2751/2751 2454/2815/2815
f 2520/2816/2816 2486/2750/2750 2487/2814/2814
f 2553/2817/2817 2519/2752/2752 2520/2816/2816
f 2553/2817/2817 2585/2755/2755 2552/2753/2753
f 2619/2818/2818 2585/2755/2755 2586/2819/2819
f 2652/2820/2820 2618/2754/2754 2619/2818/2818
f 2685/2821/2821 2651/2757/2757 2652/2820/2820
f 2718/2822/2822 2684/2756/2756 2685/2821/2821
f 2718/2822/2822 2750/2760/2760 2717/2758/2758
f 2751/2823/2823 2783/2759/2759 2750/2760/2760
f 2784/2824/2824 2816/2761/2761 2783/2759/2759
f 2850/2825/2825 2816/2761/2761 2817/2826/2826
f 2850/2825/2825 2882/2764/2764 2849/2762/2762
f 2916/2827/2827 2882/2764/2764 2883/2828/2828
f 2916/2827/2827 2948/2765/2765 2915/2763/2763
f 2949/2829/2829 2981/2766/2766 2948/2765/2765
f 2982/2830/2830 3014/2767/2767 2981/2766/2766
f 3015/2831/2831 3047/2769/2769 3014/2767/2767
f 3081/2832/2832 3047/2769/2769 3048/2833/2833
f 3081/2832/2832 3113/2771/2771 3080/2768/2768
f 3147/2834/2834 3113/2771/2771 3114/2835/2835
f 3180/2836/2836 3146/2770/2770 3147/2834/2834
f 3180/2836/2836 3212/2772/2772 3179/2773/2773
f 3246/2837/2837 3212/2772/2772 3213/2838/2838
f 3246/2837/2837 3278/2776/2776 3245/2774/2774
f 3312/2839/2839 3278/2776/2776 3279/2840/2840
f 3312/2839/2839 3344/2777/2777 3311/2775/2775
f 3378/2841/2841 3344/2777/2777 3345/2842/2842
f 3378/2841/2841 3410/2780/2780 3377/2778/2778
f 3411/2843/2843 3443/2779/2779 3410/2780/2780
f 3444/2844/2844 3476/2781/2781 3443/2779/2779
f 3477/2845/2845 3509/2782/2782 3476/2781/2781
f 3543/2846/2846 3509/2782/2782 3510/2847/2847
f 3576/2848/2848 3542/2783/2783 3543/2846/2846
f 3609/2849/2849 3575/2785/2785 3576/2848/2848
f 3609/2849/2849 3641/2787/2787 3608/2784/2784
f 3675/2850/2850 3641/2787/2787 3642/2851/2851
f 3708/2852/2852 3674/2786/2786 3675/2850/2850
f 3708/2852/2852 3740/2788/2788 3707/2789/2789
f 3774/2853/2853 3740/2788/2788 3741/2854/2854
f 3774/2853/2853 3806/2791/2791 3773/2790/2790
f 3840/2855/2855 3806/2791/2791 3807/2856/2856
f 3840/2855/2855 3872/2794/2794 3839/2792/2792
f 3906/2857/2857 3872/2794/2794 3873/2858/2858
f 3906/2857/2857 3938/2796/2796 3905/2793/2793
f 3972/2859/2859 3938/2796/2796 3939/2860/2860
f 4005/2861/2861 3971/2795/2795 3972/2859/2859
f 4005/2861/2861 4037/2799/2799 4004/2797/2797
f 4071/2862/2862 4037/2799/2799 4038/2863/2863
f 4071/2862/2862 4103/2801/2801 4070/2798/2798
f 4137/2864/2864 4103/2801/2801 4104/2865/2865
f 4137/2864/2864 4169/2803/2803 4136/2800/2800
f 4203/2866/2866 4169/2803/2803 4170/2867/2867
f 2124/2804/2804 4202/2802/2802 4203/2866/2866
f 2158/2868/2868 2124/2804/2804 2125/2869/2869
f 2191/2870/2870 2157/2806/2806 2158/2868/2868
f 2191/2870/2870 2223/2808/2808 2190/2805/2805
f 2257/2871/2871 2223/2808/2808 2224/2872/2872
f 2257/2871/2871 2289/2809/2809 2256/2807/2807
f 2290/2873/2873 2322/2810/2810 2289/2809/2809
f 2323/2874/2874 2355/2812/2812 2322/2810/2810
f 2389/2875/2875 2355/2812/2812 2356/2876/2876
f 2422/2877/2877 2388/2811/2811 2389/2875/2875
f 2422/2877/2877 2454/2815/2815 2421/2813/2813
f 2488/2878/2878 2454/2815/2815 2455/2879/2879
f 2521/2880/2880 2487/2814/2814 2488/2878/2878
f 2521/2880/2880 2553/2817/2817 2520/2816/2816
f 2554/2881/2881 2586/2819/2819 2553/2817/2817
f 2620/2882/2882 2586/2819/2819 2587/2883/2883
f 2653/2884/2884 2619/2818/2818 2620/2882/2882
f 2653/2884/2884 2685/2821/2821 2652/2820/2820
f 2719/2885/2885 2685/2821/2821 2686/2886/2886
f 2719/2885/2885 2751/2823/2823 2718/2822/2822
f 2752/2887/2887 2784/2824/2824 2751/2823/2823
f 2818/2888/2888 2784/2824/2824 2785/2889/2889
f 2851/2890/2890 2817/2826/2826 2818/2888/2888
f 2851/2890/2890 2883/2828/2828 2850/2825/2825
f 2917/2891/2891 2883/2828/2828 2884/2892/2892
f 2917/2891/2891 2949/2829/2829 2916/2827/2827
f 2950/2893/2893 2982/2830/2830 2949/2829/2829
f 3016/2894/2894 2982/2830/2830 2983/2895/2895
f 3016/2894/2894 3048/2833/2833 3015/2831/2831
f 3082/2896/2896 3048/2833/2833 3049/2897/2897
f 3082/2896/2896 3114/2835/2835 3081/2832/2832
f 3148/2898/2898 3114/2835/2835 3115/2899/2899
f 3148/2898/2898 3180/2836/2836 3147/2834/2834
f 3214/2900/2900 3180/2836/2836 3181/2901/2901
f 3247/2902/2902 3213/2838/2838 3214/2900/2900
f 3247/2902/2902 3279/2840/2840 3246/2837/2837
f 3313/2903/2903 3279/2840/2840 3280/2904/2904
f 3313/2903/2903 3345/2842/2842 3312/2839/2839
f 3379/2905/2905 3345/2842/2842 3346/2906/2906
f 3379/2905/2905 3411/2843/2843 3378/2841/2841
f 3445/2907/2907 3411/2843/2843 3412/2908/2908
f 3445/2907/2907 3477/2845/2845 3444/2844/2844
f 3478/2909/2909 3510/2847/2847 3477/2845/2845
f 3511/2910/2910 3543/2846/2846 3510/2847/2847
f 3544/2911/2911 3576/2848/2848 3543/2846/2846
f 3610/2912/2912 3576/2848/2848 3577/2913/2913
f 3610/2912/2912 3642/2851/2851 3609/2849/2849
f 3676/2914/2914 3642/2851/2851 3643/2915/2915
f 3676/2914/2914 3708/2852/2852 3675/2850/2850
f 3709/2916/2916 3741/2854/2854 3708/2852/2852
f 3775/2917/2917 3741/2854/2854 3742/2918/2918
f 3775/2917/2917 3807/2856/2856 3774/2853/2853
f 3841/2919/2919 3807/2856/2856 3808/2920/2920
f 3841/2919/2919 3873/2858/2858 3840/2855/2855
f 3874/2921/2921 3906/2857/2857 3873/2858/2858
f 3907/2922/2922 3939/2860/2860 3906/2857/2857
f 3940/2923/2923 3972/2859/2859 3939/2860/2860
f 3973/2924/2924 4005/2861/2861 3972/2859/2859
f 4006/2925/2925 4038/2863/2863 4005/2861/2861
f 4072/2926/2926 4038/2863/2863 4039/2927/2927
f 4072/2926/2926 4104/2865/2865 4071/2862/2862
f 4138/2928/2928 4104/2865/2865 4105/2929/2929
f 4138/2928/2928 4170/2867/2867 4137/2864/2864
f 4171/2930/2930 4203/2866/2866 4170/2867/2867
f 2125/2869/2869 4203/2866/2866 4204/2931/2931
f 2159/2932/2932 2125/2869/2869 2126/2933/2933
f 2192/2934/2934 2158/2868/2868 2159/2932/2932
f 2192/2934/2934 2224/2872/2872 2191/2870/2870
f 2258/2935/2935 2224/2872/2872 2225/2936/2936
f 2291/2937/2937 2257/2871/2871 2258/2935/2935
f 2291/2937/2937 2323/2874/2874 2290/2873/2873
f 2324/2938/2938 2356/2876/2876 2323/2874/2874
f 2390/2939/2939 2356/2876/2876 2357/2940/2940
f 2423/2941/2941 2389/2875/2875 2390/2939/2939
f 2423/2941/2941 2455/2879/2879 2422/2877/2877
f 2489/2942/2942 2455/2879/2879 2456/2943/2943
f 2489/2942/2942 2521/2880/2880 2488/2878/2878
f 2522/2944/2944 2554/2881/2881 2521/2880/2880
f 2555/2945/2945 2587/2883/2883 2554/2881/2881
f 2621/2946/2946 2587/2883/2883 2588/2947/2947
f 2654/2948/2948 2620/2882/2882 2621/2946/2946
f 2654/2948/2948 2686/2886/2886 2653/2884/2884
f 2720/2949/2949 2686/2886/2886 2687/2950/2950
f 2720/2949/2949 2752/2887/2887 2719/2885/2885
f 2753/2951/2951 2785/2889/2889 2752/2887/2887
f 2819/2952/2952 2785/2889/2889 2786/2953/2953
f 2852/2954/2954 2818/2888/2888 2819/2952/2952
f 2852/2954/2954 2884/2892/2892 2851/2890/2890
f 2918/2955/2955 2884/2892/2892 2885/2956/2956
f 2918/2955/2955 2950/2893/2893 2917/2891/2891
f 2984/2957/2957 2950/2893/2893 2951/2958/2958
f 2984/2957/2957 3016/2894/2894 2983/2895/2895
f 3050/2959/2959 3016/2894/2894 3017/2960/2960
f 3050/2959/2959 3082/2896/2896 3049/2897/2897
f 3083/2961/2961 3115/2899/2899 3082/2896/2896
f 3149/2962/2962 3115/2899/2899 3116/2963/2963
f 3182/2964/2964 3148/2898/2898 3149/2962/2962
f 3182/2964/2964 3214/2900/2900 3181/2901/2901
f 3248/2965/2965 3214/2900/2900 3215/2966/2966
f 3248/2965/2965 3280/2904/2904 3247/2902/2902
f 3314/2967/2967 3280/2904/2904 3281/2968/2968
f 3347/2969/2969 3313/2903/2903 3314/2967/2967
f 3380/2970/2970 3346/2906/2906 3347/2969/2969
f 3380/2970/2970 3412/2908/2908 3379/2905/2905
f 3446/2971/2971 3412/2908/2908 3413/2972/2972
f 3446/2971/2971 3478/2909/2909 3445/2907/2907
f 3479/2973/2973 3511/2910/2910 3478/2909/2909
f 3512/2974/2974 3544/2911/2911 3511/2910/2910
f 3545/2975/2975 3577/2913/2913 3544/2911/2911
f 3611/2976/2976 3577/2913/2913 3578/2977/2977
f 3611/2976/2976 3643/2915/2915 3610/2912/2912
f 3677/2978/2978 3643/2915/2915 3644/2979/2979
f 3677/2978/2978 3709/2916/2916 3676/2914/2914
f 3710/2980/2980 3742/2918/2918 3709/2916/2916
f 3776/2981/2981 3742/2918/2918 3743/2982/2982
f 3776/2981/2981 3808/2920/2920 3775/2917/2917
f 3842/2983/2983 3808/2920/2920 3809/2984/2984
f 3842/2983/2983 3874/2921/2921 3841/2919/2919
f 3908/2985/2985 3874/2921/2921 3875/2986/2986
f 3908/2985/2985 3940/2923/2923 3907/2922/2922
f 3974/2987/2987 3940/2923/2923 3941/2988/2988
f 4007/2989/2989 3973/2924/2924 3974/2987/2987
f 4007/2989/2989 4039/2927/2927 4006/2925/2925
f 4073/2990/2990 4039/2927/2927 4040/2991/2991
f 4073/2990/2990 4105/2929/2929 4072/2926/2926
f 4139/2992/2992 4105/2929/2929 4106/2993/2993
f 4139/2992/2992 4171/2930/2930 4138/2928/2928
f 4172/2994/2994 4204/2931/2931 4171/2930/2930
f 2126/2933/2933 4204/2931/2931 4205/2995/2995
f 2127/2996/2996 2159/2932/2932 2126/2933/2933
f 2193/2997/2997 2159/2932/2932 2160/2998/2998
f 2193/2997/2997 2225/2936/2936 2192/2934/2934
f 2259/2999/2999 2225/2936/2936 2226/3000/3000
f 2292/3001/3001 2258/2935/2935 2259/2999/2999
f 2292/3001/3001 2324/2938/2938 2291/2937/2937
f 2325/3002/3002 2357/2940/2940 2324/2938/2938
f 2358/3003/3003 2390/2939/2939 2357/2940/2940
f 2424/3004/3004 2390/2939/2939 2391/3005/3005
f 2424/3004/3004 2456/2943/2943 2423/2941/2941
f 2490/3006/3006 2456/2943/2943 2457/3007/3007
f 2523/3008/3008 2489/2942/2942 2490/3006/3006
f 2523/3008/3008 2555/2945/2945 2522/2944/2944
f 2556/3009/3009 2588/2947/2947 2555/2945/2945
f 2589/3010/3010 2621/2946/2946 2588/2947/2947
f 2655/3011/3011 2621/2946/2946 2622/3012/3012
f 2655/3011/3011 2687/2950/2950 2654/2948/2948
f 2721/3013/3013 2687/2950/2950 2688/3014/3014
f 2721/3013/3013 2753/2951/2951 2720/2949/2949
f 2754/3015/3015 2786/2953/2953 2753/2951/2951
f 2820/3016/3016 2786/2953/2953 2787/3017/3017
f 2853/3018/3018 2819/2952/2952 2820/3016/3016
f 2853/3018/3018 2885/2956/2956 2852/2954/2954
f 2919/3019/3019 2885/2956/2956 2886/3020/3020
f 2919/3019/3019 2951/2958/2958 2918/2955/2955
f 2952/3021/3021 2984/2957/2957 2951/2958/2958
f 2985/3022/3022 3017/2960/2960 2984/2957/2957
f 3051/3023/3023 3017/2960/2960 3018/3024/3024
f 3051/3023/3023 3083/2961/2961 3050/2959/2959
f 3084/3025/3025 3116/2963/2963 3083/2961/2961
f 3150/3026/3026 3116/2963/2963 3117/3027/3027
f 3183/3028/3028 3149/2962/2962 3150/3026/3026
f 3183/3028/3028 3215/2966/2966 3182/2964/2964
f 3216/3029/3029 3248/2965/2965 3215/2966/2966
f 3249/3030/3030 3281/2968/2968 3248/2965/2965
f 3315/3031/3031 3281/2968/2968 3282/3032/3032
f 3348/3033/3033 3314/2967/2967 3315/3031/3031
f 3381/3034/3034 3347/2969/2969 3348/3033/3033
f 3381/3034/3034 3413/2972/2972 3380/2970/2970
f 3447/3035/3035 3413/2972/2972 3414/3036/3036
f 3480/3037/3037 3446/2971/2971 3447/3035/3035
f 3513/3038/3038 3479/2973/2973 3480/3037/3037
f 3546/3039/3039 3512/2974/2974 3513/3038/3038
f 3579/3040/3040 3545/2975/2975 3546/3039/3039
f 3612/3041/3041 3578/2977/2977 3579/3040/3040
f 3645/3042/3042 3611/2976/2976 3612/3041/3041
f 3645/3042/3042 3677/2978/2978 3644/2979/2979
f 3678/3043/3043 3710/2980/2980 3677/2978/2978
f 3711/3044/3044 3743/2982/2982 3710/2980/2980
f 3777/3045/3045 3743/2982/2982 3744/3046/3046
f 3777/3045/3045 3809/2984/2984 3776/2981/2981
f 3843/3047/3047 3809/2984/2984 3810/3048/3048
f 3843/3047/3047 3875/2986/2986 3842/2983/2983
f 3909/3049/3049 3875/2986/2986 3876/3050/3050
f 3909/3049/3049 3941/2988/2988 3908/2985/2985
f 3942/3051/3051 3974/2987/2987 3941/2988/2988
f 3975/3052/3052 4007/2989/2989 3974/2987/2987
f 4008/3053/3053 4040/2991/2991 4007/2989/2989
f 4074/3054/3054 4040/2991/2991 4041/3055/3055
f 4074/3054/3054 4106/2993/2993 4073/2990/2990
f 4140/3056/3056 4106/2993/2993 4107/3057/3057
f 4140/3056/3056 4172/2994/2994 4139/2992/2992
f 4206/3058/3058 4172/2994/2994 4173/3059/3059
f 4206/3058/3058 2126/2933/2933 4205/2995/2995
f 2161/3060/3060 2127/2996/2996 2128/3061/3061
f 2161/3060/3060 2193/2997/2997 2160/2998/2998
f 2194/3062/3062 2226/3000/3000 2193/2997/2997
f 2260/3063/3063 2226/3000/3000 2227/3064/3064
f 2293/3065/3065 2259/2999/2999 2260/3063/3063
f 2293/3065/3065 2325/3002/3002 2292/3001/3001
f 2326/3066/3066 2358/3003/3003 2325/3002/3002
f 2392/3067/3067 2358/3003/3003 2359/3068/3068
f 2392/3067/3067 2424/3004/3004 2391/3005/3005
f 2425/3069/3069 2457/3007/3007 2424/3004/3004
f 2491/3070/3070 2457/3007/3007 2458/3071/3071
f 2491/3070/3070 2523/3008/3008 2490/3006/3006
f 2524/3072/3072 2556/3009/3009 2523/3008/3008
f 2557/3073/3073 2589/3010/3010 2556/3009/3009
f 2590/3074/3074 2622/3012/3012 2589/3010/3010
f 2656/3075/3075 2622/3012/3012 2623/3076/3076
f 2656/3075/3075 2688/3014/3014 2655/3011/3011
f 2689/3077/3077 2721/3013/3013 2688/3014/3014
f 2722/3078/3078 2754/3015/3015 2721/3013/3013
f 2755/3079/3079 2787/3017/3017 2754/3015/3015
f 2821/3080/3080 2787/3017/3017 2788/3081/3081
f 2821/3080/3080 2853/3018/3018 2820/3016/3016
f 2854/3082/3082 2886/3020/3020 2853/3018/3018
f 2920/3083/3083 2886/3020/3020 2887/3084/3084
f 2920/3083/3083 2952/3021/3021 2919/3019/3019
f 2953/3085/3085 2985/3022/3022 2952/3021/3021
f 2986/3086/3086 3018/3024/3024 2985/3022/3022
f 3052/3087/3087 3018/3024/3024 3019/3088/3088
f 3085/3089/3089 3051/3023/3023 3052/3087/3087
f 3118/3090/3090 3084/3025/3025 3085/3089/3089
f 3118/3090/3090 3150/3026/3026 3117/3027/3027
f 3184/3091/3091 3150/3026/3026 3151/3092/3092
f 3184/3091/3091 3216/3029/3029 3183/3028/3028
f 3217/3093/3093 3249/3030/3030 3216/3029/3029
f 3250/3094/3094 3282/3032/3032 3249/3030/3030
f 3316/3095/3095 3282/3032/3032 3283/3096/3096
f 3349/3097/3097 3315/3031/3031 3316/3095/3095
f 3382/3098/3098 3348/3033/3033 3349/3097/3097
f 3382/3098/3098 3414/3036/3036 3381/3034/3034
f 3448/3099/3099 3414/3036/3036 3415/3100/3100
f 3448/3099/3099 3480/3037/3037 3447/3035/3035
f 3481/3101/3101 3513/3038/3038 3480/3037/3037
f 3514/3102/3102 3546/3039/3039 3513/3038/3038
f 3580/3103/3103 3546/3039/3039 3547/3104/3104
f 3613/3105/3105 3579/3040/3040 3580/3103/3103
f 3646/3106/3106 3612/3041/3041 3613/3105/3105
f 3646/3106/3106 3678/3043/3043 3645/3042/3042
f 3712/3107/3107 3678/3043/3043 3679/3108/3108
f 3712/3107/3107 3744/3046/3046 3711/3044/3044
f 3745/3109/3109 3777/3045/3045 3744/3046/3046
f 3811/3110/3110 3777/3045/3045 3778/3111/3111
f 3844/3112/3112 3810/3048/3048 3811/3110/3110
f 3844/3112/3112 3876/3050/3050 3843/3047/3047
f 3910/3113/3113 3876/3050/3050 3877/3114/3114
f 3910/3113/3113 3942/3051/3051 3909/3049/3049
f 3976/3115/3115 3942/3051/3051 3943/3116/3116
f 4009/3117/3117 3975/3052/3052 3976/3115/3115
f 4009/3117/3117 4041/3055/3055 4008/3053/3053
f 4075/3118/3118 4041/3055/3055 4042/3119/3119
f 4108/3120/3120 4074/3054/3054 4075/3118/3118
f 4141/3121/3121 4107/3057/3057 4108/3120/3120
f 4141/3121/3121 4173/3059/3059 4140/3056/3056
f 4174/3122/3122 4206/3058/3058 4173/3059/3059
f 2128/3061/3061 4206/3058/3058 4207/3123/3123
f 2129/3124/3124 2161/3060/3060 2128/3061/3061
f 2162/3125/3125 2194/3062/3062 2161/3060/3060
f 2195/3126/3126 2227/3064/3064 2194/3062/3062
f 2228/3127/3127 2260/3063/3063 2227/3064/3064
f 2261/3128/3128 2293/3065/3065 2260/3063/3063
f 2327/3129/3129 2293/3065/3065 2294/3130/3130
f 2327/3129/3129 2359/3068/3068 2326/3066/3066
f 2393/3131/3131 2359/3068/3068 2360/3132/3132
f 2393/3131/3131 2425/3069/3069 2392/3067/3067
f 2426/3133/3133 2458/3071/3071 2425/3069/3069
f 2492/3134/3134 2458/3071/3071 2459/3135/3135
f 2525/3136/3136 2491/3070/3070 2492/3134/3134
f 2558/3137/3137 2524/3072/3072 2525/3136/3136
f 2591/3138/3138 2557/3073/3073 2558/3137/3137
f 2591/3138/3138 2623/3076/3076 2590/3074/3074
f 2657/3139/3139 2623/3076/3076 2624/3140/3140
f 2690/3141/3141 2656/3075/3075 2657/3139/3139
f 2690/3141/3141 2722/3078/3078 2689/3077/3077
f 2756/3142/3142 2722/3078/3078 2723/3143/3143
f 2756/3142/3142 2788/3081/3081 2755/3079/3079
f 2789/3144/3144 2821/3080/3080 2788/3081/3081
f 2855/3145/3145 2821/3080/3080 2822/3146/3146
f 2855/3145/3145 2887/3084/3084 2854/3082/3082
f 2921/3147/3147 2887/3084/3084 2888/3148/3148
f 2921/3147/3147 2953/3085/3085 2920/3083/3083
f 2987/3149/3149 2953/3085/3085 2954/3150/3150
f 2987/3149/3149 3019/3088/3088 2986/3086/3086
f 3053/3151/3151 3019/3088/3088 3020/3152/3152
f 3053/3151/3151 3085/3089/3089 3052/3087/3087
f 3119/3153/3153 3085/3089/3089 3086/3154/3154
f 3119/3153/3153 3151/3092/3092 3118/3090/3090
f 3152/3155/3155 3184/3091/3091 3151/3092/3092
f 3185/3156/3156 3217/3093/3093 3184/3091/3091
f 3218/3157/3157 3250/3094/3094 3217/3093/3093
f 3284/3158/3158 3250/3094/3094 3251/3159/3159
f 3317/3160/3160 3283/3096/3096 3284/3158/3158
f 3317/3160/3160 3349/3097/3097 3316/3095/3095
f 3383/3161/3161 3349/3097/3097 3350/3162/3162
f 3383/3161/3161 3415/3100/3100 3382/3098/3098
f 3449/3163/3163 3415/3100/3100 3416/3164/3164
f 3482/3165/3165 3448/3099/3099 3449/3163/3163
f 3515/3166/3166 3481/3101/3101 3482/3165/3165
f 3515/3166/3166 3547/3104/3104 3514/3102/3102
f 3581/3167/3167 3547/3104/3104 3548/3168/3168
f 3614/3169/3169 3580/3103/3103 3581/3167/3167
f 3614/3169/3169 3646/3106/3106 3613/3105/3105
f 3647/3170/3170 3679/3108/3108 3646/3106/3106
f 3680/3171/3171 3712/3107/3107 3679/3108/3108
f 3713/3172/3172 3745/3109/3109 3712/3107/3107
f 3746/3173/3173 3778/3111/3111 3745/3109/3109
f 3779/3174/3174 3811/3110/3110 3778/3111/3111
f 3845/3175/3175 3811/3110/3110 3812/3176/3176
f 3845/3175/3175 3877/3114/3114 3844/3112/3112
f 3911/3177/3177 3877/3114/3114 3878/3178/3178
f 3911/3177/3177 3943/3116/3116 3910/3113/3113
f 3977/3179/3179 3943/3116/3116 3944/3180/3180
f 4010/3181/3181 3976/3115/3115 3977/3179/3179
f 4010/3181/3181 4042/3119/3119 4009/3117/3117
f 4043/3182/3182 4075/3118/3118 4042/3119/3119
f 4076/3183/3183 4108/3120/3120 4075/3118/3118
f 4142/3184/3184 4108/3120/3120 4109/3185/3185
f 4142/3184/3184 4174/3122/3122 4141/3121/3121
f 4175/3186/3186 4207/3123/3123 4174/3122/3122
f 2129/3124/3124 4207/3123/3123 4208/3187/3187
f 2163/3188/3188 2129/3124/3124 2130/3189/3189
f 2196/3190/3190 2162/3125/3125 2163/3188/3188
f 2196/3190/3190 2228/3127/3127 2195/3126/3126
f 2229/3191/3191 2261/3128/3128 2228/3127/3127
f 2295/3192/3192 2261/3128/3128 2262/3193/3193
f 2295/3192/3192 2327/3129/3129 2294/3130/3130
f 2328/3194/3194 2360/3132/3132 2327/3129/3129
f 2394/3195/3195 2360/3132/3132 2361/3196/3196
f 2427/3197/3197 2393/3131/3131 2394/3195/3195
f 2427/3197/3197 2459/3135/3135 2426/3133/3133
f 2460/3198/3198 2492/3134/3134 2459/3135/3135
f 2493/3199/3199 2525/3136/3136 2492/3134/3134
f 2526/3200/3200 2558/3137/3137 2525/3136/3136
f 2559/3201/3201 2591/3138/3138 2558/3137/3137
f 2592/3202/3202 2624/3140/3140 2591/3138/3138
f 2625/3203/3203 2657/3139/3139 2624/3140/3140
f 2658/3204/3204 2690/3141/3141 2657/3139/3139
f 2724/3205/3205 2690/3141/3141 2691/3206/3206
f 2724/3205/3205 2756/3142/3142 2723/3143/3143
f 2757/3207/3207 2789/3144/3144 2756/3142/3142
f 2790/3208/3208 2822/3146/3146 2789/3144/3144
f 2856/3209/3209 2822/3146/3146 2823/3210/3210
f 2856/3209/3209 2888/3148/3148 2855/3145/3145
f 2922/3211/3211 2888/3148/3148 2889/3212/3212
f 2922/3211/3211 2954/3150/3150 2921/3147/3147
f 2955/3213/3213 2987/3149/3149 2954/3150/3150
f 2988/3214/3214 3020/3152/3152 2987/3149/3149
f 3021/3215/3215 3053/3151/3151 3020/3152/3152
f 3054/3216/3216 3086/3154/3154 3053/3151/3151
f 3087/3217/3217 3119/3153/3153 3086/3154/3154
f 3120/3218/3218 3152/3155/3155 3119/3153/3153
f 3153/3219/3219 3185/3156/3156 3152/3155/3155
f 3219/3220/3220 3185/3156/3156 3186/3221/3221
f 3252/3222/3222 3218/3157/3157 3219/3220/3220
f 3252/3222/3222 3284/3158/3158 3251/3159/3159
f 3318/3223/3223 3284/3158/3158 3285/3224/3224
f 3318/3223/3223 3350/3162/3162 3317/3160/3160
f 3384/3225/3225 3350/3162/3162 3351/3226/3226
f 3384/3225/3225 3416/3164/3164 3383/3161/3161
f 3417/3227/3227 3449/3163/3163 3416/3164/3164
f 3450/3228/3228 3482/3165/3165 3449/3163/3163
f 3483/3229/3229 3515/3166/3166 3482/3165/3165
f 3516/3230/3230 3548/3168/3168 3515/3166/3166
f 3549/3231/3231 3581/3167/3167 3548/3168/3168
f 3615/3232/3232 3581/3167/3167 3582/3233/3233
f 3648/3234/3234 3614/3169/3169 3615/3232/3232
f 3648/3234/3234 3680/3171/3171 3647/3170/3170
f 3681/3235/3235 3713/3172/3172 3680/3171/3171
f 3714/3236/3236 3746/3173/3173 3713/3172/3172
f 3780/3237/3237 3746/3173/3173 3747/3238/3238
f 3780/3237/3237 3812/3176/3176 3779/3174/3174
f 3813/3239/3239 3845/3175/3175 3812/3176/3176
f 3846/3240/3240 3878/3178/3178 3845/3175/3175
f 3912/3241/3241 3878/3178/3178 3879/3242/3242
f 3912/3241/3241 3944/3180/3180 3911/3177/3177
f 3945/3243/3243 3977/3179/3179 3944/3180/3180
f 3978/3244/3244 4010/3181/3181 3977/3179/3179
f 4011/3245/3245 4043/3182/3182 4010/3181/3181
f 4077/3246/3246 4043/3182/3182 4044/3247/3247
f 4077/3246/3246 4109/3185/3185 4076/3183/3183
f 4110/3248/3248 4142/3184/3184 4109/3185/3185
f 4143/3249/3249 4175/3186/3186 4142/3184/3184
f 4209/3250/3250 4175/3186/3186 4176/3251/3251
f 4209/3250/3250 2129/3124/3124 4208/3187/3187
f 2164/3252/3252 2130/3189/3189 2131/3253/3253
f 2197/3254/3254 2163/3188/3188 2164/3252/3252
f 2197/3254/3254 2229/3191/3191 2196/3190/3190
f 2230/3255/3255 2262/3193/3193 2229/3191/3191
f 2263/3256/3256 2295/3192/3192 2262/3193/3193
f 2296/3257/3257 2328/3194/3194 2295/3192/3192
f 2329/3258/3258 2361/3196/3196 2328/3194/3194
f 2395/3259/3259 2361/3196/3196 2362/3260/3260
f 2428/3261/3261 2394/3195/3195 2395/3259/3259
f 2428/3261/3261 2460/3198/3198 2427/3197/3197
f 2494/3262/3262 2460/3198/3198 2461/3263/3263
f 2527/3264/3264 2493/3199/3199 2494/3262/3262
f 2527/3264/3264 2559/3201/3201 2526/3200/3200
f 2560/3265/3265 2592/3202/3202 2559/3201/3201
f 2626/3266/3266 2592/3202/3202 2593/3267/3267
f 2626/3266/3266 2658/3204/3204 2625/3203/3203
f 2692/3268/3268 2658/3204/3204 2659/3269/3269
f 2725/3270/3270 2691/3206/3206 2692/3268/3268
f 2725/3270/3270 2757/3207/3207 2724/3205/3205
f 2758/3271/3271 2790/3208/3208 2757/3207/3207
f 2791/3272/3272 2823/3210/3210 2790/3208/3208
f 2824/3273/3273 2856/3209/3209 2823/3210/3210
f 2857/3274/3274 2889/3212/3212 2856/3209/3209
f 2923/3275/3275 2889/3212/3212 2890/3276/3276
f 2956/3277/3277 2922/3211/3211 2923/3275/3275
f 2989/3278/3278 2955/3213/3213 2956/3277/3277
f 3022/3279/3279 2988/3214/3214 2989/3278/3278
f 3022/3279/3279 3054/3216/3216 3021/3215/3215
f 3055/3280/3280 3087/3217/3217 3054/3216/3216
f 3088/3281/3281 3120/3218/3218 3087/3217/3217
f 3154/3282/3282 3120/3218/3218 3121/3283/3283
f 3154/3282/3282 3186/3221/3221 3153/3219/3219
f 3187/3284/3284 3219/3220/3220 3186/3221/3221
f 3253/3285/3285 3219/3220/3220 3220/3286/3286
f 3253/3285/3285 3285/3224/3224 3252/3222/3222
f 3286/3287/3287 3318/3223/3223 3285/3224/3224
f 3319/3288/3288 3351/3226/3226 3318/3223/3223
f 3352/3289/3289 3384/3225/3225 3351/3226/3226
f 3385/3290/3290 3417/3227/3227 3384/3225/3225
f 3451/3291/3291 3417/3227/3227 3418/3292/3292
f 3451/3291/3291 3483/3229/3229 3450/3228/3228
f 3484/3293/3293 3516/3230/3230 3483/3229/3229
f 3517/3294/3294 3549/3231/3231 3516/3230/3230
f 3583/3295/3295 3549/3231/3231 3550/3296/3296
f 3583/3295/3295 3615/3232/3232 3582/3233/3233
f 3649/3297/3297 3615/3232/3232 3616/3298/3298
f 3649/3297/3297 3681/3235/3235 3648/3234/3234
f 3682/3299/3299 3714/3236/3236 3681/3235/3235
f 3715/3300/3300 3747/3238/3238 3714/3236/3236
f 3781/3301/3301 3747/3238/3238 3748/3302/3302
f 3781/3301/3301 3813/3239/3239 3780/3237/3237
f 3814/3303/3303 3846/3240/3240 3813/3239/3239
f 3880/3304/3304 3846/3240/3240 3847/3305/3305
f 3913/3306/3306 3879/3242/3242 3880/3304/3304
f 3913/3306/3306 3945/3243/3243 3912/3241/3241
f 3979/3307/3307 3945/3243/3243 3946/3308/3308
f 3979/3307/3307 4011/3245/3245 3978/3244/3244
f 4012/3309/3309 4044/3247/3247 4011/3245/3245
f 4078/3310/3310 4044/3247/3247 4045/3311/3311
f 4078/3310/3310 4110/3248/3248 4077/3246/3246
f 4144/3312/3312 4110/3248/3248 4111/3313/3313
f 4144/3312/3312 4176/3251/3251 4143/3249/3249
f 4210/3314/3314 4176/3251/3251 4177/3315/3315
f 2131/3253/3253 4209/3250/3250 4210/3314/3314
f 2165/3316/3316 2131/3253/3253 2132/3317/3317
f 2198/3318/3318 2164/3252/3252 2165/3316/3316
f 2198/3318/3318 2230/3255/3255 2197/3254/3254
f 2231/3319/3319 2263/3256/3256 2230/3255/3255
f 2297/3320/3320 2263/3256/3256 2264/3321/3321
f 2297/3320/3320 2329/3258/3258 2296/3257/3257
f 2330/3322/3322 2362/3260/3260 2329/3258/3258
f 2396/3323/3323 2362/3260/3260 2363/3324/3324
f 2429/3325/3325 2395/3259/3259 2396/3323/3323
f 2429/3325/3325 2461/3263/3263 2428/3261/3261
f 2495/3326/3326 2461/3263/3263 2462/3327/3327
f 2528/3328/3328 2494/3262/3262 2495/3326/3326
f 2528/3328/3328 2560/3265/3265 2527/3264/3264
f 2594/3329/3329 2560/3265/3265 2561/3330/3330
f 2627/3331/3331 2593/3267/3267 2594/3329/3329
f 2627/3331/3331 2659/3269/3269 2626/3266/3266
f 2693/3332/3332 2659/3269/3269 2660/3333/3333
f 2726/3334/3334 2692/3268/3268 2693/3332/3332
f 2759/3335/3335 2725/3270/3270 2726/3334/3334
f 2759/3335/3335 2791/3272/3272 2758/3271/3271
f 2825/3336/3336 2791/3272/3272 2792/3337/3337
f 2858/3338/3338 2824/3273/3273 2825/3336/3336
f 2858/3338/3338 2890/3276/3276 2857/3274/3274
f 2924/3339/3339 2890/3276/3276 2891/3340/3340
f 2924/3339/3339 2956/3277/3277 2923/3275/3275
f 2990/3341/3341 2956/3277/3277 2957/3342/3342
f 2990/3341/3341 3022/3279/3279 2989/3278/3278
f 3023/3343/3343 3055/3280/3280 3022/3279/3279
f 3056/3344/3344 3088/3281/3281 3055/3280/3280
f 3122/3345/3345 3088/3281/3281 3089/3346/3346
f 3155/3347/3347 3121/3283/3283 3122/3345/3345
f 3155/3347/3347 3187/3284/3284 3154/3282/3282
f 3221/3348/3348 3187/3284/3284 3188/3349/3349
f 3221/3348/3348 3253/3285/3285 3220/3286/3286
f 3287/3350/3350 3253/3285/3285 3254/3351/3351
f 3287/3350/3350 3319/3288/3288 3286/3287/3287
f 3353/3352/3352 3319/3288/3288 3320/3353/3353
f 3386/3354/3354 3352/3289/3289 3353/3352/3352
f 3419/3355/3355 3385/3290/3290 3386/3354/3354
f 3452/3356/3356 3418/3292/3292 3419/3355/3355
f 3452/3356/3356 3484/3293/3293 3451/3291/3291
f 3518/3357/3357 3484/3293/3293 3485/3358/3358
f 3551/3359/3359 3517/3294/3294 3518/3357/3357
f 3584/3360/3360 3550/3296/3296 3551/3359/3359
f 3584/3360/3360 3616/3298/3298 3583/3295/3295
f 3650/3361/3361 3616/3298/3298 3617/3362/3362
f 3683/3363/3363 3649/3297/3297 3650/3361/3361
f 3683/3363/3363 3715/3300/3300 3682/3299/3299
f 3749/3364/3364 3715/3300/3300 3716/3365/3365
f 3749/3364/3364 3781/3301/3301 3748/3302/3302
f 3782/3366/3366 3814/3303/3303 3781/3301/3301
f 3815/3367/3367 3847/3305/3305 3814/3303/3303
f 3881/3368/3368 3847/3305/3305 3848/3369/3369
f 3914/3370/3370 3880/3304/3304 3881/3368/3368
f 3914/3370/3370 3946/3308/3308 3913/3306/3306
f 3980/3371/3371 3946/3308/3308 3947/3372/3372
f 3980/3371/3371 4012/3309/3309 3979/3307/3307
f 4046/3373/3373 4012/3309/3309 4013/3374/3374
f 4079/3375/3375 4045/3311/3311 4046/3373/3373
f 4112/3376/3376 4078/3310/3310 4079/3375/3375
f 4112/3376/3376 4144/3312/3312 4111/3313/3313
f 4145/3377/3377 4177/3315/3315 4144/3312/3312
f 4178/3378/3378 4210/3314/3314 4177/3315/3315
f 2132/3317/3317 4210/3314/3314 4211/3379/3379
f 2166/3380/3380 2132/3317/3317 2133/3381/3381
f 2166/3380/3380 2198/3318/3318 2165/3316/3316
f 2199/3382/3382 2231/3319/3319 2198/3318/3318
f 2232/3383/3383 2264/3321/3321 2231/3319/3319
f 2298/3384/3384 2264/3321/3321 2265/3385/3385
f 2298/3384/3384 2330/3322/3322 2297/3320/3320
f 2364/3386/3386 2330/3322/3322 2331/3387/3387
f 2397/3388/3388 2363/3324/3324 2364/3386/3386
f 2430/3389/3389 2396/3323/3323 2397/3388/3388
f 2430/3389/3389 2462/3327/3327 2429/3325/3325
f 2496/3390/3390 2462/3327/3327 2463/3391/3391
f 2496/3390/3390 2528/3328/3328 2495/3326/3326
f 2529/3392/3392 2561/3330/3330 2528/3328/3328
f 2595/3393/3393 2561/3330/3330 2562/3394/3394
f 2628/3395/3395 2594/3329/3329 2595/3393/3393
f 2628/3395/3395 2660/3333/3333 2627/3331/3331
f 2694/3396/3396 2660/3333/3333 2661/3397/3397
f 2694/3396/3396 2726/3334/3334 2693/3332/3332
f 2727/3398/3398 2759/3335/3335 2726/3334/3334
f 2760/3399/3399 2792/3337/3337 2759/3335/3335
f 2826/3400/3400 2792/3337/3337 2793/3401/3401
f 2826/3400/3400 2858/3338/3338 2825/3336/3336
f 2892/3402/3402 2858/3338/3338 2859/3403/3403
f 2925/3404/3404 2891/3340/3340 2892/3402/3402
f 2925/3404/3404 2957/3342/3342 2924/3339/3339
f 2958/3405/3405 2990/3341/3341 2957/3342/3342
f 2991/3406/3406 3023/3343/3343 2990/3341/3341
f 3057/3407/3407 3023/3343/3343 3024/3408/3408
f 3057/3407/3407 3089/3346/3346 3056/3344/3344
f 3123/3409/3409 3089/3346/3346 3090/3410/3410
f 3156/3411/3411 3122/3345/3345 3123/3409/3409
f 3156/3411/3411 3188/3349/3349 3155/3347/3347
f 3222/3412/3412 3188/3349/3349 3189/3413/3413
f 3222/3412/3412 3254/3351/3351 3221/3348/3348
f 3255/3414/3414 3287/3350/3350 3254/3351/3351
f 3288/3415/3415 3320/3353/3353 3287/3350/3350
f 3321/3416/3416 3353/3352/3352 3320/3353/3353
f 3354/3417/3417 3386/3354/3354 3353/3352/3352
f 3387/3418/3418 3419/3355/3355 3386/3354/3354
f 3453/3419/3419 3419/3355/3355 3420/3420/3420
f 3453/3419/3419 3485/3358/3358 3452/3356/3356
f 3486/3421/3421 3518/3357/3357 3485/3358/3358
f 3552/3422/3422 3518/3357/3357 3519/3423/3423
f 3552/3422/3422 3584/3360/3360 3551/3359/3359
f 3585/3424/3424 3617/3362/3362 3584/3360/3360
f 3651/3425/3425 3617/3362/3362 3618/3426/3426
f 3684/3427/3427 3650/3361/3361 3651/3425/3425
f 3684/3427/3427 3716/3365/3365 3683/3363/3363
f 3750/3428/3428 3716/3365/3365 3717/3429/3429
f 3750/3428/3428 3782/3366/3366 3749/3364/3364
f 3816/3430/3430 3782/3366/3366 3783/3431/3431
f 3816/3430/3430 3848/3369/3369 3815/3367/3367
f 3849/3432/3432 3881/3368/3368 3848/3369/3369
f 3915/3433/3433 3881/3368/3368 3882/3434/3434
f 3915/3433/3433 3947/3372/3372 3914/3370/3370
f 3981/3435/3435 3947/3372/3372 3948/3436/3436
f 4014/3437/3437 3980/3371/3371 3981/3435/3435
f 4014/3437/3437 4046/3373/3373 4013/3374/3374
f 4047/3438/3438 4079/3375/3375 4046/3373/3373
f 4080/3439/3439 4112/3376/3376 4079/3375/3375
f 4113/3440/3440 4145/3377/3377 4112/3376/3376
f 4146/3441/3441 4178/3378/3378 4145/3377/3377
f 4212/3442/3442 4178/3378/3378 4179/3443/3443
f 2133/3381/3381 4211/3379/3379 4212/3442/3442
f 2167/3444/3444 2133/3381/3381 2134/3445/3445
f 2200/3446/3446 2166/3380/3380 2167/3444/3444
f 2200/3446/3446 2232/3383/3383 2199/3382/3382
f 2233/3447/3447 2265/3385/3385 2232/3383/3383
f 2299/3448/3448 2265/3385/3385 2266/3449/3449
f 2299/3448/3448 2331/3387/3387 2298/3384/3384
f 2332/3450/3450 2364/3386/3386 2331/3387/3387
f 2398/3451/3451 2364/3386/3386 2365/3452/3452
f 2431/3453/3453 2397/3388/3388 2398/3451/3451
f 2464/3454/3454 2430/3389/3389 2431/3453/3453
f 2497/3455/3455 2463/3391/3391 2464/3454/3454
f 2530/3456/3456 2496/3390/3390 2497/3455/3455
f 2530/3456/3456 2562/3394/3394 2529/3392/3392
f 2563/3457/3457 2595/3393/3393 2562/3394/3394
f 2629/3458/3458 2595/3393/3393 2596/3459/3459
f 2629/3458/3458 2661/3397/3397 2628/3395/3395
f 2695/3460/3460 2661/3397/3397 2662/3461/3461
f 2728/3462/3462 2694/3396/3396 2695/3460/3460
f 2728/3462/3462 2760/3399/3399 2727/3398/3398
f 2761/3463/3463 2793/3401/3401 2760/3399/3399
f 2827/3464/3464 2793/3401/3401 2794/3465/3465
f 2827/3464/3464 2859/3403/3403 2826/3400/3400
f 2860/3466/3466 2892/3402/3402 2859/3403/3403
f 2893/3467/3467 2925/3404/3404 2892/3402/3402
f 2959/3468/3468 2925/3404/3404 2926/3469/3469
f 2992/3470/3470 2958/3405/3405 2959/3468/3468
f 2992/3470/3470 3024/3408/3408 2991/3406/3406
f 3025/3471/3471 3057/3407/3407 3024/3408/3408
f 3058/3472/3472 3090/3410/3410 3057/3407/3407
f 3091/3473/3473 3123/3409/3409 3090/3410/3410
f 3157/3474/3474 3123/3409/3409 3124/3475/3475
f 3157/3474/3474 3189/3413/3413 3156/3411/3411
f 3223/3476/3476 3189/3413/3413 3190/3477/3477
f 3223/3476/3476 3255/3414/3414 3222/3412/3412
f 3256/3478/3478 3288/3415/3415 3255/3414/3414
f 3289/3479/3479 3321/3416/3416 3288/3415/3415
f 3355/3480/3480 3321/3416/3416 3322/3481/3481
f 3355/3480/3480 3387/3418/3418 3354/3417/3417
f 3388/3482/3482 3420/3420/3420 3387/3418/3418
f 3454/3483/3483 3420/3420/3420 3421/3484/3484
f 3454/3483/3483 3486/3421/3421 3453/3419/3419
f 3487/3485/3485 3519/3423/3423 3486/3421/3421
f 3553/3486/3486 3519/3423/3423 3520/3487/3487
f 3553/3486/3486 3585/3424/3424 3552/3422/3422
f 3619/3488/3488 3585/3424/3424 3586/3489/3489
f 3619/3488/3488 3651/3425/3425 3618/3426/3426
f 3685/3490/3490 3651/3425/3425 3652/3491/3491
f 3685/3490/3490 3717/3429/3429 3684/3427/3427
f 3751/3492/3492 3717/3429/3429 3718/3493/3493
f 3784/3494/3494 3750/3428/3428 3751/3492/3492
f 3784/3494/3494 3816/3430/3430 3783/3431/3431
f 3817/3495/3495 3849/3432/3432 3816/3430/3430
f 3883/3496/3496 3849/3432/3432 3850/3497/3497
f 3916/3498/3498 3882/3434/3434 3883/3496/3496
f 3916/3498/3498 3948/3436/3436 3915/3433/3433
f 3982/3499/3499 3948/3436/3436 3949/3500/3500
f 3982/3499/3499 4014/3437/3437 3981/3435/3435
f 4048/3501/3501 4014/3437/3437 4015/3502/3502
f 4081/3503/3503 4047/3438/3438 4048/3501/3501
f 4081/3503/3503 4113/3440/3440 4080/3439/3439
f 4147/3504/3504 4113/3440/3440 4114/3505/3505
f 4147/3504/3504 4179/3443/3443 4146/3441/3441
f 4213/3506/3506 4179/3443/3443 4180/3507/3507
f 2134/3445/3445 4212/3442/3442 4213/3506/3506
f 2168/3508/3508 2134/3445/3445 2135/3509/3509
f 2201/3510/3510 2167/3444/3444 2168/3508/3508
f 2201/3510/3510 2233/3447/3447 2200/3446/3446
f 2234/3511/3511 2266/3449/3449 2233/3447/3447
f 2267/3512/3512 2299/3448/3448 2266/3449/3449
f 2333/3513/3513 2299/3448/3448 2300/3514/3514
f 2333/3513/3513 2365/3452/3452 2332/3450/3450
f 2399/3515/3515 2365/3452/3452 2366/3516/3516
f 2432/3517/3517 2398/3451/3451 2399/3515/3515
f 2465/3518/3518 2431/3453/3453 2432/3517/3517
f 2465/3518/3518 2497/3455/3455 2464/3454/3454
f 2531/3519/3519 2497/3455/3455 2498/3520/3520
f 2531/3519/3519 2563/3457/3457 2530/3456/3456
f 2564/3521/3521 2596/3459/3459 2563/3457/3457
f 2630/3522/3522 2596/3459/3459 2597/3523/3523
f 2630/3522/3522 2662/3461/3461 2629/3458/3458
f 2696/3524/3524 2662/3461/3461 2663/3525/3525
f 2729/3526/3526 2695/3460/3460 2696/3524/3524
f 2729/3526/3526 2761/3463/3463 2728/3462/3462
f 2762/3527/3527 2794/3465/3465 2761/3463/3463
f 2795/3528/3528 2827/3464/3464 2794/3465/3465
f 2828/3529/3529 2860/3466/3466 2827/3464/3464
f 2894/3530/3530 2860/3466/3466 2861/3531/3531
f 2927/3532/3532 2893/3467/3467 2894/3530/3530
f 2960/3533/3533 2926/3469/3469 2927/3532/3532
f 2960/3533/3533 2992/3470/3470 2959/3468/3468
f 2993/3534/3534 3025/3471/3471 2992/3470/3470
f 3026/3535/3535 3058/3472/3472 3025/3471/3471
f 3059/3536/3536 3091/3473/3473 3058/3472/3472
f 3092/3537/3537 3124/3475/3475 3091/3473/3473
f 3158/3538/3538 3124/3475/3475 3125/3539/3539
f 3158/3538/3538 3190/3477/3477 3157/3474/3474
f 3224/3540/3540 3190/3477/3477 3191/3541/3541
f 3224/3540/3540 3256/3478/3478 3223/3476/3476
f 3257/3542/3542 3289/3479/3479 3256/3478/3478
f 3290/3543/3543 3322/3481/3481 3289/3479/3479
f 3323/3544/3544 3355/3480/3480 3322/3481/3481
f 3389/3545/3545 3355/3480/3480 3356/3546/3546
f 3389/3545/3545 3421/3484/3484 3388/3482/3482
f 3455/3547/3547 3421/3484/3484 3422/3548/3548
f 3455/3547/3547 3487/3485/3485 3454/3483/3483
f 3488/3549/3549 3520/3487/3487 3487/3485/3485
f 3554/3550/3550 3520/3487/3487 3521/3551/3551
f 3587/3552/3552 3553/3486/3486 3554/3550/3550
f 3587/3552/3552 3619/3488/3488 3586/3489/3489
f 3620/3553/3553 3652/3491/3491 3619/3488/3488
f 3686/3554/3554 3652/3491/3491 3653/3555/3555
f 3686/3554/3554 3718/3493/3493 3685/3490/3490
f 3752/3556/3556 3718/3493/3493 3719/3557/3557
f 3785/3558/3558 3751/3492/3492 3752/3556/3556
f 3785/3558/3558 3817/3495/3495 3784/3494/3494
f 3818/3559/3559 3850/3497/3497 3817/3495/3495
f 3851/3560/3560 3883/3496/3496 3850/3497/3497
f 3917/3561/3561 3883/3496/3496 3884/3562/3562
f 3917/3561/3561 3949/3500/3500 3916/3498/3498
f 3983/3563/3563 3949/3500/3500 3950/3564/3564
f 3983/3563/3563 4015/3502/3502 3982/3499/3499
f 4016/3565/3565 4048/3501/3501 4015/3502/3502
f 4049/3566/3566 4081/3503/3503 4048/3501/3501
f 4082/3567/3567 4114/3505/3505 4081/3503/3503
f 4115/3568/3568 4147/3504/3504 4114/3505/3505
f 4148/3569/3569 4180/3507/3507 4147/3504/3504
f 4214/3570/3570 4180/3507/3507 4181/3571/3571
f 2135/3509/3509 4213/3506/3506 4214/3570/3570
f 2169/3572/3572 2135/3509/3509 2136/3573/3573
f 2169/3572/3572 2201/3510/3510 2168/3508/3508
f 2202/3574/3574 2234/3511/3511 2201/3510/3510
f 2268/3575/3575 2234/3511/3511 2235/3576/3576
f 2268/3575/3575 2300/3514/3514 2267/3512/3512
f 2301/3577/3577 2333/3513/3513 2300/3514/3514
f 2334/3578/3578 2366/3516/3516 2333/3513/3513
f 2400/3579/3579 2366/3516/3516 2367/3580/3580
f 2433/3581/3581 2399/3515/3515 2400/3579/3579
f 2466/3582/3582 2432/3517/3517 2433/3581/3581
f 2499/3583/3583 2465/3518/3518 2466/3582/3582
f 2532/3584/3584 2498/3520/3520 2499/3583/3583
f 2532/3584/3584 2564/3521/3521 2531/3519/3519
f 2565/3585/3585 2597/3523/3523 2564/3521/3521
f 2631/3586/3586 2597/3523/3523 2598/3587/3587
f 2631/3586/3586 2663/3525/3525 2630/3522/3522
f 2697/3588/3588 2663/3525/3525 2664/3589/3589
f 2730/3590/3590 2696/3524/3524 2697/3588/3588
f 2763/3591/3591 2729/3526/3526 2730/3590/3590
f 2763/3591/3591 2795/3528/3528 2762/3527/3527
f 2796/3592/3592 2828/3529/3529 2795/3528/3528
f 2862/3593/3593 2828/3529/3529 2829/3594/3594
f 2895/3595/3595 2861/3531/3531 2862/3593/3593
f 2928/3596/3596 2894/3530/3530 2895/3595/3595
f 2928/3596/3596 2960/3533/3533 2927/3532/3532
f 2994/3597/3597 2960/3533/3533 2961/3598/3598
f 2994/3597/3597 3026/3535/3535 2993/3534/3534
f 3060/3599/3599 3026/3535/3535 3027/3600/3600
f 3060/3599/3599 3092/3537/3537 3059/3536/3536
f 3126/3601/3601 3092/3537/3537 3093/3602/3602
f 3159/3603/3603 3125/3539/3539 3126/3601/3601
f 3159/3603/3603 3191/3541/3541 3158/3538/3538
f 3225/3604/3604 3191/3541/3541 3192/3605/3605
f 3225/3604/3604 3257/3542/3542 3224/3540/3540
f 3258/3606/3606 3290/3543/3543 3257/3542/3542
f 3291/3607/3607 3323/3544/3544 3290/3543/3543
f 3324/3608/3608 3356/3546/3546 3323/3544/3544
f 3357/3609/3609 3389/3545/3545 3356/3546/3546
f 3390/3610/3610 3422/3548/3548 3389/3545/3545
f 3456/3611/3611 3422/3548/3548 3423/3612/3612
f 3489/3613/3613 3455/3547/3547 3456/3611/3611
f 3522/3614/3614 3488/3549/3549 3489/3613/3613
f 3555/3615/3615 3521/3551/3551 3522/3614/3614
f 3555/3615/3615 3587/3552/3552 3554/3550/3550
f 3588/3616/3616 3620/3553/3553 3587/3552/3552
f 3654/3617/3617 3620/3553/3553 3621/3618/3618
f 3687/3619/3619 3653/3555/3555 3654/3617/3617
f 3687/3619/3619 3719/3557/3557 3686/3554/3554
f 3753/3620/3620 3719/3557/3557 3720/3621/3621
f 3786/3622/3622 3752/3556/3556 3753/3620/3620
f 3819/3623/3623 3785/3558/3558 3786/3622/3622
f 3819/3623/3623 3851/3560/3560 3818/3559/3559
f 3852/3624/3624 3884/3562/3562 3851/3560/3560
f 3918/3625/3625 3884/3562/3562 3885/3626/3626
f 3918/3625/3625 3950/3564/3564 3917/3561/3561
f 3951/3627/3627 3983/3563/3563 3950/3564/3564
f 3984/3628/3628 4016/3565/3565 3983/3563/3563
f 4017/3629/3629 4049/3566/3566 4016/3565/3565
f 4083/3630/3630 4049/3566/3566 4050/3631/3631
f 4083/3630/3630 4115/3568/3568 4082/3567/3567
f 4149/3632/3632 4115/3568/3568 4116/3633/3633
f 4149/3632/3632 4181/3571/3571 4148/3569/3569
f 4215/3634/3634 4181/3571/3571 4182/3635/3635
f 2136/3573/3573 4214/3570/3570 4215/3634/3634
f 2170/3636/3636 2136/3573/3573 2137/3637/3637
f 2203/3638/3638 2169/3572/3572 2170/3636/3636
f 2203/3638/3638 2235/3576/3576 2202/3574/3574
f 2236/3639/3639 2268/3575/3575 2235/3576/3576
f 2269/3640/3640 2301/3577/3577 2268/3575/3575
f 2335/3641/3641 2301/3577/3577 2302/3642/3642
f 2335/3641/3641 2367/3580/3580 2334/3578/3578
f 2401/3643/3643 2367/3580/3580 2368/3644/3644
f 2401/3643/3643 2433/3581/3581 2400/3579/3579
f 2434/3645/3645 2466/3582/3582 2433/3581/3581
f 2500/3646/3646 2466/3582/3582 2467/3647/3647
f 2533/3648/3648 2499/3583/3583 2500/3646/3646
f 2533/3648/3648 2565/3585/3585 2532/3584/3584
f 2566/3649/3649 2598/3587/3587 2565/3585/3585
f 2632/3650/3650 2598/3587/3587 2599/3651/3651
f 2632/3650/3650 2664/3589/3589 2631/3586/3586
f 2698/3652/3652 2664/3589/3589 2665/3653/3653
f 2731/3654/3654 2697/3588/3588 2698/3652/3652
f 2764/3655/3655 2730/3590/3590 2731/3654/3654
f 2764/3655/3655 2796/3592/3592 2763/3591/3591
f 2797/3656/3656 2829/3594/3594 2796/3592/3592
f 2830/3657/3657 2862/3593/3593 2829/3594/3594
f 2896/3658/3658 2862/3593/3593 2863/3659/3659
f 2929/3660/3660 2895/3595/3595 2896/3658/3658
f 2929/3660/3660 2961/3598/3598 2928/3596/3596
f 2995/3661/3661 2961/3598/3598 2962/3662/3662
f 2995/3661/3661 3027/3600/3600 2994/3597/3597
f 3028/3663/3663 3060/3599/3599 3027/3600/3600
f 3061/3664/3664 3093/3602/3602 3060/3599/3599
f 3094/3665/3665 3126/3601/3601 3093/3602/3602
f 3160/3666/3666 3126/3601/3601 3127/3667/3667
f 3160/3666/3666 3192/3605/3605 3159/3603/3603
f 3226/3668/3668 3192/3605/3605 3193/3669/3669
f 3226/3668/3668 3258/3606/3606 3225/3604/3604
f 3292/3670/3670 3258/3606/3606 3259/3671/3671
f 3325/3672/3672 3291/3607/3607 3292/3670/3670
f 3325/3672/3672 3357/3609/3609 3324/3608/3608
f 3358/3673/3673 3390/3610/3610 3357/3609/3609
f 3424/3674/3674 3390/3610/3610 3391/3675/3675
f 3457/3676/3676 3423/3612/3612 3424/3674/3674
f 3457/3676/3676 3489/3613/3613 3456/3611/3611
f 3523/3677/3677 3489/3613/3613 3490/3678/3678
f 3556/3679/3679 3522/3614/3614 3523/3677/3677
f 3556/3679/3679 3588/3616/3616 3555/3615/3615
f 3622/3680/3680 3588/3616/3616 3589/3681/3681
f 3655/3682/3682 3621/3618/3618 3622/3680/3680
f 3688/3683/3683 3654/3617/3617 3655/3682/3682
f 3688/3683/3683 3720/3621/3621 3687/3619/3619
f 3754/3684/3684 3720/3621/3621 3721/3685/3685
f 3787/3686/3686 3753/3620/3620 3754/3684/3684
f 3820/3687/3687 3786/3622/3622 3787/3686/3686
f 3820/3687/3687 3852/3624/3624 3819/3623/3623
f 3853/3688/3688 3885/3626/3626 3852/3624/3624
f 3919/3689/3689 3885/3626/3626 3886/3690/3690
f 3919/3689/3689 3951/3627/3627 3918/3625/3625
f 3985/3691/3691 3951/3627/3627 3952/3692/3692
f 4018/3693/3693 3984/3628/3628 3985/3691/3691
f 4018/3693/3693 4050/3631/3631 4017/3629/3629
f 4084/3694/3694 4050/3631/3631 4051/3695/3695
f 4084/3694/3694 4116/3633/3633 4083/3630/3630
f 4117/3696/3696 4149/3632/3632 4116/3633/3633
f 4150/3697/3697 4182/3635/3635 4149/3632/3632
f 4216/3698/3698 4182/3635/3635 4183/3699/3699
f 2137/3637/3637 4215/3634/3634 4216/3698/3698
f 2171/3700/3700 2137/3637/3637 2138/3701/3701
f 2204/3702/3702 2170/3636/3636 2171/3700/3700
f 2237/3703/3703 2203/3638/3638 2204/3702/3702
f 2237/3703/3703 2269/3640/3640 2236/3639/3639
f 2303/3704/3704 2269/3640/3640 2270/3705/3705
f 2303/3704/3704 2335/3641/3641 2302/3642/3642
f 2336/3706/3706 2368/3644/3644 2335/3641/3641
f 2402/3707/3707 2368/3644/3644 2369/3708/3708
f 2435/3709/3709 2401/3643/3643 2402/3707/3707
f 2435/3709/3709 2467/3647/3647 2434/3645/3645
f 2501/3710/3710 2467/3647/3647 2468/3711/3711
f 2534/3712/3712 2500/3646/3646 2501/3710/3710
f 2534/3712/3712 2566/3649/3649 2533/3648/3648
f 2600/3713/3713 2566/3649/3649 2567/3714/3714
f 2633/3715/3715 2599/3651/3651 2600/3713/3713
f 2633/3715/3715 2665/3653/3653 2632/3650/3650
f 2699/3716/3716 2665/3653/3653 2666/3717/3717
f 2732/3718/3718 2698/3652/3652 2699/3716/3716
f 2732/3718/3718 2764/3655/3655 2731/3654/3654
f 2765/3719/3719 2797/3656/3656 2764/3655/3655
f 2831/3720/3720 2797/3656/3656 2798/3721/3721
f 2831/3720/3720 2863/3659/3659 2830/3657/3657
f 2864/3722/3722 2896/3658/3658 2863/3659/3659
f 2930/3723/3723 2896/3658/3658 2897/3724/3724
f 2930/3723/3723 2962/3662/3662 2929/3660/3660
f 2996/3725/3725 2962/3662/3662 2963/3726/3726
f 3029/3727/3727 2995/3661/3661 2996/3725/3725
f 3062/3728/3728 3028/3663/3663 3029/3727/3727
f 3062/3728/3728 3094/3665/3665 3061/3664/3664
f 3095/3729/3729 3127/3667/3667 3094/3665/3665
f 3161/3730/3730 3127/3667/3667 3128/3731/3731
f 3161/3730/3730 3193/3669/3669 3160/3666/3666
f 3227/3732/3732 3193/3669/3669 3194/3733/3733
f 3227/3732/3732 3259/3671/3671 3226/3668/3668
f 3260/3734/3734 3292/3670/3670 3259/3671/3671
f 3293/3735/3735 3325/3672/3672 3292/3670/3670
f 3326/3736/3736 3358/3673/3673 3325/3672/3672
f 3359/3737/3737 3391/3675/3675 3358/3673/3673
f 3392/3738/3738 3424/3674/3674 3391/3675/3675
f 3458/3739/3739 3424/3674/3674 3425/3740/3740
f 3458/3739/3739 3490/3678/3678 3457/3676/3676
f 3491/3741/3741 3523/3677/3677 3490/3678/3678
f 3557/3742/3742 3523/3677/3677 3524/3743/3743
f 3557/3742/3742 3589/3681/3681 3556/3679/3679
f 3623/3744/3744 3589/3681/3681 3590/3745/3745
f 3623/3744/3744 3655/3682/3682 3622/3680/3680
f 3689/3746/3746 3655/3682/3682 3656/3747/3747
f 3689/3746/3746 3721/3685/3685 3688/3683/3683
f 3722/3748/3748 3754/3684/3684 3721/3685/3685
f 3788/3749/3749 3754/3684/3684 3755/3750/3750
f 3788/3749/3749 3820/3687/3687 3787/3686/3686
f 3821/3751/3751 3853/3688/3688 3820/3687/3687
f 3854/3752/3752 3886/3690/3690 3853/3688/3688
f 3920/3753/3753 3886/3690/3690 3887/3754/3754
f 3920/3753/3753 3952/3692/3692 3919/3689/3689
f 3986/3755/3755 3952/3692/3692 3953/3756/3756
f 4019/3757/3757 3985/3691/3691 3986/3755/3755
f 4019/3757/3757 4051/3695/3695 4018/3693/3693
f 4085/3758/3758 4051/3695/3695 4052/3759/3759
f 4085/3758/3758 4117/3696/3696 4084/3694/3694
f 4151/3760/3760 4117/3696/3696 4118/3761/3761
f 4184/3762/3762 4150/3697/3697 4151/3760/3760
f 4217/3763/3763 4183/3699/3699 4184/3762/3762
f 2138/3701/3701 4216/3698/3698 4217/3763/3763
f 2139/3764/3764 2171/3700/3700 2138/3701/3701
f 2205/3765/3765 2171/3700/3700 2172/3766/3766
f 2205/3765/3765 2237/3703/3703 2204/3702/3702
f 2238/3767/3767 2270/3705/3705 2237/3703/3703
f 2304/3768/3768 2270/3705/3705 2271/3769/3769
f 2337/3770/3770 2303/3704/3704 2304/3768/3768
f 2337/3770/3770 2369/3708/3708 2336/3706/3706
f 2403/3771/3771 2369/3708/3708 2370/3772/3772
f 2436/3773/3773 2402/3707/3707 2403/3771/3771
f 2436/3773/3773 2468/3711/3711 2435/3709/3709
f 2502/3774/3774 2468/3711/3711 2469/3775/3775
f 2502/3774/3774 2534/3712/3712 2501/3710/3710
f 2535/3776/3776 2567/3714/3714 2534/3712/3712
f 2568/3777/3777 2600/3713/3713 2567/3714/3714
f 2634/3778/3778 2600/3713/3713 2601/3779/3779
f 2667/3780/3780 2633/3715/3715 2634/3778/3778
f 2667/3780/3780 2699/3716/3716 2666/3717/3717
f 2733/3781/3781 2699/3716/3716 2700/3782/3782
f 2733/3781/3781 2765/3719/3719 2732/3718/3718
f 2766/3783/3783 2798/3721/3721 2765/3719/3719
f 2832/3784/3784 2798/3721/3721 2799/3785/3785
f 2865/3786/3786 2831/3720/3720 2832/3784/3784
f 2865/3786/3786 2897/3724/3724 2864/3722/3722
f 2931/3787/3787 2897/3724/3724 2898/3788/3788
f 2931/3787/3787 2963/3726/3726 2930/3723/3723
f 2997/3789/3789 2963/3726/3726 2964/3790/3790
f 2997/3789/3789 3029/3727/3727 2996/3725/3725
f 3063/3791/3791 3029/3727/3727 3030/3792/3792
f 3063/3791/3791 3095/3729/3729 3062/3728/3728
f 3129/3793/3793 3095/3729/3729 3096/3794/3794
f 3162/3795/3795 3128/3731/3731 3129/3793/3793
f 3195/3796/3796 3161/3730/3730 3162/3795/3795
f 3195/3796/3796 3227/3732/3732 3194/3733/3733
f 3261/3797/3797 3227/3732/3732 3228/3798/3798
f 3294/3799/3799 3260/3734/3734 3261/3797/3797
f 3327/3800/3800 3293/3735/3735 3294/3799/3799
f 3360/3801/3801 3326/3736/3736 3327/3800/3800
f 3393/3802/3802 3359/3737/3737 3360/3801/3801
f 3393/3802/3802 3425/3740/3740 3392/3738/3738
f 3426/3803/3803 3458/3739/3739 3425/3740/3740
f 3459/3804/3804 3491/3741/3741 3458/3739/3739
f 3525/3805/3805 3491/3741/3741 3492/3806/3806
f 3558/3807/3807 3524/3743/3743 3525/3805/3805
f 3591/3808/3808 3557/3742/3742 3558/3807/3807
f 3591/3808/3808 3623/3744/3744 3590/3745/3745
f 3624/3809/3809 3656/3747/3747 3623/3744/3744
f 3657/3810/3810 3689/3746/3746 3656/3747/3747
f 3690/3811/3811 3722/3748/3748 3689/3746/3746
f 3723/3812/3812 3755/3750/3750 3722/3748/3748
f 3789/3813/3813 3755/3750/3750 3756/3814/3814
f 3789/3813/3813 3821/3751/3751 3788/3749/3749
f 3822/3815/3815 3854/3752/3752 3821/3751/3751
f 3888/3816/3816 3854/3752/3752 3855/3817/3817
f 3921/3818/3818 3887/3754/3754 3888/3816/3816
f 3921/3818/3818 3953/3756/3756 3920/3753/3753
f 3987/3819/3819 3953/3756/3756 3954/3820/3820
f 3987/3819/3819 4019/3757/3757 3986/3755/3755
f 4053/3821/3821 4019/3757/3757 4020/3822/3822
f 4086/3823/3823 4052/3759/3759 4053/3821/3821
f 4086/3823/3823 4118/3761/3761 4085/3758/3758
f 4152/3824/3824 4118/3761/3761 4119/3825/3825
f 4152/3824/3824 4184/3762/3762 4151/3760/3760
f 4185/3826/3826 4217/3763/3763 4184/3762/3762
f 2139/3764/3764 4217/3763/3763 4218/3827/3827
f 2173/3828/3828 2139/3764/3764 2140/3829/3829
f 2206/3830/3830 2172/3766/3766 2173/3828/3828
f 2206/3830/3830 2238/3767/3767 2205/3765/3765
f 2239/3831/3831 2271/3769/3769 2238/3767/3767
f 2305/3832/3832 2271/3769/3769 2272/3833/3833
f 2305/3832/3832 2337/3770/3770 2304/3768/3768
f 2338/3834/3834 2370/3772/3772 2337/3770/3770
f 2404/3835/3835 2370/3772/3772 2371/3836/3836
f 2404/3835/3835 2436/3773/3773 2403/3771/3771
f 2437/3837/3837 2469/3775/3775 2436/3773/3773
f 2470/3838/3838 2502/3774/3774 2469/3775/3775
f 2503/3839/3839 2535/3776/3776 2502/3774/3774
f 2536/3840/3840 2568/3777/3777 2535/3776/3776
f 2569/3841/3841 2601/3779/3779 2568/3777/3777
f 2635/3842/3842 2601/3779/3779 2602/3843/3843
f 2635/3842/3842 2667/3780/3780 2634/3778/3778
f 2701/3844/3844 2667/3780/3780 2668/3845/3845
f 2734/3846/3846 2700/3782/3782 2701/3844/3844
f 2734/3846/3846 2766/3783/3783 2733/3781/3781
f 2767/3847/3847 2799/3785/3785 2766/3783/3783
f 2800/3848/3848 2832/3784/3784 2799/3785/3785
f 2866/3849/3849 2832/3784/3784 2833/3850/3850
f 2866/3849/3849 2898/3788/3788 2865/3786/3786
f 2932/3851/3851 2898/3788/3788 2899/3852/3852
f 2932/3851/3851 2964/3790/3790 2931/3787/3787
f 2998/3853/3853 2964/3790/3790 2965/3854/3854
f 2998/3853/3853 3030/3792/3792 2997/3789/3789
f 3064/3855/3855 3030/3792/3792 3031/3856/3856
f 3064/3855/3855 3096/3794/3794 3063/3791/3791
f 3130/3857/3857 3096/3794/3794 3097/3858/3858
f 3163/3859/3859 3129/3793/3793 3130/3857/3857
f 3196/3860/3860 3162/3795/3795 3163/3859/3859
f 3229/3861/3861 3195/3796/3796 3196/3860/3860
f 3229/3861/3861 3261/3797/3797 3228/3798/3798
f 3262/3862/3862 3294/3799/3799 3261/3797/3797
f 3295/3863/3863 3327/3800/3800 3294/3799/3799
f 3361/3864/3864 3327/3800/3800 3328/3865/3865
f 3394/3866/3866 3360/3801/3801 3361/3864/3864
f 3394/3866/3866 3426/3803/3803 3393/3802/3802
f 3460/3867/3867 3426/3803/3803 3427/3868/3868
f 3460/3867/3867 3492/3806/3806 3459/3804/3804
f 3526/3869/3869 3492/3806/3806 3493/3870/3870
f 3559/3871/3871 3525/3805/3805 3526/3869/3869
f 3559/3871/3871 3591/3808/3808 3558/3807/3807
f 3592/3872/3872 3624/3809/3809 3591/3808/3808
f 3658/3873/3873 3624/3809/3809 3625/3874/3874
f 3691/3875/3875 3657/3810/3810 3658/3873/3873
f 3691/3875/3875 3723/3812/3812 3690/3811/3811
f 3724/3876/3876 3756/3814/3814 3723/3812/3812
f 3790/3877/3877 3756/3814/3814 3757/3878/3878
f 3823/3879/3879 3789/3813/3813 3790/3877/3877
f 3823/3879/3879 3855/3817/3817 3822/3815/3815
f 3856/3880/3880 3888/3816/3816 3855/3817/3817
f 3922/3881/3881 3888/3816/3816 3889/3882/3882
f 3955/3883/3883 3921/3818/3818 3922/3881/3881
f 3988/3884/3884 3954/3820/3820 3955/3883/3883
f 3988/3884/3884 4020/3822/3822 3987/3819/3819
f 4021/3885/3885 4053/3821/3821 4020/3822/3822
f 4054/3886/3886 4086/3823/3823 4053/3821/3821
f 4087/3887/3887 4119/3825/3825 4086/3823/3823
f 4120/3888/3888 4152/3824/3824 4119/3825/3825
f 4153/3889/3889 4185/3826/3826 4152/3824/3824
f 4219/3890/3890 4185/3826/3826 4186/3891/3891
f 2140/3829/3829 4218/3827/3827 4219/3890/3890
f 2174/3892/3892 2140/3829/3829 2141/3893/3893
f 2174/3892/3892 2206/3830/3830 2173/3828/3828
f 2207/3894/3894 2239/3831/3831 2206/3830/3830
f 2240/3895/3895 2272/3833/3833 2239/3831/3831
f 2306/3896/3896 2272/3833/3833 2273/3897/3897
f 2339/3898/3898 2305/3832/3832 2306/3896/3896
f 2339/3898/3898 2371/3836/3836 2338/3834/3834
f 2405/3899/3899 2371/3836/3836 2372/3900/3900
f 2405/3899/3899 2437/3837/3837 2404/3835/3835
f 2471/3901/3901 2437/3837/3837 2438/3902/3902
f 2471/3901/3901 2503/3839/3839 2470/3838/3838
f 2537/3903/3903 2503/3839/3839 2504/3904/3904
f 2537/3903/3903 2569/3841/3841 2536/3840/3840
f 2570/3905/3905 2602/3843/3843 2569/3841/3841
f 2636/3906/3906 2602/3843/3843 2603/3907/3907
f 2636/3906/3906 2668/3845/3845 2635/3842/3842
f 2702/3908/3908 2668/3845/3845 2669/3909/3909
f 2735/3910/3910 2701/3844/3844 2702/3908/3908
f 2735/3910/3910 2767/3847/3847 2734/3846/3846
f 2768/3911/3911 2800/3848/3848 2767/3847/3847
f 2834/3912/3912 2800/3848/3848 2801/3913/3913
f 2867/3914/3914 2833/3850/3850 2834/3912/3912
f 2867/3914/3914 2899/3852/3852 2866/3849/3849
f 2933/3915/3915 2899/3852/3852 2900/3916/3916
f 2933/3915/3915 2965/3854/3854 2932/3851/3851
f 2999/3917/3917 2965/3854/3854 2966/3918/3918
f 2999/3917/3917 3031/3856/3856 2998/3853/3853
f 3032/3919/3919 3064/3855/3855 3031/3856/3856
f 3065/3920/3920 3097/3858/3858 3064/3855/3855
f 3131/3921/3921 3097/3858/3858 3098/3922/3922
f 3164/3923/3923 3130/3857/3857 3131/3921/3921
f 3164/3923/3923 3196/3860/3860 3163/3859/3859
f 3230/3924/3924 3196/3860/3860 3197/3925/3925
f 3230/3924/3924 3262/3862/3862 3229/3861/3861
f 3263/3926/3926 3295/3863/3863 3262/3862/3862
f 3296/3927/3927 3328/3865/3865 3295/3863/3863
f 3329/3928/3928 3361/3864/3864 3328/3865/3865
f 3395/3929/3929 3361/3864/3864 3362/3930/3930
f 3395/3929/3929 3427/3868/3868 3394/3866/3866
f 3461/3931/3931 3427/3868/3868 3428/3932/3932
f 3461/3931/3931 3493/3870/3870 3460/3867/3867
f 3494/3933/3933 3526/3869/3869 3493/3870/3870
f 3527/3934/3934 3559/3871/3871 3526/3869/3869
f 3560/3935/3935 3592/3872/3872 3559/3871/3871
f 3626/3936/3936 3592/3872/3872 3593/3937/3937
f 3626/3936/3936 3658/3873/3873 3625/3874/3874
f 3692/3938/3938 3658/3873/3873 3659/3939/3939
f 3692/3938/3938 3724/3876/3876 3691/3875/3875
f 3725/3940/3940 3757/3878/3878 3724/3876/3876
f 3791/3941/3941 3757/3878/3878 3758/3942/3942
f 3791/3941/3941 3823/3879/3879 3790/3877/3877
f 3824/3943/3943 3856/3880/3880 3823/3879/3879
f 3857/3944/3944 3889/3882/3882 3856/3880/3880
f 3923/3945/3945 3889/3882/3882 3890/3946/3946
f 3923/3945/3945 3955/3883/3883 3922/3881/3881
f 3989/3947/3947 3955/3883/3883 3956/3948/3948
f 3989/3947/3947 4021/3885/3885 3988/3884/3884
f 4055/3949/3949 4021/3885/3885 4022/3950/3950
f 4055/3949/3949 4087/3887/3887 4054/3886/3886
f 4088/3951/3951 4120/3888/3888 4087/3887/3887
f 4154/3952/3952 4120/3888/3888 4121/3953/3953
f 4154/3952/3952 4186/3891/3891 4153/3889/3889
f 4187/3954/3954 4219/3890/3890 4186/3891/3891
f 2141/3893/3893 4219/3890/3890 4220/3955/3955
f 2175/3956/3956 2141/3893/3893 2142/3957/3957
f 2208/3958/3958 2174/3892/3892 2175/3956/3956
f 2208/3958/3958 2240/3895/3895 2207/3894/3894
f 2241/3959/3959 2273/3897/3897 2240/3895/3895
f 2274/3960/3960 2306/3896/3896 2273/3897/3897
f 2307/3961/3961 2339/3898/3898 2306/3896/3896
f 2340/3962/3962 2372/3900/3900 2339/3898/3898
f 2406/3963/3963 2372/3900/3900 2373/3964/3964
f 2406/3963/3963 2438/3902/3902 2405/3899/3899
f 2472/3965/3965 2438/3902/3902 2439/3966/3966
f 2505/3967/3967 2471/3901/3901 2472/3965/3965
f 2538/3968/3968 2504/3904/3904 2505/3967/3967
f 2538/3968/3968 2570/3905/3905 2537/3903/3903
f 2604/3969/3969 2570/3905/3905 2571/3970/3970
f 2604/3969/3969 2636/3906/3906 2603/3907/3907
f 2670/3971/3971 2636/3906/3906 2637/3972/3972
f 2670/3971/3971 2702/3908/3908 2669/3909/3909
f 2736/3973/3973 2702/3908/3908 2703/3974/3974
f 2769/3975/3975 2735/3910/3910 2736/3973/3973
f 2769/3975/3975 2801/3913/3913 2768/3911/3911
f 2802/3976/3976 2834/3912/3912 2801/3913/3913
f 2868/3977/3977 2834/3912/3912 2835/3978/3978
f 2868/3977/3977 2900/3916/3916 2867/3914/3914
f 2934/3979/3979 2900/3916/3916 2901/3980/3980
f 2934/3979/3979 2966/3918/3918 2933/3915/3915
f 3000/3981/3981 2966/3918/3918 2967/3982/3982
f 3000/3981/3981 3032/3919/3919 2999/3917/3917
f 3066/3983/3983 3032/3919/3919 3033/3984/3984
f 3066/3983/3983 3098/3922/3922 3065/3920/3920
f 3132/3985/3985 3098/3922/3922 3099/3986/3986
f 3165/3987/3987 3131/3921/3921 3132/3985/3985
f 3165/3987/3987 3197/3925/3925 3164/3923/3923
f 3198/3988/3988 3230/3924/3924 3197/3925/3925
f 3264/3989/3989 3230/3924/3924 3231/3990/3990
f 3297/3991/3991 3263/3926/3926 3264/3989/3989
f 3330/3992/3992 3296/3927/3927 3297/3991/3991
f 3330/3992/3992 3362/3930/3930 3329/3928/3928
f 3396/3993/3993 3362/3930/3930 3363/3994/3994
f 3396/3993/3993 3428/3932/3932 3395/3929/3929
f 3462/3995/3995 3428/3932/3932 3429/3996/3996
f 3462/3995/3995 3494/3933/3933 3461/3931/3931
f 3528/3997/3997 3494/3933/3933 3495/3998/3998
f 3561/3999/3999 3527/3934/3934 3528/3997/3997
f 3594/4000/4000 3560/3935/3935 3561/3999/3999
f 3627/4001/4001 3593/3937/3937 3594/4000/4000
f 3627/4001/4001 3659/3939/3939 3626/3936/3936
f 3660/4002/4002 3692/3938/3938 3659/3939/3939
f 3693/4003/4003 3725/3940/3940 3692/3938/3938
f 3726/4004/4004 3758/3942/3942 3725/3940/3940
f 3792/4005/4005 3758/3942/3942 3759/4006/4006
f 3825/4007/4007 3791/3941/3941 3792/4005/4005
f 3825/4007/4007 3857/3944/3944 3824/3943/3943
f 3858/4008/4008 3890/3946/3946 3857/3944/3944
f 3924/4009/4009 3890/3946/3946 3891/4010/4010
f 3924/4009/4009 3956/3948/3948 3923/3945/3945
f 3990/4011/4011 3956/3948/3948 3957/4012/4012
f 3990/4011/4011 4022/3950/3950 3989/3947/3947
f 4056/4013/4013 4022/3950/3950 4023/4014/4014
f 4089/4015/4015 4055/3949/3949 4056/4013/4013
f 4089/4015/4015 4121/3953/3953 4088/3951/3951
f 4122/4016/4016 4154/3952/3952 4121/3953/3953
f 4188/4017/4017 4154/3952/3952 4155/4018/4018
f 4188/4017/4017 4220/3955/3955 4187/3954/3954
f 2142/3957/3957 4220/3955/3955 4221/4019/4019
f 2143/4020/4020 2175/3956/3956 2142/3957/3957
f 2209/4021/4021 2175/3956/3956 2176/4022/4022
f 2242/4023/4023 2208/3958/3958 2209/4021/4021
f 2275/4024/4024 2241/3959/3959 2242/4023/4023
f 2275/4024/4024 2307/3961/3961 2274/3960/3960
f 2308/4025/4025 2340/3962/3962 2307/3961/3961
f 2341/4026/4026 2373/3964/3964 2340/3962/3962
f 2374/4027/4027 2406/3963/3963 2373/3964/3964
f 2440/4028/4028 2406/3963/3963 2407/4029/4029
f 2473/4030/4030 2439/3966/3966 2440/4028/4028
f 2473/4030/4030 2505/3967/3967 2472/3965/3965
f 2506/4031/4031 2538/3968/3968 2505/3967/3967
f 2539/4032/4032 2571/3970/3970 2538/3968/3968
f 2605/4033/4033 2571/3970/3970 2572/4034/4034
f 2605/4033/4033 2637/3972/3972 2604/3969/3969
f 2671/4035/4035 2637/3972/3972 2638/4036/4036
f 2671/4035/4035 2703/3974/3974 2670/3971/3971
f 2737/4037/4037 2703/3974/3974 2704/4038/4038
f 2737/4037/4037 2769/3975/3975 2736/3973/3973
f 2770/4039/4039 2802/3976/3976 2769/3975/3975
f 2803/4040/4040 2835/3978/3978 2802/3976/3976
f 2836/4041/4041 2868/3977/3977 2835/3978/3978
f 2869/4042/4042 2901/3980/3980 2868/3977/3977
f 2935/4043/4043 2901/3980/3980 2902/4044/4044
f 2968/4045/4045 2934/3979/3979 2935/4043/4043
f 3001/4046/4046 2967/3982/3982 2968/4045/4045
f 3001/4046/4046 3033/3984/3984 3000/3981/3981
f 3034/4047/4047 3066/3983/3983 3033/3984/3984
f 3067/4048/4048 3099/3986/3986 3066/3983/3983
f 3133/4049/4049 3099/3986/3986 3100/4050/4050
f 3133/4049/4049 3165/3987/3987 3132/3985/3985
f 3199/4051/4051 3165/3987/3987 3166/4052/4052
f 3199/4051/4051 3231/3990/3990 3198/3988/3988
f 3232/4053/4053 3264/3989/3989 3231/3990/3990
f 3265/4054/4054 3297/3991/3991 3264/3989/3989
f 3331/4055/4055 3297/3991/3991 3298/4056/4056
f 3331/4055/4055 3363/3994/3994 3330/3992/3992
f 3364/4057/4057 3396/3993/3993 3363/3994/3994
f 3397/4058/4058 3429/3996/3996 3396/3993/3993
f 3430/4059/4059 3462/3995/3995 3429/3996/3996
f 3463/4060/4060 3495/3998/3998 3462/3995/3995
f 3529/4061/4061 3495/3998/3998 3496/4062/4062
f 3529/4061/4061 3561/3999/3999 3528/3997/3997
f 3562/4063/4063 3594/4000/4000 3561/3999/3999
f 3595/4064/4064 3627/4001/4001 3594/4000/4000
f 3628/4065/4065 3660/4002/4002 3627/4001/4001
f 3694/4066/4066 3660/4002/4002 3661/4067/4067
f 3694/4066/4066 3726/4004/4004 3693/4003/4003
f 3727/4068/4068 3759/4006/4006 3726/4004/4004
f 3793/4069/4069 3759/4006/4006 3760/4070/4070
f 3793/4069/4069 3825/4007/4007 3792/4005/4005
f 3826/4071/4071 3858/4008/4008 3825/4007/4007
f 3859/4072/4072 3891/4010/4010 3858/4008/4008
f 3925/4073/4073 3891/4010/4010 3892/4074/4074
f 3925/4073/4073 3957/4012/4012 3924/4009/4009
f 3958/4075/4075 3990/4011/4011 3957/4012/4012
f 3991/4076/4076 4023/4014/4014 3990/4011/4011
f 4024/4077/4077 4056/4013/4013 4023/4014/4014
f 4057/4078/4078 4089/4015/4015 4056/4013/4013
f 4090/4079/4079 4122/4016/4016 4089/4015/4015
f 4123/4080/4080 4155/4018/4018 4122/4016/4016
f 4189/4081/4081 4155/4018/4018 4156/4082/4082
f 4189/4081/4081 4221/4019/4019 4188/4017/4017
f 2143/4020/4020 4221/4019/4019 4222/4083/4083
f 2177/4084/4084 2143/4020/4020 2144/4085/4085
f 2210/4086/4086 2176/4022/4022 2177/4084/4084
f 2210/4086/4086 2242/4023/4023 2209/4021/4021
f 2276/4087/4087 2242/4023/4023 2243/4088/4088
f 2276/4087/4087 2308/4025/4025 2275/4024/4024
f 2309/4089/4089 2341/4026/4026 2308/4025/4025
f 2375/4090/4090 2341/4026/4026 2342/4091/4091
f 2408/4092/4092 2374/4027/4027 2375/4090/4090
f 2408/4092/4092 2440/4028/4028 2407/4029/4029
f 2441/4093/4093 2473/4030/4030 2440/4028/4028
f 2474/4094/4094 2506/4031/4031 2473/4030/4030
f 2507/4095/4095 2539/4032/4032 2506/4031/4031
f 2540/4096/4096 2572/4034/4034 2539/4032/4032
f 2573/4097/4097 2605/4033/4033 2572/4034/4034
f 2606/4098/4098 2638/4036/4036 2605/4033/4033
f 2672/4099/4099 2638/4036/4036 2639/4100/4100
f 2672/4099/4099 2704/4038/4038 2671/4035/4035
f 2738/4101/4101 2704/4038/4038 2705/4102/4102
f 2738/4101/4101 2770/4039/4039 2737/4037/4037
f 2804/4103/4103 2770/4039/4039 2771/4104/4104
f 2804/4103/4103 2836/4041/4041 2803/4040/4040
f 2837/4105/4105 2869/4042/4042 2836/4041/4041
f 2903/4106/4106 2869/4042/4042 2870/4107/4107
f 2936/4108/4108 2902/4044/4044 2903/4106/4106
f 2936/4108/4108 2968/4045/4045 2935/4043/4043
f 2969/4109/4109 3001/4046/4046 2968/4045/4045
f 3002/4110/4110 3034/4047/4047 3001/4046/4046
f 3035/4111/4111 3067/4048/4048 3034/4047/4047
f 3068/4112/4112 3100/4050/4050 3067/4048/4048
f 3101/4113/4113 3133/4049/4049 3100/4050/4050
f 3167/4114/4114 3133/4049/4049 3134/4115/4115
f 3200/4116/4116 3166/4052/4052 3167/4114/4114
f 3200/4116/4116 3232/4053/4053 3199/4051/4051
f 3233/4117/4117 3265/4054/4054 3232/4053/4053
f 3266/4118/4118 3298/4056/4056 3265/4054/4054
f 3332/4119/4119 3298/4056/4056 3299/4120/4120
f 3332/4119/4119 3364/4057/4057 3331/4055/4055
f 3365/4121/4121 3397/4058/4058 3364/4057/4057
f 3398/4122/4122 3430/4059/4059 3397/4058/4058
f 3464/4123/4123 3430/4059/4059 3431/4124/4124
f 3464/4123/4123 3496/4062/4062 3463/4060/4060
f 3497/4125/4125 3529/4061/4061 3496/4062/4062
f 3530/4126/4126 3562/4063/4063 3529/4061/4061
f 3563/4127/4127 3595/4064/4064 3562/4063/4063
f 3629/4128/4128 3595/4064/4064 3596/4129/4129
f 3629/4128/4128 3661/4067/4067 3628/4065/4065
f 3695/4130/4130 3661/4067/4067 3662/4131/4131
f 3695/4130/4130 3727/4068/4068 3694/4066/4066
f 3728/4132/4132 3760/4070/4070 3727/4068/4068
f 3794/4133/4133 3760/4070/4070 3761/4134/4134
f 3827/4135/4135 3793/4069/4069 3794/4133/4133
f 3860/4136/4136 3826/4071/4071 3827/4135/4135
f 3860/4136/4136 3892/4074/4074 3859/4072/4072
f 3893/4137/4137 3925/4073/4073 3892/4074/4074
f 3959/4138/4138 3925/4073/4073 3926/4139/4139
f 3992/4140/4140 3958/4075/4075 3959/4138/4138
f 4025/4141/4141 3991/4076/4076 3992/4140/4140
f 4058/4142/4142 4024/4077/4077 4025/4141/4141
f 4058/4142/4142 4090/4079/4079 4057/4078/4078
f 4091/4143/4143 4123/4080/4080 4090/4079/4079
f 4157/4144/4144 4123/4080/4080 4124/4145/4145
f 4157/4144/4144 4189/4081/4081 4156/4082/4082
f 4190/4146/4146 4222/4083/4083 4189/4081/4081
f 2144/4085/4085 4222/4083/4083 4223/4147/4147
f 2145/4148/4148 2177/4084/4084 2144/4085/4085
f 2211/4149/4149 2177/4084/4084 2178/4150/4150
f 2211/4149/4149 2243/4088/4088 2210/4086/4086
f 2244/4151/4151 2276/4087/4087 2243/4088/4088
f 2310/4152/4152 2276/4087/4087 2277/4153/4153
f 2310/4152/4152 2342/4091/4091 2309/4089/4089
f 2343/4154/4154 2375/4090/4090 2342/4091/4091
f 2409/4155/4155 2375/4090/4090 2376/4156/4156
f 2442/4157/4157 2408/4092/4092 2409/4155/4155
f 2442/4157/4157 2474/4094/4094 2441/4093/4093
f 2508/4158/4158 2474/4094/4094 2475/4159/4159
f 2541/4160/4160 2507/4095/4095 2508/4158/4158
f 2574/4161/4161 2540/4096/4096 2541/4160/4160
f 2574/4161/4161 2606/4098/4098 2573/4097/4097
f 2640/4162/4162 2606/4098/4098 2607/4163/4163
f 2673/4164/4164 2639/4100/4100 2640/4162/4162
f 2673/4164/4164 2705/4102/4102 2672/4099/4099
f 2739/4165/4165 2705/4102/4102 2706/4166/4166
f 2739/4165/4165 2771/4104/4104 2738/4101/4101
f 2772/4167/4167 2804/4103/4103 2771/4104/4104
f 2838/4168/4168 2804/4103/4103 2805/4169/4169
f 2838/4168/4168 2870/4107/4107 2837/4105/4105
f 2871/4170/4170 2903/4106/4106 2870/4107/4107
f 2937/4171/4171 2903/4106/4106 2904/4172/4172
f 2937/4171/4171 2969/4109/4109 2936/4108/4108
f 3003/4173/4173 2969/4109/4109 2970/4174/4174
f 3036/4175/4175 3002/4110/4110 3003/4173/4173
f 3069/4176/4176 3035/4111/4111 3036/4175/4175
f 3102/4177/4177 3068/4112/4112 3069/4176/4176
f 3102/4177/4177 3134/4115/4115 3101/4113/4113
f 3168/4178/4178 3134/4115/4115 3135/4179/4179
f 3201/4180/4180 3167/4114/4114 3168/4178/4178
f 3201/4180/4180 3233/4117/4117 3200/4116/4116
f 3267/4181/4181 3233/4117/4117 3234/4182/4182
f 3267/4181/4181 3299/4120/4120 3266/4118/4118
f 3333/4183/4183 3299/4120/4120 3300/4184/4184
f 3366/4185/4185 3332/4119/4119 3333/4183/4183
f 3366/4185/4185 3398/4122/4122 3365/4121/4121
f 3399/4186/4186 3431/4124/4124 3398/4122/4122
f 3432/4187/4187 3464/4123/4123 3431/4124/4124
f 3465/4188/4188 3497/4125/4125 3464/4123/4123
f 3498/4189/4189 3530/4126/4126 3497/4125/4125
f 3531/4190/4190 3563/4127/4127 3530/4126/4126
f 3564/4191/4191 3596/4129/4129 3563/4127/4127
f 3630/4192/4192 3596/4129/4129 3597/4193/4193
f 3630/4192/4192 3662/4131/4131 3629/4128/4128
f 3663/4194/4194 3695/4130/4130 3662/4131/4131
f 3729/4195/4195 3695/4130/4130 3696/4196/4196
f 3729/4195/4195 3761/4134/4134 3728/4132/4132
f 3795/4197/4197 3761/4134/4134 3762/4198/4198
f 3828/4199/4199 3794/4133/4133 3795/4197/4197
f 3861/4200/4200 3827/4135/4135 3828/4199/4199
f 3861/4200/4200 3893/4137/4137 3860/4136/4136
f 3927/4201/4201 3893/4137/4137 3894/4202/4202
f 3927/4201/4201 3959/4138/4138 3926/4139/4139
f 3960/4203/4203 3992/4140/4140 3959/4138/4138
f 3993/4204/4204 4025/4141/4141 3992/4140/4140
f 4026/4205/4205 4058/4142/4142 4025/4141/4141
f 4092/4206/4206 4058/4142/4142 4059/4207/4207
f 4092/4206/4206 4124/4145/4145 4091/4143/4143
f 4158/4208/4208 4124/4145/4145 4125/4209/4209
f 4158/4208/4208 4190/4146/4146 4157/4144/4144
f 4224/4210/4210 4190/4146/4146 4191/4211/4211
f 4224/4210/4210 2144/4085/4085 4223/4147/4147
f 34/4/4 2113/2101/2101 2146/2104/2104
f 66/2036/2036 2145/4148/4148 33/2037/2037
f 34/4/4 2179/2106/2106 67/4212/4212
f 66/2036/2036 2211/4149/4149 2178/4150/4150
f 100/6/6 2179/2106/2106 2212/2108/2108
f 132/2039/2039 2211/4149/4149 99/2038/2038
f 100/6/6 2245/2107/2107 133/8/8
f 132/2039/2039 2277/4153/4153 2244/4151/4151
f 166/11/11 2245/2107/2107 2278/2112/2112
f 165/2040/2040 2310/4152/4152 2277/4153/4153
f 166/11/11 2311/2111/2111 199/4213/4213
f 198/2041/2041 2343/4154/4154 2310/4152/4152
f 232/13/13 2311/2111/2111 2344/2114/2114
f 264/2043/2043 2343/4154/4154 231/2042/2042
f 232/13/13 2377/2118/2118 265/15/15
f 297/2044/2044 2376/4156/4156 264/2043/2043
f 298/18/18 2377/2118/2118 2410/2117/2117
f 297/2044/2044 2442/4157/4157 2409/4155/4155
f 331/4214/4214 2410/2117/2117 2443/2122/2122
f 363/2046/2046 2442/4157/4157 330/2045/2045
f 331/4214/4214 2476/2124/2124 364/20/20
f 396/2047/2047 2475/4159/4159 363/2046/2046
f 397/22/22 2476/2124/2124 2509/2126/2126
f 429/2048/2048 2508/4158/4158 396/2047/2047
f 397/22/22 2542/2128/2128 430/4215/4215
f 462/2049/2049 2541/4160/4160 429/2048/2048
f 463/25/25 2542/2128/2128 2575/2130/2130
f 495/2050/2050 2574/4161/4161 462/2049/2049
f 496/28/28 2575/2130/2130 2608/2132/2132
f 495/2050/2050 2640/4162/4162 2607/4163/4163
f 496/28/28 2641/2134/2134 529/4216/4216
f 528/2051/2051 2673/4164/4164 2640/4162/4162
f 562/30/30 2641/2134/2134 2674/2136/2136
f 594/2053/2053 2673/4164/4164 561/2052/2052
f 562/30/30 2707/2138/2138 595/33/33
f 627/2054/2054 2706/4166/4166 594/2053/2053
f 628/4217/4217 2707/2138/2138 2740/2140/2140
f 660/2055/2055 2739/4165/4165 627/2054/2054
f 628/4217/4217 2773/2139/2139 661/35/35
f 693/2056/2056 2772/4167/4167 660/2055/2055
f 694/4218/4218 2773/2139/2139 2806/2144/2144
f 726/2057/2057 2805/4169/4169 693/2056/2056
f 694/4218/4218 2839/2146/2146 727/38/38
f 759/2058/2058 2838/4168/4168 726/2057/2057
f 727/38/38 2872/2148/2148 760/40/40
f 792/2059/2059 2871/4170/4170 759/2058/2058
f 760/40/40 2905/2150/2150 793/42/42
f 825/2060/2060 2904/4172/4172 792/2059/2059
f 793/42/42 2938/2149/2149 826/45/45
f 858/2061/2061 2937/4171/4171 825/2060/2060
f 859/47/47 2938/2149/2149 2971/2154/2154
f 858/2061/2061 3003/4173/4173 2970/4174/4174
f 859/47/47 3004/2153/2153 892/49/49
f 891/2062/2062 3036/4175/4175 3003/4173/4173
f 925/4219/4219 3004/2153/2153 3037/2158/2158
f 957/2064/2064 3036/4175/4175 924/2063/2063
f 925/4219/4219 3070/2160/2160 958/51/51
f 957/2064/2064 3102/4177/4177 3069/4176/4176
f 991/53/53 3070/2160/2160 3103/2162/2162
f 990/2065/2065 3135/4179/4179 3102/4177/4177
f 1024/56/56 3103/2162/2162 3136/2164/2164
f 1056/2067/2067 3135/4179/4179 1023/2066/2066
f 1024/56/56 3169/2166/2166 1057/58/58
f 1089/2068/2068 3168/4178/4178 1056/2067/2067
f 1090/60/60 3169/2166/2166 3202/2168/2168
f 1089/2068/2068 3234/4182/4182 3201/4180/4180
f 1090/60/60 3235/2170/2170 1123/62/62
f 1122/2069/2069 3267/4181/4181 3234/4182/4182
f 1156/4220/4220 3235/2170/2170 3268/2172/2172
f 1188/2071/2071 3267/4181/4181 1155/2070/2070
f 1156/4220/4220 3301/2171/2171 1189/64/64
f 1221/2072/2072 3300/4184/4184 1188/2071/2071
f 1222/66/66 3301/2171/2171 3334/2176/2176
f 1221/2072/2072 3366/4185/4185 3333/4183/4183
f 1222/66/66 3367/2178/2178 1255/69/69
f 1254/2073/2073 3399/4186/4186 3366/4185/4185
f 1288/71/71 3367/2178/2178 3400/2180/2180
f 1320/2075/2075 3399/4186/4186 1287/2074/2074
f 1321/73/73 3400/2180/2180 3433/2182/2182
f 1320/2075/2075 3465/4188/4188 3432/4187/4187
f 1321/73/73 3466/2184/2184 1354/4221/4221
f 1353/2076/2076 3498/4189/4189 3465/4188/4188
f 1387/75/75 3466/2184/2184 3499/2186/2186
f 1386/2077/2077 3531/4190/4190 3498/4189/4189
f 1387/75/75 3532/2185/2185 1420/77/77
f 1419/2078/2078 3564/4191/4191 3531/4190/4190
f 1453/80/80 3532/2185/2185 3565/2190/2190
f 1452/2079/2079 3597/4193/4193 3564/4191/4191
f 1453/80/80 3598/2192/2192 1486/82/82
f 1485/2080/2080 3630/4192/4192 3597/4193/4193
f 1486/82/82 3631/2194/2194 1519/4222/4222
f 1518/2081/2081 3663/4194/4194 3630/4192/4192
f 1552/84/84 3631/2194/2194 3664/2193/2193
f 1551/2082/2082 3696/4196/4196 3663/4194/4194
f 1552/84/84 3697/2198/2198 1585/86/86
f 1584/2083/2083 3729/4195/4195 3696/4196/4196
f 1618/89/89 3697/2198/2198 3730/2200/2200
f 1650/2085/2085 3729/4195/4195 1617/2084/2084
f 1618/89/89 3763/2202/2202 1651/91/91
f 1683/2086/2086 3762/4198/4198 1650/2085/2085
f 1684/4223/4223 3763/2202/2202 3796/2204/2204
f 1716/2087/2087 3795/4197/4197 1683/2086/2086
f 1684/4223/4223 3829/2206/2206 1717/93/93
f 1749/2088/2088 3828/4199/4199 1716/2087/2087
f 1750/95/95 3829/2206/2206 3862/2208/2208
f 1749/2088/2088 3894/4202/4202 3861/4200/4200
f 1750/95/95 3895/2207/2207 1783/97/97
f 1815/2090/2090 3894/4202/4202 1782/2089/2089
f 1816/100/100 3895/2207/2207 3928/2212/2212
f 1848/2091/2091 3927/4201/4201 1815/2090/2090
f 1849/4224/4224 3928/2212/2212 3961/2211/2211
f 1881/2092/2092 3960/4203/4203 1848/2091/2091
f 1849/4224/4224 3994/2214/2214 1882/102/102
f 1914/2093/2093 3993/4204/4204 1881/2092/2092
f 1882/102/102 4027/2218/2218 1915/104/104
f 1914/2093/2093 4059/4207/4207 4026/4205/4205
f 1948/106/106 4027/2218/2218 4060/2220/2220
f 1947/2094/2094 4092/4206/4206 4059/4207/4207
f 1948/106/106 4093/2222/2222 1981/108/108
f 1980/2095/2095 4125/4209/4209 4092/4206/4206
f 1981/108/108 4126/2224/2224 2014/111/111
f 2013/2096/2096 4158/4208/4208 4125/4209/4209
f 2047/113/113 4126/2224/2224 4159/2226/2226
f 2079/2098/2098 4158/4208/4208 2046/2097/2097
f 2047/113/113 4192/2227/2227 2080/115/115
f 2112/2099/2099 4191/4211/4211 2079/2098/2098
f 1/1/1 4192/2227/2227 2113/2101/2101
f 33/2037/2037 4224/4210/4210 2112/2099/2099
f 1/1/1 34/4/4 35/2/2
f 34/4/4 67/4212/4212 68/5/5
f 68/5/5 67/4212/4212 100/6/6
f 101/7/7 100/6/6 133/8/8
f 133/8/8 166/11/11 167/10/10
f 166/11/11 199/4213/4213 200/12/12
f 200/12/12 199/4213/4213 232/13/13
f 233/14/14 232/13/13 265/15/15
f 265/15/15 298/18/18 299/17/17
f 298/18/18 331/4214/4214 332/19/19
f 332/19/19 331/4214/4214 364/20/20
f 365/21/21 364/20/20 397/22/22
f 397/22/22 430/4215/4215 431/24/24
f 431/24/24 430/4215/4215 463/25/25
f 463/25/25 496/28/28 497/27/27
f 496/28/28 529/4216/4216 530/29/29
f 530/29/29 529/4216/4216 562/30/30
f 562/30/30 595/33/33 596/32/32
f 595/33/33 628/4217/4217 629/34/34
f 629/34/34 628/4217/4217 661/35/35
f 661/35/35 694/4218/4218 695/37/37
f 695/37/37 694/4218/4218 727/38/38
f 728/39/39 727/38/38 760/40/40
f 761/41/41 760/40/40 793/42/42
f 793/42/42 826/45/45 827/44/44
f 826/45/45 859/47/47 860/46/46
f 859/47/47 892/49/49 893/48/48
f 892/49/49 925/4219/4219 926/50/50
f 926/50/50 925/4219/4219 958/51/51
f 959/52/52 958/51/51 991/53/53
f 991/53/53 1024/56/56 1025/55/55
f 1024/56/56 1057/58/58 1058/57/57
f 1057/58/58 1090/60/60 1091/59/59
f 1090/60/60 1123/62/62 1124/61/61
f 1123/62/62 1156/4220/4220 1157/63/63
f 1157/63/63 1156/4220/4220 1189/64/64
f 1190/65/65 1189/64/64 1222/66/66
f 1222/66/66 1255/69/69 1256/68/68
f 1255/69/69 1288/71/71 1289/70/70
f 1288/71/71 1321/73/73 1322/72/72
f 1321/73/73 1354/4221/4221 1355/74/74
f 1355/74/74 1354/4221/4221 1387/75/75
f 1388/76/76 1387/75/75 1420/77/77
f 1420/77/77 1453/80/80 1454/79/79
f 1453/80/80 1486/82/82 1487/81/81
f 1486/82/82 1519/4222/4222 1520/83/83
f 1520/83/83 1519/4222/4222 1552/84/84
f 1553/85/85 1552/84/84 1585/86/86
f 1585/86/86 1618/89/89 1619/88/88
f 1618/89/89 1651/91/91 1652/90/90
f 1651/91/91 1684/4223/4223 1685/92/92
f 1685/92/92 1684/4223/4223 1717/93/93
f 1718/94/94 1717/93/93 1750/95/95
f 1751/96/96 1750/95/95 1783/97/97
f 1783/97/97 1816/100/100 1817/99/99
f 1816/100/100 1849/4224/4224 1850/101/101
f 1850/101/101 1849/4224/4224 1882/102/102
f 1883/103/103 1882/102/102 1915/104/104
f 1916/105/105 1915/104/104 1948/106/106
f 1949/107/107 1948/106/106 1981/108/108
f 1981/108/108 2014/111/111 2015/110/110
f 2014/111/111 2047/113/113 2048/112/112
f 2047/113/113 2080/115/115 2081/114/114
f 2080/115/115 1/1/1 2/3/3
f 2/3/3 35/2/2 36/116/116
f 35/2/2 68/5/5 69/118/118
f 68/5/5 101/7/7 102/119/119
f 101/7/7 134/9/9 135/120/120
f 134/9/9 167/10/10 168/121/121
f 168/121/121 167/10/10 200/12/12
f 200/12/12 233/14/14 234/123/123
f 233/14/14 266/16/16 267/124/124
f 266/16/16 299/17/17 300/125/125
f 299/17/17 332/19/19 333/126/126
f 332/19/19 365/21/21 366/127/127
f 365/21/21 398/23/23 399/128/128
f 399/128/128 398/23/23 431/24/24
f 431/24/24 464/26/26 465/130/130
f 465/130/130 464/26/26 497/27/27
f 497/27/27 530/29/29 531/132/132
f 531/132/132 530/29/29 563/31/31
f 563/31/31 596/32/32 597/134/134
f 596/32/32 629/34/34 630/135/135
f 629/34/34 662/36/36 663/136/136
f 663/136/136 662/36/36 695/37/37
f 696/137/137 695/37/37 728/39/39
f 728/39/39 761/41/41 762/139/139
f 762/139/139 761/41/41 794/43/43
f 794/43/43 827/44/44 828/141/141
f 827/44/44 860/46/46 861/142/142
f 860/46/46 893/48/48 894/143/143
f 893/48/48 926/50/50 927/144/144
f 926/50/50 959/52/52 960/145/145
f 959/52/52 992/54/54 993/146/146
f 993/146/146 992/54/54 1025/55/55
f 1026/147/147 1025/55/55 1058/57/57
f 1058/57/57 1091/59/59 1092/149/149
f 1091/59/59 1124/61/61 1125/150/150
f 1124/61/61 1157/63/63 1158/151/151
f 1157/63/63 1190/65/65 1191/152/152
f 1191/152/152 1190/65/65 1223/67/67
f 1224/153/153 1223/67/67 1256/68/68
f 1256/68/68 1289/70/70 1290/155/155
f 1289/70/70 1322/72/72 1323/156/156
f 1323/156/156 1322/72/72 1355/74/74
f 1356/157/157 1355/74/74 1388/76/76
f 1389/158/158 1388/76/76 1421/78/78
f 1421/78/78 1454/79/79 1455/160/160
f 1454/79/79 1487/81/81 1488/161/161
f 1487/81/81 1520/83/83 1521/162/162
f 1521/162/162 1520/83/83 1553/85/85
f 1553/85/85 1586/87/87 1587/164/164
f 1587/164/164 1586/87/87 1619/88/88
f 1620/165/165 1619/88/88 1652/90/90
f 1652/90/90 1685/92/92 1686/167/167
f 1685/92/92 1718/94/94 1719/168/168
f 1718/94/94 1751/96/96 1752/169/169
f 1752/169/169 1751/96/96 1784/98/98
f 1785/170/170 1784/98/98 1817/99/99
f 1817/99/99 1850/101/101 1851/172/172
f 1851/172/172 1850/101/101 1883/103/103
f 1883/103/103 1916/105/105 1917/174/174
f 1916/105/105 1949/107/107 1950/175/175
f 1949/107/107 1982/109/109 1983/176/176
f 1982/109/109 2015/110/110 2016/177/177
f 2015/110/110 2048/112/112 2049/178/178
f 2048/112/112 2081/114/114 2082/179/179
f 2082/179/179 2081/114/114 2/3/3
f 4/180/180 3/117/117 36/116/116
f 37/181/181 36/116/116 69/118/118
f 69/118/118 102/119/119 103/183/183
f 102/119/119 135/120/120 136/184/184
f 135/120/120 168/121/121 169/185/185
f 169/185/185 168/121/121 201/122/122
f 202/186/186 201/122/122 234/123/123
f 234/123/123 267/124/124 268/188/188
f 267/124/124 300/125/125 301/189/189
f 301/189/189 300/125/125 333/126/126
f 334/190/190 333/126/126 366/127/127
f 366/127/127 399/128/128 400/192/192
f 400/192/192 399/128/128 432/129/129
f 433/193/193 432/129/129 465/130/130
f 465/130/130 498/131/131 499/195/195
f 498/131/131 531/132/132 532/196/196
f 532/196/196 531/132/132 564/133/133
f 565/197/197 564/133/133 597/134/134
f 597/134/134 630/135/135 631/199/199
f 631/199/199 630/135/135 663/136/136
f 664/200/200 663/136/136 696/137/137
f 697/201/201 696/137/137 729/138/138
f 729/138/138 762/139/139 763/203/203
f 762/139/139 795/140/140 796/204/204
f 795/140/140 828/141/141 829/205/205
f 829/205/205 828/141/141 861/142/142
f 862/206/206 861/142/142 894/143/143
f 895/207/207 894/143/143 927/144/144
f 927/144/144 960/145/145 961/209/209
f 960/145/145 993/146/146 994/210/210
f 994/210/210 993/146/146 1026/147/147
f 1026/147/147 1059/148/148 1060/212/212
f 1060/212/212 1059/148/148 1092/149/149
f 1093/213/213 1092/149/149 1125/150/150
f 1125/150/150 1158/151/151 1159/215/215
f 1158/151/151 1191/152/152 1192/216/216
f 1191/152/152 1224/153/153 1225/217/217
f 1225/217/217 1224/153/153 1257/154/154
f 1258/218/218 1257/154/154 1290/155/155
f 1291/219/219 1290/155/155 1323/156/156
f 1323/156/156 1356/157/157 1357/221/221
f 1356/157/157 1389/158/158 1390/222/222
f 1390/222/222 1389/158/158 1422/159/159
f 1423/223/223 1422/159/159 1455/160/160
f 1455/160/160 1488/161/161 1489/225/225
f 1489/225/225 1488/161/161 1521/162/162
f 1522/226/226 1521/162/162 1554/163/163
f 1555/227/227 1554/163/163 1587/164/164
f 1588/228/228 1587/164/164 1620/165/165
f 1620/165/165 1653/166/166 1654/230/230
f 1654/230/230 1653/166/166 1686/167/167
f 1687/231/231 1686/167/167 1719/168/168
f 1719/168/168 1752/169/169 1753/233/233
f 1752/169/169 1785/170/170 1786/234/234
f 1786/234/234 1785/170/170 1818/171/171
f 1819/235/235 1818/171/171 1851/172/172
f 1852/236/236 1851/172/172 1884/173/173
f 1885/237/237 1884/173/173 1917/174/174
f 1918/238/238 1917/174/174 1950/175/175
f 1950/175/175 1983/176/176 1984/240/240
f 1983/176/176 2016/177/177 2017/241/241
f 2017/241/241 2016/177/177 2049/178/178
f 2049/178/178 2082/179/179 2083/243/243
f 2083/243/243 2082/179/179 3/117/117
f 4/180/180 37/181/181 38/244/244
f 38/244/244 37/181/181 70/182/182
f 71/246/246 70/182/182 103/183/183
f 104/247/247 103/183/183 136/184/184
f 136/184/184 169/185/185 170/249/249
f 170/249/249 169/185/185 202/186/186
f 203/250/250 202/186/186 235/187/187
f 235/187/187 268/188/188 269/252/252
f 269/252/252 268/188/188 301/189/189
f 302/253/253 301/189/189 334/190/190
f 335/254/254 334/190/190 367/191/191
f 368/255/255 367/191/191 400/192/192
f 401/256/256 400/192/192 433/193/193
f 433/193/193 466/194/194 467/258/258
f 466/194/194 499/195/195 500/259/259
f 499/195/195 532/196/196 533/260/260
f 532/196/196 565/197/197 566/261/261
f 566/261/261 565/197/197 598/198/198
f 599/262/262 598/198/198 631/199/199
f 632/263/263 631/199/199 664/200/200
f 665/264/264 664/200/200 697/201/201
f 698/265/265 697/201/201 730/202/202
f 731/266/266 730/202/202 763/203/203
f 763/203/203 796/204/204 797/268/268
f 796/204/204 829/205/205 830/269/269
f 830/269/269 829/205/205 862/206/206
f 862/206/206 895/207/207 896/271/271
f 895/207/207 928/208/208 929/272/272
f 929/272/272 928/208/208 961/209/209
f 962/273/273 961/209/209 994/210/210
f 994/210/210 1027/211/211 1028/275/275
f 1027/211/211 1060/212/212 1061/276/276
f 1061/276/276 1060/212/212 1093/213/213
f 1094/277/277 1093/213/213 1126/214/214
f 1127/278/278 1126/214/214 1159/215/215
f 1159/215/215 1192/216/216 1193/280/280
f 1192/216/216 1225/217/217 1226/281/281
f 1226/281/281 1225/217/217 1258/218/218
f 1258/218/218 1291/219/219 1292/283/283
f 1291/219/219 1324/220/220 1325/284/284
f 1325/284/284 1324/220/220 1357/221/221
f 1358/285/285 1357/221/221 1390/222/222
f 1390/222/222 1423/223/223 1424/287/287
f 1423/223/223 1456/224/224 1457/288/288
f 1457/288/288 1456/224/224 1489/225/225
f 1490/289/289 1489/225/225 1522/226/226
f 1523/290/290 1522/226/226 1555/227/227
f 1556/291/291 1555/227/227 1588/228/228
f 1589/292/292 1588/228/228 1621/229/229
f 1621/229/229 1654/230/230 1655/294/294
f 1655/294/294 1654/230/230 1687/231/231
f 1687/231/231 1720/232/232 1721/296/296
f 1721/296/296 1720/232/232 1753/233/233
f 1753/233/233 1786/234/234 1787/298/298
f 1786/234/234 1819/235/235 1820/299/299
f 1819/235/235 1852/236/236 1853/300/300
f 1852/236/236 1885/237/237 1886/301/301
f 1885/237/237 1918/238/238 1919/302/302
f 1919/302/302 1918/238/238 1951/239/239
f 1951/239/239 1984/240/240 1985/304/304
f 1985/304/304 1984/240/240 2017/241/241
f 2018/305/305 2017/241/241 2050/242/242
f 2050/242/242 2083/243/243 2084/307/307
f 2083/243/243 4/180/180 5/245/245
f 5/245/245 38/244/244 39/308/308
f 39/308/308 38/244/244 71/246/246
f 72/310/310 71/246/246 104/247/247
f 105/311/311 104/247/247 137/248/248
f 137/248/248 170/249/249 171/313/313
f 171/313/313 170/249/249 203/250/250
f 204/314/314 203/250/250 236/251/251
f 236/251/251 269/252/252 270/316/316
f 270/316/316 269/252/252 302/253/253
f 303/317/317 302/253/253 335/254/254
f 336/318/318 335/254/254 368/255/255
f 368/255/255 401/256/256 402/320/320
f 402/320/320 401/256/256 434/257/257
f 435/321/321 434/257/257 467/258/258
f 467/258/258 500/259/259 501/323/323
f 501/323/323 500/259/259 533/260/260
f 533/260/260 566/261/261 567/325/325
f 567/325/325 566/261/261 599/262/262
f 600/326/326 599/262/262 632/263/263
f 632/263/263 665/264/264 666/328/328
f 665/264/264 698/265/265 699/329/329
f 699/329/329 698/265/265 731/266/266
f 731/266/266 764/267/267 765/331/331
f 765/331/331 764/267/267 797/268/268
f 798/332/332 797/268/268 830/269/269
f 831/333/333 830/269/269 863/270/270
f 864/334/334 863/270/270 896/271/271
f 896/271/271 929/272/272 930/336/336
f 930/336/336 929/272/272 962/273/273
f 963/337/337 962/273/273 995/274/274
f 995/274/274 1028/275/275 1029/339/339
f 1029/339/339 1028/275/275 1061/276/276
f 1062/340/340 1061/276/276 1094/277/277
f 1095/341/341 1094/277/277 1127/278/278
f 1128/342/342 1127/278/278 1160/279/279
f 1161/343/343 1160/279/279 1193/280/280
f 1193/280/280 1226/281/281 1227/345/345
f 1227/345/345 1226/281/281 1259/282/282
f 1260/346/346 1259/282/282 1292/283/283
f 1293/347/347 1292/283/283 1325/284/284
f 1326/348/348 1325/284/284 1358/285/285
f 1358/285/285 1391/286/286 1392/350/350
f 1391/286/286 1424/287/287 1425/351/351
f 1424/287/287 1457/288/288 1458/352/352
f 1457/288/288 1490/289/289 1491/353/353
f 1490/289/289 1523/290/290 1524/354/354
f 1524/354/354 1523/290/290 1556/291/291
f 1557/355/355 1556/291/291 1589/292/292
f 1589/292/292 1622/293/293 1623/357/357
f 1622/293/293 1655/294/294 1656/358/358
f 1656/358/358 1655/294/294 1688/295/295
f 1689/359/359 1688/295/295 1721/296/296
f 1722/360/360 1721/296/296 1754/297/297
f 1755/361/361 1754/297/297 1787/298/298
f 1787/298/298 1820/299/299 1821/363/363
f 1820/299/299 1853/300/300 1854/364/364
f 1853/300/300 1886/301/301 1887/365/365
f 1887/365/365 1886/301/301 1919/302/302
f 1919/302/302 1952/303/303 1953/367/367
f 1952/303/303 1985/304/304 1986/368/368
f 1986/368/368 1985/304/304 2018/305/305
f 2018/305/305 2051/306/306 2052/370/370
f 2052/370/370 2051/306/306 2084/307/307
f 2084/307/307 5/245/245 6/309/309
f 7/372/372 6/309/309 39/308/308
f 40/373/373 39/308/308 72/310/310
f 73/374/374 72/310/310 105/311/311
f 106/375/375 105/311/311 138/312/312
f 138/312/312 171/313/313 172/377/377
f 172/377/377 171/313/313 204/314/314
f 205/378/378 204/314/314 237/315/315
f 238/379/379 237/315/315 270/316/316
f 271/380/380 270/316/316 303/317/317
f 304/381/381 303/317/317 336/318/318
f 336/318/318 369/319/319 370/383/383
f 369/319/319 402/320/320 403/384/384
f 403/384/384 402/320/320 435/321/321
f 435/321/321 468/322/322 469/386/386
f 468/322/322 501/323/323 502/387/387
f 502/387/387 501/323/323 534/324/324
f 534/324/324 567/325/325 568/389/389
f 568/389/389 567/325/325 600/326/326
f 600/326/326 633/327/327 634/391/391
f 634/391/391 633/327/327 666/328/328
f 667/392/392 666/328/328 699/329/329
f 700/393/393 699/329/329 732/330/330
f 733/394/394 732/330/330 765/331/331
f 765/331/331 798/332/332 799/396/396
f 798/332/332 831/333/333 832/397/397
f 832/397/397 831/333/333 864/334/334
f 865/398/398 864/334/334 897/335/335
f 898/399/399 897/335/335 930/336/336
f 930/336/336 963/337/337 964/401/401
f 963/337/337 996/338/338 997/402/402
f 997/402/402 996/338/338 1029/339/339
f 1030/403/403 1029/339/339 1062/340/340
f 1062/340/340 1095/341/341 1096/405/405
f 1096/405/405 1095/341/341 1128/342/342
f 1129/406/406 1128/342/342 1161/343/343
f 1162/407/407 1161/343/343 1194/344/344
f 1194/344/344 1227/345/345 1228/409/409
f 1228/409/409 1227/345/345 1260/346/346
f 1261/410/410 1260/346/346 1293/347/347
f 1294/411/411 1293/347/347 1326/348/348
f 1327/412/412 1326/348/348 1359/349/349
f 1360/413/413 1359/349/349 1392/350/350
f 1393/414/414 1392/350/350 1425/351/351
f 1426/415/415 1425/351/351 1458/352/352
f 1459/416/416 1458/352/352 1491/353/353
f 1491/353/353 1524/354/354 1525/418/418
f 1525/418/418 1524/354/354 1557/355/355
f 1558/419/419 1557/355/355 1590/356/356
f 1590/356/356 1623/357/357 1624/421/421
f 1624/421/421 1623/357/357 1656/358/358
f 1656/358/358 1689/359/359 1690/423/423
f 1689/359/359 1722/360/360 1723/424/424
f 1723/424/424 1722/360/360 1755/361/361
f 1756/425/425 1755/361/361 1788/362/362
f 1789/426/426 1788/362/362 1821/363/363
f 1822/427/427 1821/363/363 1854/364/364
f 1855/428/428 1854/364/364 1887/365/365
f 1888/429/429 1887/365/365 1920/366/366
f 1921/430/430 1920/366/366 1953/367/367
f 1954/431/431 1953/367/367 1986/368/368
f 1986/368/368 2019/369/369 2020/433/433
f 2019/369/369 2052/370/370 2053/434/434
f 2053/434/434 2052/370/370 2085/371/371
f 2085/371/371 6/309/309 7/372/372
f 8/436/436 7/372/372 40/373/373
f 41/437/437 40/373/373 73/374/374
f 73/374/374 106/375/375 107/439/439
f 106/375/375 139/376/376 140/440/440
f 140/440/440 139/376/376 172/377/377
f 173/441/441 172/377/377 205/378/378
f 206/442/442 205/378/378 238/379/379
f 238/379/379 271/380/380 272/444/444
f 272/444/444 271/380/380 304/381/381
f 304/381/381 337/382/382 338/446/446
f 338/446/446 337/382/382 370/383/383
f 371/447/447 370/383/383 403/384/384
f 404/448/448 403/384/384 436/385/385
f 437/449/449 436/385/385 469/386/386
f 469/386/386 502/387/387 503/451/451
f 503/451/451 502/387/387 535/388/388
f 535/388/388 568/389/389 569/453/453
f 569/453/453 568/389/389 601/390/390
f 601/390/390 634/391/391 635/455/455
f 634/391/391 667/392/392 668/456/456
f 668/456/456 667/392/392 700/393/393
f 701/457/457 700/393/393 733/394/394
f 734/458/458 733/394/394 766/395/395
f 766/395/395 799/396/396 800/460/460
f 800/460/460 799/396/396 832/397/397
f 833/461/461 832/397/397 865/398/398
f 866/462/462 865/398/398 898/399/399
f 898/399/399 931/400/400 932/464/464
f 931/400/400 964/401/401 965/465/465
f 965/465/465 964/401/401 997/402/402
f 997/402/402 1030/403/403 1031/467/467
f 1031/467/467 1030/403/403 1063/404/404
f 1063/404/404 1096/405/405 1097/469/469
f 1097/469/469 1096/405/405 1129/406/406
f 1129/406/406 1162/407/407 1163/471/471
f 1163/471/471 1162/407/407 1195/408/408
f 1196/472/472 1195/408/408 1228/409/409
f 1229/473/473 1228/409/409 1261/410/410
f 1262/474/474 1261/410/410 1294/411/411
f 1295/475/475 1294/411/411 1327/412/412
f 1328/476/476 1327/412/412 1360/413/413
f 1360/413/413 1393/414/414 1394/478/478
f 1393/414/414 1426/415/415 1427/479/479
f 1426/415/415 1459/416/416 1460/480/480
f 1459/416/416 1492/417/417 1493/481/481
f 1492/417/417 1525/418/418 1526/482/482
f 1526/482/482 1525/418/418 1558/419/419
f 1559/483/483 1558/419/419 1591/420/420
f 1591/420/420 1624/421/421 1625/485/485
f 1625/485/485 1624/421/421 1657/422/422
f 1657/422/422 1690/423/423 1691/487/487
f 1690/423/423 1723/424/424 1724/488/488
f 1724/488/488 1723/424/424 1756/425/425
f 1756/425/425 1789/426/426 1790/490/490
f 1790/490/490 1789/426/426 1822/427/427
f 1823/491/491 1822/427/427 1855/428/428
f 1856/492/492 1855/428/428 1888/429/429
f 1888/429/429 1921/430/430 1922/494/494
f 1921/430/430 1954/431/431 1955/495/495
f 1955/495/495 1954/431/431 1987/432/432
f 1987/432/432 2020/433/433 2021/497/497
f 2020/433/433 2053/434/434 2054/498/498
f 2054/498/498 2053/434/434 2086/435/435
f 2087/499/499 2086/435/435 7/372/372
f 8/436/436 41/437/437 42/500/500
f 42/500/500 41/437/437 74/438/438
f 75/502/502 74/438/438 107/439/439
f 107/439/439 140/440/440 141/504/504
f 140/440/440 173/441/441 174/505/505
f 174/505/505 173/441/441 206/442/442
f 206/442/442 239/443/443 240/507/507
f 239/443/443 272/444/444 273/508/508
f 272/444/444 305/445/445 306/509/509
f 306/509/509 305/445/445 338/446/446
f 339/510/510 338/446/446 371/447/447
f 372/511/511 371/447/447 404/448/448
f 405/512/512 404/448/448 437/449/449
f 438/513/513 437/449/449 470/450/450
f 470/450/450 503/451/451 504/515/515
f 504/515/515 503/451/451 536/452/452
f 536/452/452 569/453/453 570/517/517
f 570/517/517 569/453/453 602/454/454
f 603/518/518 602/454/454 635/455/455
f 636/519/519 635/455/455 668/456/456
f 669/520/520 668/456/456 701/457/457
f 702/521/521 701/457/457 734/458/458
f 735/522/522 734/458/458 767/459/459
f 767/459/459 800/460/460 801/524/524
f 801/524/524 800/460/460 833/461/461
f 833/461/461 866/462/462 867/526/526
f 867/526/526 866/462/462 899/463/463
f 900/527/527 899/463/463 932/464/464
f 933/528/528 932/464/464 965/465/465
f 966/529/529 965/465/465 998/466/466
f 998/466/466 1031/467/467 1032/531/531
f 1032/531/531 1031/467/467 1064/468/468
f 1064/468/468 1097/469/469 1098/533/533
f 1098/533/533 1097/469/469 1130/470/470
f 1131/534/534 1130/470/470 1163/471/471
f 1163/471/471 1196/472/472 1197/536/536
f 1196/472/472 1229/473/473 1230/537/537
f 1229/473/473 1262/474/474 1263/538/538
f 1262/474/474 1295/475/475 1296/539/539
f 1295/475/475 1328/476/476 1329/540/540
f 1328/476/476 1361/477/477 1362/541/541
f 1361/477/477 1394/478/478 1395/542/542
f 1394/478/478 1427/479/479 1428/543/543
f 1427/479/479 1460/480/480 1461/544/544
f 1460/480/480 1493/481/481 1494/545/545
f 1494/545/545 1493/481/481 1526/482/482
f 1527/546/546 1526/482/482 1559/483/483
f 1560/547/547 1559/483/483 1592/484/484
f 1592/484/484 1625/485/485 1626/549/549
f 1626/549/549 1625/485/485 1658/486/486
f 1659/550/550 1658/486/486 1691/487/487
f 1691/487/487 1724/488/488 1725/552/552
f 1725/552/552 1724/488/488 1757/489/489
f 1757/489/489 1790/490/490 1791/554/554
f 1791/554/554 1790/490/490 1823/491/491
f 1823/491/491 1856/492/492 1857/556/556
f 1856/492/492 1889/493/493 1890/557/557
f 1890/557/557 1889/493/493 1922/494/494
f 1923/558/558 1922/494/494 1955/495/495
f 1956/559/559 1955/495/495 1988/496/496
f 1988/496/496 2021/497/497 2022/561/561
f 2022/561/561 2021/497/497 2054/498/498
f 2054/498/498 2087/499/499 2088/563/563
f 2088/563/563 2087/499/499 8/436/436
f 9/501/501 42/500/500 43/564/564
f 42/500/500 75/502/502 76/566/566
f 76/566/566 75/502/502 108/503/503
f 109/567/567 108/503/503 141/504/504
f 142/568/568 141/504/504 174/505/505
f 175/569/569 174/505/505 207/506/506
f 208/570/570 207/506/506 240/507/507
f 241/571/571 240/507/507 273/508/508
f 274/572/572 273/508/508 306/509/509
f 307/573/573 306/509/509 339/510/510
f 340/574/574 339/510/510 372/511/511
f 373/575/575 372/511/511 405/512/512
f 405/512/512 438/513/513 439/577/577
f 439/577/577 438/513/513 471/514/514
f 471/514/514 504/515/515 505/579/579
f 505/579/579 504/515/515 537/516/516
f 537/516/516 570/517/517 571/581/581
f 571/581/581 570/517/517 603/518/518
f 604/582/582 603/518/518 636/519/519
f 637/583/583 636/519/519 669/520/520
f 670/584/584 669/520/520 702/521/521
f 702/521/521 735/522/522 736/586/586
f 735/522/522 768/523/523 769/587/587
f 769/587/587 768/523/523 801/524/524
f 802/588/588 801/524/524 834/525/525
f 834/525/525 867/526/526 868/590/590
f 868/590/590 867/526/526 900/527/527
f 900/527/527 933/528/528 934/592/592
f 933/528/528 966/529/529 967/593/593
f 967/593/593 966/529/529 999/530/530
f 999/530/530 1032/531/531 1033/595/595
f 1032/531/531 1065/532/532 1066/596/596
f 1065/532/532 1098/533/533 1099/597/597
f 1099/597/597 1098/533/533 1131/534/534
f 1132/598/598 1131/534/534 1164/535/535
f 1165/599/599 1164/535/535 1197/536/536
f 1198/600/600 1197/536/536 1230/537/537
f 1231/601/601 1230/537/537 1263/538/538
f 1264/602/602 1263/538/538 1296/539/539
f 1297/603/603 1296/539/539 1329/540/540
f 1330/604/604 1329/540/540 1362/541/541
f 1363/605/605 1362/541/541 1395/542/542
f 1396/606/606 1395/542/542 1428/543/543
f 1429/607/607 1428/543/543 1461/544/544
f 1461/544/544 1494/545/545 1495/609/609
f 1494/545/545 1527/546/546 1528/610/610
f 1527/546/546 1560/547/547 1561/611/611
f 1561/611/611 1560/547/547 1593/548/548
f 1594/612/612 1593/548/548 1626/549/549
f 1627/613/613 1626/549/549 1659/550/550
f 1660/614/614 1659/550/550 1692/551/551
f 1693/615/615 1692/551/551 1725/552/552
f 1726/616/616 1725/552/552 1758/553/553
f 1759/617/617 1758/553/553 1791/554/554
f 1792/618/618 1791/554/554 1824/555/555
f 1825/619/619 1824/555/555 1857/556/556
f 1858/620/620 1857/556/556 1890/557/557
f 1890/557/557 1923/558/558 1924/622/622
f 1923/558/558 1956/559/559 1957/623/623
f 1957/623/623 1956/559/559 1989/560/560
f 1989/560/560 2022/561/561 2023/625/625
f 2023/625/625 2022/561/561 2055/562/562
f 2056/626/626 2055/562/562 2088/563/563
f 2088/563/563 9/501/501 10/565/565
f 10/565/565 43/564/564 44/628/628
f 44/628/628 43/564/564 76/566/566
f 77/630/630 76/566/566 109/567/567
f 109/567/567 142/568/568 143/632/632
f 143/632/632 142/568/568 175/569/569
f 176/633/633 175/569/569 208/570/570
f 209/634/634 208/570/570 241/571/571
f 241/571/571 274/572/572 275/636/636
f 275/636/636 274/572/572 307/573/573
f 307/573/573 340/574/574 341/638/638
f 340/574/574 373/575/575 374/639/639
f 374/639/639 373/575/575 406/576/576
f 407/640/640 406/576/576 439/577/577
f 440/641/641 439/577/577 472/578/578
f 472/578/578 505/579/579 506/643/643
f 506/643/643 505/579/579 538/580/580
f 538/580/580 571/581/581 572/645/645
f 572/645/645 571/581/581 604/582/582
f 605/646/646 604/582/582 637/583/583
f 637/583/583 670/584/584 671/648/648
f 671/648/648 670/584/584 703/585/585
f 704/649/649 703/585/585 736/586/586
f 737/650/650 736/586/586 769/587/587
f 769/587/587 802/588/588 803/652/652
f 802/588/588 835/589/589 836/653/653
f 836/653/653 835/589/589 868/590/590
f 869/654/654 868/590/590 901/591/591
f 902/655/655 901/591/591 934/592/592
f 935/656/656 934/592/592 967/593/593
f 968/657/657 967/593/593 1000/594/594
f 1000/594/594 1033/595/595 1034/659/659
f 1033/595/595 1066/596/596 1067/660/660
f 1066/596/596 1099/597/597 1100/661/661
f 1100/661/661 1099/597/597 1132/598/598
f 1133/662/662 1132/598/598 1165/599/599
f 1165/599/599 1198/600/600 1199/664/664
f 1199/664/664 1198/600/600 1231/601/601
f 1232/665/665 1231/601/601 1264/602/602
f 1265/666/666 1264/602/602 1297/603/603
f 1298/667/667 1297/603/603 1330/604/604
f 1331/668/668 1330/604/604 1363/605/605
f 1364/669/669 1363/605/605 1396/606/606
f 1397/670/670 1396/606/606 1429/607/607
f 1430/671/671 1429/607/607 1462/608/608
f 1462/608/608 1495/609/609 1496/673/673
f 1496/673/673 1495/609/609 1528/610/610
f 1528/610/610 1561/611/611 1562/675/675
f 1561/611/611 1594/612/612 1595/676/676
f 1595/676/676 1594/612/612 1627/613/613
f 1627/613/613 1660/614/614 1661/678/678
f 1661/678/678 1660/614/614 1693/615/615
f 1693/615/615 1726/616/616 1727/680/680
f 1727/680/680 1726/616/616 1759/617/617
f 1759/617/617 1792/618/618 1793/682/682
f 1793/682/682 1792/618/618 1825/619/619
f 1825/619/619 1858/620/620 1859/684/684
f 1859/684/684 1858/620/620 1891/621/621
f 1892/685/685 1891/621/621 1924/622/622
f 1924/622/622 1957/623/623 1958/687/687
f 1958/687/687 1957/623/623 1990/624/624
f 1991/688/688 1990/624/624 2023/625/625
f 2024/689/689 2023/625/625 2056/626/626
f 2056/626/626 2089/627/627 2090/691/691
f 2089/627/627 10/565/565 11/629/629
f 11/629/629 44/628/628 45/692/692
f 44/628/628 77/630/630 78/694/694
f 78/694/694 77/630/630 110/631/631
f 110/631/631 143/632/632 144/696/696
f 143/632/632 176/633/633 177/697/697
f 177/697/697 176/633/633 209/634/634
f 210/698/698 209/634/634 242/635/635
f 242/635/635 275/636/636 276/700/700
f 276/700/700 275/636/636 308/637/637
f 309/701/701 308/637/637 341/638/638
f 342/702/702 341/638/638 374/639/639
f 374/639/639 407/640/640 408/704/704
f 407/640/640 440/641/641 441/705/705
f 441/705/705 440/641/641 473/642/642
f 473/642/642 506/643/643 507/707/707
f 506/643/643 539/644/644 540/708/708
f 539/644/644 572/645/645 573/709/709
f 572/645/645 605/646/646 606/710/710
f 606/710/710 605/646/646 638/647/647
f 639/711/711 638/647/647 671/648/648
f 671/648/648 704/649/649 705/713/713
f 704/649/649 737/650/650 738/714/714
f 738/714/714 737/650/650 770/651/651
f 770/651/651 803/652/652 804/716/716
f 804/716/716 803/652/652 836/653/653
f 837/717/717 836/653/653 869/654/654
f 870/718/718 869/654/654 902/655/655
f 903/719/719 902/655/655 935/656/656
f 936/720/720 935/656/656 968/657/657
f 969/721/721 968/657/657 1001/658/658
f 1001/658/658 1034/659/659 1035/723/723
f 1034/659/659 1067/660/660 1068/724/724
f 1068/724/724 1067/660/660 1100/661/661
f 1100/661/661 1133/662/662 1134/726/726
f 1134/726/726 1133/662/662 1166/663/663
f 1166/663/663 1199/664/664 1200/728/728
f 1200/728/728 1199/664/664 1232/665/665
f 1232/665/665 1265/666/666 1266/730/730
f 1266/730/730 1265/666/666 1298/667/667
f 1298/667/667 1331/668/668 1332/732/732
f 1331/668/668 1364/669/669 1365/733/733
f 1365/733/733 1364/669/669 1397/670/670
f 1397/670/670 1430/671/671 1431/735/735
f 1430/671/671 1463/672/672 1464/736/736
f 1463/672/672 1496/673/673 1497/737/737
f 1497/737/737 1496/673/673 1529/674/674
f 1530/738/738 1529/674/674 1562/675/675
f 1563/739/739 1562/675/675 1595/676/676
f 1596/740/740 1595/676/676 1628/677/677
f 1628/677/677 1661/678/678 1662/742/742
f 1662/742/742 1661/678/678 1694/679/679
f 1695/743/743 1694/679/679 1727/680/680
f 1728/744/744 1727/680/680 1760/681/681
f 1760/681/681 1793/682/682 1794/746/746
f 1794/746/746 1793/682/682 1826/683/683
f 1827/747/747 1826/683/683 1859/684/684
f 1859/684/684 1892/685/685 1893/749/749
f 1893/749/749 1892/685/685 1925/686/686
f 1925/686/686 1958/687/687 1959/751/751
f 1959/751/751 1958/687/687 1991/688/688
f 1992/752/752 1991/688/688 2024/689/689
f 2025/753/753 2024/689/689 2057/690/690
f 2057/690/690 2090/691/691 2091/755/755
f 2090/691/691 11/629/629 12/693/693
f 13/756/756 12/693/693 45/692/692
f 45/692/692 78/694/694 79/758/758
f 79/758/758 78/694/694 111/695/695
f 111/695/695 144/696/696 145/760/760
f 145/760/760 144/696/696 177/697/697
f 177/697/697 210/698/698 211/762/762
f 210/698/698 243/699/699 244/763/763
f 243/699/699 276/700/700 277/764/764
f 277/764/764 276/700/700 309/701/701
f 310/765/765 309/701/701 342/702/702
f 343/766/766 342/702/702 375/703/703
f 376/767/767 375/703/703 408/704/704
f 409/768/768 408/704/704 441/705/705
f 442/769/769 441/705/705 474/706/706
f 475/770/770 474/706/706 507/707/707
f 507/707/707 540/708/708 541/772/772
f 541/772/772 540/708/708 573/709/709
f 573/709/709 606/710/710 607/774/774
f 607/774/774 606/710/710 639/711/711
f 640/775/775 639/711/711 672/712/712
f 672/712/712 705/713/713 706/777/777
f 706/777/777 705/713/713 738/714/714
f 739/778/778 738/714/714 771/715/715
f 772/779/779 771/715/715 804/716/716
f 805/780/780 804/716/716 837/717/717
f 838/781/781 837/717/717 870/718/718
f 870/718/718 903/719/719 904/783/783
f 904/783/783 903/719/719 936/720/720
f 937/784/784 936/720/720 969/721/721
f 970/785/785 969/721/721 1002/722/722
f 1002/722/722 1035/723/723 1036/787/787
f 1035/723/723 1068/724/724 1069/788/788
f 1069/788/788 1068/724/724 1101/725/725
f 1101/725/725 1134/726/726 1135/790/790
f 1135/790/790 1134/726/726 1167/727/727
f 1167/727/727 1200/728/728 1201/792/792
f 1200/728/728 1233/729/729 1234/793/793
f 1233/729/729 1266/730/730 1267/794/794
f 1267/794/794 1266/730/730 1299/731/731
f 1300/795/795 1299/731/731 1332/732/732
f 1333/796/796 1332/732/732 1365/733/733
f 1365/733/733 1398/734/734 1399/798/798
f 1398/734/734 1431/735/735 1432/799/799
f 1432/799/799 1431/735/735 1464/736/736
f 1465/800/800 1464/736/736 1497/737/737
f 1497/737/737 1530/738/738 1531/802/802
f 1530/738/738 1563/739/739 1564/803/803
f 1564/803/803 1563/739/739 1596/740/740
f 1597/804/804 1596/740/740 1629/741/741
f 1629/741/741 1662/742/742 1663/806/806
f 1663/806/806 1662/742/742 1695/743/743
f 1696/807/807 1695/743/743 1728/744/744
f 1729/808/808 1728/744/744 1761/745/745
f 1761/745/745 1794/746/746 1795/810/810
f 1795/810/810 1794/746/746 1827/747/747
f 1828/811/811 1827/747/747 1860/748/748
f 1861/812/812 1860/748/748 1893/749/749
f 1894/813/813 1893/749/749 1926/750/750
f 1927/814/814 1926/750/750 1959/751/751
f 1960/815/815 1959/751/751 1992/752/752
f 1993/816/816 1992/752/752 2025/753/753
f 2026/817/817 2025/753/753 2058/754/754
f 2059/818/818 2058/754/754 2091/755/755
f 2091/755/755 12/693/693 13/756/756
f 13/756/756 46/757/757 47/820/820
f 46/757/757 79/758/758 80/822/822
f 80/822/822 79/758/758 112/759/759
f 112/759/759 145/760/760 146/824/824
f 145/760/760 178/761/761 179/825/825
f 179/825/825 178/761/761 211/762/762
f 212/826/826 211/762/762 244/763/763
f 244/763/763 277/764/764 278/828/828
f 277/764/764 310/765/765 311/829/829
f 311/829/829 310/765/765 343/766/766
f 343/766/766 376/767/767 377/831/831
f 376/767/767 409/768/768 410/832/832
f 409/768/768 442/769/769 443/833/833
f 443/833/833 442/769/769 475/770/770
f 476/834/834 475/770/770 508/771/771
f 508/771/771 541/772/772 542/836/836
f 541/772/772 574/773/773 575/837/837
f 574/773/773 607/774/774 608/838/838
f 608/838/838 607/774/774 640/775/775
f 641/839/839 640/775/775 673/776/776
f 673/776/776 706/777/777 707/841/841
f 707/841/841 706/777/777 739/778/778
f 740/842/842 739/778/778 772/779/779
f 772/779/779 805/780/780 806/844/844
f 806/844/844 805/780/780 838/781/781
f 839/845/845 838/781/781 871/782/782
f 872/846/846 871/782/782 904/783/783
f 904/783/783 937/784/784 938/848/848
f 938/848/848 937/784/784 970/785/785
f 971/849/849 970/785/785 1003/786/786
f 1004/850/850 1003/786/786 1036/787/787
f 1037/851/851 1036/787/787 1069/788/788
f 1069/788/788 1102/789/789 1103/853/853
f 1102/789/789 1135/790/790 1136/854/854
f 1136/854/854 1135/790/790 1168/791/791
f 1168/791/791 1201/792/792 1202/856/856
f 1202/856/856 1201/792/792 1234/793/793
f 1234/793/793 1267/794/794 1268/858/858
f 1268/858/858 1267/794/794 1300/795/795
f 1300/795/795 1333/796/796 1334/860/860
f 1334/860/860 1333/796/796 1366/797/797
f 1367/861/861 1366/797/797 1399/798/798
f 1400/862/862 1399/798/798 1432/799/799
f 1433/863/863 1432/799/799 1465/800/800
f 1466/864/864 1465/800/800 1498/801/801
f 1499/865/865 1498/801/801 1531/802/802
f 1531/802/802 1564/803/803 1565/867/867
f 1564/803/803 1597/804/804 1598/868/868
f 1598/868/868 1597/804/804 1630/805/805
f 1630/805/805 1663/806/806 1664/870/870
f 1664/870/870 1663/806/806 1696/807/807
f 1696/807/807 1729/808/808 1730/872/872
f 1730/872/872 1729/808/808 1762/809/809
f 1763/873/873 1762/809/809 1795/810/810
f 1796/874/874 1795/810/810 1828/811/811
f 1828/811/811 1861/812/812 1862/876/876
f 1861/812/812 1894/813/813 1895/877/877
f 1895/877/877 1894/813/813 1927/814/814
f 1927/814/814 1960/815/815 1961/879/879
f 1961/879/879 1960/815/815 1993/816/816
f 1993/816/816 2026/817/817 2027/881/881
f 2027/881/881 2026/817/817 2059/818/818
f 2059/818/818 2092/819/819 2093/883/883
f 2093/883/883 2092/819/819 13/756/756
f 15/884/884 14/821/821 47/820/820
f 47/820/820 80/822/822 81/886/886
f 81/886/886 80/822/822 113/823/823
f 113/823/823 146/824/824 147/888/888
f 146/824/824 179/825/825 180/889/889
f 180/889/889 179/825/825 212/826/826
f 213/890/890 212/826/826 245/827/827
f 246/891/891 245/827/827 278/828/828
f 279/892/892 278/828/828 311/829/829
f 312/893/893 311/829/829 344/830/830
f 344/830/830 377/831/831 378/895/895
f 377/831/831 410/832/832 411/896/896
f 411/896/896 410/832/832 443/833/833
f 444/897/897 443/833/833 476/834/834
f 477/898/898 476/834/834 509/835/835
f 509/835/835 542/836/836 543/900/900
f 542/836/836 575/837/837 576/901/901
f 575/837/837 608/838/838 609/902/902
f 609/902/902 608/838/838 641/839/839
f 642/903/903 641/839/839 674/840/840
f 674/840/840 707/841/841 708/905/905
f 708/905/905 707/841/841 740/842/842
f 741/906/906 740/842/842 773/843/843
f 773/843/843 806/844/844 807/908/908
f 806/844/844 839/845/845 840/909/909
f 839/845/845 872/846/846 873/910/910
f 873/910/910 872/846/846 905/847/847
f 906/911/911 905/847/847 938/848/848
f 939/912/912 938/848/848 971/849/849
f 971/849/849 1004/850/850 1005/914/914
f 1004/850/850 1037/851/851 1038/915/915
f 1038/915/915 1037/851/851 1070/852/852
f 1071/916/916 1070/852/852 1103/853/853
f 1103/853/853 1136/854/854 1137/918/918
f 1137/918/918 1136/854/854 1169/855/855
f 1170/919/919 1169/855/855 1202/856/856
f 1203/920/920 1202/856/856 1235/857/857
f 1236/921/921 1235/857/857 1268/858/858
f 1269/922/922 1268/858/858 1301/859/859
f 1302/923/923 1301/859/859 1334/860/860
f 1335/924/924 1334/860/860 1367/861/861
f 1367/861/861 1400/862/862 1401/926/926
f 1401/926/926 1400/862/862 1433/863/863
f 1434/927/927 1433/863/863 1466/864/864
f 1466/864/864 1499/865/865 1500/929/929
f 1499/865/865 1532/866/866 1533/930/930
f 1533/930/930 1532/866/866 1565/867/867
f 1566/931/931 1565/867/867 1598/868/868
f 1599/932/932 1598/868/868 1631/869/869
f 1631/869/869 1664/870/870 1665/934/934
f 1665/934/934 1664/870/870 1697/871/871
f 1698/935/935 1697/871/871 1730/872/872
f 1730/872/872 1763/873/873 1764/937/937
f 1764/937/937 1763/873/873 1796/874/874
f 1797/938/938 1796/874/874 1829/875/875
f 1830/939/939 1829/875/875 1862/876/876
f 1863/940/940 1862/876/876 1895/877/877
f 1896/941/941 1895/877/877 1928/878/878
f 1928/878/878 1961/879/879 1962/943/943
f 1962/943/943 1961/879/879 1994/880/880
f 1994/880/880 2027/881/881 2028/945/945
f 2028/945/945 2027/881/881 2060/882/882
f 2060/882/882 2093/883/883 2094/947/947
f 2094/947/947 2093/883/883 14/821/821
f 16/948/948 15/884/884 48/885/885
f 49/949/949 48/885/885 81/886/886
f 82/950/950 81/886/886 114/887/887
f 114/887/887 147/888/888 148/952/952
f 147/888/888 180/889/889 181/953/953
f 181/953/953 180/889/889 213/890/890
f 214/954/954 213/890/890 246/891/891
f 246/891/891 279/892/892 280/956/956
f 279/892/892 312/893/893 313/957/957
f 313/957/957 312/893/893 345/894/894
f 346/958/958 345/894/894 378/895/895
f 379/959/959 378/895/895 411/896/896
f 412/960/960 411/896/896 444/897/897
f 444/897/897 477/898/898 478/962/962
f 477/898/898 510/899/899 511/963/963
f 510/899/899 543/900/900 544/964/964
f 544/964/964 543/900/900 576/901/901
f 577/965/965 576/901/901 609/902/902
f 610/966/966 609/902/902 642/903/903
f 642/903/903 675/904/904 676/968/968
f 675/904/904 708/905/905 709/969/969
f 708/905/905 741/906/906 742/970/970
f 742/970/970 741/906/906 774/907/907
f 775/971/971 774/907/907 807/908/908
f 808/972/972 807/908/908 840/909/909
f 841/973/973 840/909/909 873/910/910
f 874/974/974 873/910/910 906/911/911
f 907/975/975 906/911/911 939/912/912
f 940/976/976 939/912/912 972/913/913
f 972/913/913 1005/914/914 1006/978/978
f 1006/978/978 1005/914/914 1038/915/915
f 1038/915/915 1071/916/916 1072/980/980
f 1072/980/980 1071/916/916 1104/917/917
f 1105/981/981 1104/917/917 1137/918/918
f 1138/982/982 1137/918/918 1170/919/919
f 1170/919/919 1203/920/920 1204/984/984
f 1203/920/920 1236/921/921 1237/985/985
f 1236/921/921 1269/922/922 1270/986/986
f 1270/986/986 1269/922/922 1302/923/923
f 1302/923/923 1335/924/924 1336/988/988
f 1336/988/988 1335/924/924 1368/925/925
f 1369/989/989 1368/925/925 1401/926/926
f 1402/990/990 1401/926/926 1434/927/927
f 1435/991/991 1434/927/927 1467/928/928
f 1467/928/928 1500/929/929 1501/993/993
f 1500/929/929 1533/930/930 1534/994/994
f 1534/994/994 1533/930/930 1566/931/931
f 1566/931/931 1599/932/932 1600/996/996
f 1600/996/996 1599/932/932 1632/933/933
f 1632/933/933 1665/934/934 1666/998/998
f 1665/934/934 1698/935/935 1699/999/999
f 1699/999/999 1698/935/935 1731/936/936
f 1731/936/936 1764/937/937 1765/1001/1001
f 1765/1001/1001 1764/937/937 1797/938/938
f 1798/1002/1002 1797/938/938 1830/939/939
f 1830/939/939 1863/940/940 1864/1004/1004
f 1864/1004/1004 1863/940/940 1896/941/941
f 1897/1005/1005 1896/941/941 1929/942/942
f 1929/942/942 1962/943/943 1963/1007/1007
f 1962/943/943 1995/944/944 1996/1008/1008
f 1995/944/944 2028/945/945 2029/1009/1009
f 2029/1009/1009 2028/945/945 2061/946/946
f 2062/1010/1010 2061/946/946 2094/947/947
f 2094/947/947 15/884/884 16/948/948
f 17/1012/1012 16/948/948 49/949/949
f 50/1013/1013 49/949/949 82/950/950
f 83/1014/1014 82/950/950 115/951/951
f 115/951/951 148/952/952 149/1016/1016
f 148/952/952 181/953/953 182/1017/1017
f 181/953/953 214/954/954 215/1018/1018
f 215/1018/1018 214/954/954 247/955/955
f 247/955/955 280/956/956 281/1020/1020
f 281/1020/1020 280/956/956 313/957/957
f 313/957/957 346/958/958 347/1022/1022
f 346/958/958 379/959/959 380/1023/1023
f 379/959/959 412/960/960 413/1024/1024
f 413/1024/1024 412/960/960 445/961/961
f 446/1025/1025 445/961/961 478/962/962
f 479/1026/1026 478/962/962 511/963/963
f 511/963/963 544/964/964 545/1028/1028
f 545/1028/1028 544/964/964 577/965/965
f 578/1029/1029 577/965/965 610/966/966
f 610/966/966 643/967/967 644/1031/1031
f 644/1031/1031 643/967/967 676/968/968
f 676/968/968 709/969/969 710/1033/1033
f 710/1033/1033 709/969/969 742/970/970
f 743/1034/1034 742/970/970 775/971/971
f 775/971/971 808/972/972 809/1036/1036
f 809/1036/1036 808/972/972 841/973/973
f 842/1037/1037 841/973/973 874/974/974
f 875/1038/1038 874/974/974 907/975/975
f 907/975/975 940/976/976 941/1040/1040
f 941/1040/1040 940/976/976 973/977/977
f 974/1041/1041 973/977/977 1006/978/978
f 1007/1042/1042 1006/978/978 1039/979/979
f 1040/1043/1043 1039/979/979 1072/980/980
f 1072/980/980 1105/981/981 1106/1045/1045
f 1106/1045/1045 1105/981/981 1138/982/982
f 1139/1046/1046 1138/982/982 1171/983/983
f 1172/1047/1047 1171/983/983 1204/984/984
f 1205/1048/1048 1204/984/984 1237/985/985
f 1238/1049/1049 1237/985/985 1270/986/986
f 1271/1050/1050 1270/986/986 1303/987/987
f 1303/987/987 1336/988/988 1337/1052/1052
f 1337/1052/1052 1336/988/988 1369/989/989
f 1369/989/989 1402/990/990 1403/1054/1054
f 1402/990/990 1435/991/991 1436/1055/1055
f 1436/1055/1055 1435/991/991 1468/992/992
f 1468/992/992 1501/993/993 1502/1057/1057
f 1502/1057/1057 1501/993/993 1534/994/994
f 1535/1058/1058 1534/994/994 1567/995/995
f 1567/995/995 1600/996/996 1601/1060/1060
f 1601/1060/1060 1600/996/996 1633/997/997
f 1634/1061/1061 1633/997/997 1666/998/998
f 1667/1062/1062 1666/998/998 1699/999/999
f 1699/999/999 1732/1000/1000 1733/1064/1064
f 1732/1000/1000 1765/1001/1001 1766/1065/1065
f 1765/1001/1001 1798/1002/1002 1799/1066/1066
f 1799/1066/1066 1798/1002/1002 1831/1003/1003
f 1831/1003/1003 1864/1004/1004 1865/1068/1068
f 1864/1004/1004 1897/1005/1005 1898/1069/1069
f 1898/1069/1069 1897/1005/1005 1930/1006/1006
f 1930/1006/1006 1963/1007/1007 1964/1071/1071
f 1963/1007/1007 1996/1008/1008 1997/1072/1072
f 1996/1008/1008 2029/1009/1009 2030/1073/1073
f 2030/1073/1073 2029/1009/1009 2062/1010/1010
f 2063/1074/1074 2062/1010/1010 2095/1011/1011
f 2096/1075/1075 2095/1011/1011 16/948/948
f 18/1076/1076 17/1012/1012 50/1013/1013
f 50/1013/1013 83/1014/1014 84/1078/1078
f 84/1078/1078 83/1014/1014 116/1015/1015
f 116/1015/1015 149/1016/1016 150/1080/1080
f 149/1016/1016 182/1017/1017 183/1081/1081
f 182/1017/1017 215/1018/1018 216/1082/1082
f 216/1082/1082 215/1018/1018 248/1019/1019
f 248/1019/1019 281/1020/1020 282/1084/1084
f 282/1084/1084 281/1020/1020 314/1021/1021
f 315/1085/1085 314/1021/1021 347/1022/1022
f 348/1086/1086 347/1022/1022 380/1023/1023
f 380/1023/1023 413/1024/1024 414/1088/1088
f 413/1024/1024 446/1025/1025 447/1089/1089
f 446/1025/1025 479/1026/1026 480/1090/1090
f 480/1090/1090 479/1026/1026 512/1027/1027
f 513/1091/1091 512/1027/1027 545/1028/1028
f 546/1092/1092 545/1028/1028 578/1029/1029
f 578/1029/1029 611/1030/1030 612/1094/1094
f 612/1094/1094 611/1030/1030 644/1031/1031
f 645/1095/1095 644/1031/1031 677/1032/1032
f 678/1096/1096 677/1032/1032 710/1033/1033
f 711/1097/1097 710/1033/1033 743/1034/1034
f 744/1098/1098 743/1034/1034 776/1035/1035
f 776/1035/1035 809/1036/1036 810/1100/1100
f 810/1100/1100 809/1036/1036 842/1037/1037
f 843/1101/1101 842/1037/1037 875/1038/1038
f 876/1102/1102 875/1038/1038 908/1039/1039
f 909/1103/1103 908/1039/1039 941/1040/1040
f 942/1104/1104 941/1040/1040 974/1041/1041
f 975/1105/1105 974/1041/1041 1007/1042/1042
f 1008/1106/1106 1007/1042/1042 1040/1043/1043
f 1041/1107/1107 1040/1043/1043 1073/1044/1044
f 1074/1108/1108 1073/1044/1044 1106/1045/1045
f 1107/1109/1109 1106/1045/1045 1139/1046/1046
f 1140/1110/1110 1139/1046/1046 1172/1047/1047
f 1172/1047/1047 1205/1048/1048 1206/1112/1112
f 1205/1048/1048 1238/1049/1049 1239/1113/1113
f 1238/1049/1049 1271/1050/1050 1272/1114/1114
f 1272/1114/1114 1271/1050/1050 1304/1051/1051
f 1304/1051/1051 1337/1052/1052 1338/1116/1116
f 1338/1116/1116 1337/1052/1052 1370/1053/1053
f 1371/1117/1117 1370/1053/1053 1403/1054/1054
f 1404/1118/1118 1403/1054/1054 1436/1055/1055
f 1436/1055/1055 1469/1056/1056 1470/1120/1120
f 1470/1120/1120 1469/1056/1056 1502/1057/1057
f 1503/1121/1121 1502/1057/1057 1535/1058/1058
f 1536/1122/1122 1535/1058/1058 1568/1059/1059
f 1569/1123/1123 1568/1059/1059 1601/1060/1060
f 1602/1124/1124 1601/1060/1060 1634/1061/1061
f 1634/1061/1061 1667/1062/1062 1668/1126/1126
f 1668/1126/1126 1667/1062/1062 1700/1063/1063
f 1701/1127/1127 1700/1063/1063 1733/1064/1064
f 1734/1128/1128 1733/1064/1064 1766/1065/1065
f 1767/1129/1129 1766/1065/1065 1799/1066/1066
f 1800/1130/1130 1799/1066/1066 1832/1067/1067
f 1833/1131/1131 1832/1067/1067 1865/1068/1068
f 1866/1132/1132 1865/1068/1068 1898/1069/1069
f 1899/1133/1133 1898/1069/1069 1931/1070/1070
f 1932/1134/1134 1931/1070/1070 1964/1071/1071
f 1965/1135/1135 1964/1071/1071 1997/1072/1072
f 1998/1136/1136 1997/1072/1072 2030/1073/1073
f 2031/1137/1137 2030/1073/1073 2063/1074/1074
f 2064/1138/1138 2063/1074/1074 2096/1075/1075
f 2097/1139/1139 2096/1075/1075 17/1012/1012
f 19/1140/1140 18/1076/1076 51/1077/1077
f 51/1077/1077 84/1078/1078 85/1142/1142
f 85/1142/1142 84/1078/1078 117/1079/1079
f 118/1143/1143 117/1079/1079 150/1080/1080
f 151/1144/1144 150/1080/1080 183/1081/1081
f 184/1145/1145 183/1081/1081 216/1082/1082
f 217/1146/1146 216/1082/1082 249/1083/1083
f 249/1083/1083 282/1084/1084 283/1148/1148
f 282/1084/1084 315/1085/1085 316/1149/1149
f 316/1149/1149 315/1085/1085 348/1086/1086
f 348/1086/1086 381/1087/1087 382/1151/1151
f 381/1087/1087 414/1088/1088 415/1152/1152
f 415/1152/1152 414/1088/1088 447/1089/1089
f 448/1153/1153 447/1089/1089 480/1090/1090
f 481/1154/1154 480/1090/1090 513/1091/1091
f 514/1155/1155 513/1091/1091 546/1092/1092
f 546/1092/1092 579/1093/1093 580/1157/1157
f 579/1093/1093 612/1094/1094 613/1158/1158
f 613/1158/1158 612/1094/1094 645/1095/1095
f 646/1159/1159 645/1095/1095 678/1096/1096
f 679/1160/1160 678/1096/1096 711/1097/1097
f 711/1097/1097 744/1098/1098 745/1162/1162
f 745/1162/1162 744/1098/1098 777/1099/1099
f 778/1163/1163 777/1099/1099 810/1100/1100
f 810/1100/1100 843/1101/1101 844/1165/1165
f 844/1165/1165 843/1101/1101 876/1102/1102
f 876/1102/1102 909/1103/1103 910/1167/1167
f 909/1103/1103 942/1104/1104 943/1168/1168
f 942/1104/1104 975/1105/1105 976/1169/1169
f 975/1105/1105 1008/1106/1106 1009/1170/1170
f 1008/1106/1106 1041/1107/1107 1042/1171/1171
f 1041/1107/1107 1074/1108/1108 1075/1172/1172
f 1075/1172/1172 1074/1108/1108 1107/1109/1109
f 1107/1109/1109 1140/1110/1110 1141/1174/1174
f 1141/1174/1174 1140/1110/1110 1173/1111/1111
f 1174/1175/1175 1173/1111/1111 1206/1112/1112
f 1207/1176/1176 1206/1112/1112 1239/1113/1113
f 1240/1177/1177 1239/1113/1113 1272/1114/1114
f 1273/1178/1178 1272/1114/1114 1305/1115/1115
f 1305/1115/1115 1338/1116/1116 1339/1180/1180
f 1339/1180/1180 1338/1116/1116 1371/1117/1117
f 1372/1181/1181 1371/1117/1117 1404/1118/1118
f 1405/1182/1182 1404/1118/1118 1437/1119/1119
f 1437/1119/1119 1470/1120/1120 1471/1184/1184
f 1471/1184/1184 1470/1120/1120 1503/1121/1121
f 1504/1185/1185 1503/1121/1121 1536/1122/1122
f 1537/1186/1186 1536/1122/1122 1569/1123/1123
f 1570/1187/1187 1569/1123/1123 1602/1124/1124
f 1603/1188/1188 1602/1124/1124 1635/1125/1125
f 1635/1125/1125 1668/1126/1126 1669/1190/1190
f 1668/1126/1126 1701/1127/1127 1702/1191/1191
f 1702/1191/1191 1701/1127/1127 1734/1128/1128
f 1734/1128/1128 1767/1129/1129 1768/1193/1193
f 1768/1193/1193 1767/1129/1129 1800/1130/1130
f 1801/1194/1194 1800/1130/1130 1833/1131/1131
f 1833/1131/1131 1866/1132/1132 1867/1196/1196
f 1867/1196/1196 1866/1132/1132 1899/1133/1133
f 1900/1197/1197 1899/1133/1133 1932/1134/1134
f 1932/1134/1134 1965/1135/1135 1966/1199/1199
f 1966/1199/1199 1965/1135/1135 1998/1136/1136
f 1998/1136/1136 2031/1137/1137 2032/1201/1201
f 2032/1201/1201 2031/1137/1137 2064/1138/1138
f 2065/1202/1202 2064/1138/1138 2097/1139/1139
f 2097/1139/1139 18/1076/1076 19/1140/1140
f 19/1140/1140 52/1141/1141 53/1204/1204
f 52/1141/1141 85/1142/1142 86/1206/1206
f 86/1206/1206 85/1142/1142 118/1143/1143
f 118/1143/1143 151/1144/1144 152/1208/1208
f 151/1144/1144 184/1145/1145 185/1209/1209
f 185/1209/1209 184/1145/1145 217/1146/1146
f 218/1210/1210 217/1146/1146 250/1147/1147
f 251/1211/1211 250/1147/1147 283/1148/1148
f 283/1148/1148 316/1149/1149 317/1213/1213
f 317/1213/1213 316/1149/1149 349/1150/1150
f 349/1150/1150 382/1151/1151 383/1215/1215
f 383/1215/1215 382/1151/1151 415/1152/1152
f 416/1216/1216 415/1152/1152 448/1153/1153
f 448/1153/1153 481/1154/1154 482/1218/1218
f 481/1154/1154 514/1155/1155 515/1219/1219
f 515/1219/1219 514/1155/1155 547/1156/1156
f 547/1156/1156 580/1157/1157 581/1221/1221
f 581/1221/1221 580/1157/1157 613/1158/1158
f 613/1158/1158 646/1159/1159 647/1223/1223
f 647/1223/1223 646/1159/1159 679/1160/1160
f 679/1160/1160 712/1161/1161 713/1225/1225
f 712/1161/1161 745/1162/1162 746/1226/1226
f 745/1162/1162 778/1163/1163 779/1227/1227
f 779/1227/1227 778/1163/1163 811/1164/1164
f 812/1228/1228 811/1164/1164 844/1165/1165
f 845/1229/1229 844/1165/1165 877/1166/1166
f 877/1166/1166 910/1167/1167 911/1231/1231
f 911/1231/1231 910/1167/1167 943/1168/1168
f 944/1232/1232 943/1168/1168 976/1169/1169
f 977/1233/1233 976/1169/1169 1009/1170/1170
f 1009/1170/1170 1042/1171/1171 1043/1235/1235
f 1042/1171/1171 1075/1172/1172 1076/1236/1236
f 1075/1172/1172 1108/1173/1173 1109/1237/1237
f 1109/1237/1237 1108/1173/1173 1141/1174/1174
f 1141/1174/1174 1174/1175/1175 1175/1239/1239
f 1174/1175/1175 1207/1176/1176 1208/1240/1240
f 1207/1176/1176 1240/1177/1177 1241/1241/1241
f 1240/1177/1177 1273/1178/1178 1274/1242/1242
f 1273/1178/1178 1306/1179/1179 1307/1243/1243
f 1306/1179/1179 1339/1180/1180 1340/1244/1244
f 1340/1244/1244 1339/1180/1180 1372/1181/1181
f 1373/1245/1245 1372/1181/1181 1405/1182/1182
f 1406/1246/1246 1405/1182/1182 1438/1183/1183
f 1438/1183/1183 1471/1184/1184 1472/1248/1248
f 1472/1248/1248 1471/1184/1184 1504/1185/1185
f 1504/1185/1185 1537/1186/1186 1538/1250/1250
f 1537/1186/1186 1570/1187/1187 1571/1251/1251
f 1571/1251/1251 1570/1187/1187 1603/1188/1188
f 1603/1188/1188 1636/1189/1189 1637/1253/1253
f 1637/1253/1253 1636/1189/1189 1669/1190/1190
f 1669/1190/1190 1702/1191/1191 1703/1255/1255
f 1703/1255/1255 1702/1191/1191 1735/1192/1192
f 1735/1192/1192 1768/1193/1193 1769/1257/1257
f 1768/1193/1193 1801/1194/1194 1802/1258/1258
f 1802/1258/1258 1801/1194/1194 1834/1195/1195
f 1835/1259/1259 1834/1195/1195 1867/1196/1196
f 1867/1196/1196 1900/1197/1197 1901/1261/1261
f 1901/1261/1261 1900/1197/1197 1933/1198/1198
f 1933/1198/1198 1966/1199/1199 1967/1263/1263
f 1967/1263/1263 1966/1199/1199 1999/1200/1200
f 2000/1264/1264 1999/1200/1200 2032/1201/1201
f 2033/1265/1265 2032/1201/1201 2065/1202/1202
f 2065/1202/1202 2098/1203/1203 2099/1267/1267
f 2098/1203/1203 19/1140/1140 20/1205/1205
f 21/1268/1268 20/1205/1205 53/1204/1204
f 54/1269/1269 53/1204/1204 86/1206/1206
f 87/1270/1270 86/1206/1206 119/1207/1207
f 120/1271/1271 119/1207/1207 152/1208/1208
f 152/1208/1208 185/1209/1209 186/1273/1273
f 186/1273/1273 185/1209/1209 218/1210/1210
f 218/1210/1210 251/1211/1211 252/1275/1275
f 252/1275/1275 251/1211/1211 284/1212/1212
f 284/1212/1212 317/1213/1213 318/1277/1277
f 317/1213/1213 350/1214/1214 351/1278/1278
f 350/1214/1214 383/1215/1215 384/1279/1279
f 384/1279/1279 383/1215/1215 416/1216/1216
f 417/1280/1280 416/1216/1216 449/1217/1217
f 449/1217/1217 482/1218/1218 483/1282/1282
f 482/1218/1218 515/1219/1219 516/1283/1283
f 516/1283/1283 515/1219/1219 548/1220/1220
f 548/1220/1220 581/1221/1221 582/1285/1285
f 582/1285/1285 581/1221/1221 614/1222/1222
f 615/1286/1286 614/1222/1222 647/1223/1223
f 648/1287/1287 647/1223/1223 680/1224/1224
f 680/1224/1224 713/1225/1225 714/1289/1289
f 714/1289/1289 713/1225/1225 746/1226/1226
f 746/1226/1226 779/1227/1227 780/1291/1291
f 779/1227/1227 812/1228/1228 813/1292/1292
f 813/1292/1292 812/1228/1228 845/1229/1229
f 846/1293/1293 845/1229/1229 878/1230/1230
f 878/1230/1230 911/1231/1231 912/1295/1295
f 912/1295/1295 911/1231/1231 944/1232/1232
f 945/1296/1296 944/1232/1232 977/1233/1233
f 977/1233/1233 1010/1234/1234 1011/1298/1298
f 1010/1234/1234 1043/1235/1235 1044/1299/1299
f 1043/1235/1235 1076/1236/1236 1077/1300/1300
f 1076/1236/1236 1109/1237/1237 1110/1301/1301
f 1110/1301/1301 1109/1237/1237 1142/1238/1238
f 1142/1238/1238 1175/1239/1239 1176/1303/1303
f 1176/1303/1303 1175/1239/1239 1208/1240/1240
f 1208/1240/1240 1241/1241/1241 1242/1305/1305
f 1242/1305/1305 1241/1241/1241 1274/1242/1242
f 1275/1306/1306 1274/1242/1242 1307/1243/1243
f 1307/1243/1243 1340/1244/1244 1341/1308/1308
f 1340/1244/1244 1373/1245/1245 1374/1309/1309
f 1374/1309/1309 1373/1245/1245 1406/1246/1246
f 1407/1310/1310 1406/1246/1246 1439/1247/1247
f 1440/1311/1311 1439/1247/1247 1472/1248/1248
f 1473/1312/1312 1472/1248/1248 1505/1249/1249
f 1505/1249/1249 1538/1250/1250 1539/1314/1314
f 1538/1250/1250 1571/1251/1251 1572/1315/1315
f 1572/1315/1315 1571/1251/1251 1604/1252/1252
f 1604/1252/1252 1637/1253/1253 1638/1317/1317
f 1638/1317/1317 1637/1253/1253 1670/1254/1254
f 1671/1318/1318 1670/1254/1254 1703/1255/1255
f 1704/1319/1319 1703/1255/1255 1736/1256/1256
f 1736/1256/1256 1769/1257/1257 1770/1321/1321
f 1769/1257/1257 1802/1258/1258 1803/1322/1322
f 1803/1322/1322 1802/1258/1258 1835/1259/1259
f 1836/1323/1323 1835/1259/1259 1868/1260/1260
f 1869/1324/1324 1868/1260/1260 1901/1261/1261
f 1902/1325/1325 1901/1261/1261 1934/1262/1262
f 1934/1262/1262 1967/1263/1263 1968/1327/1327
f 1967/1263/1263 2000/1264/1264 2001/1328/1328
f 2001/1328/1328 2000/1264/1264 2033/1265/1265
f 2034/1329/1329 2033/1265/1265 2066/1266/1266
f 2066/1266/1266 2099/1267/1267 2100/1331/1331
f 2099/1267/1267 20/1205/1205 21/1268/1268
f 21/1268/1268 54/1269/1269 55/1332/1332
f 54/1269/1269 87/1270/1270 88/1334/1334
f 88/1334/1334 87/1270/1270 120/1271/1271
f 120/1271/1271 153/1272/1272 154/1336/1336
f 153/1272/1272 186/1273/1273 187/1337/1337
f 187/1337/1337 186/1273/1273 219/1274/1274
f 219/1274/1274 252/1275/1275 253/1339/1339
f 252/1275/1275 285/1276/1276 286/1340/1340
f 285/1276/1276 318/1277/1277 319/1341/1341
f 318/1277/1277 351/1278/1278 352/1342/1342
f 352/1342/1342 351/1278/1278 384/1279/1279
f 385/1343/1343 384/1279/1279 417/1280/1280
f 418/1344/1344 417/1280/1280 450/1281/1281
f 451/1345/1345 450/1281/1281 483/1282/1282
f 484/1346/1346 483/1282/1282 516/1283/1283
f 517/1347/1347 516/1283/1283 549/1284/1284
f 549/1284/1284 582/1285/1285 583/1349/1349
f 582/1285/1285 615/1286/1286 616/1350/1350
f 615/1286/1286 648/1287/1287 649/1351/1351
f 649/1351/1351 648/1287/1287 681/1288/1288
f 681/1288/1288 714/1289/1289 715/1353/1353
f 714/1289/1289 747/1290/1290 748/1354/1354
f 748/1354/1354 747/1290/1290 780/1291/1291
f 780/1291/1291 813/1292/1292 814/1356/1356
f 814/1356/1356 813/1292/1292 846/1293/1293
f 846/1293/1293 879/1294/1294 880/1358/1358
f 880/1358/1358 879/1294/1294 912/1295/1295
f 913/1359/1359 912/1295/1295 945/1296/1296
f 946/1360/1360 945/1296/1296 978/1297/1297
f 978/1297/1297 1011/1298/1298 1012/1362/1362
f 1011/1298/1298 1044/1299/1299 1045/1363/1363
f 1045/1363/1363 1044/1299/1299 1077/1300/1300
f 1077/1300/1300 1110/1301/1301 1111/1365/1365
f 1111/1365/1365 1110/1301/1301 1143/1302/1302
f 1144/1366/1366 1143/1302/1302 1176/1303/1303
f 1177/1367/1367 1176/1303/1303 1209/1304/1304
f 1209/1304/1304 1242/1305/1305 1243/1369/1369
f 1242/1305/1305 1275/1306/1306 1276/1370/1370
f 1276/1370/1370 1275/1306/1306 1308/1307/1307
f 1309/1371/1371 1308/1307/1307 1341/1308/1308
f 1342/1372/1372 1341/1308/1308 1374/1309/1309
f 1375/1373/1373 1374/1309/1309 1407/1310/1310
f 1407/1310/1310 1440/1311/1311 1441/1375/1375
f 1441/1375/1375 1440/1311/1311 1473/1312/1312
f 1474/1376/1376 1473/1312/1312 1506/1313/1313
f 1507/1377/1377 1506/1313/1313 1539/1314/1314
f 1539/1314/1314 1572/1315/1315 1573/1379/1379
f 1573/1379/1379 1572/1315/1315 1605/1316/1316
f 1605/1316/1316 1638/1317/1317 1639/1381/1381
f 1638/1317/1317 1671/1318/1318 1672/1382/1382
f 1671/1318/1318 1704/1319/1319 1705/1383/1383
f 1705/1383/1383 1704/1319/1319 1737/1320/1320
f 1737/1320/1320 1770/1321/1321 1771/1385/1385
f 1770/1321/1321 1803/1322/1322 1804/1386/1386
f 1804/1386/1386 1803/1322/1322 1836/1323/1323
f 1837/1387/1387 1836/1323/1323 1869/1324/1324
f 1870/1388/1388 1869/1324/1324 1902/1325/1325
f 1902/1325/1325 1935/1326/1326 1936/1390/1390
f 1935/1326/1326 1968/1327/1327 1969/1391/1391
f 1969/1391/1391 1968/1327/1327 2001/1328/1328
f 2002/1392/1392 2001/1328/1328 2034/1329/1329
f 2035/1393/1393 2034/1329/1329 2067/1330/1330
f 2067/1330/1330 2100/1331/1331 2101/1395/1395
f 2100/1331/1331 21/1268/1268 22/1333/1333
f 22/1333/1333 55/1332/1332 56/1396/1396
f 55/1332/1332 88/1334/1334 89/1398/1398
f 89/1398/1398 88/1334/1334 121/1335/1335
f 122/1399/1399 121/1335/1335 154/1336/1336
f 155/1400/1400 154/1336/1336 187/1337/1337
f 188/1401/1401 187/1337/1337 220/1338/1338
f 220/1338/1338 253/1339/1339 254/1403/1403
f 253/1339/1339 286/1340/1340 287/1404/1404
f 287/1404/1404 286/1340/1340 319/1341/1341
f 320/1405/1405 319/1341/1341 352/1342/1342
f 353/1406/1406 352/1342/1342 385/1343/1343
f 385/1343/1343 418/1344/1344 419/1408/1408
f 419/1408/1408 418/1344/1344 451/1345/1345
f 451/1345/1345 484/1346/1346 485/1410/1410
f 485/1410/1410 484/1346/1346 517/1347/1347
f 518/1411/1411 517/1347/1347 550/1348/1348
f 550/1348/1348 583/1349/1349 584/1413/1413
f 583/1349/1349 616/1350/1350 617/1414/1414
f 616/1350/1350 649/1351/1351 650/1415/1415
f 650/1415/1415 649/1351/1351 682/1352/1352
f 682/1352/1352 715/1353/1353 716/1417/1417
f 716/1417/1417 715/1353/1353 748/1354/1354
f 749/1418/1418 748/1354/1354 781/1355/1355
f 781/1355/1355 814/1356/1356 815/1420/1420
f 815/1420/1420 814/1356/1356 847/1357/1357
f 847/1357/1357 880/1358/1358 881/1422/1422
f 881/1422/1422 880/1358/1358 913/1359/1359
f 913/1359/1359 946/1360/1360 947/1424/1424
f 947/1424/1424 946/1360/1360 979/1361/1361
f 980/1425/1425 979/1361/1361 1012/1362/1362
f 1013/1426/1426 1012/1362/1362 1045/1363/1363
f 1046/1427/1427 1045/1363/1363 1078/1364/1364
f 1078/1364/1364 1111/1365/1365 1112/1429/1429
f 1111/1365/1365 1144/1366/1366 1145/1430/1430
f 1145/1430/1430 1144/1366/1366 1177/1367/1367
f 1178/1431/1431 1177/1367/1367 1210/1368/1368
f 1211/1432/1432 1210/1368/1368 1243/1369/1369
f 1243/1369/1369 1276/1370/1370 1277/1434/1434
f 1276/1370/1370 1309/1371/1371 1310/1435/1435
f 1309/1371/1371 1342/1372/1372 1343/1436/1436
f 1343/1436/1436 1342/1372/1372 1375/1373/1373
f 1375/1373/1373 1408/1374/1374 1409/1438/1438
f 1408/1374/1374 1441/1375/1375 1442/1439/1439
f 1442/1439/1439 1441/1375/1375 1474/1376/1376
f 1475/1440/1440 1474/1376/1376 1507/1377/1377
f 1508/1441/1441 1507/1377/1377 1540/1378/1378
f 1540/1378/1378 1573/1379/1379 1574/1443/1443
f 1574/1443/1443 1573/1379/1379 1606/1380/1380
f 1606/1380/1380 1639/1381/1381 1640/1445/1445
f 1640/1445/1445 1639/1381/1381 1672/1382/1382
f 1672/1382/1382 1705/1383/1383 1706/1447/1447
f 1706/1447/1447 1705/1383/1383 1738/1384/1384
f 1739/1448/1448 1738/1384/1384 1771/1385/1385
f 1771/1385/1385 1804/1386/1386 1805/1450/1450
f 1805/1450/1450 1804/1386/1386 1837/1387/1387
f 1837/1387/1387 1870/1388/1388 1871/1452/1452
f 1870/1388/1388 1903/1389/1389 1904/1453/1453
f 1904/1453/1453 1903/1389/1389 1936/1390/1390
f 1937/1454/1454 1936/1390/1390 1969/1391/1391
f 1970/1455/1455 1969/1391/1391 2002/1392/1392
f 2003/1456/1456 2002/1392/1392 2035/1393/1393
f 2036/1457/1457 2035/1393/1393 2068/1394/1394
f 2068/1394/1394 2101/1395/1395 2102/1459/1459
f 2101/1395/1395 22/1333/1333 23/1397/1397
f 23/1397/1397 56/1396/1396 57/1460/1460
f 57/1460/1460 56/1396/1396 89/1398/1398
f 90/1462/1462 89/1398/1398 122/1399/1399
f 122/1399/1399 155/1400/1400 156/1464/1464
f 156/1464/1464 155/1400/1400 188/1401/1401
f 189/1465/1465 188/1401/1401 221/1402/1402
f 222/1466/1466 221/1402/1402 254/1403/1403
f 255/1467/1467 254/1403/1403 287/1404/1404
f 288/1468/1468 287/1404/1404 320/1405/1405
f 321/1469/1469 320/1405/1405 353/1406/1406
f 353/1406/1406 386/1407/1407 387/1471/1471
f 387/1471/1471 386/1407/1407 419/1408/1408
f 420/1472/1472 419/1408/1408 452/1409/1409
f 453/1473/1473 452/1409/1409 485/1410/1410
f 485/1410/1410 518/1411/1411 519/1475/1475
f 519/1475/1475 518/1411/1411 551/1412/1412
f 551/1412/1412 584/1413/1413 585/1477/1477
f 584/1413/1413 617/1414/1414 618/1478/1478
f 618/1478/1478 617/1414/1414 650/1415/1415
f 651/1479/1479 650/1415/1415 683/1416/1416
f 684/1480/1480 683/1416/1416 716/1417/1417
f 717/1481/1481 716/1417/1417 749/1418/1418
f 749/1418/1418 782/1419/1419 783/1483/1483
f 782/1419/1419 815/1420/1420 816/1484/1484
f 815/1420/1420 848/1421/1421 849/1485/1485
f 848/1421/1421 881/1422/1422 882/1486/1486
f 881/1422/1422 914/1423/1423 915/1487/1487
f 914/1423/1423 947/1424/1424 948/1488/1488
f 948/1488/1488 947/1424/1424 980/1425/1425
f 981/1489/1489 980/1425/1425 1013/1426/1426
f 1013/1426/1426 1046/1427/1427 1047/1491/1491
f 1047/1491/1491 1046/1427/1427 1079/1428/1428
f 1080/1492/1492 1079/1428/1428 1112/1429/1429
f 1112/1429/1429 1145/1430/1430 1146/1494/1494
f 1146/1494/1494 1145/1430/1430 1178/1431/1431
f 1179/1495/1495 1178/1431/1431 1211/1432/1432
f 1212/1496/1496 1211/1432/1432 1244/1433/1433
f 1244/1433/1433 1277/1434/1434 1278/1498/1498
f 1278/1498/1498 1277/1434/1434 1310/1435/1435
f 1310/1435/1435 1343/1436/1436 1344/1500/1500
f 1343/1436/1436 1376/1437/1437 1377/1501/1501
f 1376/1437/1437 1409/1438/1438 1410/1502/1502
f 1409/1438/1438 1442/1439/1439 1443/1503/1503
f 1442/1439/1439 1475/1440/1440 1476/1504/1504
f 1475/1440/1440 1508/1441/1441 1509/1505/1505
f 1508/1441/1441 1541/1442/1442 1542/1506/1506
f 1541/1442/1442 1574/1443/1443 1575/1507/1507
f 1575/1507/1507 1574/1443/1443 1607/1444/1444
f 1607/1444/1444 1640/1445/1445 1641/1509/1509
f 1640/1445/1445 1673/1446/1446 1674/1510/1510
f 1673/1446/1446 1706/1447/1447 1707/1511/1511
f 1707/1511/1511 1706/1447/1447 1739/1448/1448
f 1739/1448/1448 1772/1449/1449 1773/1513/1513
f 1773/1513/1513 1772/1449/1449 1805/1450/1450
f 1806/1514/1514 1805/1450/1450 1838/1451/1451
f 1838/1451/1451 1871/1452/1452 1872/1516/1516
f 1872/1516/1516 1871/1452/1452 1904/1453/1453
f 1905/1517/1517 1904/1453/1453 1937/1454/1454
f 1937/1454/1454 1970/1455/1455 1971/1519/1519
f 1971/1519/1519 1970/1455/1455 2003/1456/1456
f 2003/1456/1456 2036/1457/1457 2037/1521/1521
f 2037/1521/1521 2036/1457/1457 2069/1458/1458
f 2070/1522/1522 2069/1458/1458 2102/1459/1459
f 2102/1459/1459 23/1397/1397 24/1461/1461
f 24/1461/1461 57/1460/1460 58/1524/1524
f 57/1460/1460 90/1462/1462 91/1526/1526
f 91/1526/1526 90/1462/1462 123/1463/1463
f 124/1527/1527 123/1463/1463 156/1464/1464
f 156/1464/1464 189/1465/1465 190/1529/1529
f 189/1465/1465 222/1466/1466 223/1530/1530
f 223/1530/1530 222/1466/1466 255/1467/1467
f 255/1467/1467 288/1468/1468 289/1532/1532
f 288/1468/1468 321/1469/1469 322/1533/1533
f 321/1469/1469 354/1470/1470 355/1534/1534
f 354/1470/1470 387/1471/1471 388/1535/1535
f 387/1471/1471 420/1472/1472 421/1536/1536
f 421/1536/1536 420/1472/1472 453/1473/1473
f 454/1537/1537 453/1473/1473 486/1474/1474
f 486/1474/1474 519/1475/1475 520/1539/1539
f 520/1539/1539 519/1475/1475 552/1476/1476
f 552/1476/1476 585/1477/1477 586/1541/1541
f 585/1477/1477 618/1478/1478 619/1542/1542
f 619/1542/1542 618/1478/1478 651/1479/1479
f 652/1543/1543 651/1479/1479 684/1480/1480
f 685/1544/1544 684/1480/1480 717/1481/1481
f 717/1481/1481 750/1482/1482 751/1546/1546
f 751/1546/1546 750/1482/1482 783/1483/1483
f 783/1483/1483 816/1484/1484 817/1548/1548
f 817/1548/1548 816/1484/1484 849/1485/1485
f 850/1549/1549 849/1485/1485 882/1486/1486
f 883/1550/1550 882/1486/1486 915/1487/1487
f 916/1551/1551 915/1487/1487 948/1488/1488
f 949/1552/1552 948/1488/1488 981/1489/1489
f 981/1489/1489 1014/1490/1490 1015/1554/1554
f 1014/1490/1490 1047/1491/1491 1048/1555/1555
f 1048/1555/1555 1047/1491/1491 1080/1492/1492
f 1080/1492/1492 1113/1493/1493 1114/1557/1557
f 1114/1557/1557 1113/1493/1493 1146/1494/1494
f 1146/1494/1494 1179/1495/1495 1180/1559/1559
f 1179/1495/1495 1212/1496/1496 1213/1560/1560
f 1213/1560/1560 1212/1496/1496 1245/1497/1497
f 1246/1561/1561 1245/1497/1497 1278/1498/1498
f 1279/1562/1562 1278/1498/1498 1311/1499/1499
f 1311/1499/1499 1344/1500/1500 1345/1564/1564
f 1344/1500/1500 1377/1501/1501 1378/1565/1565
f 1378/1565/1565 1377/1501/1501 1410/1502/1502
f 1410/1502/1502 1443/1503/1503 1444/1567/1567
f 1444/1567/1567 1443/1503/1503 1476/1504/1504
f 1476/1504/1504 1509/1505/1505 1510/1569/1569
f 1509/1505/1505 1542/1506/1506 1543/1570/1570
f 1542/1506/1506 1575/1507/1507 1576/1571/1571
f 1576/1571/1571 1575/1507/1507 1608/1508/1508
f 1608/1508/1508 1641/1509/1509 1642/1573/1573
f 1642/1573/1573 1641/1509/1509 1674/1510/1510
f 1674/1510/1510 1707/1511/1511 1708/1575/1575
f 1708/1575/1575 1707/1511/1511 1740/1512/1512
f 1741/1576/1576 1740/1512/1512 1773/1513/1513
f 1774/1577/1577 1773/1513/1513 1806/1514/1514
f 1807/1578/1578 1806/1514/1514 1839/1515/1515
f 1839/1515/1515 1872/1516/1516 1873/1580/1580
f 1873/1580/1580 1872/1516/1516 1905/1517/1517
f 1906/1581/1581 1905/1517/1517 1938/1518/1518
f 1938/1518/1518 1971/1519/1519 1972/1583/1583
f 1972/1583/1583 1971/1519/1519 2004/1520/1520
f 2005/1584/1584 2004/1520/1520 2037/1521/1521
f 2038/1585/1585 2037/1521/1521 2070/1522/1522
f 2071/1586/1586 2070/1522/1522 2103/1523/1523
f 2103/1523/1523 24/1461/1461 25/1525/1525
f 26/1588/1588 25/1525/1525 58/1524/1524
f 58/1524/1524 91/1526/1526 92/1590/1590
f 91/1526/1526 124/1527/1527 125/1591/1591
f 125/1591/1591 124/1527/1527 157/1528/1528
f 157/1528/1528 190/1529/1529 191/1593/1593
f 190/1529/1529 223/1530/1530 224/1594/1594
f 224/1594/1594 223/1530/1530 256/1531/1531
f 256/1531/1531 289/1532/1532 290/1596/1596
f 290/1596/1596 289/1532/1532 322/1533/1533
f 323/1597/1597 322/1533/1533 355/1534/1534
f 355/1534/1534 388/1535/1535 389/1599/1599
f 388/1535/1535 421/1536/1536 422/1600/1600
f 421/1536/1536 454/1537/1537 455/1601/1601
f 455/1601/1601 454/1537/1537 487/1538/1538
f 487/1538/1538 520/1539/1539 521/1603/1603
f 521/1603/1603 520/1539/1539 553/1540/1540
f 554/1604/1604 553/1540/1540 586/1541/1541
f 587/1605/1605 586/1541/1541 619/1542/1542
f 620/1606/1606 619/1542/1542 652/1543/1543
f 653/1607/1607 652/1543/1543 685/1544/1544
f 686/1608/1608 685/1544/1544 718/1545/1545
f 718/1545/1545 751/1546/1546 752/1610/1610
f 752/1610/1610 751/1546/1546 784/1547/1547
f 784/1547/1547 817/1548/1548 818/1612/1612
f 818/1612/1612 817/1548/1548 850/1549/1549
f 850/1549/1549 883/1550/1550 884/1614/1614
f 884/1614/1614 883/1550/1550 916/1551/1551
f 916/1551/1551 949/1552/1552 950/1616/1616
f 950/1616/1616 949/1552/1552 982/1553/1553
f 983/1617/1617 982/1553/1553 1015/1554/1554
f 1015/1554/1554 1048/1555/1555 1049/1619/1619
f 1049/1619/1619 1048/1555/1555 1081/1556/1556
f 1081/1556/1556 1114/1557/1557 1115/1621/1621
f 1115/1621/1621 1114/1557/1557 1147/1558/1558
f 1148/1622/1622 1147/1558/1558 1180/1559/1559
f 1181/1623/1623 1180/1559/1559 1213/1560/1560
f 1214/1624/1624 1213/1560/1560 1246/1561/1561
f 1247/1625/1625 1246/1561/1561 1279/1562/1562
f 1279/1562/1562 1312/1563/1563 1313/1627/1627
f 1312/1563/1563 1345/1564/1564 1346/1628/1628
f 1346/1628/1628 1345/1564/1564 1378/1565/1565
f 1379/1629/1629 1378/1565/1565 1411/1566/1566
f 1411/1566/1566 1444/1567/1567 1445/1631/1631
f 1445/1631/1631 1444/1567/1567 1477/1568/1568
f 1478/1632/1632 1477/1568/1568 1510/1569/1569
f 1511/1633/1633 1510/1569/1569 1543/1570/1570
f 1543/1570/1570 1576/1571/1571 1577/1635/1635
f 1577/1635/1635 1576/1571/1571 1609/1572/1572
f 1610/1636/1636 1609/1572/1572 1642/1573/1573
f 1643/1637/1637 1642/1573/1573 1675/1574/1574
f 1675/1574/1574 1708/1575/1575 1709/1639/1639
f 1709/1639/1639 1708/1575/1575 1741/1576/1576
f 1741/1576/1576 1774/1577/1577 1775/1641/1641
f 1774/1577/1577 1807/1578/1578 1808/1642/1642
f 1808/1642/1642 1807/1578/1578 1840/1579/1579
f 1840/1579/1579 1873/1580/1580 1874/1644/1644
f 1874/1644/1644 1873/1580/1580 1906/1581/1581
f 1906/1581/1581 1939/1582/1582 1940/1646/1646
f 1939/1582/1582 1972/1583/1583 1973/1647/1647
f 1973/1647/1647 1972/1583/1583 2005/1584/1584
f 2006/1648/1648 2005/1584/1584 2038/1585/1585
f 2039/1649/1649 2038/1585/1585 2071/1586/1586
f 2071/1586/1586 2104/1587/1587 2105/1651/1651
f 2104/1587/1587 25/1525/1525 26/1588/1588
f 27/1652/1652 26/1588/1588 59/1589/1589
f 59/1589/1589 92/1590/1590 93/1654/1654
f 93/1654/1654 92/1590/1590 125/1591/1591
f 126/1655/1655 125/1591/1591 158/1592/1592
f 158/1592/1592 191/1593/1593 192/1657/1657
f 191/1593/1593 224/1594/1594 225/1658/1658
f 225/1658/1658 224/1594/1594 257/1595/1595
f 258/1659/1659 257/1595/1595 290/1596/1596
f 291/1660/1660 290/1596/1596 323/1597/1597
f 324/1661/1661 323/1597/1597 356/1598/1598
f 357/1662/1662 356/1598/1598 389/1599/1599
f 390/1663/1663 389/1599/1599 422/1600/1600
f 423/1664/1664 422/1600/1600 455/1601/1601
f 456/1665/1665 455/1601/1601 488/1602/1602
f 488/1602/1602 521/1603/1603 522/1667/1667
f 522/1667/1667 521/1603/1603 554/1604/1604
f 554/1604/1604 587/1605/1605 588/1669/1669
f 587/1605/1605 620/1606/1606 621/1670/1670
f 621/1670/1670 620/1606/1606 653/1607/1607
f 654/1671/1671 653/1607/1607 686/1608/1608
f 686/1608/1608 719/1609/1609 720/1673/1673
f 719/1609/1609 752/1610/1610 753/1674/1674
f 753/1674/1674 752/1610/1610 785/1611/1611
f 785/1611/1611 818/1612/1612 819/1676/1676
f 819/1676/1676 818/1612/1612 851/1613/1613
f 851/1613/1613 884/1614/1614 885/1678/1678
f 885/1678/1678 884/1614/1614 917/1615/1615
f 917/1615/1615 950/1616/1616 951/1680/1680
f 951/1680/1680 950/1616/1616 983/1617/1617
f 983/1617/1617 1016/1618/1618 1017/1682/1682
f 1016/1618/1618 1049/1619/1619 1050/1683/1683
f 1049/1619/1619 1082/1620/1620 1083/1684/1684
f 1083/1684/1684 1082/1620/1620 1115/1621/1621
f 1115/1621/1621 1148/1622/1622 1149/1686/1686
f 1148/1622/1622 1181/1623/1623 1182/1687/1687
f 1182/1687/1687 1181/1623/1623 1214/1624/1624
f 1215/1688/1688 1214/1624/1624 1247/1625/1625
f 1247/1625/1625 1280/1626/1626 1281/1690/1690
f 1281/1690/1690 1280/1626/1626 1313/1627/1627
f 1314/1691/1691 1313/1627/1627 1346/1628/1628
f 1347/1692/1692 1346/1628/1628 1379/1629/1629
f 1380/1693/1693 1379/1629/1629 1412/1630/1630
f 1413/1694/1694 1412/1630/1630 1445/1631/1631
f 1446/1695/1695 1445/1631/1631 1478/1632/1632
f 1479/1696/1696 1478/1632/1632 1511/1633/1633
f 1512/1697/1697 1511/1633/1633 1544/1634/1634
f 1545/1698/1698 1544/1634/1634 1577/1635/1635
f 1577/1635/1635 1610/1636/1636 1611/1700/1700
f 1610/1636/1636 1643/1637/1637 1644/1701/1701
f 1643/1637/1637 1676/1638/1638 1677/1702/1702
f 1676/1638/1638 1709/1639/1639 1710/1703/1703
f 1709/1639/1639 1742/1640/1640 1743/1704/1704
f 1742/1640/1640 1775/1641/1641 1776/1705/1705
f 1775/1641/1641 1808/1642/1642 1809/1706/1706
f 1809/1706/1706 1808/1642/1642 1841/1643/1643
f 1841/1643/1643 1874/1644/1644 1875/1708/1708
f 1874/1644/1644 1907/1645/1645 1908/1709/1709
f 1908/1709/1709 1907/1645/1645 1940/1646/1646
f 1940/1646/1646 1973/1647/1647 1974/1711/1711
f 1974/1711/1711 1973/1647/1647 2006/1648/1648
f 2006/1648/1648 2039/1649/1649 2040/1713/1713
f 2040/1713/1713 2039/1649/1649 2072/1650/1650
f 2072/1650/1650 2105/1651/1651 2106/1715/1715
f 2105/1651/1651 26/1588/1588 27/1652/1652
f 27/1652/1652 60/1653/1653 61/1716/1716
f 60/1653/1653 93/1654/1654 94/1718/1718
f 94/1718/1718 93/1654/1654 126/1655/1655
f 126/1655/1655 159/1656/1656 160/1720/1720
f 159/1656/1656 192/1657/1657 193/1721/1721
f 193/1721/1721 192/1657/1657 225/1658/1658
f 226/1722/1722 225/1658/1658 258/1659/1659
f 258/1659/1659 291/1660/1660 292/1724/1724
f 292/1724/1724 291/1660/1660 324/1661/1661
f 325/1725/1725 324/1661/1661 357/1662/1662
f 357/1662/1662 390/1663/1663 391/1727/1727
f 391/1727/1727 390/1663/1663 423/1664/1664
f 424/1728/1728 423/1664/1664 456/1665/1665
f 457/1729/1729 456/1665/1665 489/1666/1666
f 489/1666/1666 522/1667/1667 523/1731/1731
f 522/1667/1667 555/1668/1668 556/1732/1732
f 556/1732/1732 555/1668/1668 588/1669/1669
f 588/1669/1669 621/1670/1670 622/1734/1734
f 621/1670/1670 654/1671/1671 655/1735/1735
f 655/1735/1735 654/1671/1671 687/1672/1672
f 688/1736/1736 687/1672/1672 720/1673/1673
f 721/1737/1737 720/1673/1673 753/1674/1674
f 754/1738/1738 753/1674/1674 786/1675/1675
f 787/1739/1739 786/1675/1675 819/1676/1676
f 820/1740/1740 819/1676/1676 852/1677/1677
f 852/1677/1677 885/1678/1678 886/1742/1742
f 886/1742/1742 885/1678/1678 918/1679/1679
f 918/1679/1679 951/1680/1680 952/1744/1744
f 952/1744/1744 951/1680/1680 984/1681/1681
f 984/1681/1681 1017/1682/1682 1018/1746/1746
f 1017/1682/1682 1050/1683/1683 1051/1747/1747
f 1050/1683/1683 1083/1684/1684 1084/1748/1748
f 1084/1748/1748 1083/1684/1684 1116/1685/1685
f 1117/1749/1749 1116/1685/1685 1149/1686/1686
f 1150/1750/1750 1149/1686/1686 1182/1687/1687
f 1182/1687/1687 1215/1688/1688 1216/1752/1752
f 1216/1752/1752 1215/1688/1688 1248/1689/1689
f 1249/1753/1753 1248/1689/1689 1281/1690/1690
f 1282/1754/1754 1281/1690/1690 1314/1691/1691
f 1314/1691/1691 1347/1692/1692 1348/1756/1756
f 1347/1692/1692 1380/1693/1693 1381/1757/1757
f 1380/1693/1693 1413/1694/1694 1414/1758/1758
f 1413/1694/1694 1446/1695/1695 1447/1759/1759
f 1447/1759/1759 1446/1695/1695 1479/1696/1696
f 1480/1760/1760 1479/1696/1696 1512/1697/1697
f 1513/1761/1761 1512/1697/1697 1545/1698/1698
f 1546/1762/1762 1545/1698/1698 1578/1699/1699
f 1578/1699/1699 1611/1700/1700 1612/1764/1764
f 1612/1764/1764 1611/1700/1700 1644/1701/1701
f 1644/1701/1701 1677/1702/1702 1678/1766/1766
f 1678/1766/1766 1677/1702/1702 1710/1703/1703
f 1711/1767/1767 1710/1703/1703 1743/1704/1704
f 1744/1768/1768 1743/1704/1704 1776/1705/1705
f 1776/1705/1705 1809/1706/1706 1810/1770/1770
f 1809/1706/1706 1842/1707/1707 1843/1771/1771
f 1842/1707/1707 1875/1708/1708 1876/1772/1772
f 1876/1772/1772 1875/1708/1708 1908/1709/1709
f 1908/1709/1709 1941/1710/1710 1942/1774/1774
f 1941/1710/1710 1974/1711/1711 1975/1775/1775
f 1975/1775/1775 1974/1711/1711 2007/1712/1712
f 2008/1776/1776 2007/1712/1712 2040/1713/1713
f 2041/1777/1777 2040/1713/1713 2073/1714/1714
f 2073/1714/1714 2106/1715/1715 2107/1779/1779
f 2106/1715/1715 27/1652/1652 28/1717/1717
f 28/1717/1717 61/1716/1716 62/1780/1780
f 61/1716/1716 94/1718/1718 95/1782/1782
f 95/1782/1782 94/1718/1718 127/1719/1719
f 127/1719/1719 160/1720/1720 161/1784/1784
f 160/1720/1720 193/1721/1721 194/1785/1785
f 193/1721/1721 226/1722/1722 227/1786/1786
f 227/1786/1786 226/1722/1722 259/1723/1723
f 259/1723/1723 292/1724/1724 293/1788/1788
f 293/1788/1788 292/1724/1724 325/1725/1725
f 326/1789/1789 325/1725/1725 358/1726/1726
f 359/1790/1790 358/1726/1726 391/1727/1727
f 391/1727/1727 424/1728/1728 425/1792/1792
f 425/1792/1792 424/1728/1728 457/1729/1729
f 457/1729/1729 490/1730/1730 491/1794/1794
f 490/1730/1730 523/1731/1731 524/1795/1795
f 523/1731/1731 556/1732/1732 557/1796/1796
f 557/1796/1796 556/1732/1732 589/1733/1733
f 589/1733/1733 622/1734/1734 623/1798/1798
f 623/1798/1798 622/1734/1734 655/1735/1735
f 656/1799/1799 655/1735/1735 688/1736/1736
f 688/1736/1736 721/1737/1737 722/1801/1801
f 721/1737/1737 754/1738/1738 755/1802/1802
f 754/1738/1738 787/1739/1739 788/1803/1803
f 787/1739/1739 820/1740/1740 821/1804/1804
f 821/1804/1804 820/1740/1740 853/1741/1741
f 853/1741/1741 886/1742/1742 887/1806/1806
f 887/1806/1806 886/1742/1742 919/1743/1743
f 920/1807/1807 919/1743/1743 952/1744/1744
f 953/1808/1808 952/1744/1744 985/1745/1745
f 985/1745/1745 1018/1746/1746 1019/1810/1810
f 1018/1746/1746 1051/1747/1747 1052/1811/1811
f 1052/1811/1811 1051/1747/1747 1084/1748/1748
f 1084/1748/1748 1117/1749/1749 1118/1813/1813
f 1118/1813/1813 1117/1749/1749 1150/1750/1750
f 1151/1814/1814 1150/1750/1750 1183/1751/1751
f 1183/1751/1751 1216/1752/1752 1217/1816/1816
f 1216/1752/1752 1249/1753/1753 1250/1817/1817
f 1249/1753/1753 1282/1754/1754 1283/1818/1818
f 1282/1754/1754 1315/1755/1755 1316/1819/1819
f 1315/1755/1755 1348/1756/1756 1349/1820/1820
f 1349/1820/1820 1348/1756/1756 1381/1757/1757
f 1382/1821/1821 1381/1757/1757 1414/1758/1758
f 1414/1758/1758 1447/1759/1759 1448/1823/1823
f 1447/1759/1759 1480/1760/1760 1481/1824/1824
f 1480/1760/1760 1513/1761/1761 1514/1825/1825
f 1513/1761/1761 1546/1762/1762 1547/1826/1826
f 1547/1826/1826 1546/1762/1762 1579/1763/1763
f 1580/1827/1827 1579/1763/1763 1612/1764/1764
f 1613/1828/1828 1612/1764/1764 1645/1765/1765
f 1645/1765/1765 1678/1766/1766 1679/1830/1830
f 1679/1830/1830 1678/1766/1766 1711/1767/1767
f 1712/1831/1831 1711/1767/1767 1744/1768/1768
f 1744/1768/1768 1777/1769/1769 1778/1833/1833
f 1777/1769/1769 1810/1770/1770 1811/1834/1834
f 1811/1834/1834 1810/1770/1770 1843/1771/1771
f 1843/1771/1771 1876/1772/1772 1877/1836/1836
f 1877/1836/1836 1876/1772/1772 1909/1773/1773
f 1909/1773/1773 1942/1774/1774 1943/1838/1838
f 1943/1838/1838 1942/1774/1774 1975/1775/1775
f 1976/1839/1839 1975/1775/1775 2008/1776/1776
f 2009/1840/1840 2008/1776/1776 2041/1777/1777
f 2041/1777/1777 2074/1778/1778 2075/1842/1842
f 2075/1842/1842 2074/1778/1778 2107/1779/1779
f 2107/1779/1779 28/1717/1717 29/1781/1781
f 29/1781/1781 62/1780/1780 63/1844/1844
f 62/1780/1780 95/1782/1782 96/1846/1846
f 96/1846/1846 95/1782/1782 128/1783/1783
f 129/1847/1847 128/1783/1783 161/1784/1784
f 162/1848/1848 161/1784/1784 194/1785/1785
f 194/1785/1785 227/1786/1786 228/1850/1850
f 228/1850/1850 227/1786/1786 260/1787/1787
f 260/1787/1787 293/1788/1788 294/1852/1852
f 293/1788/1788 326/1789/1789 327/1853/1853
f 326/1789/1789 359/1790/1790 360/1854/1854
f 360/1854/1854 359/1790/1790 392/1791/1791
f 392/1791/1791 425/1792/1792 426/1856/1856
f 425/1792/1792 458/1793/1793 459/1857/1857
f 458/1793/1793 491/1794/1794 492/1858/1858
f 492/1858/1858 491/1794/1794 524/1795/1795
f 524/1795/1795 557/1796/1796 558/1860/1860
f 558/1860/1860 557/1796/1796 590/1797/1797
f 591/1861/1861 590/1797/1797 623/1798/1798
f 624/1862/1862 623/1798/1798 656/1799/1799
f 657/1863/1863 656/1799/1799 689/1800/1800
f 690/1864/1864 689/1800/1800 722/1801/1801
f 723/1865/1865 722/1801/1801 755/1802/1802
f 756/1866/1866 755/1802/1802 788/1803/1803
f 788/1803/1803 821/1804/1804 822/1868/1868
f 822/1868/1868 821/1804/1804 854/1805/1805
f 854/1805/1805 887/1806/1806 888/1870/1870
f 888/1870/1870 887/1806/1806 920/1807/1807
f 921/1871/1871 920/1807/1807 953/1808/1808
f 954/1872/1872 953/1808/1808 986/1809/1809
f 987/1873/1873 986/1809/1809 1019/1810/1810
f 1020/1874/1874 1019/1810/1810 1052/1811/1811
f 1052/1811/1811 1085/1812/1812 1086/1876/1876
f 1085/1812/1812 1118/1813/1813 1119/1877/1877
f 1119/1877/1877 1118/1813/1813 1151/1814/1814
f 1152/1878/1878 1151/1814/1814 1184/1815/1815
f 1185/1879/1879 1184/1815/1815 1217/1816/1816
f 1218/1880/1880 1217/1816/1816 1250/1817/1817
f 1250/1817/1817 1283/1818/1818 1284/1882/1882
f 1284/1882/1882 1283/1818/1818 1316/1819/1819
f 1316/1819/1819 1349/1820/1820 1350/1884/1884
f 1350/1884/1884 1349/1820/1820 1382/1821/1821
f 1383/1885/1885 1382/1821/1821 1415/1822/1822
f 1416/1886/1886 1415/1822/1822 1448/1823/1823
f 1448/1823/1823 1481/1824/1824 1482/1888/1888
f 1481/1824/1824 1514/1825/1825 1515/1889/1889
f 1514/1825/1825 1547/1826/1826 1548/1890/1890
f 1547/1826/1826 1580/1827/1827 1581/1891/1891
f 1580/1827/1827 1613/1828/1828 1614/1892/1892
f 1614/1892/1892 1613/1828/1828 1646/1829/1829
f 1647/1893/1893 1646/1829/1829 1679/1830/1830
f 1679/1830/1830 1712/1831/1831 1713/1895/1895
f 1712/1831/1831 1745/1832/1832 1746/1896/1896
f 1746/1896/1896 1745/1832/1832 1778/1833/1833
f 1779/1897/1897 1778/1833/1833 1811/1834/1834
f 1812/1898/1898 1811/1834/1834 1844/1835/1835
f 1844/1835/1835 1877/1836/1836 1878/1900/1900
f 1877/1836/1836 1910/1837/1837 1911/1901/1901
f 1910/1837/1837 1943/1838/1838 1944/1902/1902
f 1943/1838/1838 1976/1839/1839 1977/1903/1903
f 1977/1903/1903 1976/1839/1839 2009/1840/1840
f 2009/1840/1840 2042/1841/1841 2043/1905/1905
f 2042/1841/1841 2075/1842/1842 2076/1906/1906
f 2076/1906/1906 2075/1842/1842 2108/1843/1843
f 2108/1843/1843 29/1781/1781 30/1845/1845
f 30/1845/1845 63/1844/1844 64/1908/1908
f 64/1908/1908 63/1844/1844 96/1846/1846
f 96/1846/1846 129/1847/1847 130/1911/1911
f 130/1911/1911 129/1847/1847 162/1848/1848
f 163/1912/1912 162/1848/1848 195/1849/1849
f 195/1849/1849 228/1850/1850 229/1914/1914
f 228/1850/1850 261/1851/1851 262/1915/1915
f 261/1851/1851 294/1852/1852 295/1916/1916
f 294/1852/1852 327/1853/1853 328/1917/1917
f 328/1917/1917 327/1853/1853 360/1854/1854
f 361/1918/1918 360/1854/1854 393/1855/1855
f 394/1919/1919 393/1855/1855 426/1856/1856
f 427/1920/1920 426/1856/1856 459/1857/1857
f 460/1921/1921 459/1857/1857 492/1858/1858
f 493/1922/1922 492/1858/1858 525/1859/1859
f 526/1923/1923 525/1859/1859 558/1860/1860
f 559/1924/1924 558/1860/1860 591/1861/1861
f 592/1925/1925 591/1861/1861 624/1862/1862
f 625/1926/1926 624/1862/1862 657/1863/1863
f 658/1927/1927 657/1863/1863 690/1864/1864
f 691/1928/1928 690/1864/1864 723/1865/1865
f 724/1929/1929 723/1865/1865 756/1866/1866
f 757/1930/1930 756/1866/1866 789/1867/1867
f 790/1931/1931 789/1867/1867 822/1868/1868
f 822/1868/1868 855/1869/1869 856/1933/1933
f 855/1869/1869 888/1870/1870 889/1934/1934
f 889/1934/1934 888/1870/1870 921/1871/1871
f 921/1871/1871 954/1872/1872 955/1936/1936
f 954/1872/1872 987/1873/1873 988/1937/1937
f 987/1873/1873 1020/1874/1874 1021/1938/1938
f 1020/1874/1874 1053/1875/1875 1054/1939/1939
f 1053/1875/1875 1086/1876/1876 1087/1940/1940
f 1087/1940/1940 1086/1876/1876 1119/1877/1877
f 1119/1877/1877 1152/1878/1878 1153/1942/1942
f 1153/1942/1942 1152/1878/1878 1185/1879/1879
f 1185/1879/1879 1218/1880/1880 1219/1944/1944
f 1219/1944/1944 1218/1880/1880 1251/1881/1881
f 1251/1881/1881 1284/1882/1882 1285/1946/1946
f 1284/1882/1882 1317/1883/1883 1318/1947/1947
f 1317/1883/1883 1350/1884/1884 1351/1948/1948
f 1351/1948/1948 1350/1884/1884 1383/1885/1885
f 1383/1885/1885 1416/1886/1886 1417/1950/1950
f 1417/1950/1950 1416/1886/1886 1449/1887/1887
f 1450/1951/1951 1449/1887/1887 1482/1888/1888
f 1483/1952/1952 1482/1888/1888 1515/1889/1889
f 1516/1953/1953 1515/1889/1889 1548/1890/1890
f 1548/1890/1890 1581/1891/1891 1582/1955/1955
f 1581/1891/1891 1614/1892/1892 1615/1956/1956
f 1615/1956/1956 1614/1892/1892 1647/1893/1893
f 1647/1893/1893 1680/1894/1894 1681/1958/1958
f 1681/1958/1958 1680/1894/1894 1713/1895/1895
f 1714/1959/1959 1713/1895/1895 1746/1896/1896
f 1747/1960/1960 1746/1896/1896 1779/1897/1897
f 1779/1897/1897 1812/1898/1898 1813/1962/1962
f 1812/1898/1898 1845/1899/1899 1846/1963/1963
f 1845/1899/1899 1878/1900/1900 1879/1964/1964
f 1878/1900/1900 1911/1901/1901 1912/1965/1965
f 1912/1965/1965 1911/1901/1901 1944/1902/1902
f 1945/1966/1966 1944/1902/1902 1977/1903/1903
f 1978/1967/1967 1977/1903/1903 2010/1904/1904
f 2010/1904/1904 2043/1905/1905 2044/1969/1969
f 2043/1905/1905 2076/1906/1906 2077/1970/1970
f 2077/1970/1970 2076/1906/1906 2109/1907/1907
f 2109/1907/1907 30/1845/1845 31/1909/1909
f 31/1909/1909 64/1908/1908 65/1972/1972
f 65/1972/1972 64/1908/1908 97/1910/1910
f 98/1974/1974 97/1910/1910 130/1911/1911
f 130/1911/1911 163/1912/1912 164/1976/1976
f 164/1976/1976 163/1912/1912 196/1913/1913
f 197/1977/1977 196/1913/1913 229/1914/1914
f 230/1978/1978 229/1914/1914 262/1915/1915
f 262/1915/1915 295/1916/1916 296/1980/1980
f 296/1980/1980 295/1916/1916 328/1917/1917
f 328/1917/1917 361/1918/1918 362/1982/1982
f 361/1918/1918 394/1919/1919 395/1983/1983
f 394/1919/1919 427/1920/1920 428/1984/1984
f 427/1920/1920 460/1921/1921 461/1985/1985
f 461/1985/1985 460/1921/1921 493/1922/1922
f 494/1986/1986 493/1922/1922 526/1923/1923
f 527/1987/1987 526/1923/1923 559/1924/1924
f 559/1924/1924 592/1925/1925 593/1989/1989
f 592/1925/1925 625/1926/1926 626/1990/1990
f 625/1926/1926 658/1927/1927 659/1991/1991
f 658/1927/1927 691/1928/1928 692/1992/1992
f 691/1928/1928 724/1929/1929 725/1993/1993
f 725/1993/1993 724/1929/1929 757/1930/1930
f 757/1930/1930 790/1931/1931 791/1995/1995
f 790/1931/1931 823/1932/1932 824/1996/1996
f 824/1996/1996 823/1932/1932 856/1933/1933
f 857/1997/1997 856/1933/1933 889/1934/1934
f 890/1998/1998 889/1934/1934 922/1935/1935
f 923/1999/1999 922/1935/1935 955/1936/1936
f 956/2000/2000 955/1936/1936 988/1937/1937
f 989/2001/2001 988/1937/1937 1021/1938/1938
f 1021/1938/1938 1054/1939/1939 1055/2003/2003
f 1055/2003/2003 1054/1939/1939 1087/1940/1940
f 1088/2004/2004 1087/1940/1940 1120/1941/1941
f 1121/2005/2005 1120/1941/1941 1153/1942/1942
f 1154/2006/2006 1153/1942/1942 1186/1943/1943
f 1186/1943/1943 1219/1944/1944 1220/2008/2008
f 1220/2008/2008 1219/1944/1944 1252/1945/1945
f 1253/2009/2009 1252/1945/1945 1285/1946/1946
f 1286/2010/2010 1285/1946/1946 1318/1947/1947
f 1318/1947/1947 1351/1948/1948 1352/2012/2012
f 1352/2012/2012 1351/1948/1948 1384/1949/1949
f 1384/1949/1949 1417/1950/1950 1418/2014/2014
f 1418/2014/2014 1417/1950/1950 1450/1951/1951
f 1451/2015/2015 1450/1951/1951 1483/1952/1952
f 1483/1952/1952 1516/1953/1953 1517/2017/2017
f 1517/2017/2017 1516/1953/1953 1549/1954/1954
f 1549/1954/1954 1582/1955/1955 1583/2019/2019
f 1583/2019/2019 1582/1955/1955 1615/1956/1956
f 1615/1956/1956 1648/1957/1957 1649/2021/2021
f 1648/1957/1957 1681/1958/1958 1682/2022/2022
f 1681/1958/1958 1714/1959/1959 1715/2023/2023
f 1715/2023/2023 1714/1959/1959 1747/1960/1960
f 1748/2024/2024 1747/1960/1960 1780/1961/1961
f 1781/2025/2025 1780/1961/1961 1813/1962/1962
f 1814/2026/2026 1813/1962/1962 1846/1963/1963
f 1846/1963/1963 1879/1964/1964 1880/2028/2028
f 1879/1964/1964 1912/1965/1965 1913/2029/2029
f 1912/1965/1965 1945/1966/1966 1946/2030/2030
f 1946/2030/2030 1945/1966/1966 1978/1967/1967
f 1979/2031/2031 1978/1967/1967 2011/1968/1968
f 2011/1968/1968 2044/1969/1969 2045/2033/2033
f 2045/2033/2033 2044/1969/1969 2077/1970/1970
f 2078/2034/2034 2077/1970/1970 2110/1971/1971
f 2110/1971/1971 31/1909/1909 32/1973/1973
f 32/1973/1973 65/1972/1972 66/2036/2036
f 66/2036/2036 65/1972/1972 98/1974/1974
f 99/2038/2038 98/1974/1974 131/1975/1975
f 132/2039/2039 131/1975/1975 164/1976/1976
f 165/2040/2040 164/1976/1976 197/1977/1977
f 198/2041/2041 197/1977/1977 230/1978/1978
f 231/2042/2042 230/1978/1978 263/1979/1979
f 263/1979/1979 296/1980/1980 297/2044/2044
f 297/2044/2044 296/1980/1980 329/1981/1981
f 329/1981/1981 362/1982/1982 363/2046/2046
f 362/1982/1982 395/1983/1983 396/2047/2047
f 395/1983/1983 428/1984/1984 429/2048/2048
f 428/1984/1984 461/1985/1985 462/2049/2049
f 462/2049/2049 461/1985/1985 494/1986/1986
f 495/2050/2050 494/1986/1986 527/1987/1987
f 528/2051/2051 527/1987/1987 560/1988/1988
f 560/1988/1988 593/1989/1989 594/2053/2053
f 593/1989/1989 626/1990/1990 627/2054/2054
f 626/1990/1990 659/1991/1991 660/2055/2055
f 659/1991/1991 692/1992/1992 693/2056/2056
f 692/1992/1992 725/1993/1993 726/2057/2057
f 725/1993/1993 758/1994/1994 759/2058/2058
f 758/1994/1994 791/1995/1995 792/2059/2059
f 791/1995/1995 824/1996/1996 825/2060/2060
f 825/2060/2060 824/1996/1996 857/1997/1997
f 858/2061/2061 857/1997/1997 890/1998/1998
f 890/1998/1998 923/1999/1999 924/2063/2063
f 923/1999/1999 956/2000/2000 957/2064/2064
f 957/2064/2064 956/2000/2000 989/2001/2001
f 990/2065/2065 989/2001/2001 1022/2002/2002
f 1022/2002/2002 1055/2003/2003 1056/2067/2067
f 1055/2003/2003 1088/2004/2004 1089/2068/2068
f 1089/2068/2068 1088/2004/2004 1121/2005/2005
f 1122/2069/2069 1121/2005/2005 1154/2006/2006
f 1155/2070/2070 1154/2006/2006 1187/2007/2007
f 1187/2007/2007 1220/2008/2008 1221/2072/2072
f 1221/2072/2072 1220/2008/2008 1253/2009/2009
f 1254/2073/2073 1253/2009/2009 1286/2010/2010
f 1287/2074/2074 1286/2010/2010 1319/2011/2011
f 1320/2075/2075 1319/2011/2011 1352/2012/2012
f 1353/2076/2076 1352/2012/2012 1385/2013/2013
f 1386/2077/2077 1385/2013/2013 1418/2014/2014
f 1419/2078/2078 1418/2014/2014 1451/2015/2015
f 1452/2079/2079 1451/2015/2015 1484/2016/2016
f 1484/2016/2016 1517/2017/2017 1518/2081/2081
f 1518/2081/2081 1517/2017/2017 1550/2018/2018
f 1551/2082/2082 1550/2018/2018 1583/2019/2019
f 1584/2083/2083 1583/2019/2019 1616/2020/2020
f 1617/2084/2084 1616/2020/2020 1649/2021/2021
f 1649/2021/2021 1682/2022/2022 1683/2086/2086
f 1682/2022/2022 1715/2023/2023 1716/2087/2087
f 1715/2023/2023 1748/2024/2024 1749/2088/2088
f 1749/2088/2088 1748/2024/2024 1781/2025/2025
f 1781/2025/2025 1814/2026/2026 1815/2090/2090
f 1814/2026/2026 1847/2027/2027 1848/2091/2091
f 1847/2027/2027 1880/2028/2028 1881/2092/2092
f 1881/2092/2092 1880/2028/2028 1913/2029/2029
f 1914/2093/2093 1913/2029/2029 1946/2030/2030
f 1947/2094/2094 1946/2030/2030 1979/2031/2031
f 1980/2095/2095 1979/2031/2031 2012/2032/2032
f 2012/2032/2032 2045/2033/2033 2046/2097/2097
f 2045/2033/2033 2078/2034/2034 2079/2098/2098
f 2078/2034/2034 2111/2035/2035 2112/2099/2099
f 2112/2099/2099 2111/2035/2035 32/1973/1973
f 2147/2100/2100 2146/2104/2104 2113/2101/2101
f 2180/2103/2103 2179/2106/2106 2146/2104/2104
f 2213/2105/2105 2212/2108/2108 2179/2106/2106
f 2213/2105/2105 2246/2110/2110 2245/2107/2107
f 2279/2109/2109 2278/2112/2112 2245/2107/2107
f 2279/2109/2109 2312/2113/2113 2311/2111/2111
f 2312/2113/2113 2345/2116/2116 2344/2114/2114
f 2378/2115/2115 2377/2118/2118 2344/2114/2114
f 2378/2115/2115 2411/2120/2120 2410/2117/2117
f 2444/2119/2119 2443/2122/2122 2410/2117/2117
f 2477/2121/2121 2476/2124/2124 2443/2122/2122
f 2510/2123/2123 2509/2126/2126 2476/2124/2124
f 2543/2125/2125 2542/2128/2128 2509/2126/2126
f 2576/2127/2127 2575/2130/2130 2542/2128/2128
f 2609/2129/2129 2608/2132/2132 2575/2130/2130
f 2642/2131/2131 2641/2134/2134 2608/2132/2132
f 2675/2133/2133 2674/2136/2136 2641/2134/2134
f 2708/2135/2135 2707/2138/2138 2674/2136/2136
f 2741/2137/2137 2740/2140/2140 2707/2138/2138
f 2741/2137/2137 2774/2142/2142 2773/2139/2139
f 2807/2141/2141 2806/2144/2144 2773/2139/2139
f 2840/2143/2143 2839/2146/2146 2806/2144/2144
f 2873/2145/2145 2872/2148/2148 2839/2146/2146
f 2906/2147/2147 2905/2150/2150 2872/2148/2148
f 2906/2147/2147 2939/2152/2152 2938/2149/2149
f 2972/2151/2151 2971/2154/2154 2938/2149/2149
f 2972/2151/2151 3005/2156/2156 3004/2153/2153
f 3038/2155/2155 3037/2158/2158 3004/2153/2153
f 3071/2157/2157 3070/2160/2160 3037/2158/2158
f 3104/2159/2159 3103/2162/2162 3070/2160/2160
f 3137/2161/2161 3136/2164/2164 3103/2162/2162
f 3170/2163/2163 3169/2166/2166 3136/2164/2164
f 3203/2165/2165 3202/2168/2168 3169/2166/2166
f 3236/2167/2167 3235/2170/2170 3202/2168/2168
f 3269/2169/2169 3268/2172/2172 3235/2170/2170
f 3269/2169/2169 3302/2174/2174 3301/2171/2171
f 3335/2173/2173 3334/2176/2176 3301/2171/2171
f 3368/2175/2175 3367/2178/2178 3334/2176/2176
f 3401/2177/2177 3400/2180/2180 3367/2178/2178
f 3434/2179/2179 3433/2182/2182 3400/2180/2180
f 3467/2181/2181 3466/2184/2184 3433/2182/2182
f 3500/2183/2183 3499/2186/2186 3466/2184/2184
f 3500/2183/2183 3533/2188/2188 3532/2185/2185
f 3566/2187/2187 3565/2190/2190 3532/2185/2185
f 3599/2189/2189 3598/2192/2192 3565/2190/2190
f 3632/2191/2191 3631/2194/2194 3598/2192/2192
f 3632/2191/2191 3665/2196/2196 3664/2193/2193
f 3698/2195/2195 3697/2198/2198 3664/2193/2193
f 3731/2197/2197 3730/2200/2200 3697/2198/2198
f 3764/2199/2199 3763/2202/2202 3730/2200/2200
f 3797/2201/2201 3796/2204/2204 3763/2202/2202
f 3830/2203/2203 3829/2206/2206 3796/2204/2204
f 3863/2205/2205 3862/2208/2208 3829/2206/2206
f 3863/2205/2205 3896/2210/2210 3895/2207/2207
f 3929/2209/2209 3928/2212/2212 3895/2207/2207
f 3929/2209/2209 3962/2213/2213 3961/2211/2211
f 3962/2213/2213 3995/2216/2216 3994/2214/2214
f 4028/2215/2215 4027/2218/2218 3994/2214/2214
f 4061/2217/2217 4060/2220/2220 4027/2218/2218
f 4094/2219/2219 4093/2222/2222 4060/2220/2220
f 4127/2221/2221 4126/2224/2224 4093/2222/2222
f 4160/2223/2223 4159/2226/2226 4126/2224/2224
f 4193/2225/2225 4192/2227/2227 4159/2226/2226
f 2114/2102/2102 2113/2101/2101 4192/2227/2227
f 2115/2228/2228 2148/2229/2229 2147/2100/2100
f 2148/2229/2229 2181/2231/2231 2180/2103/2103
f 2214/2230/2230 2213/2105/2105 2180/2103/2103
f 2247/2232/2232 2246/2110/2110 2213/2105/2105
f 2280/2233/2233 2279/2109/2109 2246/2110/2110
f 2313/2234/2234 2312/2113/2113 2279/2109/2109
f 2346/2235/2235 2345/2116/2116 2312/2113/2113
f 2379/2236/2236 2378/2115/2115 2345/2116/2116
f 2412/2237/2237 2411/2120/2120 2378/2115/2115
f 2445/2238/2238 2444/2119/2119 2411/2120/2120
f 2478/2239/2239 2477/2121/2121 2444/2119/2119
f 2478/2239/2239 2511/2240/2240 2510/2123/2123
f 2511/2240/2240 2544/2242/2242 2543/2125/2125
f 2577/2241/2241 2576/2127/2127 2543/2125/2125
f 2577/2241/2241 2610/2244/2244 2609/2129/2129
f 2643/2243/2243 2642/2131/2131 2609/2129/2129
f 2676/2245/2245 2675/2133/2133 2642/2131/2131
f 2709/2246/2246 2708/2135/2135 2675/2133/2133
f 2742/2247/2247 2741/2137/2137 2708/2135/2135
f 2775/2248/2248 2774/2142/2142 2741/2137/2137
f 2808/2249/2249 2807/2141/2141 2774/2142/2142
f 2808/2249/2249 2841/2251/2251 2840/2143/2143
f 2874/2250/2250 2873/2145/2145 2840/2143/2143
f 2874/2250/2250 2907/2253/2253 2906/2147/2147
f 2940/2252/2252 2939/2152/2152 2906/2147/2147
f 2973/2254/2254 2972/2151/2151 2939/2152/2152
f 3006/2255/2255 3005/2156/2156 2972/2151/2151
f 3039/2256/2256 3038/2155/2155 3005/2156/2156
f 3039/2256/2256 3072/2258/2258 3071/2157/2157
f 3105/2257/2257 3104/2159/2159 3071/2157/2157
f 3138/2259/2259 3137/2161/2161 3104/2159/2159
f 3171/2260/2260 3170/2163/2163 3137/2161/2161
f 3204/2261/2261 3203/2165/2165 3170/2163/2163
f 3237/2262/2262 3236/2167/2167 3203/2165/2165
f 3270/2263/2263 3269/2169/2169 3236/2167/2167
f 3303/2264/2264 3302/2174/2174 3269/2169/2169
f 3336/2265/2265 3335/2173/2173 3302/2174/2174
f 3336/2265/2265 3369/2267/2267 3368/2175/2175
f 3402/2266/2266 3401/2177/2177 3368/2175/2175
f 3435/2268/2268 3434/2179/2179 3401/2177/2177
f 3435/2268/2268 3468/2270/2270 3467/2181/2181
f 3501/2269/2269 3500/2183/2183 3467/2181/2181
f 3534/2271/2271 3533/2188/2188 3500/2183/2183
f 3567/2272/2272 3566/2187/2187 3533/2188/2188
f 3600/2273/2273 3599/2189/2189 3566/2187/2187
f 3633/2274/2274 3632/2191/2191 3599/2189/2189
f 3666/2275/2275 3665/2196/2196 3632/2191/2191
f 3699/2276/2276 3698/2195/2195 3665/2196/2196
f 3699/2276/2276 3732/2278/2278 3731/2197/2197
f 3765/2277/2277 3764/2199/2199 3731/2197/2197
f 3798/2279/2279 3797/2201/2201 3764/2199/2199
f 3798/2279/2279 3831/2281/2281 3830/2203/2203
f 3864/2280/2280 3863/2205/2205 3830/2203/2203
f 3897/2282/2282 3896/2210/2210 3863/2205/2205
f 3930/2283/2283 3929/2209/2209 3896/2210/2210
f 3963/2284/2284 3962/2213/2213 3929/2209/2209
f 3996/2285/2285 3995/2216/2216 3962/2213/2213
f 4029/2286/2286 4028/2215/2215 3995/2216/2216
f 4029/2286/2286 4062/2287/2287 4061/2217/2217
f 4062/2287/2287 4095/2289/2289 4094/2219/2219
f 4128/2288/2288 4127/2221/2221 4094/2219/2219
f 4161/2290/2290 4160/2223/2223 4127/2221/2221
f 4161/2290/2290 4194/2291/2291 4193/2225/2225
f 2115/2228/2228 2114/2102/2102 4193/2225/2225
f 2149/2292/2292 2148/2229/2229 2115/2228/2228
f 2149/2292/2292 2182/2295/2295 2181/2231/2231
f 2215/2294/2294 2214/2230/2230 2181/2231/2231
f 2215/2294/2294 2248/2297/2297 2247/2232/2232
f 2281/2296/2296 2280/2233/2233 2247/2232/2232
f 2314/2298/2298 2313/2234/2234 2280/2233/2233
f 2347/2299/2299 2346/2235/2235 2313/2234/2234
f 2347/2299/2299 2380/2301/2301 2379/2236/2236
f 2413/2300/2300 2412/2237/2237 2379/2236/2236
f 2446/2302/2302 2445/2238/2238 2412/2237/2237
f 2446/2302/2302 2479/2304/2304 2478/2239/2239
f 2512/2303/2303 2511/2240/2240 2478/2239/2239
f 2512/2303/2303 2545/2305/2305 2544/2242/2242
f 2545/2305/2305 2578/2307/2307 2577/2241/2241
f 2611/2306/2306 2610/2244/2244 2577/2241/2241
f 2644/2308/2308 2643/2243/2243 2610/2244/2244
f 2677/2309/2309 2676/2245/2245 2643/2243/2243
f 2710/2310/2310 2709/2246/2246 2676/2245/2245
f 2743/2311/2311 2742/2247/2247 2709/2246/2246
f 2743/2311/2311 2776/2313/2313 2775/2248/2248
f 2809/2312/2312 2808/2249/2249 2775/2248/2248
f 2809/2312/2312 2842/2315/2315 2841/2251/2251
f 2875/2314/2314 2874/2250/2250 2841/2251/2251
f 2908/2316/2316 2907/2253/2253 2874/2250/2250
f 2908/2316/2316 2941/2318/2318 2940/2252/2252
f 2974/2317/2317 2973/2254/2254 2940/2252/2252
f 3007/2319/2319 3006/2255/2255 2973/2254/2254
f 3040/2320/2320 3039/2256/2256 3006/2255/2255
f 3040/2320/2320 3073/2321/2321 3072/2258/2258
f 3073/2321/2321 3106/2323/2323 3105/2257/2257
f 3139/2322/2322 3138/2259/2259 3105/2257/2257
f 3172/2324/2324 3171/2260/2260 3138/2259/2259
f 3205/2325/2325 3204/2261/2261 3171/2260/2260
f 3238/2326/2326 3237/2262/2262 3204/2261/2261
f 3238/2326/2326 3271/2327/2327 3270/2263/2263
f 3271/2327/2327 3304/2329/2329 3303/2264/2264
f 3337/2328/2328 3336/2265/2265 3303/2264/2264
f 3370/2330/2330 3369/2267/2267 3336/2265/2265
f 3370/2330/2330 3403/2331/2331 3402/2266/2266
f 3403/2331/2331 3436/2332/2332 3435/2268/2268
f 3436/2332/2332 3469/2334/2334 3468/2270/2270
f 3502/2333/2333 3501/2269/2269 3468/2270/2270
f 3535/2335/2335 3534/2271/2271 3501/2269/2269
f 3535/2335/2335 3568/2337/2337 3567/2272/2272
f 3601/2336/2336 3600/2273/2273 3567/2272/2272
f 3634/2338/2338 3633/2274/2274 3600/2273/2273
f 3634/2338/2338 3667/2340/2340 3666/2275/2275
f 3700/2339/2339 3699/2276/2276 3666/2275/2275
f 3733/2341/2341 3732/2278/2278 3699/2276/2276
f 3766/2342/2342 3765/2277/2277 3732/2278/2278
f 3799/2343/2343 3798/2279/2279 3765/2277/2277
f 3799/2343/2343 3832/2345/2345 3831/2281/2281
f 3865/2344/2344 3864/2280/2280 3831/2281/2281
f 3898/2346/2346 3897/2282/2282 3864/2280/2280
f 3898/2346/2346 3931/2347/2347 3930/2283/2283
f 3931/2347/2347 3964/2348/2348 3963/2284/2284
f 3964/2348/2348 3997/2349/2349 3996/2285/2285
f 3997/2349/2349 4030/2351/2351 4029/2286/2286
f 4063/2350/2350 4062/2287/2287 4029/2286/2286
f 4096/2352/2352 4095/2289/2289 4062/2287/2287
f 4129/2353/2353 4128/2288/2288 4095/2289/2289
f 4162/2354/2354 4161/2290/2290 4128/2288/2288
f 4162/2354/2354 4195/2355/2355 4194/2291/2291
f 2116/2293/2293 2115/2228/2228 4194/2291/2291
f 2150/2356/2356 2149/2292/2292 2116/2293/2293
f 2150/2356/2356 2183/2358/2358 2182/2295/2295
f 2183/2358/2358 2216/2359/2359 2215/2294/2294
f 2216/2359/2359 2249/2361/2361 2248/2297/2297
f 2282/2360/2360 2281/2296/2296 2248/2297/2297
f 2282/2360/2360 2315/2363/2363 2314/2298/2298
f 2348/2362/2362 2347/2299/2299 2314/2298/2298
f 2381/2364/2364 2380/2301/2301 2347/2299/2299
f 2381/2364/2364 2414/2366/2366 2413/2300/2300
f 2447/2365/2365 2446/2302/2302 2413/2300/2300
f 2447/2365/2365 2480/2368/2368 2479/2304/2304
f 2513/2367/2367 2512/2303/2303 2479/2304/2304
f 2513/2367/2367 2546/2369/2369 2545/2305/2305
f 2546/2369/2369 2579/2371/2371 2578/2307/2307
f 2612/2370/2370 2611/2306/2306 2578/2307/2307
f 2645/2372/2372 2644/2308/2308 2611/2306/2306
f 2645/2372/2372 2678/2374/2374 2677/2309/2309
f 2711/2373/2373 2710/2310/2310 2677/2309/2309
f 2744/2375/2375 2743/2311/2311 2710/2310/2310
f 2744/2375/2375 2777/2377/2377 2776/2313/2313
f 2810/2376/2376 2809/2312/2312 2776/2313/2313
f 2810/2376/2376 2843/2379/2379 2842/2315/2315
f 2876/2378/2378 2875/2314/2314 2842/2315/2315
f 2909/2380/2380 2908/2316/2316 2875/2314/2314
f 2909/2380/2380 2942/2382/2382 2941/2318/2318
f 2975/2381/2381 2974/2317/2317 2941/2318/2318
f 2975/2381/2381 3008/2384/2384 3007/2319/2319
f 3041/2383/2383 3040/2320/2320 3007/2319/2319
f 3041/2383/2383 3074/2386/2386 3073/2321/2321
f 3107/2385/2385 3106/2323/2323 3073/2321/2321
f 3140/2387/2387 3139/2322/2322 3106/2323/2323
f 3173/2388/2388 3172/2324/2324 3139/2322/2322
f 3173/2388/2388 3206/2389/2389 3205/2325/2325
f 3206/2389/2389 3239/2391/2391 3238/2326/2326
f 3272/2390/2390 3271/2327/2327 3238/2326/2326
f 3305/2392/2392 3304/2329/2329 3271/2327/2327
f 3338/2393/2393 3337/2328/2328 3304/2329/2329
f 3338/2393/2393 3371/2395/2395 3370/2330/2330
f 3404/2394/2394 3403/2331/2331 3370/2330/2330
f 3437/2396/2396 3436/2332/2332 3403/2331/2331
f 3437/2396/2396 3470/2397/2397 3469/2334/2334
f 3470/2397/2397 3503/2398/2398 3502/2333/2333
f 3503/2398/2398 3536/2400/2400 3535/2335/2335
f 3569/2399/2399 3568/2337/2337 3535/2335/2335
f 3569/2399/2399 3602/2402/2402 3601/2336/2336
f 3635/2401/2401 3634/2338/2338 3601/2336/2336
f 3635/2401/2401 3668/2404/2404 3667/2340/2340
f 3701/2403/2403 3700/2339/2339 3667/2340/2340
f 3701/2403/2403 3734/2405/2405 3733/2341/2341
f 3734/2405/2405 3767/2407/2407 3766/2342/2342
f 3800/2406/2406 3799/2343/2343 3766/2342/2342
f 3800/2406/2406 3833/2408/2408 3832/2345/2345
f 3833/2408/2408 3866/2410/2410 3865/2344/2344
f 3899/2409/2409 3898/2346/2346 3865/2344/2344
f 3932/2411/2411 3931/2347/2347 3898/2346/2346
f 3965/2412/2412 3964/2348/2348 3931/2347/2347
f 3998/2413/2413 3997/2349/2349 3964/2348/2348
f 4031/2414/2414 4030/2351/2351 3997/2349/2349
f 4064/2415/2415 4063/2350/2350 4030/2351/2351
f 4064/2415/2415 4097/2416/2416 4096/2352/2352
f 4097/2416/2416 4130/2417/2417 4129/2353/2353
f 4130/2417/2417 4163/2418/2418 4162/2354/2354
f 4163/2418/2418 4196/2419/2419 4195/2355/2355
f 2117/2357/2357 2116/2293/2293 4195/2355/2355
f 2151/2420/2420 2150/2356/2356 2117/2357/2357
f 2151/2420/2420 2184/2422/2422 2183/2358/2358
f 2184/2422/2422 2217/2423/2423 2216/2359/2359
f 2217/2423/2423 2250/2425/2425 2249/2361/2361
f 2283/2424/2424 2282/2360/2360 2249/2361/2361
f 2283/2424/2424 2316/2426/2426 2315/2363/2363
f 2316/2426/2426 2349/2428/2428 2348/2362/2362
f 2382/2427/2427 2381/2364/2364 2348/2362/2362
f 2382/2427/2427 2415/2429/2429 2414/2366/2366
f 2415/2429/2429 2448/2430/2430 2447/2365/2365
f 2448/2430/2430 2481/2432/2432 2480/2368/2368
f 2514/2431/2431 2513/2367/2367 2480/2368/2368
f 2514/2431/2431 2547/2434/2434 2546/2369/2369
f 2580/2433/2433 2579/2371/2371 2546/2369/2369
f 2580/2433/2433 2613/2436/2436 2612/2370/2370
f 2646/2435/2435 2645/2372/2372 2612/2370/2370
f 2679/2437/2437 2678/2374/2374 2645/2372/2372
f 2679/2437/2437 2712/2439/2439 2711/2373/2373
f 2745/2438/2438 2744/2375/2375 2711/2373/2373
f 2745/2438/2438 2778/2441/2441 2777/2377/2377
f 2811/2440/2440 2810/2376/2376 2777/2377/2377
f 2811/2440/2440 2844/2443/2443 2843/2379/2379
f 2877/2442/2442 2876/2378/2378 2843/2379/2379
f 2910/2444/2444 2909/2380/2380 2876/2378/2378
f 2910/2444/2444 2943/2446/2446 2942/2382/2382
f 2976/2445/2445 2975/2381/2381 2942/2382/2382
f 2976/2445/2445 3009/2447/2447 3008/2384/2384
f 3009/2447/2447 3042/2448/2448 3041/2383/2383
f 3042/2448/2448 3075/2450/2450 3074/2386/2386
f 3108/2449/2449 3107/2385/2385 3074/2386/2386
f 3108/2449/2449 3141/2452/2452 3140/2387/2387
f 3174/2451/2451 3173/2388/2388 3140/2387/2387
f 3174/2451/2451 3207/2453/2453 3206/2389/2389
f 3207/2453/2453 3240/2455/2455 3239/2391/2391
f 3273/2454/2454 3272/2390/2390 3239/2391/2391
f 3273/2454/2454 3306/2457/2457 3305/2392/2392
f 3339/2456/2456 3338/2393/2393 3305/2392/2392
f 3339/2456/2456 3372/2458/2458 3371/2395/2395
f 3372/2458/2458 3405/2459/2459 3404/2394/2394
f 3405/2459/2459 3438/2461/2461 3437/2396/2396
f 3471/2460/2460 3470/2397/2397 3437/2396/2396
f 3504/2462/2462 3503/2398/2398 3470/2397/2397
f 3537/2463/2463 3536/2400/2400 3503/2398/2398
f 3570/2464/2464 3569/2399/2399 3536/2400/2400
f 3603/2465/2465 3602/2402/2402 3569/2399/2399
f 3636/2466/2466 3635/2401/2401 3602/2402/2402
f 3669/2467/2467 3668/2404/2404 3635/2401/2401
f 3702/2468/2468 3701/2403/2403 3668/2404/2404
f 3702/2468/2468 3735/2469/2469 3734/2405/2405
f 3735/2469/2469 3768/2470/2470 3767/2407/2407
f 3768/2470/2470 3801/2471/2471 3800/2406/2406
f 3801/2471/2471 3834/2473/2473 3833/2408/2408
f 3867/2472/2472 3866/2410/2410 3833/2408/2408
f 3867/2472/2472 3900/2475/2475 3899/2409/2409
f 3933/2474/2474 3932/2411/2411 3899/2409/2409
f 3966/2476/2476 3965/2412/2412 3932/2411/2411
f 3999/2477/2477 3998/2413/2413 3965/2412/2412
f 4032/2478/2478 4031/2414/2414 3998/2413/2413
f 4032/2478/2478 4065/2480/2480 4064/2415/2415
f 4098/2479/2479 4097/2416/2416 4064/2415/2415
f 4131/2481/2481 4130/2417/2417 4097/2416/2416
f 4131/2481/2481 4164/2482/2482 4163/2418/2418
f 4164/2482/2482 4197/2483/2483 4196/2419/2419
f 2118/2421/2421 2117/2357/2357 4196/2419/2419
f 2152/2484/2484 2151/2420/2420 2118/2421/2421
f 2185/2486/2486 2184/2422/2422 2151/2420/2420
f 2185/2486/2486 2218/2487/2487 2217/2423/2423
f 2218/2487/2487 2251/2489/2489 2250/2425/2425
f 2284/2488/2488 2283/2424/2424 2250/2425/2425
f 2284/2488/2488 2317/2490/2490 2316/2426/2426
f 2317/2490/2490 2350/2491/2491 2349/2428/2428
f 2350/2491/2491 2383/2493/2493 2382/2427/2427
f 2416/2492/2492 2415/2429/2429 2382/2427/2427
f 2449/2494/2494 2448/2430/2430 2415/2429/2429
f 2449/2494/2494 2482/2495/2495 2481/2432/2432
f 2482/2495/2495 2515/2496/2496 2514/2431/2431
f 2515/2496/2496 2548/2497/2497 2547/2434/2434
f 2548/2497/2497 2581/2498/2498 2580/2433/2433
f 2581/2498/2498 2614/2500/2500 2613/2436/2436
f 2647/2499/2499 2646/2435/2435 2613/2436/2436
f 2680/2501/2501 2679/2437/2437 2646/2435/2435
f 2713/2502/2502 2712/2439/2439 2679/2437/2437
f 2746/2503/2503 2745/2438/2438 2712/2439/2439
f 2746/2503/2503 2779/2505/2505 2778/2441/2441
f 2812/2504/2504 2811/2440/2440 2778/2441/2441
f 2812/2504/2504 2845/2507/2507 2844/2443/2443
f 2878/2506/2506 2877/2442/2442 2844/2443/2443
f 2911/2508/2508 2910/2444/2444 2877/2442/2442
f 2911/2508/2508 2944/2510/2510 2943/2446/2446
f 2977/2509/2509 2976/2445/2445 2943/2446/2446
f 2977/2509/2509 3010/2512/2512 3009/2447/2447
f 3043/2511/2511 3042/2448/2448 3009/2447/2447
f 3076/2513/2513 3075/2450/2450 3042/2448/2448
f 3109/2514/2514 3108/2449/2449 3075/2450/2450
f 3109/2514/2514 3142/2515/2515 3141/2452/2452
f 3142/2515/2515 3175/2517/2517 3174/2451/2451
f 3208/2516/2516 3207/2453/2453 3174/2451/2451
f 3208/2516/2516 3241/2518/2518 3240/2455/2455
f 3241/2518/2518 3274/2519/2519 3273/2454/2454
f 3274/2519/2519 3307/2521/2521 3306/2457/2457
f 3340/2520/2520 3339/2456/2456 3306/2457/2457
f 3340/2520/2520 3373/2522/2522 3372/2458/2458
f 3373/2522/2522 3406/2523/2523 3405/2459/2459
f 3406/2523/2523 3439/2524/2524 3438/2461/2461
f 3439/2524/2524 3472/2526/2526 3471/2460/2460
f 3505/2525/2525 3504/2462/2462 3471/2460/2460
f 3505/2525/2525 3538/2527/2527 3537/2463/2463
f 3538/2527/2527 3571/2529/2529 3570/2464/2464
f 3604/2528/2528 3603/2465/2465 3570/2464/2464
f 3637/2530/2530 3636/2466/2466 3603/2465/2465
f 3637/2530/2530 3670/2531/2531 3669/2467/2467
f 3670/2531/2531 3703/2533/2533 3702/2468/2468
f 3736/2532/2532 3735/2469/2469 3702/2468/2468
f 3736/2532/2532 3769/2534/2534 3768/2470/2470
f 3769/2534/2534 3802/2536/2536 3801/2471/2471
f 3835/2535/2535 3834/2473/2473 3801/2471/2471
f 3835/2535/2535 3868/2537/2537 3867/2472/2472
f 3868/2537/2537 3901/2539/2539 3900/2475/2475
f 3934/2538/2538 3933/2474/2474 3900/2475/2475
f 3934/2538/2538 3967/2540/2540 3966/2476/2476
f 3967/2540/2540 4000/2541/2541 3999/2477/2477
f 4000/2541/2541 4033/2543/2543 4032/2478/2478
f 4066/2542/2542 4065/2480/2480 4032/2478/2478
f 4066/2542/2542 4099/2544/2544 4098/2479/2479
f 4099/2544/2544 4132/2546/2546 4131/2481/2481
f 4165/2545/2545 4164/2482/2482 4131/2481/2481
f 4165/2545/2545 4198/2547/2547 4197/2483/2483
f 2119/2485/2485 2118/2421/2421 4197/2483/2483
f 2153/2548/2548 2152/2484/2484 2119/2485/2485
f 2153/2548/2548 2186/2550/2550 2185/2486/2486
f 2186/2550/2550 2219/2551/2551 2218/2487/2487
f 2219/2551/2551 2252/2553/2553 2251/2489/2489
f 2285/2552/2552 2284/2488/2488 2251/2489/2489
f 2285/2552/2552 2318/2555/2555 2317/2490/2490
f 2351/2554/2554 2350/2491/2491 2317/2490/2490
f 2384/2556/2556 2383/2493/2493 2350/2491/2491
f 2384/2556/2556 2417/2557/2557 2416/2492/2492
f 2417/2557/2557 2450/2558/2558 2449/2494/2494
f 2450/2558/2558 2483/2559/2559 2482/2495/2495
f 2483/2559/2559 2516/2560/2560 2515/2496/2496
f 2516/2560/2560 2549/2561/2561 2548/2497/2497
f 2549/2561/2561 2582/2563/2563 2581/2498/2498
f 2615/2562/2562 2614/2500/2500 2581/2498/2498
f 2648/2564/2564 2647/2499/2499 2614/2500/2500
f 2681/2565/2565 2680/2501/2501 2647/2499/2499
f 2714/2566/2566 2713/2502/2502 2680/2501/2501
f 2714/2566/2566 2747/2567/2567 2746/2503/2503
f 2747/2567/2567 2780/2569/2569 2779/2505/2505
f 2813/2568/2568 2812/2504/2504 2779/2505/2505
f 2813/2568/2568 2846/2570/2570 2845/2507/2507
f 2846/2570/2570 2879/2572/2572 2878/2506/2506
f 2912/2571/2571 2911/2508/2508 2878/2506/2506
f 2912/2571/2571 2945/2574/2574 2944/2510/2510
f 2978/2573/2573 2977/2509/2509 2944/2510/2510
f 2978/2573/2573 3011/2576/2576 3010/2512/2512
f 3044/2575/2575 3043/2511/2511 3010/2512/2512
f 3044/2575/2575 3077/2577/2577 3076/2513/2513
f 3077/2577/2577 3110/2579/2579 3109/2514/2514
f 3143/2578/2578 3142/2515/2515 3109/2514/2514
f 3176/2580/2580 3175/2517/2517 3142/2515/2515
f 3209/2581/2581 3208/2516/2516 3175/2517/2517
f 3209/2581/2581 3242/2582/2582 3241/2518/2518
f 3242/2582/2582 3275/2583/2583 3274/2519/2519
f 3275/2583/2583 3308/2585/2585 3307/2521/2521
f 3341/2584/2584 3340/2520/2520 3307/2521/2521
f 3341/2584/2584 3374/2587/2587 3373/2522/2522
f 3407/2586/2586 3406/2523/2523 3373/2522/2522
f 3407/2586/2586 3440/2588/2588 3439/2524/2524
f 3440/2588/2588 3473/2590/2590 3472/2526/2526
f 3506/2589/2589 3505/2525/2525 3472/2526/2526
f 3506/2589/2589 3539/2591/2591 3538/2527/2527
f 3539/2591/2591 3572/2593/2593 3571/2529/2529
f 3605/2592/2592 3604/2528/2528 3571/2529/2529
f 3605/2592/2592 3638/2595/2595 3637/2530/2530
f 3671/2594/2594 3670/2531/2531 3637/2530/2530
f 3704/2596/2596 3703/2533/2533 3670/2531/2531
f 3704/2596/2596 3737/2598/2598 3736/2532/2532
f 3770/2597/2597 3769/2534/2534 3736/2532/2532
f 3770/2597/2597 3803/2600/2600 3802/2536/2536
f 3836/2599/2599 3835/2535/2535 3802/2536/2536
f 3869/2601/2601 3868/2537/2537 3835/2535/2535
f 3902/2602/2602 3901/2539/2539 3868/2537/2537
f 3902/2602/2602 3935/2604/2604 3934/2538/2538
f 3968/2603/2603 3967/2540/2540 3934/2538/2538
f 3968/2603/2603 4001/2606/2606 4000/2541/2541
f 4034/2605/2605 4033/2543/2543 4000/2541/2541
f 4034/2605/2605 4067/2607/2607 4066/2542/2542
f 4067/2607/2607 4100/2609/2609 4099/2544/2544
f 4133/2608/2608 4132/2546/2546 4099/2544/2544
f 4133/2608/2608 4166/2610/2610 4165/2545/2545
f 4166/2610/2610 4199/2611/2611 4198/2547/2547
f 2120/2549/2549 2119/2485/2485 4198/2547/2547
f 2154/2612/2612 2153/2548/2548 2120/2549/2549
f 2187/2614/2614 2186/2550/2550 2153/2548/2548
f 2187/2614/2614 2220/2616/2616 2219/2551/2551
f 2253/2615/2615 2252/2553/2553 2219/2551/2551
f 2286/2617/2617 2285/2552/2552 2252/2553/2553
f 2286/2617/2617 2319/2618/2618 2318/2555/2555
f 2319/2618/2618 2352/2620/2620 2351/2554/2554
f 2385/2619/2619 2384/2556/2556 2351/2554/2554
f 2418/2621/2621 2417/2557/2557 2384/2556/2556
f 2451/2622/2622 2450/2558/2558 2417/2557/2557
f 2451/2622/2622 2484/2623/2623 2483/2559/2559
f 2484/2623/2623 2517/2624/2624 2516/2560/2560
f 2517/2624/2624 2550/2625/2625 2549/2561/2561
f 2550/2625/2625 2583/2627/2627 2582/2563/2563
f 2616/2626/2626 2615/2562/2562 2582/2563/2563
f 2616/2626/2626 2649/2629/2629 2648/2564/2564
f 2682/2628/2628 2681/2565/2565 2648/2564/2564
f 2715/2630/2630 2714/2566/2566 2681/2565/2565
f 2715/2630/2630 2748/2631/2631 2747/2567/2567
f 2748/2631/2631 2781/2632/2632 2780/2569/2569
f 2781/2632/2632 2814/2633/2633 2813/2568/2568
f 2814/2633/2633 2847/2634/2634 2846/2570/2570
f 2847/2634/2634 2880/2636/2636 2879/2572/2572
f 2913/2635/2635 2912/2571/2571 2879/2572/2572
f 2946/2637/2637 2945/2574/2574 2912/2571/2571
f 2979/2638/2638 2978/2573/2573 2945/2574/2574
f 2979/2638/2638 3012/2639/2639 3011/2576/2576
f 3012/2639/2639 3045/2640/2640 3044/2575/2575
f 3045/2640/2640 3078/2641/2641 3077/2577/2577
f 3078/2641/2641 3111/2643/2643 3110/2579/2579
f 3144/2642/2642 3143/2578/2578 3110/2579/2579
f 3144/2642/2642 3177/2645/2645 3176/2580/2580
f 3210/2644/2644 3209/2581/2581 3176/2580/2580
f 3210/2644/2644 3243/2646/2646 3242/2582/2582
f 3243/2646/2646 3276/2648/2648 3275/2583/2583
f 3309/2647/2647 3308/2585/2585 3275/2583/2583
f 3342/2649/2649 3341/2584/2584 3308/2585/2585
f 3342/2649/2649 3375/2650/2650 3374/2587/2587
f 3375/2650/2650 3408/2652/2652 3407/2586/2586
f 3441/2651/2651 3440/2588/2588 3407/2586/2586
f 3474/2653/2653 3473/2590/2590 3440/2588/2588
f 3507/2654/2654 3506/2589/2589 3473/2590/2590
f 3507/2654/2654 3540/2655/2655 3539/2591/2591
f 3540/2655/2655 3573/2656/2656 3572/2593/2593
f 3573/2656/2656 3606/2657/2657 3605/2592/2592
f 3606/2657/2657 3639/2659/2659 3638/2595/2595
f 3672/2658/2658 3671/2594/2594 3638/2595/2595
f 3672/2658/2658 3705/2661/2661 3704/2596/2596
f 3738/2660/2660 3737/2598/2598 3704/2596/2596
f 3771/2662/2662 3770/2597/2597 3737/2598/2598
f 3771/2662/2662 3804/2664/2664 3803/2600/2600
f 3837/2663/2663 3836/2599/2599 3803/2600/2600
f 3837/2663/2663 3870/2665/2665 3869/2601/2601
f 3870/2665/2665 3903/2666/2666 3902/2602/2602
f 3903/2666/2666 3936/2668/2668 3935/2604/2604
f 3969/2667/2667 3968/2603/2603 3935/2604/2604
f 3969/2667/2667 4002/2670/2670 4001/2606/2606
f 4035/2669/2669 4034/2605/2605 4001/2606/2606
f 4035/2669/2669 4068/2671/2671 4067/2607/2607
f 4068/2671/2671 4101/2673/2673 4100/2609/2609
f 4134/2672/2672 4133/2608/2608 4100/2609/2609
f 4134/2672/2672 4167/2675/2675 4166/2610/2610
f 4200/2674/2674 4199/2611/2611 4166/2610/2610
f 2121/2613/2613 2120/2549/2549 4199/2611/2611
f 2155/2676/2676 2154/2612/2612 2121/2613/2613
f 2188/2678/2678 2187/2614/2614 2154/2612/2612
f 2188/2678/2678 2221/2679/2679 2220/2616/2616
f 2221/2679/2679 2254/2680/2680 2253/2615/2615
f 2254/2680/2680 2287/2681/2681 2286/2617/2617
f 2287/2681/2681 2320/2682/2682 2319/2618/2618
f 2320/2682/2682 2353/2683/2683 2352/2620/2620
f 2353/2683/2683 2386/2684/2684 2385/2619/2619
f 2386/2684/2684 2419/2685/2685 2418/2621/2621
f 2419/2685/2685 2452/2686/2686 2451/2622/2622
f 2452/2686/2686 2485/2688/2688 2484/2623/2623
f 2518/2687/2687 2517/2624/2624 2484/2623/2623
f 2551/2689/2689 2550/2625/2625 2517/2624/2624
f 2551/2689/2689 2584/2691/2691 2583/2627/2627
f 2617/2690/2690 2616/2626/2626 2583/2627/2627
f 2617/2690/2690 2650/2693/2693 2649/2629/2629
f 2683/2692/2692 2682/2628/2628 2649/2629/2629
f 2716/2694/2694 2715/2630/2630 2682/2628/2628
f 2716/2694/2694 2749/2695/2695 2748/2631/2631
f 2749/2695/2695 2782/2696/2696 2781/2632/2632
f 2782/2696/2696 2815/2697/2697 2814/2633/2633
f 2815/2697/2697 2848/2698/2698 2847/2634/2634
f 2848/2698/2698 2881/2699/2699 2880/2636/2636
f 2881/2699/2699 2914/2700/2700 2913/2635/2635
f 2914/2700/2700 2947/2701/2701 2946/2637/2637
f 2947/2701/2701 2980/2702/2702 2979/2638/2638
f 2980/2702/2702 3013/2703/2703 3012/2639/2639
f 3013/2703/2703 3046/2705/2705 3045/2640/2640
f 3079/2704/2704 3078/2641/2641 3045/2640/2640
f 3079/2704/2704 3112/2707/2707 3111/2643/2643
f 3145/2706/2706 3144/2642/2642 3111/2643/2643
f 3145/2706/2706 3178/2709/2709 3177/2645/2645
f 3211/2708/2708 3210/2644/2644 3177/2645/2645
f 3211/2708/2708 3244/2710/2710 3243/2646/2646
f 3244/2710/2710 3277/2712/2712 3276/2648/2648
f 3310/2711/2711 3309/2647/2647 3276/2648/2648
f 3310/2711/2711 3343/2713/2713 3342/2649/2649
f 3343/2713/2713 3376/2714/2714 3375/2650/2650
f 3376/2714/2714 3409/2715/2715 3408/2652/2652
f 3409/2715/2715 3442/2716/2716 3441/2651/2651
f 3442/2716/2716 3475/2718/2718 3474/2653/2653
f 3508/2717/2717 3507/2654/2654 3474/2653/2653
f 3508/2717/2717 3541/2719/2719 3540/2655/2655
f 3541/2719/2719 3574/2721/2721 3573/2656/2656
f 3607/2720/2720 3606/2657/2657 3573/2656/2656
f 3607/2720/2720 3640/2723/2723 3639/2659/2659
f 3673/2722/2722 3672/2658/2658 3639/2659/2659
f 3673/2722/2722 3706/2725/2725 3705/2661/2661
f 3739/2724/2724 3738/2660/2660 3705/2661/2661
f 3772/2726/2726 3771/2662/2662 3738/2660/2660
f 3772/2726/2726 3805/2728/2728 3804/2664/2664
f 3838/2727/2727 3837/2663/2663 3804/2664/2664
f 3838/2727/2727 3871/2729/2729 3870/2665/2665
f 3871/2729/2729 3904/2730/2730 3903/2666/2666
f 3904/2730/2730 3937/2732/2732 3936/2668/2668
f 3970/2731/2731 3969/2667/2667 3936/2668/2668
f 3970/2731/2731 4003/2733/2733 4002/2670/2670
f 4003/2733/2733 4036/2735/2735 4035/2669/2669
f 4069/2734/2734 4068/2671/2671 4035/2669/2669
f 4069/2734/2734 4102/2737/2737 4101/2673/2673
f 4135/2736/2736 4134/2672/2672 4101/2673/2673
f 4135/2736/2736 4168/2739/2739 4167/2675/2675
f 4201/2738/2738 4200/2674/2674 4167/2675/2675
f 2122/2677/2677 2121/2613/2613 4200/2674/2674
f 2156/2740/2740 2155/2676/2676 2122/2677/2677
f 2189/2742/2742 2188/2678/2678 2155/2676/2676
f 2189/2742/2742 2222/2744/2744 2221/2679/2679
f 2255/2743/2743 2254/2680/2680 2221/2679/2679
f 2288/2745/2745 2287/2681/2681 2254/2680/2680
f 2288/2745/2745 2321/2746/2746 2320/2682/2682
f 2321/2746/2746 2354/2748/2748 2353/2683/2683
f 2387/2747/2747 2386/2684/2684 2353/2683/2683
f 2420/2749/2749 2419/2685/2685 2386/2684/2684
f 2420/2749/2749 2453/2751/2751 2452/2686/2686
f 2486/2750/2750 2485/2688/2688 2452/2686/2686
f 2519/2752/2752 2518/2687/2687 2485/2688/2688
f 2519/2752/2752 2552/2753/2753 2551/2689/2689
f 2552/2753/2753 2585/2755/2755 2584/2691/2691
f 2618/2754/2754 2617/2690/2690 2584/2691/2691
f 2618/2754/2754 2651/2757/2757 2650/2693/2693
f 2684/2756/2756 2683/2692/2692 2650/2693/2693
f 2717/2758/2758 2716/2694/2694 2683/2692/2692
f 2717/2758/2758 2750/2760/2760 2749/2695/2695
f 2783/2759/2759 2782/2696/2696 2749/2695/2695
f 2816/2761/2761 2815/2697/2697 2782/2696/2696
f 2816/2761/2761 2849/2762/2762 2848/2698/2698
f 2849/2762/2762 2882/2764/2764 2881/2699/2699
f 2915/2763/2763 2914/2700/2700 2881/2699/2699
f 2915/2763/2763 2948/2765/2765 2947/2701/2701
f 2948/2765/2765 2981/2766/2766 2980/2702/2702
f 2981/2766/2766 3014/2767/2767 3013/2703/2703
f 3014/2767/2767 3047/2769/2769 3046/2705/2705
f 3080/2768/2768 3079/2704/2704 3046/2705/2705
f 3080/2768/2768 3113/2771/2771 3112/2707/2707
f 3146/2770/2770 3145/2706/2706 3112/2707/2707
f 3146/2770/2770 3179/2773/2773 3178/2709/2709
f 3212/2772/2772 3211/2708/2708 3178/2709/2709
f 3245/2774/2774 3244/2710/2710 3211/2708/2708
f 3245/2774/2774 3278/2776/2776 3277/2712/2712
f 3311/2775/2775 3310/2711/2711 3277/2712/2712
f 3344/2777/2777 3343/2713/2713 3310/2711/2711
f 3377/2778/2778 3376/2714/2714 3343/2713/2713
f 3377/2778/2778 3410/2780/2780 3409/2715/2715
f 3443/2779/2779 3442/2716/2716 3409/2715/2715
f 3443/2779/2779 3476/2781/2781 3475/2718/2718
f 3476/2781/2781 3509/2782/2782 3508/2717/2717
f 3509/2782/2782 3542/2783/2783 3541/2719/2719
f 3542/2783/2783 3575/2785/2785 3574/2721/2721
f 3608/2784/2784 3607/2720/2720 3574/2721/2721
f 3608/2784/2784 3641/2787/2787 3640/2723/2723
f 3674/2786/2786 3673/2722/2722 3640/2723/2723
f 3674/2786/2786 3707/2789/2789 3706/2725/2725
f 3740/2788/2788 3739/2724/2724 3706/2725/2725
f 3773/2790/2790 3772/2726/2726 3739/2724/2724
f 3773/2790/2790 3806/2791/2791 3805/2728/2728
f 3806/2791/2791 3839/2792/2792 3838/2727/2727
f 3839/2792/2792 3872/2794/2794 3871/2729/2729
f 3905/2793/2793 3904/2730/2730 3871/2729/2729
f 3905/2793/2793 3938/2796/2796 3937/2732/2732
f 3971/2795/2795 3970/2731/2731 3937/2732/2732
f 3971/2795/2795 4004/2797/2797 4003/2733/2733
f 4004/2797/2797 4037/2799/2799 4036/2735/2735
f 4070/2798/2798 4069/2734/2734 4036/2735/2735
f 4070/2798/2798 4103/2801/2801 4102/2737/2737
f 4136/2800/2800 4135/2736/2736 4102/2737/2737
f 4136/2800/2800 4169/2803/2803 4168/2739/2739
f 4202/2802/2802 4201/2738/2738 4168/2739/2739
f 4202/2802/2802 2123/2741/2741 2122/2677/2677
f 2124/2804/2804 2157/2806/2806 2156/2740/2740
f 2190/2805/2805 2189/2742/2742 2156/2740/2740
f 2190/2805/2805 2223/2808/2808 2222/2744/2744
f 2256/2807/2807 2255/2743/2743 2222/2744/2744
f 2289/2809/2809 2288/2745/2745 2255/2743/2743
f 2289/2809/2809 2322/2810/2810 2321/2746/2746
f 2322/2810/2810 2355/2812/2812 2354/2748/2748
f 2388/2811/2811 2387/2747/2747 2354/2748/2748
f 2388/2811/2811 2421/2813/2813 2420/2749/2749
f 2421/2813/2813 2454/2815/2815 2453/2751/2751
f 2487/2814/2814 2486/2750/2750 2453/2751/2751
f 2520/2816/2816 2519/2752/2752 2486/2750/2750
f 2553/2817/2817 2552/2753/2753 2519/2752/2752
f 2553/2817/2817 2586/2819/2819 2585/2755/2755
f 2619/2818/2818 2618/2754/2754 2585/2755/2755
f 2652/2820/2820 2651/2757/2757 2618/2754/2754
f 2685/2821/2821 2684/2756/2756 2651/2757/2757
f 2718/2822/2822 2717/2758/2758 2684/2756/2756
f 2718/2822/2822 2751/2823/2823 2750/2760/2760
f 2751/2823/2823 2784/2824/2824 2783/2759/2759
f 2784/2824/2824 2817/2826/2826 2816/2761/2761
f 2850/2825/2825 2849/2762/2762 2816/2761/2761
f 2850/2825/2825 2883/2828/2828 2882/2764/2764
f 2916/2827/2827 2915/2763/2763 2882/2764/2764
f 2916/2827/2827 2949/2829/2829 2948/2765/2765
f 2949/2829/2829 2982/2830/2830 2981/2766/2766
f 2982/2830/2830 3015/2831/2831 3014/2767/2767
f 3015/2831/2831 3048/2833/2833 3047/2769/2769
f 3081/2832/2832 3080/2768/2768 3047/2769/2769
f 3081/2832/2832 3114/2835/2835 3113/2771/2771
f 3147/2834/2834 3146/2770/2770 3113/2771/2771
f 3180/2836/2836 3179/2773/2773 3146/2770/2770
f 3180/2836/2836 3213/2838/2838 3212/2772/2772
f 3246/2837/2837 3245/2774/2774 3212/2772/2772
f 3246/2837/2837 3279/2840/2840 3278/2776/2776
f 3312/2839/2839 3311/2775/2775 3278/2776/2776
f 3312/2839/2839 3345/2842/2842 3344/2777/2777
f 3378/2841/2841 3377/2778/2778 3344/2777/2777
f 3378/2841/2841 3411/2843/2843 3410/2780/2780
f 3411/2843/2843 3444/2844/2844 3443/2779/2779
f 3444/2844/2844 3477/2845/2845 3476/2781/2781
f 3477/2845/2845 3510/2847/2847 3509/2782/2782
f 3543/2846/2846 3542/2783/2783 3509/2782/2782
f 3576/2848/2848 3575/2785/2785 3542/2783/2783
f 3609/2849/2849 3608/2784/2784 3575/2785/2785
f 3609/2849/2849 3642/2851/2851 3641/2787/2787
f 3675/2850/2850 3674/2786/2786 3641/2787/2787
f 3708/2852/2852 3707/2789/2789 3674/2786/2786
f 3708/2852/2852 3741/2854/2854 3740/2788/2788
f 3774/2853/2853 3773/2790/2790 3740/2788/2788
f 3774/2853/2853 3807/2856/2856 3806/2791/2791
f 3840/2855/2855 3839/2792/2792 3806/2791/2791
f 3840/2855/2855 3873/2858/2858 3872/2794/2794
f 3906/2857/2857 3905/2793/2793 3872/2794/2794
f 3906/2857/2857 3939/2860/2860 3938/2796/2796
f 3972/2859/2859 3971/2795/2795 3938/2796/2796
f 4005/2861/2861 4004/2797/2797 3971/2795/2795
f 4005/2861/2861 4038/2863/2863 4037/2799/2799
f 4071/2862/2862 4070/2798/2798 4037/2799/2799
f 4071/2862/2862 4104/2865/2865 4103/2801/2801
f 4137/2864/2864 4136/2800/2800 4103/2801/2801
f 4137/2864/2864 4170/2867/2867 4169/2803/2803
f 4203/2866/2866 4202/2802/2802 4169/2803/2803
f 2124/2804/2804 2123/2741/2741 4202/2802/2802
f 2158/2868/2868 2157/2806/2806 2124/2804/2804
f 2191/2870/2870 2190/2805/2805 2157/2806/2806
f 2191/2870/2870 2224/2872/2872 2223/2808/2808
f 2257/2871/2871 2256/2807/2807 2223/2808/2808
f 2257/2871/2871 2290/2873/2873 2289/2809/2809
f 2290/2873/2873 2323/2874/2874 2322/2810/2810
f 2323/2874/2874 2356/2876/2876 2355/2812/2812
f 2389/2875/2875 2388/2811/2811 2355/2812/2812
f 2422/2877/2877 2421/2813/2813 2388/2811/2811
f 2422/2877/2877 2455/2879/2879 2454/2815/2815
f 2488/2878/2878 2487/2814/2814 2454/2815/2815
f 2521/2880/2880 2520/2816/2816 2487/2814/2814
f 2521/2880/2880 2554/2881/2881 2553/2817/2817
f 2554/2881/2881 2587/2883/2883 2586/2819/2819
f 2620/2882/2882 2619/2818/2818 2586/2819/2819
f 2653/2884/2884 2652/2820/2820 2619/2818/2818
f 2653/2884/2884 2686/2886/2886 2685/2821/2821
f 2719/2885/2885 2718/2822/2822 2685/2821/2821
f 2719/2885/2885 2752/2887/2887 2751/2823/2823
f 2752/2887/2887 2785/2889/2889 2784/2824/2824
f 2818/2888/2888 2817/2826/2826 2784/2824/2824
f 2851/2890/2890 2850/2825/2825 2817/2826/2826
f 2851/2890/2890 2884/2892/2892 2883/2828/2828
f 2917/2891/2891 2916/2827/2827 2883/2828/2828
f 2917/2891/2891 2950/2893/2893 2949/2829/2829
f 2950/2893/2893 2983/2895/2895 2982/2830/2830
f 3016/2894/2894 3015/2831/2831 2982/2830/2830
f 3016/2894/2894 3049/2897/2897 3048/2833/2833
f 3082/2896/2896 3081/2832/2832 3048/2833/2833
f 3082/2896/2896 3115/2899/2899 3114/2835/2835
f 3148/2898/2898 3147/2834/2834 3114/2835/2835
f 3148/2898/2898 3181/2901/2901 3180/2836/2836
f 3214/2900/2900 3213/2838/2838 3180/2836/2836
f 3247/2902/2902 3246/2837/2837 3213/2838/2838
f 3247/2902/2902 3280/2904/2904 3279/2840/2840
f 3313/2903/2903 3312/2839/2839 3279/2840/2840
f 3313/2903/2903 3346/2906/2906 3345/2842/2842
f 3379/2905/2905 3378/2841/2841 3345/2842/2842
f 3379/2905/2905 3412/2908/2908 3411/2843/2843
f 3445/2907/2907 3444/2844/2844 3411/2843/2843
f 3445/2907/2907 3478/2909/2909 3477/2845/2845
f 3478/2909/2909 3511/2910/2910 3510/2847/2847
f 3511/2910/2910 3544/2911/2911 3543/2846/2846
f 3544/2911/2911 3577/2913/2913 3576/2848/2848
f 3610/2912/2912 3609/2849/2849 3576/2848/2848
f 3610/2912/2912 3643/2915/2915 3642/2851/2851
f 3676/2914/2914 3675/2850/2850 3642/2851/2851
f 3676/2914/2914 3709/2916/2916 3708/2852/2852
f 3709/2916/2916 3742/2918/2918 3741/2854/2854
f 3775/2917/2917 3774/2853/2853 3741/2854/2854
f 3775/2917/2917 3808/2920/2920 3807/2856/2856
f 3841/2919/2919 3840/2855/2855 3807/2856/2856
f 3841/2919/2919 3874/2921/2921 3873/2858/2858
f 3874/2921/2921 3907/2922/2922 3906/2857/2857
f 3907/2922/2922 3940/2923/2923 3939/2860/2860
f 3940/2923/2923 3973/2924/2924 3972/2859/2859
f 3973/2924/2924 4006/2925/2925 4005/2861/2861
f 4006/2925/2925 4039/2927/2927 4038/2863/2863
f 4072/2926/2926 4071/2862/2862 4038/2863/2863
f 4072/2926/2926 4105/2929/2929 4104/2865/2865
f 4138/2928/2928 4137/2864/2864 4104/2865/2865
f 4138/2928/2928 4171/2930/2930 4170/2867/2867
f 4171/2930/2930 4204/2931/2931 4203/2866/2866
f 2125/2869/2869 2124/2804/2804 4203/2866/2866
f 2159/2932/2932 2158/2868/2868 2125/2869/2869
f 2192/2934/2934 2191/2870/2870 2158/2868/2868
f 2192/2934/2934 2225/2936/2936 2224/2872/2872
f 2258/2935/2935 2257/2871/2871 2224/2872/2872
f 2291/2937/2937 2290/2873/2873 2257/2871/2871
f 2291/2937/2937 2324/2938/2938 2323/2874/2874
f 2324/2938/2938 2357/2940/2940 2356/2876/2876
f 2390/2939/2939 2389/2875/2875 2356/2876/2876
f 2423/2941/2941 2422/2877/2877 2389/2875/2875
f 2423/2941/2941 2456/2943/2943 2455/2879/2879
f 2489/2942/2942 2488/2878/2878 2455/2879/2879
f 2489/2942/2942 2522/2944/2944 2521/2880/2880
f 2522/2944/2944 2555/2945/2945 2554/2881/2881
f 2555/2945/2945 2588/2947/2947 2587/2883/2883
f 2621/2946/2946 2620/2882/2882 2587/2883/2883
f 2654/2948/2948 2653/2884/2884 2620/2882/2882
f 2654/2948/2948 2687/2950/2950 2686/2886/2886
f 2720/2949/2949 2719/2885/2885 2686/2886/2886
f 2720/2949/2949 2753/2951/2951 2752/2887/2887
f 2753/2951/2951 2786/2953/2953 2785/2889/2889
f 2819/2952/2952 2818/2888/2888 2785/2889/2889
f 2852/2954/2954 2851/2890/2890 2818/2888/2888
f 2852/2954/2954 2885/2956/2956 2884/2892/2892
f 2918/2955/2955 2917/2891/2891 2884/2892/2892
f 2918/2955/2955 2951/2958/2958 2950/2893/2893
f 2984/2957/2957 2983/2895/2895 2950/2893/2893
f 2984/2957/2957 3017/2960/2960 3016/2894/2894
f 3050/2959/2959 3049/2897/2897 3016/2894/2894
f 3050/2959/2959 3083/2961/2961 3082/2896/2896
f 3083/2961/2961 3116/2963/2963 3115/2899/2899
f 3149/2962/2962 3148/2898/2898 3115/2899/2899
f 3182/2964/2964 3181/2901/2901 3148/2898/2898
f 3182/2964/2964 3215/2966/2966 3214/2900/2900
f 3248/2965/2965 3247/2902/2902 3214/2900/2900
f 3248/2965/2965 3281/2968/2968 3280/2904/2904
f 3314/2967/2967 3313/2903/2903 3280/2904/2904
f 3347/2969/2969 3346/2906/2906 3313/2903/2903
f 3380/2970/2970 3379/2905/2905 3346/2906/2906
f 3380/2970/2970 3413/2972/2972 3412/2908/2908
f 3446/2971/2971 3445/2907/2907 3412/2908/2908
f 3446/2971/2971 3479/2973/2973 3478/2909/2909
f 3479/2973/2973 3512/2974/2974 3511/2910/2910
f 3512/2974/2974 3545/2975/2975 3544/2911/2911
f 3545/2975/2975 3578/2977/2977 3577/2913/2913
f 3611/2976/2976 3610/2912/2912 3577/2913/2913
f 3611/2976/2976 3644/2979/2979 3643/2915/2915
f 3677/2978/2978 3676/2914/2914 3643/2915/2915
f 3677/2978/2978 3710/2980/2980 3709/2916/2916
f 3710/2980/2980 3743/2982/2982 3742/2918/2918
f 3776/2981/2981 3775/2917/2917 3742/2918/2918
f 3776/2981/2981 3809/2984/2984 3808/2920/2920
f 3842/2983/2983 3841/2919/2919 3808/2920/2920
f 3842/2983/2983 3875/2986/2986 3874/2921/2921
f 3908/2985/2985 3907/2922/2922 3874/2921/2921
f 3908/2985/2985 3941/2988/2988 3940/2923/2923
f 3974/2987/2987 3973/2924/2924 3940/2923/2923
f 4007/2989/2989 4006/2925/2925 3973/2924/2924
f 4007/2989/2989 4040/2991/2991 4039/2927/2927
f 4073/2990/2990 4072/2926/2926 4039/2927/2927
f 4073/2990/2990 4106/2993/2993 4105/2929/2929
f 4139/2992/2992 4138/2928/2928 4105/2929/2929
f 4139/2992/2992 4172/2994/2994 4171/2930/2930
f 4172/2994/2994 4205/2995/2995 4204/2931/2931
f 2126/2933/2933 2125/2869/2869 4204/2931/2931
f 2127/2996/2996 2160/2998/2998 2159/2932/2932
f 2193/2997/2997 2192/2934/2934 2159/2932/2932
f 2193/2997/2997 2226/3000/3000 2225/2936/2936
f 2259/2999/2999 2258/2935/2935 2225/2936/2936
f 2292/3001/3001 2291/2937/2937 2258/2935/2935
f 2292/3001/3001 2325/3002/3002 2324/2938/2938
f 2325/3002/3002 2358/3003/3003 2357/2940/2940
f 2358/3003/3003 2391/3005/3005 2390/2939/2939
f 2424/3004/3004 2423/2941/2941 2390/2939/2939
f 2424/3004/3004 2457/3007/3007 2456/2943/2943
f 2490/3006/3006 2489/2942/2942 2456/2943/2943
f 2523/3008/3008 2522/2944/2944 2489/2942/2942
f 2523/3008/3008 2556/3009/3009 2555/2945/2945
f 2556/3009/3009 2589/3010/3010 2588/2947/2947
f 2589/3010/3010 2622/3012/3012 2621/2946/2946
f 2655/3011/3011 2654/2948/2948 2621/2946/2946
f 2655/3011/3011 2688/3014/3014 2687/2950/2950
f 2721/3013/3013 2720/2949/2949 2687/2950/2950
f 2721/3013/3013 2754/3015/3015 2753/2951/2951
f 2754/3015/3015 2787/3017/3017 2786/2953/2953
f 2820/3016/3016 2819/2952/2952 2786/2953/2953
f 2853/3018/3018 2852/2954/2954 2819/2952/2952
f 2853/3018/3018 2886/3020/3020 2885/2956/2956
f 2919/3019/3019 2918/2955/2955 2885/2956/2956
f 2919/3019/3019 2952/3021/3021 2951/2958/2958
f 2952/3021/3021 2985/3022/3022 2984/2957/2957
f 2985/3022/3022 3018/3024/3024 3017/2960/2960
f 3051/3023/3023 3050/2959/2959 3017/2960/2960
f 3051/3023/3023 3084/3025/3025 3083/2961/2961
f 3084/3025/3025 3117/3027/3027 3116/2963/2963
f 3150/3026/3026 3149/2962/2962 3116/2963/2963
f 3183/3028/3028 3182/2964/2964 3149/2962/2962
f 3183/3028/3028 3216/3029/3029 3215/2966/2966
f 3216/3029/3029 3249/3030/3030 3248/2965/2965
f 3249/3030/3030 3282/3032/3032 3281/2968/2968
f 3315/3031/3031 3314/2967/2967 3281/2968/2968
f 3348/3033/3033 3347/2969/2969 3314/2967/2967
f 3381/3034/3034 3380/2970/2970 3347/2969/2969
f 3381/3034/3034 3414/3036/3036 3413/2972/2972
f 3447/3035/3035 3446/2971/2971 3413/2972/2972
f 3480/3037/3037 3479/2973/2973 3446/2971/2971
f 3513/3038/3038 3512/2974/2974 3479/2973/2973
f 3546/3039/3039 3545/2975/2975 3512/2974/2974
f 3579/3040/3040 3578/2977/2977 3545/2975/2975
f 3612/3041/3041 3611/2976/2976 3578/2977/2977
f 3645/3042/3042 3644/2979/2979 3611/2976/2976
f 3645/3042/3042 3678/3043/3043 3677/2978/2978
f 3678/3043/3043 3711/3044/3044 3710/2980/2980
f 3711/3044/3044 3744/3046/3046 3743/2982/2982
f 3777/3045/3045 3776/2981/2981 3743/2982/2982
f 3777/3045/3045 3810/3048/3048 3809/2984/2984
f 3843/3047/3047 3842/2983/2983 3809/2984/2984
f 3843/3047/3047 3876/3050/3050 3875/2986/2986
f 3909/3049/3049 3908/2985/2985 3875/2986/2986
f 3909/3049/3049 3942/3051/3051 3941/2988/2988
f 3942/3051/3051 3975/3052/3052 3974/2987/2987
f 3975/3052/3052 4008/3053/3053 4007/2989/2989
f 4008/3053/3053 4041/3055/3055 4040/2991/2991
f 4074/3054/3054 4073/2990/2990 4040/2991/2991
f 4074/3054/3054 4107/3057/3057 4106/2993/2993
f 4140/3056/3056 4139/2992/2992 4106/2993/2993
f 4140/3056/3056 4173/3059/3059 4172/2994/2994
f 4206/3058/3058 4205/2995/2995 4172/2994/2994
f 4206/3058/3058 2127/2996/2996 2126/2933/2933
f 2161/3060/3060 2160/2998/2998 2127/2996/2996
f 2161/3060/3060 2194/3062/3062 2193/2997/2997
f 2194/3062/3062 2227/3064/3064 2226/3000/3000
f 2260/3063/3063 2259/2999/2999 2226/3000/3000
f 2293/3065/3065 2292/3001/3001 2259/2999/2999
f 2293/3065/3065 2326/3066/3066 2325/3002/3002
f 2326/3066/3066 2359/3068/3068 2358/3003/3003
f 2392/3067/3067 2391/3005/3005 2358/3003/3003
f 2392/3067/3067 2425/3069/3069 2424/3004/3004
f 2425/3069/3069 2458/3071/3071 2457/3007/3007
f 2491/3070/3070 2490/3006/3006 2457/3007/3007
f 2491/3070/3070 2524/3072/3072 2523/3008/3008
f 2524/3072/3072 2557/3073/3073 2556/3009/3009
f 2557/3073/3073 2590/3074/3074 2589/3010/3010
f 2590/3074/3074 2623/3076/3076 2622/3012/3012
f 2656/3075/3075 2655/3011/3011 2622/3012/3012
f 2656/3075/3075 2689/3077/3077 2688/3014/3014
f 2689/3077/3077 2722/3078/3078 2721/3013/3013
f 2722/3078/3078 2755/3079/3079 2754/3015/3015
f 2755/3079/3079 2788/3081/3081 2787/3017/3017
f 2821/3080/3080 2820/3016/3016 2787/3017/3017
f 2821/3080/3080 2854/3082/3082 2853/3018/3018
f 2854/3082/3082 2887/3084/3084 2886/3020/3020
f 2920/3083/3083 2919/3019/3019 2886/3020/3020
f 2920/3083/3083 2953/3085/3085 2952/3021/3021
f 2953/3085/3085 2986/3086/3086 2985/3022/3022
f 2986/3086/3086 3019/3088/3088 3018/3024/3024
f 3052/3087/3087 3051/3023/3023 3018/3024/3024
f 3085/3089/3089 3084/3025/3025 3051/3023/3023
f 3118/3090/3090 3117/3027/3027 3084/3025/3025
f 3118/3090/3090 3151/3092/3092 3150/3026/3026
f 3184/3091/3091 3183/3028/3028 3150/3026/3026
f 3184/3091/3091 3217/3093/3093 3216/3029/3029
f 3217/3093/3093 3250/3094/3094 3249/3030/3030
f 3250/3094/3094 3283/3096/3096 3282/3032/3032
f 3316/3095/3095 3315/3031/3031 3282/3032/3032
f 3349/3097/3097 3348/3033/3033 3315/3031/3031
f 3382/3098/3098 3381/3034/3034 3348/3033/3033
f 3382/3098/3098 3415/3100/3100 3414/3036/3036
f 3448/3099/3099 3447/3035/3035 3414/3036/3036
f 3448/3099/3099 3481/3101/3101 3480/3037/3037
f 3481/3101/3101 3514/3102/3102 3513/3038/3038
f 3514/3102/3102 3547/3104/3104 3546/3039/3039
f 3580/3103/3103 3579/3040/3040 3546/3039/3039
f 3613/3105/3105 3612/3041/3041 3579/3040/3040
f 3646/3106/3106 3645/3042/3042 3612/3041/3041
f 3646/3106/3106 3679/3108/3108 3678/3043/3043
f 3712/3107/3107 3711/3044/3044 3678/3043/3043
f 3712/3107/3107 3745/3109/3109 3744/3046/3046
f 3745/3109/3109 3778/3111/3111 3777/3045/3045
f 3811/3110/3110 3810/3048/3048 3777/3045/3045
f 3844/3112/3112 3843/3047/3047 3810/3048/3048
f 3844/3112/3112 3877/3114/3114 3876/3050/3050
f 3910/3113/3113 3909/3049/3049 3876/3050/3050
f 3910/3113/3113 3943/3116/3116 3942/3051/3051
f 3976/3115/3115 3975/3052/3052 3942/3051/3051
f 4009/3117/3117 4008/3053/3053 3975/3052/3052
f 4009/3117/3117 4042/3119/3119 4041/3055/3055
f 4075/3118/3118 4074/3054/3054 4041/3055/3055
f 4108/3120/3120 4107/3057/3057 4074/3054/3054
f 4141/3121/3121 4140/3056/3056 4107/3057/3057
f 4141/3121/3121 4174/3122/3122 4173/3059/3059
f 4174/3122/3122 4207/3123/3123 4206/3058/3058
f 2128/3061/3061 2127/2996/2996 4206/3058/3058
f 2129/3124/3124 2162/3125/3125 2161/3060/3060
f 2162/3125/3125 2195/3126/3126 2194/3062/3062
f 2195/3126/3126 2228/3127/3127 2227/3064/3064
f 2228/3127/3127 2261/3128/3128 2260/3063/3063
f 2261/3128/3128 2294/3130/3130 2293/3065/3065
f 2327/3129/3129 2326/3066/3066 2293/3065/3065
f 2327/3129/3129 2360/3132/3132 2359/3068/3068
f 2393/3131/3131 2392/3067/3067 2359/3068/3068
f 2393/3131/3131 2426/3133/3133 2425/3069/3069
f 2426/3133/3133 2459/3135/3135 2458/3071/3071
f 2492/3134/3134 2491/3070/3070 2458/3071/3071
f 2525/3136/3136 2524/3072/3072 2491/3070/3070
f 2558/3137/3137 2557/3073/3073 2524/3072/3072
f 2591/3138/3138 2590/3074/3074 2557/3073/3073
f 2591/3138/3138 2624/3140/3140 2623/3076/3076
f 2657/3139/3139 2656/3075/3075 2623/3076/3076
f 2690/3141/3141 2689/3077/3077 2656/3075/3075
f 2690/3141/3141 2723/3143/3143 2722/3078/3078
f 2756/3142/3142 2755/3079/3079 2722/3078/3078
f 2756/3142/3142 2789/3144/3144 2788/3081/3081
f 2789/3144/3144 2822/3146/3146 2821/3080/3080
f 2855/3145/3145 2854/3082/3082 2821/3080/3080
f 2855/3145/3145 2888/3148/3148 2887/3084/3084
f 2921/3147/3147 2920/3083/3083 2887/3084/3084
f 2921/3147/3147 2954/3150/3150 2953/3085/3085
f 2987/3149/3149 2986/3086/3086 2953/3085/3085
f 2987/3149/3149 3020/3152/3152 3019/3088/3088
f 3053/3151/3151 3052/3087/3087 3019/3088/3088
f 3053/3151/3151 3086/3154/3154 3085/3089/3089
f 3119/3153/3153 3118/3090/3090 3085/3089/3089
f 3119/3153/3153 3152/3155/3155 3151/3092/3092
f 3152/3155/3155 3185/3156/3156 3184/3091/3091
f 3185/3156/3156 3218/3157/3157 3217/3093/3093
f 3218/3157/3157 3251/3159/3159 3250/3094/3094
f 3284/3158/3158 3283/3096/3096 3250/3094/3094
f 3317/3160/3160 3316/3095/3095 3283/3096/3096
f 3317/3160/3160 3350/3162/3162 3349/3097/3097
f 3383/3161/3161 3382/3098/3098 3349/3097/3097
f 3383/3161/3161 3416/3164/3164 3415/3100/3100
f 3449/3163/3163 3448/3099/3099 3415/3100/3100
f 3482/3165/3165 3481/3101/3101 3448/3099/3099
f 3515/3166/3166 3514/3102/3102 3481/3101/3101
f 3515/3166/3166 3548/3168/3168 3547/3104/3104
f 3581/3167/3167 3580/3103/3103 3547/3104/3104
f 3614/3169/3169 3613/3105/3105 3580/3103/3103
f 3614/3169/3169 3647/3170/3170 3646/3106/3106
f 3647/3170/3170 3680/3171/3171 3679/3108/3108
f 3680/3171/3171 3713/3172/3172 3712/3107/3107
f 3713/3172/3172 3746/3173/3173 3745/3109/3109
f 3746/3173/3173 3779/3174/3174 3778/3111/3111
f 3779/3174/3174 3812/3176/3176 3811/3110/3110
f 3845/3175/3175 3844/3112/3112 3811/3110/3110
f 3845/3175/3175 3878/3178/3178 3877/3114/3114
f 3911/3177/3177 3910/3113/3113 3877/3114/3114
f 3911/3177/3177 3944/3180/3180 3943/3116/3116
f 3977/3179/3179 3976/3115/3115 3943/3116/3116
f 4010/3181/3181 4009/3117/3117 3976/3115/3115
f 4010/3181/3181 4043/3182/3182 4042/3119/3119
f 4043/3182/3182 4076/3183/3183 4075/3118/3118
f 4076/3183/3183 4109/3185/3185 4108/3120/3120
f 4142/3184/3184 4141/3121/3121 4108/3120/3120
f 4142/3184/3184 4175/3186/3186 4174/3122/3122
f 4175/3186/3186 4208/3187/3187 4207/3123/3123
f 2129/3124/3124 2128/3061/3061 4207/3123/3123
f 2163/3188/3188 2162/3125/3125 2129/3124/3124
f 2196/3190/3190 2195/3126/3126 2162/3125/3125
f 2196/3190/3190 2229/3191/3191 2228/3127/3127
f 2229/3191/3191 2262/3193/3193 2261/3128/3128
f 2295/3192/3192 2294/3130/3130 2261/3128/3128
f 2295/3192/3192 2328/3194/3194 2327/3129/3129
f 2328/3194/3194 2361/3196/3196 2360/3132/3132
f 2394/3195/3195 2393/3131/3131 2360/3132/3132
f 2427/3197/3197 2426/3133/3133 2393/3131/3131
f 2427/3197/3197 2460/3198/3198 2459/3135/3135
f 2460/3198/3198 2493/3199/3199 2492/3134/3134
f 2493/3199/3199 2526/3200/3200 2525/3136/3136
f 2526/3200/3200 2559/3201/3201 2558/3137/3137
f 2559/3201/3201 2592/3202/3202 2591/3138/3138
f 2592/3202/3202 2625/3203/3203 2624/3140/3140
f 2625/3203/3203 2658/3204/3204 2657/3139/3139
f 2658/3204/3204 2691/3206/3206 2690/3141/3141
f 2724/3205/3205 2723/3143/3143 2690/3141/3141
f 2724/3205/3205 2757/3207/3207 2756/3142/3142
f 2757/3207/3207 2790/3208/3208 2789/3144/3144
f 2790/3208/3208 2823/3210/3210 2822/3146/3146
f 2856/3209/3209 2855/3145/3145 2822/3146/3146
f 2856/3209/3209 2889/3212/3212 2888/3148/3148
f 2922/3211/3211 2921/3147/3147 2888/3148/3148
f 2922/3211/3211 2955/3213/3213 2954/3150/3150
f 2955/3213/3213 2988/3214/3214 2987/3149/3149
f 2988/3214/3214 3021/3215/3215 3020/3152/3152
f 3021/3215/3215 3054/3216/3216 3053/3151/3151
f 3054/3216/3216 3087/3217/3217 3086/3154/3154
f 3087/3217/3217 3120/3218/3218 3119/3153/3153
f 3120/3218/3218 3153/3219/3219 3152/3155/3155
f 3153/3219/3219 3186/3221/3221 3185/3156/3156
f 3219/3220/3220 3218/3157/3157 3185/3156/3156
f 3252/3222/3222 3251/3159/3159 3218/3157/3157
f 3252/3222/3222 3285/3224/3224 3284/3158/3158
f 3318/3223/3223 3317/3160/3160 3284/3158/3158
f 3318/3223/3223 3351/3226/3226 3350/3162/3162
f 3384/3225/3225 3383/3161/3161 3350/3162/3162
f 3384/3225/3225 3417/3227/3227 3416/3164/3164
f 3417/3227/3227 3450/3228/3228 3449/3163/3163
f 3450/3228/3228 3483/3229/3229 3482/3165/3165
f 3483/3229/3229 3516/3230/3230 3515/3166/3166
f 3516/3230/3230 3549/3231/3231 3548/3168/3168
f 3549/3231/3231 3582/3233/3233 3581/3167/3167
f 3615/3232/3232 3614/3169/3169 3581/3167/3167
f 3648/3234/3234 3647/3170/3170 3614/3169/3169
f 3648/3234/3234 3681/3235/3235 3680/3171/3171
f 3681/3235/3235 3714/3236/3236 3713/3172/3172
f 3714/3236/3236 3747/3238/3238 3746/3173/3173
f 3780/3237/3237 3779/3174/3174 3746/3173/3173
f 3780/3237/3237 3813/3239/3239 3812/3176/3176
f 3813/3239/3239 3846/3240/3240 3845/3175/3175
f 3846/3240/3240 3879/3242/3242 3878/3178/3178
f 3912/3241/3241 3911/3177/3177 3878/3178/3178
f 3912/3241/3241 3945/3243/3243 3944/3180/3180
f 3945/3243/3243 3978/3244/3244 3977/3179/3179
f 3978/3244/3244 4011/3245/3245 4010/3181/3181
f 4011/3245/3245 4044/3247/3247 4043/3182/3182
f 4077/3246/3246 4076/3183/3183 4043/3182/3182
f 4077/3246/3246 4110/3248/3248 4109/3185/3185
f 4110/3248/3248 4143/3249/3249 4142/3184/3184
f 4143/3249/3249 4176/3251/3251 4175/3186/3186
f 4209/3250/3250 4208/3187/3187 4175/3186/3186
f 4209/3250/3250 2130/3189/3189 2129/3124/3124
f 2164/3252/3252 2163/3188/3188 2130/3189/3189
f 2197/3254/3254 2196/3190/3190 2163/3188/3188
f 2197/3254/3254 2230/3255/3255 2229/3191/3191
f 2230/3255/3255 2263/3256/3256 2262/3193/3193
f 2263/3256/3256 2296/3257/3257 2295/3192/3192
f 2296/3257/3257 2329/3258/3258 2328/3194/3194
f 2329/3258/3258 2362/3260/3260 2361/3196/3196
f 2395/3259/3259 2394/3195/3195 2361/3196/3196
f 2428/3261/3261 2427/3197/3197 2394/3195/3195
f 2428/3261/3261 2461/3263/3263 2460/3198/3198
f 2494/3262/3262 2493/3199/3199 2460/3198/3198
f 2527/3264/3264 2526/3200/3200 2493/3199/3199
f 2527/3264/3264 2560/3265/3265 2559/3201/3201
f 2560/3265/3265 2593/3267/3267 2592/3202/3202
f 2626/3266/3266 2625/3203/3203 2592/3202/3202
f 2626/3266/3266 2659/3269/3269 2658/3204/3204
f 2692/3268/3268 2691/3206/3206 2658/3204/3204
f 2725/3270/3270 2724/3205/3205 2691/3206/3206
f 2725/3270/3270 2758/3271/3271 2757/3207/3207
f 2758/3271/3271 2791/3272/3272 2790/3208/3208
f 2791/3272/3272 2824/3273/3273 2823/3210/3210
f 2824/3273/3273 2857/3274/3274 2856/3209/3209
f 2857/3274/3274 2890/3276/3276 2889/3212/3212
f 2923/3275/3275 2922/3211/3211 2889/3212/3212
f 2956/3277/3277 2955/3213/3213 2922/3211/3211
f 2989/3278/3278 2988/3214/3214 2955/3213/3213
f 3022/3279/3279 3021/3215/3215 2988/3214/3214
f 3022/3279/3279 3055/3280/3280 3054/3216/3216
f 3055/3280/3280 3088/3281/3281 3087/3217/3217
f 3088/3281/3281 3121/3283/3283 3120/3218/3218
f 3154/3282/3282 3153/3219/3219 3120/3218/3218
f 3154/3282/3282 3187/3284/3284 3186/3221/3221
f 3187/3284/3284 3220/3286/3286 3219/3220/3220
f 3253/3285/3285 3252/3222/3222 3219/3220/3220
f 3253/3285/3285 3286/3287/3287 3285/3224/3224
f 3286/3287/3287 3319/3288/3288 3318/3223/3223
f 3319/3288/3288 3352/3289/3289 3351/3226/3226
f 3352/3289/3289 3385/3290/3290 3384/3225/3225
f 3385/3290/3290 3418/3292/3292 3417/3227/3227
f 3451/3291/3291 3450/3228/3228 3417/3227/3227
f 3451/3291/3291 3484/3293/3293 3483/3229/3229
f 3484/3293/3293 3517/3294/3294 3516/3230/3230
f 3517/3294/3294 3550/3296/3296 3549/3231/3231
f 3583/3295/3295 3582/3233/3233 3549/3231/3231
f 3583/3295/3295 3616/3298/3298 3615/3232/3232
f 3649/3297/3297 3648/3234/3234 3615/3232/3232
f 3649/3297/3297 3682/3299/3299 3681/3235/3235
f 3682/3299/3299 3715/3300/3300 3714/3236/3236
f 3715/3300/3300 3748/3302/3302 3747/3238/3238
f 3781/3301/3301 3780/3237/3237 3747/3238/3238
f 3781/3301/3301 3814/3303/3303 3813/3239/3239
f 3814/3303/3303 3847/3305/3305 3846/3240/3240
f 3880/3304/3304 3879/3242/3242 3846/3240/3240
f 3913/3306/3306 3912/3241/3241 3879/3242/3242
f 3913/3306/3306 3946/3308/3308 3945/3243/3243
f 3979/3307/3307 3978/3244/3244 3945/3243/3243
f 3979/3307/3307 4012/3309/3309 4011/3245/3245
f 4012/3309/3309 4045/3311/3311 4044/3247/3247
f 4078/3310/3310 4077/3246/3246 4044/3247/3247
f 4078/3310/3310 4111/3313/3313 4110/3248/3248
f 4144/3312/3312 4143/3249/3249 4110/3248/3248
f 4144/3312/3312 4177/3315/3315 4176/3251/3251
f 4210/3314/3314 4209/3250/3250 4176/3251/3251
f 2131/3253/3253 2130/3189/3189 4209/3250/3250
f 2165/3316/3316 2164/3252/3252 2131/3253/3253
f 2198/3318/3318 2197/3254/3254 2164/3252/3252
f 2198/3318/3318 2231/3319/3319 2230/3255/3255
f 2231/3319/3319 2264/3321/3321 2263/3256/3256
f 2297/3320/3320 2296/3257/3257 2263/3256/3256
f 2297/3320/3320 2330/3322/3322 2329/3258/3258
f 2330/3322/3322 2363/3324/3324 2362/3260/3260
f 2396/3323/3323 2395/3259/3259 2362/3260/3260
f 2429/3325/3325 2428/3261/3261 2395/3259/3259
f 2429/3325/3325 2462/3327/3327 2461/3263/3263
f 2495/3326/3326 2494/3262/3262 2461/3263/3263
f 2528/3328/3328 2527/3264/3264 2494/3262/3262
f 2528/3328/3328 2561/3330/3330 2560/3265/3265
f 2594/3329/3329 2593/3267/3267 2560/3265/3265
f 2627/3331/3331 2626/3266/3266 2593/3267/3267
f 2627/3331/3331 2660/3333/3333 2659/3269/3269
f 2693/3332/3332 2692/3268/3268 2659/3269/3269
f 2726/3334/3334 2725/3270/3270 2692/3268/3268
f 2759/3335/3335 2758/3271/3271 2725/3270/3270
f 2759/3335/3335 2792/3337/3337 2791/3272/3272
f 2825/3336/3336 2824/3273/3273 2791/3272/3272
f 2858/3338/3338 2857/3274/3274 2824/3273/3273
f 2858/3338/3338 2891/3340/3340 2890/3276/3276
f 2924/3339/3339 2923/3275/3275 2890/3276/3276
f 2924/3339/3339 2957/3342/3342 2956/3277/3277
f 2990/3341/3341 2989/3278/3278 2956/3277/3277
f 2990/3341/3341 3023/3343/3343 3022/3279/3279
f 3023/3343/3343 3056/3344/3344 3055/3280/3280
f 3056/3344/3344 3089/3346/3346 3088/3281/3281
f 3122/3345/3345 3121/3283/3283 3088/3281/3281
f 3155/3347/3347 3154/3282/3282 3121/3283/3283
f 3155/3347/3347 3188/3349/3349 3187/3284/3284
f 3221/3348/3348 3220/3286/3286 3187/3284/3284
f 3221/3348/3348 3254/3351/3351 3253/3285/3285
f 3287/3350/3350 3286/3287/3287 3253/3285/3285
f 3287/3350/3350 3320/3353/3353 3319/3288/3288
f 3353/3352/3352 3352/3289/3289 3319/3288/3288
f 3386/3354/3354 3385/3290/3290 3352/3289/3289
f 3419/3355/3355 3418/3292/3292 3385/3290/3290
f 3452/3356/3356 3451/3291/3291 3418/3292/3292
f 3452/3356/3356 3485/3358/3358 3484/3293/3293
f 3518/3357/3357 3517/3294/3294 3484/3293/3293
f 3551/3359/3359 3550/3296/3296 3517/3294/3294
f 3584/3360/3360 3583/3295/3295 3550/3296/3296
f 3584/3360/3360 3617/3362/3362 3616/3298/3298
f 3650/3361/3361 3649/3297/3297 3616/3298/3298
f 3683/3363/3363 3682/3299/3299 3649/3297/3297
f 3683/3363/3363 3716/3365/3365 3715/3300/3300
f 3749/3364/3364 3748/3302/3302 3715/3300/3300
f 3749/3364/3364 3782/3366/3366 3781/3301/3301
f 3782/3366/3366 3815/3367/3367 3814/3303/3303
f 3815/3367/3367 3848/3369/3369 3847/3305/3305
f 3881/3368/3368 3880/3304/3304 3847/3305/3305
f 3914/3370/3370 3913/3306/3306 3880/3304/3304
f 3914/3370/3370 3947/3372/3372 3946/3308/3308
f 3980/3371/3371 3979/3307/3307 3946/3308/3308
f 3980/3371/3371 4013/3374/3374 4012/3309/3309
f 4046/3373/3373 4045/3311/3311 4012/3309/3309
f 4079/3375/3375 4078/3310/3310 4045/3311/3311
f 4112/3376/3376 4111/3313/3313 4078/3310/3310
f 4112/3376/3376 4145/3377/3377 4144/3312/3312
f 4145/3377/3377 4178/3378/3378 4177/3315/3315
f 4178/3378/3378 4211/3379/3379 4210/3314/3314
f 2132/3317/3317 2131/3253/3253 4210/3314/3314
f 2166/3380/3380 2165/3316/3316 2132/3317/3317
f 2166/3380/3380 2199/3382/3382 2198/3318/3318
f 2199/3382/3382 2232/3383/3383 2231/3319/3319
f 2232/3383/3383 2265/3385/3385 2264/3321/3321
f 2298/3384/3384 2297/3320/3320 2264/3321/3321
f 2298/3384/3384 2331/3387/3387 2330/3322/3322
f 2364/3386/3386 2363/3324/3324 2330/3322/3322
f 2397/3388/3388 2396/3323/3323 2363/3324/3324
f 2430/3389/3389 2429/3325/3325 2396/3323/3323
f 2430/3389/3389 2463/3391/3391 2462/3327/3327
f 2496/3390/3390 2495/3326/3326 2462/3327/3327
f 2496/3390/3390 2529/3392/3392 2528/3328/3328
f 2529/3392/3392 2562/3394/3394 2561/3330/3330
f 2595/3393/3393 2594/3329/3329 2561/3330/3330
f 2628/3395/3395 2627/3331/3331 2594/3329/3329
f 2628/3395/3395 2661/3397/3397 2660/3333/3333
f 2694/3396/3396 2693/3332/3332 2660/3333/3333
f 2694/3396/3396 2727/3398/3398 2726/3334/3334
f 2727/3398/3398 2760/3399/3399 2759/3335/3335
f 2760/3399/3399 2793/3401/3401 2792/3337/3337
f 2826/3400/3400 2825/3336/3336 2792/3337/3337
f 2826/3400/3400 2859/3403/3403 2858/3338/3338
f 2892/3402/3402 2891/3340/3340 2858/3338/3338
f 2925/3404/3404 2924/3339/3339 2891/3340/3340
f 2925/3404/3404 2958/3405/3405 2957/3342/3342
f 2958/3405/3405 2991/3406/3406 2990/3341/3341
f 2991/3406/3406 3024/3408/3408 3023/3343/3343
f 3057/3407/3407 3056/3344/3344 3023/3343/3343
f 3057/3407/3407 3090/3410/3410 3089/3346/3346
f 3123/3409/3409 3122/3345/3345 3089/3346/3346
f 3156/3411/3411 3155/3347/3347 3122/3345/3345
f 3156/3411/3411 3189/3413/3413 3188/3349/3349
f 3222/3412/3412 3221/3348/3348 3188/3349/3349
f 3222/3412/3412 3255/3414/3414 3254/3351/3351
f 3255/3414/3414 3288/3415/3415 3287/3350/3350
f 3288/3415/3415 3321/3416/3416 3320/3353/3353
f 3321/3416/3416 3354/3417/3417 3353/3352/3352
f 3354/3417/3417 3387/3418/3418 3386/3354/3354
f 3387/3418/3418 3420/3420/3420 3419/3355/3355
f 3453/3419/3419 3452/3356/3356 3419/3355/3355
f 3453/3419/3419 3486/3421/3421 3485/3358/3358
f 3486/3421/3421 3519/3423/3423 3518/3357/3357
f 3552/3422/3422 3551/3359/3359 3518/3357/3357
f 3552/3422/3422 3585/3424/3424 3584/3360/3360
f 3585/3424/3424 3618/3426/3426 3617/3362/3362
f 3651/3425/3425 3650/3361/3361 3617/3362/3362
f 3684/3427/3427 3683/3363/3363 3650/3361/3361
f 3684/3427/3427 3717/3429/3429 3716/3365/3365
f 3750/3428/3428 3749/3364/3364 3716/3365/3365
f 3750/3428/3428 3783/3431/3431 3782/3366/3366
f 3816/3430/3430 3815/3367/3367 3782/3366/3366
f 3816/3430/3430 3849/3432/3432 3848/3369/3369
f 3849/3432/3432 3882/3434/3434 3881/3368/3368
f 3915/3433/3433 3914/3370/3370 3881/3368/3368
f 3915/3433/3433 3948/3436/3436 3947/3372/3372
f 3981/3435/3435 3980/3371/3371 3947/3372/3372
f 4014/3437/3437 4013/3374/3374 3980/3371/3371
f 4014/3437/3437 4047/3438/3438 4046/3373/3373
f 4047/3438/3438 4080/3439/3439 4079/3375/3375
f 4080/3439/3439 4113/3440/3440 4112/3376/3376
f 4113/3440/3440 4146/3441/3441 4145/3377/3377
f 4146/3441/3441 4179/3443/3443 4178/3378/3378
f 4212/3442/3442 4211/3379/3379 4178/3378/3378
f 2133/3381/3381 2132/3317/3317 4211/3379/3379
f 2167/3444/3444 2166/3380/3380 2133/3381/3381
f 2200/3446/3446 2199/3382/3382 2166/3380/3380
f 2200/3446/3446 2233/3447/3447 2232/3383/3383
f 2233/3447/3447 2266/3449/3449 2265/3385/3385
f 2299/3448/3448 2298/3384/3384 2265/3385/3385
f 2299/3448/3448 2332/3450/3450 2331/3387/3387
f 2332/3450/3450 2365/3452/3452 2364/3386/3386
f 2398/3451/3451 2397/3388/3388 2364/3386/3386
f 2431/3453/3453 2430/3389/3389 2397/3388/3388
f 2464/3454/3454 2463/3391/3391 2430/3389/3389
f 2497/3455/3455 2496/3390/3390 2463/3391/3391
f 2530/3456/3456 2529/3392/3392 2496/3390/3390
f 2530/3456/3456 2563/3457/3457 2562/3394/3394
f 2563/3457/3457 2596/3459/3459 2595/3393/3393
f 2629/3458/3458 2628/3395/3395 2595/3393/3393
f 2629/3458/3458 2662/3461/3461 2661/3397/3397
f 2695/3460/3460 2694/3396/3396 2661/3397/3397
f 2728/3462/3462 2727/3398/3398 2694/3396/3396
f 2728/3462/3462 2761/3463/3463 2760/3399/3399
f 2761/3463/3463 2794/3465/3465 2793/3401/3401
f 2827/3464/3464 2826/3400/3400 2793/3401/3401
f 2827/3464/3464 2860/3466/3466 2859/3403/3403
f 2860/3466/3466 2893/3467/3467 2892/3402/3402
f 2893/3467/3467 2926/3469/3469 2925/3404/3404
f 2959/3468/3468 2958/3405/3405 2925/3404/3404
f 2992/3470/3470 2991/3406/3406 2958/3405/3405
f 2992/3470/3470 3025/3471/3471 3024/3408/3408
f 3025/3471/3471 3058/3472/3472 3057/3407/3407
f 3058/3472/3472 3091/3473/3473 3090/3410/3410
f 3091/3473/3473 3124/3475/3475 3123/3409/3409
f 3157/3474/3474 3156/3411/3411 3123/3409/3409
f 3157/3474/3474 3190/3477/3477 3189/3413/3413
f 3223/3476/3476 3222/3412/3412 3189/3413/3413
f 3223/3476/3476 3256/3478/3478 3255/3414/3414
f 3256/3478/3478 3289/3479/3479 3288/3415/3415
f 3289/3479/3479 3322/3481/3481 3321/3416/3416
f 3355/3480/3480 3354/3417/3417 3321/3416/3416
f 3355/3480/3480 3388/3482/3482 3387/3418/3418
f 3388/3482/3482 3421/3484/3484 3420/3420/3420
f 3454/3483/3483 3453/3419/3419 3420/3420/3420
f 3454/3483/3483 3487/3485/3485 3486/3421/3421
f 3487/3485/3485 3520/3487/3487 3519/3423/3423
f 3553/3486/3486 3552/3422/3422 3519/3423/3423
f 3553/3486/3486 3586/3489/3489 3585/3424/3424
f 3619/3488/3488 3618/3426/3426 3585/3424/3424
f 3619/3488/3488 3652/3491/3491 3651/3425/3425
f 3685/3490/3490 3684/3427/3427 3651/3425/3425
f 3685/3490/3490 3718/3493/3493 3717/3429/3429
f 3751/3492/3492 3750/3428/3428 3717/3429/3429
f 3784/3494/3494 3783/3431/3431 3750/3428/3428
f 3784/3494/3494 3817/3495/3495 3816/3430/3430
f 3817/3495/3495 3850/3497/3497 3849/3432/3432
f 3883/3496/3496 3882/3434/3434 3849/3432/3432
f 3916/3498/3498 3915/3433/3433 3882/3434/3434
f 3916/3498/3498 3949/3500/3500 3948/3436/3436
f 3982/3499/3499 3981/3435/3435 3948/3436/3436
f 3982/3499/3499 4015/3502/3502 4014/3437/3437
f 4048/3501/3501 4047/3438/3438 4014/3437/3437
f 4081/3503/3503 4080/3439/3439 4047/3438/3438
f 4081/3503/3503 4114/3505/3505 4113/3440/3440
f 4147/3504/3504 4146/3441/3441 4113/3440/3440
f 4147/3504/3504 4180/3507/3507 4179/3443/3443
f 4213/3506/3506 4212/3442/3442 4179/3443/3443
f 2134/3445/3445 2133/3381/3381 4212/3442/3442
f 2168/3508/3508 2167/3444/3444 2134/3445/3445
f 2201/3510/3510 2200/3446/3446 2167/3444/3444
f 2201/3510/3510 2234/3511/3511 2233/3447/3447
f 2234/3511/3511 2267/3512/3512 2266/3449/3449
f 2267/3512/3512 2300/3514/3514 2299/3448/3448
f 2333/3513/3513 2332/3450/3450 2299/3448/3448
f 2333/3513/3513 2366/3516/3516 2365/3452/3452
f 2399/3515/3515 2398/3451/3451 2365/3452/3452
f 2432/3517/3517 2431/3453/3453 2398/3451/3451
f 2465/3518/3518 2464/3454/3454 2431/3453/3453
f 2465/3518/3518 2498/3520/3520 2497/3455/3455
f 2531/3519/3519 2530/3456/3456 2497/3455/3455
f 2531/3519/3519 2564/3521/3521 2563/3457/3457
f 2564/3521/3521 2597/3523/3523 2596/3459/3459
f 2630/3522/3522 2629/3458/3458 2596/3459/3459
f 2630/3522/3522 2663/3525/3525 2662/3461/3461
f 2696/3524/3524 2695/3460/3460 2662/3461/3461
f 2729/3526/3526 2728/3462/3462 2695/3460/3460
f 2729/3526/3526 2762/3527/3527 2761/3463/3463
f 2762/3527/3527 2795/3528/3528 2794/3465/3465
f 2795/3528/3528 2828/3529/3529 2827/3464/3464
f 2828/3529/3529 2861/3531/3531 2860/3466/3466
f 2894/3530/3530 2893/3467/3467 2860/3466/3466
f 2927/3532/3532 2926/3469/3469 2893/3467/3467
f 2960/3533/3533 2959/3468/3468 2926/3469/3469
f 2960/3533/3533 2993/3534/3534 2992/3470/3470
f 2993/3534/3534 3026/3535/3535 3025/3471/3471
f 3026/3535/3535 3059/3536/3536 3058/3472/3472
f 3059/3536/3536 3092/3537/3537 3091/3473/3473
f 3092/3537/3537 3125/3539/3539 3124/3475/3475
f 3158/3538/3538 3157/3474/3474 3124/3475/3475
f 3158/3538/3538 3191/3541/3541 3190/3477/3477
f 3224/3540/3540 3223/3476/3476 3190/3477/3477
f 3224/3540/3540 3257/3542/3542 3256/3478/3478
f 3257/3542/3542 3290/3543/3543 3289/3479/3479
f 3290/3543/3543 3323/3544/3544 3322/3481/3481
f 3323/3544/3544 3356/3546/3546 3355/3480/3480
f 3389/3545/3545 3388/3482/3482 3355/3480/3480
f 3389/3545/3545 3422/3548/3548 3421/3484/3484
f 3455/3547/3547 3454/3483/3483 3421/3484/3484
f 3455/3547/3547 3488/3549/3549 3487/3485/3485
f 3488/3549/3549 3521/3551/3551 3520/3487/3487
f 3554/3550/3550 3553/3486/3486 3520/3487/3487
f 3587/3552/3552 3586/3489/3489 3553/3486/3486
f 3587/3552/3552 3620/3553/3553 3619/3488/3488
f 3620/3553/3553 3653/3555/3555 3652/3491/3491
f 3686/3554/3554 3685/3490/3490 3652/3491/3491
f 3686/3554/3554 3719/3557/3557 3718/3493/3493
f 3752/3556/3556 3751/3492/3492 3718/3493/3493
f 3785/3558/3558 3784/3494/3494 3751/3492/3492
f 3785/3558/3558 3818/3559/3559 3817/3495/3495
f 3818/3559/3559 3851/3560/3560 3850/3497/3497
f 3851/3560/3560 3884/3562/3562 3883/3496/3496
f 3917/3561/3561 3916/3498/3498 3883/3496/3496
f 3917/3561/3561 3950/3564/3564 3949/3500/3500
f 3983/3563/3563 3982/3499/3499 3949/3500/3500
f 3983/3563/3563 4016/3565/3565 4015/3502/3502
f 4016/3565/3565 4049/3566/3566 4048/3501/3501
f 4049/3566/3566 4082/3567/3567 4081/3503/3503
f 4082/3567/3567 4115/3568/3568 4114/3505/3505
f 4115/3568/3568 4148/3569/3569 4147/3504/3504
f 4148/3569/3569 4181/3571/3571 4180/3507/3507
f 4214/3570/3570 4213/3506/3506 4180/3507/3507
f 2135/3509/3509 2134/3445/3445 4213/3506/3506
f 2169/3572/3572 2168/3508/3508 2135/3509/3509
f 2169/3572/3572 2202/3574/3574 2201/3510/3510
f 2202/3574/3574 2235/3576/3576 2234/3511/3511
f 2268/3575/3575 2267/3512/3512 2234/3511/3511
f 2268/3575/3575 2301/3577/3577 2300/3514/3514
f 2301/3577/3577 2334/3578/3578 2333/3513/3513
f 2334/3578/3578 2367/3580/3580 2366/3516/3516
f 2400/3579/3579 2399/3515/3515 2366/3516/3516
f 2433/3581/3581 2432/3517/3517 2399/3515/3515
f 2466/3582/3582 2465/3518/3518 2432/3517/3517
f 2499/3583/3583 2498/3520/3520 2465/3518/3518
f 2532/3584/3584 2531/3519/3519 2498/3520/3520
f 2532/3584/3584 2565/3585/3585 2564/3521/3521
f 2565/3585/3585 2598/3587/3587 2597/3523/3523
f 2631/3586/3586 2630/3522/3522 2597/3523/3523
f 2631/3586/3586 2664/3589/3589 2663/3525/3525
f 2697/3588/3588 2696/3524/3524 2663/3525/3525
f 2730/3590/3590 2729/3526/3526 2696/3524/3524
f 2763/3591/3591 2762/3527/3527 2729/3526/3526
f 2763/3591/3591 2796/3592/3592 2795/3528/3528
f 2796/3592/3592 2829/3594/3594 2828/3529/3529
f 2862/3593/3593 2861/3531/3531 2828/3529/3529
f 2895/3595/3595 2894/3530/3530 2861/3531/3531
f 2928/3596/3596 2927/3532/3532 2894/3530/3530
f 2928/3596/3596 2961/3598/3598 2960/3533/3533
f 2994/3597/3597 2993/3534/3534 2960/3533/3533
f 2994/3597/3597 3027/3600/3600 3026/3535/3535
f 3060/3599/3599 3059/3536/3536 3026/3535/3535
f 3060/3599/3599 3093/3602/3602 3092/3537/3537
f 3126/3601/3601 3125/3539/3539 3092/3537/3537
f 3159/3603/3603 3158/3538/3538 3125/3539/3539
f 3159/3603/3603 3192/3605/3605 3191/3541/3541
f 3225/3604/3604 3224/3540/3540 3191/3541/3541
f 3225/3604/3604 3258/3606/3606 3257/3542/3542
f 3258/3606/3606 3291/3607/3607 3290/3543/3543
f 3291/3607/3607 3324/3608/3608 3323/3544/3544
f 3324/3608/3608 3357/3609/3609 3356/3546/3546
f 3357/3609/3609 3390/3610/3610 3389/3545/3545
f 3390/3610/3610 3423/3612/3612 3422/3548/3548
f 3456/3611/3611 3455/3547/3547 3422/3548/3548
f 3489/3613/3613 3488/3549/3549 3455/3547/3547
f 3522/3614/3614 3521/3551/3551 3488/3549/3549
f 3555/3615/3615 3554/3550/3550 3521/3551/3551
f 3555/3615/3615 3588/3616/3616 3587/3552/3552
f 3588/3616/3616 3621/3618/3618 3620/3553/3553
f 3654/3617/3617 3653/3555/3555 3620/3553/3553
f 3687/3619/3619 3686/3554/3554 3653/3555/3555
f 3687/3619/3619 3720/3621/3621 3719/3557/3557
f 3753/3620/3620 3752/3556/3556 3719/3557/3557
f 3786/3622/3622 3785/3558/3558 3752/3556/3556
f 3819/3623/3623 3818/3559/3559 3785/3558/3558
f 3819/3623/3623 3852/3624/3624 3851/3560/3560
f 3852/3624/3624 3885/3626/3626 3884/3562/3562
f 3918/3625/3625 3917/3561/3561 3884/3562/3562
f 3918/3625/3625 3951/3627/3627 3950/3564/3564
f 3951/3627/3627 3984/3628/3628 3983/3563/3563
f 3984/3628/3628 4017/3629/3629 4016/3565/3565
f 4017/3629/3629 4050/3631/3631 4049/3566/3566
f 4083/3630/3630 4082/3567/3567 4049/3566/3566
f 4083/3630/3630 4116/3633/3633 4115/3568/3568
f 4149/3632/3632 4148/3569/3569 4115/3568/3568
f 4149/3632/3632 4182/3635/3635 4181/3571/3571
f 4215/3634/3634 4214/3570/3570 4181/3571/3571
f 2136/3573/3573 2135/3509/3509 4214/3570/3570
f 2170/3636/3636 2169/3572/3572 2136/3573/3573
f 2203/3638/3638 2202/3574/3574 2169/3572/3572
f 2203/3638/3638 2236/3639/3639 2235/3576/3576
f 2236/3639/3639 2269/3640/3640 2268/3575/3575
f 2269/3640/3640 2302/3642/3642 2301/3577/3577
f 2335/3641/3641 2334/3578/3578 2301/3577/3577
f 2335/3641/3641 2368/3644/3644 2367/3580/3580
f 2401/3643/3643 2400/3579/3579 2367/3580/3580
f 2401/3643/3643 2434/3645/3645 2433/3581/3581
f 2434/3645/3645 2467/3647/3647 2466/3582/3582
f 2500/3646/3646 2499/3583/3583 2466/3582/3582
f 2533/3648/3648 2532/3584/3584 2499/3583/3583
f 2533/3648/3648 2566/3649/3649 2565/3585/3585
f 2566/3649/3649 2599/3651/3651 2598/3587/3587
f 2632/3650/3650 2631/3586/3586 2598/3587/3587
f 2632/3650/3650 2665/3653/3653 2664/3589/3589
f 2698/3652/3652 2697/3588/3588 2664/3589/3589
f 2731/3654/3654 2730/3590/3590 2697/3588/3588
f 2764/3655/3655 2763/3591/3591 2730/3590/3590
f 2764/3655/3655 2797/3656/3656 2796/3592/3592
f 2797/3656/3656 2830/3657/3657 2829/3594/3594
f 2830/3657/3657 2863/3659/3659 2862/3593/3593
f 2896/3658/3658 2895/3595/3595 2862/3593/3593
f 2929/3660/3660 2928/3596/3596 2895/3595/3595
f 2929/3660/3660 2962/3662/3662 2961/3598/3598
f 2995/3661/3661 2994/3597/3597 2961/3598/3598
f 2995/3661/3661 3028/3663/3663 3027/3600/3600
f 3028/3663/3663 3061/3664/3664 3060/3599/3599
f 3061/3664/3664 3094/3665/3665 3093/3602/3602
f 3094/3665/3665 3127/3667/3667 3126/3601/3601
f 3160/3666/3666 3159/3603/3603 3126/3601/3601
f 3160/3666/3666 3193/3669/3669 3192/3605/3605
f 3226/3668/3668 3225/3604/3604 3192/3605/3605
f 3226/3668/3668 3259/3671/3671 3258/3606/3606
f 3292/3670/3670 3291/3607/3607 3258/3606/3606
f 3325/3672/3672 3324/3608/3608 3291/3607/3607
f 3325/3672/3672 3358/3673/3673 3357/3609/3609
f 3358/3673/3673 3391/3675/3675 3390/3610/3610
f 3424/3674/3674 3423/3612/3612 3390/3610/3610
f 3457/3676/3676 3456/3611/3611 3423/3612/3612
f 3457/3676/3676 3490/3678/3678 3489/3613/3613
f 3523/3677/3677 3522/3614/3614 3489/3613/3613
f 3556/3679/3679 3555/3615/3615 3522/3614/3614
f 3556/3679/3679 3589/3681/3681 3588/3616/3616
f 3622/3680/3680 3621/3618/3618 3588/3616/3616
f 3655/3682/3682 3654/3617/3617 3621/3618/3618
f 3688/3683/3683 3687/3619/3619 3654/3617/3617
f 3688/3683/3683 3721/3685/3685 3720/3621/3621
f 3754/3684/3684 3753/3620/3620 3720/3621/3621
f 3787/3686/3686 3786/3622/3622 3753/3620/3620
f 3820/3687/3687 3819/3623/3623 3786/3622/3622
f 3820/3687/3687 3853/3688/3688 3852/3624/3624
f 3853/3688/3688 3886/3690/3690 3885/3626/3626
f 3919/3689/3689 3918/3625/3625 3885/3626/3626
f 3919/3689/3689 3952/3692/3692 3951/3627/3627
f 3985/3691/3691 3984/3628/3628 3951/3627/3627
f 4018/3693/3693 4017/3629/3629 3984/3628/3628
f 4018/3693/3693 4051/3695/3695 4050/3631/3631
f 4084/3694/3694 4083/3630/3630 4050/3631/3631
f 4084/3694/3694 4117/3696/3696 4116/3633/3633
f 4117/3696/3696 4150/3697/3697 4149/3632/3632
f 4150/3697/3697 4183/3699/3699 4182/3635/3635
f 4216/3698/3698 4215/3634/3634 4182/3635/3635
f 2137/3637/3637 2136/3573/3573 4215/3634/3634
f 2171/3700/3700 2170/3636/3636 2137/3637/3637
f 2204/3702/3702 2203/3638/3638 2170/3636/3636
f 2237/3703/3703 2236/3639/3639 2203/3638/3638
f 2237/3703/3703 2270/3705/3705 2269/3640/3640
f 2303/3704/3704 2302/3642/3642 2269/3640/3640
f 2303/3704/3704 2336/3706/3706 2335/3641/3641
f 2336/3706/3706 2369/3708/3708 2368/3644/3644
f 2402/3707/3707 2401/3643/3643 2368/3644/3644
f 2435/3709/3709 2434/3645/3645 2401/3643/3643
f 2435/3709/3709 2468/3711/3711 2467/3647/3647
f 2501/3710/3710 2500/3646/3646 2467/3647/3647
f 2534/3712/3712 2533/3648/3648 2500/3646/3646
f 2534/3712/3712 2567/3714/3714 2566/3649/3649
f 2600/3713/3713 2599/3651/3651 2566/3649/3649
f 2633/3715/3715 2632/3650/3650 2599/3651/3651
f 2633/3715/3715 2666/3717/3717 2665/3653/3653
f 2699/3716/3716 2698/3652/3652 2665/3653/3653
f 2732/3718/3718 2731/3654/3654 2698/3652/3652
f 2732/3718/3718 2765/3719/3719 2764/3655/3655
f 2765/3719/3719 2798/3721/3721 2797/3656/3656
f 2831/3720/3720 2830/3657/3657 2797/3656/3656
f 2831/3720/3720 2864/3722/3722 2863/3659/3659
f 2864/3722/3722 2897/3724/3724 2896/3658/3658
f 2930/3723/3723 2929/3660/3660 2896/3658/3658
f 2930/3723/3723 2963/3726/3726 2962/3662/3662
f 2996/3725/3725 2995/3661/3661 2962/3662/3662
f 3029/3727/3727 3028/3663/3663 2995/3661/3661
f 3062/3728/3728 3061/3664/3664 3028/3663/3663
f 3062/3728/3728 3095/3729/3729 3094/3665/3665
f 3095/3729/3729 3128/3731/3731 3127/3667/3667
f 3161/3730/3730 3160/3666/3666 3127/3667/3667
f 3161/3730/3730 3194/3733/3733 3193/3669/3669
f 3227/3732/3732 3226/3668/3668 3193/3669/3669
f 3227/3732/3732 3260/3734/3734 3259/3671/3671
f 3260/3734/3734 3293/3735/3735 3292/3670/3670
f 3293/3735/3735 3326/3736/3736 3325/3672/3672
f 3326/3736/3736 3359/3737/3737 3358/3673/3673
f 3359/3737/3737 3392/3738/3738 3391/3675/3675
f 3392/3738/3738 3425/3740/3740 3424/3674/3674
f 3458/3739/3739 3457/3676/3676 3424/3674/3674
f 3458/3739/3739 3491/3741/3741 3490/3678/3678
f 3491/3741/3741 3524/3743/3743 3523/3677/3677
f 3557/3742/3742 3556/3679/3679 3523/3677/3677
f 3557/3742/3742 3590/3745/3745 3589/3681/3681
f 3623/3744/3744 3622/3680/3680 3589/3681/3681
f 3623/3744/3744 3656/3747/3747 3655/3682/3682
f 3689/3746/3746 3688/3683/3683 3655/3682/3682
f 3689/3746/3746 3722/3748/3748 3721/3685/3685
f 3722/3748/3748 3755/3750/3750 3754/3684/3684
f 3788/3749/3749 3787/3686/3686 3754/3684/3684
f 3788/3749/3749 3821/3751/3751 3820/3687/3687
f 3821/3751/3751 3854/3752/3752 3853/3688/3688
f 3854/3752/3752 3887/3754/3754 3886/3690/3690
f 3920/3753/3753 3919/3689/3689 3886/3690/3690
f 3920/3753/3753 3953/3756/3756 3952/3692/3692
f 3986/3755/3755 3985/3691/3691 3952/3692/3692
f 4019/3757/3757 4018/3693/3693 3985/3691/3691
f 4019/3757/3757 4052/3759/3759 4051/3695/3695
f 4085/3758/3758 4084/3694/3694 4051/3695/3695
f 4085/3758/3758 4118/3761/3761 4117/3696/3696
f 4151/3760/3760 4150/3697/3697 4117/3696/3696
f 4184/3762/3762 4183/3699/3699 4150/3697/3697
f 4217/3763/3763 4216/3698/3698 4183/3699/3699
f 2138/3701/3701 2137/3637/3637 4216/3698/3698
f 2139/3764/3764 2172/3766/3766 2171/3700/3700
f 2205/3765/3765 2204/3702/3702 2171/3700/3700
f 2205/3765/3765 2238/3767/3767 2237/3703/3703
f 2238/3767/3767 2271/3769/3769 2270/3705/3705
f 2304/3768/3768 2303/3704/3704 2270/3705/3705
f 2337/3770/3770 2336/3706/3706 2303/3704/3704
f 2337/3770/3770 2370/3772/3772 2369/3708/3708
f 2403/3771/3771 2402/3707/3707 2369/3708/3708
f 2436/3773/3773 2435/3709/3709 2402/3707/3707
f 2436/3773/3773 2469/3775/3775 2468/3711/3711
f 2502/3774/3774 2501/3710/3710 2468/3711/3711
f 2502/3774/3774 2535/3776/3776 2534/3712/3712
f 2535/3776/3776 2568/3777/3777 2567/3714/3714
f 2568/3777/3777 2601/3779/3779 2600/3713/3713
f 2634/3778/3778 2633/3715/3715 2600/3713/3713
f 2667/3780/3780 2666/3717/3717 2633/3715/3715
f 2667/3780/3780 2700/3782/3782 2699/3716/3716
f 2733/3781/3781 2732/3718/3718 2699/3716/3716
f 2733/3781/3781 2766/3783/3783 2765/3719/3719
f 2766/3783/3783 2799/3785/3785 2798/3721/3721
f 2832/3784/3784 2831/3720/3720 2798/3721/3721
f 2865/3786/3786 2864/3722/3722 2831/3720/3720
f 2865/3786/3786 2898/3788/3788 2897/3724/3724
f 2931/3787/3787 2930/3723/3723 2897/3724/3724
f 2931/3787/3787 2964/3790/3790 2963/3726/3726
f 2997/3789/3789 2996/3725/3725 2963/3726/3726
f 2997/3789/3789 3030/3792/3792 3029/3727/3727
f 3063/3791/3791 3062/3728/3728 3029/3727/3727
f 3063/3791/3791 3096/3794/3794 3095/3729/3729
f 3129/3793/3793 3128/3731/3731 3095/3729/3729
f 3162/3795/3795 3161/3730/3730 3128/3731/3731
f 3195/3796/3796 3194/3733/3733 3161/3730/3730
f 3195/3796/3796 3228/3798/3798 3227/3732/3732
f 3261/3797/3797 3260/3734/3734 3227/3732/3732
f 3294/3799/3799 3293/3735/3735 3260/3734/3734
f 3327/3800/3800 3326/3736/3736 3293/3735/3735
f 3360/3801/3801 3359/3737/3737 3326/3736/3736
f 3393/3802/3802 3392/3738/3738 3359/3737/3737
f 3393/3802/3802 3426/3803/3803 3425/3740/3740
f 3426/3803/3803 3459/3804/3804 3458/3739/3739
f 3459/3804/3804 3492/3806/3806 3491/3741/3741
f 3525/3805/3805 3524/3743/3743 3491/3741/3741
f 3558/3807/3807 3557/3742/3742 3524/3743/3743
f 3591/3808/3808 3590/3745/3745 3557/3742/3742
f 3591/3808/3808 3624/3809/3809 3623/3744/3744
f 3624/3809/3809 3657/3810/3810 3656/3747/3747
f 3657/3810/3810 3690/3811/3811 3689/3746/3746
f 3690/3811/3811 3723/3812/3812 3722/3748/3748
f 3723/3812/3812 3756/3814/3814 3755/3750/3750
f 3789/3813/3813 3788/3749/3749 3755/3750/3750
f 3789/3813/3813 3822/3815/3815 3821/3751/3751
f 3822/3815/3815 3855/3817/3817 3854/3752/3752
f 3888/3816/3816 3887/3754/3754 3854/3752/3752
f 3921/3818/3818 3920/3753/3753 3887/3754/3754
f 3921/3818/3818 3954/3820/3820 3953/3756/3756
f 3987/3819/3819 3986/3755/3755 3953/3756/3756
f 3987/3819/3819 4020/3822/3822 4019/3757/3757
f 4053/3821/3821 4052/3759/3759 4019/3757/3757
f 4086/3823/3823 4085/3758/3758 4052/3759/3759
f 4086/3823/3823 4119/3825/3825 4118/3761/3761
f 4152/3824/3824 4151/3760/3760 4118/3761/3761
f 4152/3824/3824 4185/3826/3826 4184/3762/3762
f 4185/3826/3826 4218/3827/3827 4217/3763/3763
f 2139/3764/3764 2138/3701/3701 4217/3763/3763
f 2173/3828/3828 2172/3766/3766 2139/3764/3764
f 2206/3830/3830 2205/3765/3765 2172/3766/3766
f 2206/3830/3830 2239/3831/3831 2238/3767/3767
f 2239/3831/3831 2272/3833/3833 2271/3769/3769
f 2305/3832/3832 2304/3768/3768 2271/3769/3769
f 2305/3832/3832 2338/3834/3834 2337/3770/3770
f 2338/3834/3834 2371/3836/3836 2370/3772/3772
f 2404/3835/3835 2403/3771/3771 2370/3772/3772
f 2404/3835/3835 2437/3837/3837 2436/3773/3773
f 2437/3837/3837 2470/3838/3838 2469/3775/3775
f 2470/3838/3838 2503/3839/3839 2502/3774/3774
f 2503/3839/3839 2536/3840/3840 2535/3776/3776
f 2536/3840/3840 2569/3841/3841 2568/3777/3777
f 2569/3841/3841 2602/3843/3843 2601/3779/3779
f 2635/3842/3842 2634/3778/3778 2601/3779/3779
f 2635/3842/3842 2668/3845/3845 2667/3780/3780
f 2701/3844/3844 2700/3782/3782 2667/3780/3780
f 2734/3846/3846 2733/3781/3781 2700/3782/3782
f 2734/3846/3846 2767/3847/3847 2766/3783/3783
f 2767/3847/3847 2800/3848/3848 2799/3785/3785
f 2800/3848/3848 2833/3850/3850 2832/3784/3784
f 2866/3849/3849 2865/3786/3786 2832/3784/3784
f 2866/3849/3849 2899/3852/3852 2898/3788/3788
f 2932/3851/3851 2931/3787/3787 2898/3788/3788
f 2932/3851/3851 2965/3854/3854 2964/3790/3790
f 2998/3853/3853 2997/3789/3789 2964/3790/3790
f 2998/3853/3853 3031/3856/3856 3030/3792/3792
f 3064/3855/3855 3063/3791/3791 3030/3792/3792
f 3064/3855/3855 3097/3858/3858 3096/3794/3794
f 3130/3857/3857 3129/3793/3793 3096/3794/3794
f 3163/3859/3859 3162/3795/3795 3129/3793/3793
f 3196/3860/3860 3195/3796/3796 3162/3795/3795
f 3229/3861/3861 3228/3798/3798 3195/3796/3796
f 3229/3861/3861 3262/3862/3862 3261/3797/3797
f 3262/3862/3862 3295/3863/3863 3294/3799/3799
f 3295/3863/3863 3328/3865/3865 3327/3800/3800
f 3361/3864/3864 3360/3801/3801 3327/3800/3800
f 3394/3866/3866 3393/3802/3802 3360/3801/3801
f 3394/3866/3866 3427/3868/3868 3426/3803/3803
f 3460/3867/3867 3459/3804/3804 3426/3803/3803
f 3460/3867/3867 3493/3870/3870 3492/3806/3806
f 3526/3869/3869 3525/3805/3805 3492/3806/3806
f 3559/3871/3871 3558/3807/3807 3525/3805/3805
f 3559/3871/3871 3592/3872/3872 3591/3808/3808
f 3592/3872/3872 3625/3874/3874 3624/3809/3809
f 3658/3873/3873 3657/3810/3810 3624/3809/3809
f 3691/3875/3875 3690/3811/3811 3657/3810/3810
f 3691/3875/3875 3724/3876/3876 3723/3812/3812
f 3724/3876/3876 3757/3878/3878 3756/3814/3814
f 3790/3877/3877 3789/3813/3813 3756/3814/3814
f 3823/3879/3879 3822/3815/3815 3789/3813/3813
f 3823/3879/3879 3856/3880/3880 3855/3817/3817
f 3856/3880/3880 3889/3882/3882 3888/3816/3816
f 3922/3881/3881 3921/3818/3818 3888/3816/3816
f 3955/3883/3883 3954/3820/3820 3921/3818/3818
f 3988/3884/3884 3987/3819/3819 3954/3820/3820
f 3988/3884/3884 4021/3885/3885 4020/3822/3822
f 4021/3885/3885 4054/3886/3886 4053/3821/3821
f 4054/3886/3886 4087/3887/3887 4086/3823/3823
f 4087/3887/3887 4120/3888/3888 4119/3825/3825
f 4120/3888/3888 4153/3889/3889 4152/3824/3824
f 4153/3889/3889 4186/3891/3891 4185/3826/3826
f 4219/3890/3890 4218/3827/3827 4185/3826/3826
f 2140/3829/3829 2139/3764/3764 4218/3827/3827
f 2174/3892/3892 2173/3828/3828 2140/3829/3829
f 2174/3892/3892 2207/3894/3894 2206/3830/3830
f 2207/3894/3894 2240/3895/3895 2239/3831/3831
f 2240/3895/3895 2273/3897/3897 2272/3833/3833
f 2306/3896/3896 2305/3832/3832 2272/3833/3833
f 2339/3898/3898 2338/3834/3834 2305/3832/3832
f 2339/3898/3898 2372/3900/3900 2371/3836/3836
f 2405/3899/3899 2404/3835/3835 2371/3836/3836
f 2405/3899/3899 2438/3902/3902 2437/3837/3837
f 2471/3901/3901 2470/3838/3838 2437/3837/3837
f 2471/3901/3901 2504/3904/3904 2503/3839/3839
f 2537/3903/3903 2536/3840/3840 2503/3839/3839
f 2537/3903/3903 2570/3905/3905 2569/3841/3841
f 2570/3905/3905 2603/3907/3907 2602/3843/3843
f 2636/3906/3906 2635/3842/3842 2602/3843/3843
f 2636/3906/3906 2669/3909/3909 2668/3845/3845
f 2702/3908/3908 2701/3844/3844 2668/3845/3845
f 2735/3910/3910 2734/3846/3846 2701/3844/3844
f 2735/3910/3910 2768/3911/3911 2767/3847/3847
f 2768/3911/3911 2801/3913/3913 2800/3848/3848
f 2834/3912/3912 2833/3850/3850 2800/3848/3848
f 2867/3914/3914 2866/3849/3849 2833/3850/3850
f 2867/3914/3914 2900/3916/3916 2899/3852/3852
f 2933/3915/3915 2932/3851/3851 2899/3852/3852
f 2933/3915/3915 2966/3918/3918 2965/3854/3854
f 2999/3917/3917 2998/3853/3853 2965/3854/3854
f 2999/3917/3917 3032/3919/3919 3031/3856/3856
f 3032/3919/3919 3065/3920/3920 3064/3855/3855
f 3065/3920/3920 3098/3922/3922 3097/3858/3858
f 3131/3921/3921 3130/3857/3857 3097/3858/3858
f 3164/3923/3923 3163/3859/3859 3130/3857/3857
f 3164/3923/3923 3197/3925/3925 3196/3860/3860
f 3230/3924/3924 3229/3861/3861 3196/3860/3860
f 3230/3924/3924 3263/3926/3926 3262/3862/3862
f 3263/3926/3926 3296/3927/3927 3295/3863/3863
f 3296/3927/3927 3329/3928/3928 3328/3865/3865
f 3329/3928/3928 3362/3930/3930 3361/3864/3864
f 3395/3929/3929 3394/3866/3866 3361/3864/3864
f 3395/3929/3929 3428/3932/3932 3427/3868/3868
f 3461/3931/3931 3460/3867/3867 3427/3868/3868
f 3461/3931/3931 3494/3933/3933 3493/3870/3870
f 3494/3933/3933 3527/3934/3934 3526/3869/3869
f 3527/3934/3934 3560/3935/3935 3559/3871/3871
f 3560/3935/3935 3593/3937/3937 3592/3872/3872
f 3626/3936/3936 3625/3874/3874 3592/3872/3872
f 3626/3936/3936 3659/3939/3939 3658/3873/3873
f 3692/3938/3938 3691/3875/3875 3658/3873/3873
f 3692/3938/3938 3725/3940/3940 3724/3876/3876
f 3725/3940/3940 3758/3942/3942 3757/3878/3878
f 3791/3941/3941 3790/3877/3877 3757/3878/3878
f 3791/3941/3941 3824/3943/3943 3823/3879/3879
f 3824/3943/3943 3857/3944/3944 3856/3880/3880
f 3857/3944/3944 3890/3946/3946 3889/3882/3882
f 3923/3945/3945 3922/3881/3881 3889/3882/3882
f 3923/3945/3945 3956/3948/3948 3955/3883/3883
f 3989/3947/3947 3988/3884/3884 3955/3883/3883
f 3989/3947/3947 4022/3950/3950 4021/3885/3885
f 4055/3949/3949 4054/3886/3886 4021/3885/3885
f 4055/3949/3949 4088/3951/3951 4087/3887/3887
f 4088/3951/3951 4121/3953/3953 4120/3888/3888
f 4154/3952/3952 4153/3889/3889 4120/3888/3888
f 4154/3952/3952 4187/3954/3954 4186/3891/3891
f 4187/3954/3954 4220/3955/3955 4219/3890/3890
f 2141/3893/3893 2140/3829/3829 4219/3890/3890
f 2175/3956/3956 2174/3892/3892 2141/3893/3893
f 2208/3958/3958 2207/3894/3894 2174/3892/3892
f 2208/3958/3958 2241/3959/3959 2240/3895/3895
f 2241/3959/3959 2274/3960/3960 2273/3897/3897
f 2274/3960/3960 2307/3961/3961 2306/3896/3896
f 2307/3961/3961 2340/3962/3962 2339/3898/3898
f 2340/3962/3962 2373/3964/3964 2372/3900/3900
f 2406/3963/3963 2405/3899/3899 2372/3900/3900
f 2406/3963/3963 2439/3966/3966 2438/3902/3902
f 2472/3965/3965 2471/3901/3901 2438/3902/3902
f 2505/3967/3967 2504/3904/3904 2471/3901/3901
f 2538/3968/3968 2537/3903/3903 2504/3904/3904
f 2538/3968/3968 2571/3970/3970 2570/3905/3905
f 2604/3969/3969 2603/3907/3907 2570/3905/3905
f 2604/3969/3969 2637/3972/3972 2636/3906/3906
f 2670/3971/3971 2669/3909/3909 2636/3906/3906
f 2670/3971/3971 2703/3974/3974 2702/3908/3908
f 2736/3973/3973 2735/3910/3910 2702/3908/3908
f 2769/3975/3975 2768/3911/3911 2735/3910/3910
f 2769/3975/3975 2802/3976/3976 2801/3913/3913
f 2802/3976/3976 2835/3978/3978 2834/3912/3912
f 2868/3977/3977 2867/3914/3914 2834/3912/3912
f 2868/3977/3977 2901/3980/3980 2900/3916/3916
f 2934/3979/3979 2933/3915/3915 2900/3916/3916
f 2934/3979/3979 2967/3982/3982 2966/3918/3918
f 3000/3981/3981 2999/3917/3917 2966/3918/3918
f 3000/3981/3981 3033/3984/3984 3032/3919/3919
f 3066/3983/3983 3065/3920/3920 3032/3919/3919
f 3066/3983/3983 3099/3986/3986 3098/3922/3922
f 3132/3985/3985 3131/3921/3921 3098/3922/3922
f 3165/3987/3987 3164/3923/3923 3131/3921/3921
f 3165/3987/3987 3198/3988/3988 3197/3925/3925
f 3198/3988/3988 3231/3990/3990 3230/3924/3924
f 3264/3989/3989 3263/3926/3926 3230/3924/3924
f 3297/3991/3991 3296/3927/3927 3263/3926/3926
f 3330/3992/3992 3329/3928/3928 3296/3927/3927
f 3330/3992/3992 3363/3994/3994 3362/3930/3930
f 3396/3993/3993 3395/3929/3929 3362/3930/3930
f 3396/3993/3993 3429/3996/3996 3428/3932/3932
f 3462/3995/3995 3461/3931/3931 3428/3932/3932
f 3462/3995/3995 3495/3998/3998 3494/3933/3933
f 3528/3997/3997 3527/3934/3934 3494/3933/3933
f 3561/3999/3999 3560/3935/3935 3527/3934/3934
f 3594/4000/4000 3593/3937/3937 3560/3935/3935
f 3627/4001/4001 3626/3936/3936 3593/3937/3937
f 3627/4001/4001 3660/4002/4002 3659/3939/3939
f 3660/4002/4002 3693/4003/4003 3692/3938/3938
f 3693/4003/4003 3726/4004/4004 3725/3940/3940
f 3726/4004/4004 3759/4006/4006 3758/3942/3942
f 3792/4005/4005 3791/3941/3941 3758/3942/3942
f 3825/4007/4007 3824/3943/3943 3791/3941/3941
f 3825/4007/4007 3858/4008/4008 3857/3944/3944
f 3858/4008/4008 3891/4010/4010 3890/3946/3946
f 3924/4009/4009 3923/3945/3945 3890/3946/3946
f 3924/4009/4009 3957/4012/4012 3956/3948/3948
f 3990/4011/4011 3989/3947/3947 3956/3948/3948
f 3990/4011/4011 4023/4014/4014 4022/3950/3950
f 4056/4013/4013 4055/3949/3949 4022/3950/3950
f 4089/4015/4015 4088/3951/3951 4055/3949/3949
f 4089/4015/4015 4122/4016/4016 4121/3953/3953
f 4122/4016/4016 4155/4018/4018 4154/3952/3952
f 4188/4017/4017 4187/3954/3954 4154/3952/3952
f 4188/4017/4017 4221/4019/4019 4220/3955/3955
f 2142/3957/3957 2141/3893/3893 4220/3955/3955
f 2143/4020/4020 2176/4022/4022 2175/3956/3956
f 2209/4021/4021 2208/3958/3958 2175/3956/3956
f 2242/4023/4023 2241/3959/3959 2208/3958/3958
f 2275/4024/4024 2274/3960/3960 2241/3959/3959
f 2275/4024/4024 2308/4025/4025 2307/3961/3961
f 2308/4025/4025 2341/4026/4026 2340/3962/3962
f 2341/4026/4026 2374/4027/4027 2373/3964/3964
f 2374/4027/4027 2407/4029/4029 2406/3963/3963
f 2440/4028/4028 2439/3966/3966 2406/3963/3963
f 2473/4030/4030 2472/3965/3965 2439/3966/3966
f 2473/4030/4030 2506/4031/4031 2505/3967/3967
f 2506/4031/4031 2539/4032/4032 2538/3968/3968
f 2539/4032/4032 2572/4034/4034 2571/3970/3970
f 2605/4033/4033 2604/3969/3969 2571/3970/3970
f 2605/4033/4033 2638/4036/4036 2637/3972/3972
f 2671/4035/4035 2670/3971/3971 2637/3972/3972
f 2671/4035/4035 2704/4038/4038 2703/3974/3974
f 2737/4037/4037 2736/3973/3973 2703/3974/3974
f 2737/4037/4037 2770/4039/4039 2769/3975/3975
f 2770/4039/4039 2803/4040/4040 2802/3976/3976
f 2803/4040/4040 2836/4041/4041 2835/3978/3978
f 2836/4041/4041 2869/4042/4042 2868/3977/3977
f 2869/4042/4042 2902/4044/4044 2901/3980/3980
f 2935/4043/4043 2934/3979/3979 2901/3980/3980
f 2968/4045/4045 2967/3982/3982 2934/3979/3979
f 3001/4046/4046 3000/3981/3981 2967/3982/3982
f 3001/4046/4046 3034/4047/4047 3033/3984/3984
f 3034/4047/4047 3067/4048/4048 3066/3983/3983
f 3067/4048/4048 3100/4050/4050 3099/3986/3986
f 3133/4049/4049 3132/3985/3985 3099/3986/3986
f 3133/4049/4049 3166/4052/4052 3165/3987/3987
f 3199/4051/4051 3198/3988/3988 3165/3987/3987
f 3199/4051/4051 3232/4053/4053 3231/3990/3990
f 3232/4053/4053 3265/4054/4054 3264/3989/3989
f 3265/4054/4054 3298/4056/4056 3297/3991/3991
f 3331/4055/4055 3330/3992/3992 3297/3991/3991
f 3331/4055/4055 3364/4057/4057 3363/3994/3994
f 3364/4057/4057 3397/4058/4058 3396/3993/3993
f 3397/4058/4058 3430/4059/4059 3429/3996/3996
f 3430/4059/4059 3463/4060/4060 3462/3995/3995
f 3463/4060/4060 3496/4062/4062 3495/3998/3998
f 3529/4061/4061 3528/3997/3997 3495/3998/3998
f 3529/4061/4061 3562/4063/4063 3561/3999/3999
f 3562/4063/4063 3595/4064/4064 3594/4000/4000
f 3595/4064/4064 3628/4065/4065 3627/4001/4001
f 3628/4065/4065 3661/4067/4067 3660/4002/4002
f 3694/4066/4066 3693/4003/4003 3660/4002/4002
f 3694/4066/4066 3727/4068/4068 3726/4004/4004
f 3727/4068/4068 3760/4070/4070 3759/4006/4006
f 3793/4069/4069 3792/4005/4005 3759/4006/4006
f 3793/4069/4069 3826/4071/4071 3825/4007/4007
f 3826/4071/4071 3859/4072/4072 3858/4008/4008
f 3859/4072/4072 3892/4074/4074 3891/4010/4010
f 3925/4073/4073 3924/4009/4009 3891/4010/4010
f 3925/4073/4073 3958/4075/4075 3957/4012/4012
f 3958/4075/4075 3991/4076/4076 3990/4011/4011
f 3991/4076/4076 4024/4077/4077 4023/4014/4014
f 4024/4077/4077 4057/4078/4078 4056/4013/4013
f 4057/4078/4078 4090/4079/4079 4089/4015/4015
f 4090/4079/4079 4123/4080/4080 4122/4016/4016
f 4123/4080/4080 4156/4082/4082 4155/4018/4018
f 4189/4081/4081 4188/4017/4017 4155/4018/4018
f 4189/4081/4081 4222/4083/4083 4221/4019/4019
f 2143/4020/4020 2142/3957/3957 4221/4019/4019
f 2177/4084/4084 2176/4022/4022 2143/4020/4020
f 2210/4086/4086 2209/4021/4021 2176/4022/4022
f 2210/4086/4086 2243/4088/4088 2242/4023/4023
f 2276/4087/4087 2275/4024/4024 2242/4023/4023
f 2276/4087/4087 2309/4089/4089 2308/4025/4025
f 2309/4089/4089 2342/4091/4091 2341/4026/4026
f 2375/4090/4090 2374/4027/4027 2341/4026/4026
f 2408/4092/4092 2407/4029/4029 2374/4027/4027
f 2408/4092/4092 2441/4093/4093 2440/4028/4028
f 2441/4093/4093 2474/4094/4094 2473/4030/4030
f 2474/4094/4094 2507/4095/4095 2506/4031/4031
f 2507/4095/4095 2540/4096/4096 2539/4032/4032
f 2540/4096/4096 2573/4097/4097 2572/4034/4034
f 2573/4097/4097 2606/4098/4098 2605/4033/4033
f 2606/4098/4098 2639/4100/4100 2638/4036/4036
f 2672/4099/4099 2671/4035/4035 2638/4036/4036
f 2672/4099/4099 2705/4102/4102 2704/4038/4038
f 2738/4101/4101 2737/4037/4037 2704/4038/4038
f 2738/4101/4101 2771/4104/4104 2770/4039/4039
f 2804/4103/4103 2803/4040/4040 2770/4039/4039
f 2804/4103/4103 2837/4105/4105 2836/4041/4041
f 2837/4105/4105 2870/4107/4107 2869/4042/4042
f 2903/4106/4106 2902/4044/4044 2869/4042/4042
f 2936/4108/4108 2935/4043/4043 2902/4044/4044
f 2936/4108/4108 2969/4109/4109 2968/4045/4045
f 2969/4109/4109 3002/4110/4110 3001/4046/4046
f 3002/4110/4110 3035/4111/4111 3034/4047/4047
f 3035/4111/4111 3068/4112/4112 3067/4048/4048
f 3068/4112/4112 3101/4113/4113 3100/4050/4050
f 3101/4113/4113 3134/4115/4115 3133/4049/4049
f 3167/4114/4114 3166/4052/4052 3133/4049/4049
f 3200/4116/4116 3199/4051/4051 3166/4052/4052
f 3200/4116/4116 3233/4117/4117 3232/4053/4053
f 3233/4117/4117 3266/4118/4118 3265/4054/4054
f 3266/4118/4118 3299/4120/4120 3298/4056/4056
f 3332/4119/4119 3331/4055/4055 3298/4056/4056
f 3332/4119/4119 3365/4121/4121 3364/4057/4057
f 3365/4121/4121 3398/4122/4122 3397/4058/4058
f 3398/4122/4122 3431/4124/4124 3430/4059/4059
f 3464/4123/4123 3463/4060/4060 3430/4059/4059
f 3464/4123/4123 3497/4125/4125 3496/4062/4062
f 3497/4125/4125 3530/4126/4126 3529/4061/4061
f 3530/4126/4126 3563/4127/4127 3562/4063/4063
f 3563/4127/4127 3596/4129/4129 3595/4064/4064
f 3629/4128/4128 3628/4065/4065 3595/4064/4064
f 3629/4128/4128 3662/4131/4131 3661/4067/4067
f 3695/4130/4130 3694/4066/4066 3661/4067/4067
f 3695/4130/4130 3728/4132/4132 3727/4068/4068
f 3728/4132/4132 3761/4134/4134 3760/4070/4070
f 3794/4133/4133 3793/4069/4069 3760/4070/4070
f 3827/4135/4135 3826/4071/4071 3793/4069/4069
f 3860/4136/4136 3859/4072/4072 3826/4071/4071
f 3860/4136/4136 3893/4137/4137 3892/4074/4074
f 3893/4137/4137 3926/4139/4139 3925/4073/4073
f 3959/4138/4138 3958/4075/4075 3925/4073/4073
f 3992/4140/4140 3991/4076/4076 3958/4075/4075
f 4025/4141/4141 4024/4077/4077 3991/4076/4076
f 4058/4142/4142 4057/4078/4078 4024/4077/4077
f 4058/4142/4142 4091/4143/4143 4090/4079/4079
f 4091/4143/4143 4124/4145/4145 4123/4080/4080
f 4157/4144/4144 4156/4082/4082 4123/4080/4080
f 4157/4144/4144 4190/4146/4146 4189/4081/4081
f 4190/4146/4146 4223/4147/4147 4222/4083/4083
f 2144/4085/4085 2143/4020/4020 4222/4083/4083
f 2145/4148/4148 2178/4150/4150 2177/4084/4084
f 2211/4149/4149 2210/4086/4086 2177/4084/4084
f 2211/4149/4149 2244/4151/4151 2243/4088/4088
f 2244/4151/4151 2277/4153/4153 2276/4087/4087
f 2310/4152/4152 2309/4089/4089 2276/4087/4087
f 2310/4152/4152 2343/4154/4154 2342/4091/4091
f 2343/4154/4154 2376/4156/4156 2375/4090/4090
f 2409/4155/4155 2408/4092/4092 2375/4090/4090
f 2442/4157/4157 2441/4093/4093 2408/4092/4092
f 2442/4157/4157 2475/4159/4159 2474/4094/4094
f 2508/4158/4158 2507/4095/4095 2474/4094/4094
f 2541/4160/4160 2540/4096/4096 2507/4095/4095
f 2574/4161/4161 2573/4097/4097 2540/4096/4096
f 2574/4161/4161 2607/4163/4163 2606/4098/4098
f 2640/4162/4162 2639/4100/4100 2606/4098/4098
f 2673/4164/4164 2672/4099/4099 2639/4100/4100
f 2673/4164/4164 2706/4166/4166 2705/4102/4102
f 2739/4165/4165 2738/4101/4101 2705/4102/4102
f 2739/4165/4165 2772/4167/4167 2771/4104/4104
f 2772/4167/4167 2805/4169/4169 2804/4103/4103
f 2838/4168/4168 2837/4105/4105 2804/4103/4103
f 2838/4168/4168 2871/4170/4170 2870/4107/4107
f 2871/4170/4170 2904/4172/4172 2903/4106/4106
f 2937/4171/4171 2936/4108/4108 2903/4106/4106
f 2937/4171/4171 2970/4174/4174 2969/4109/4109
f 3003/4173/4173 3002/4110/4110 2969/4109/4109
f 3036/4175/4175 3035/4111/4111 3002/4110/4110
f 3069/4176/4176 3068/4112/4112 3035/4111/4111
f 3102/4177/4177 3101/4113/4113 3068/4112/4112
f 3102/4177/4177 3135/4179/4179 3134/4115/4115
f 3168/4178/4178 3167/4114/4114 3134/4115/4115
f 3201/4180/4180 3200/4116/4116 3167/4114/4114
f 3201/4180/4180 3234/4182/4182 3233/4117/4117
f 3267/4181/4181 3266/4118/4118 3233/4117/4117
f 3267/4181/4181 3300/4184/4184 3299/4120/4120
f 3333/4183/4183 3332/4119/4119 3299/4120/4120
f 3366/4185/4185 3365/4121/4121 3332/4119/4119
f 3366/4185/4185 3399/4186/4186 3398/4122/4122
f 3399/4186/4186 3432/4187/4187 3431/4124/4124
f 3432/4187/4187 3465/4188/4188 3464/4123/4123
f 3465/4188/4188 3498/4189/4189 3497/4125/4125
f 3498/4189/4189 3531/4190/4190 3530/4126/4126
f 3531/4190/4190 3564/4191/4191 3563/4127/4127
f 3564/4191/4191 3597/4193/4193 3596/4129/4129
f 3630/4192/4192 3629/4128/4128 3596/4129/4129
f 3630/4192/4192 3663/4194/4194 3662/4131/4131
f 3663/4194/4194 3696/4196/4196 3695/4130/4130
f 3729/4195/4195 3728/4132/4132 3695/4130/4130
f 3729/4195/4195 3762/4198/4198 3761/4134/4134
f 3795/4197/4197 3794/4133/4133 3761/4134/4134
f 3828/4199/4199 3827/4135/4135 3794/4133/4133
f 3861/4200/4200 3860/4136/4136 3827/4135/4135
f 3861/4200/4200 3894/4202/4202 3893/4137/4137
f 3927/4201/4201 3926/4139/4139 3893/4137/4137
f 3927/4201/4201 3960/4203/4203 3959/4138/4138
f 3960/4203/4203 3993/4204/4204 3992/4140/4140
f 3993/4204/4204 4026/4205/4205 4025/4141/4141
f 4026/4205/4205 4059/4207/4207 4058/4142/4142
f 4092/4206/4206 4091/4143/4143 4058/4142/4142
f 4092/4206/4206 4125/4209/4209 4124/4145/4145
f 4158/4208/4208 4157/4144/4144 4124/4145/4145
f 4158/4208/4208 4191/4211/4211 4190/4146/4146
f 4224/4210/4210 4223/4147/4147 4190/4146/4146
f 4224/4210/4210 2145/4148/4148 2144/4085/4085
f 34/4/4 1/1/1 2113/2101/2101
f 66/2036/2036 2178/4150/4150 2145/4148/4148
f 34/4/4 2146/2104/2104 2179/2106/2106
f 66/2036/2036 99/2038/2038 2211/4149/4149
f 100/6/6 67/4212/4212 2179/2106/2106
f 132/2039/2039 2244/4151/4151 2211/4149/4149
f 100/6/6 2212/2108/2108 2245/2107/2107
f 132/2039/2039 165/2040/2040 2277/4153/4153
f 166/11/11 133/8/8 2245/2107/2107
f 165/2040/2040 198/2041/2041 2310/4152/4152
f 166/11/11 2278/2112/2112 2311/2111/2111
f 198/2041/2041 231/2042/2042 2343/4154/4154
f 232/13/13 199/4213/4213 2311/2111/2111
f 264/2043/2043 2376/4156/4156 2343/4154/4154
f 232/13/13 2344/2114/2114 2377/2118/2118
f 297/2044/2044 2409/4155/4155 2376/4156/4156
f 298/18/18 265/15/15 2377/2118/2118
f 297/2044/2044 330/2045/2045 2442/4157/4157
f 331/4214/4214 298/18/18 2410/2117/2117
f 363/2046/2046 2475/4159/4159 2442/4157/4157
f 331/4214/4214 2443/2122/2122 2476/2124/2124
f 396/2047/2047 2508/4158/4158 2475/4159/4159
f 397/22/22 364/20/20 2476/2124/2124
f 429/2048/2048 2541/4160/4160 2508/4158/4158
f 397/22/22 2509/2126/2126 2542/2128/2128
f 462/2049/2049 2574/4161/4161 2541/4160/4160
f 463/25/25 430/4215/4215 2542/2128/2128
f 495/2050/2050 2607/4163/4163 2574/4161/4161
f 496/28/28 463/25/25 2575/2130/2130
f 495/2050/2050 528/2051/2051 2640/4162/4162
f 496/28/28 2608/2132/2132 2641/2134/2134
f 528/2051/2051 561/2052/2052 2673/4164/4164
f 562/30/30 529/4216/4216 2641/2134/2134
f 594/2053/2053 2706/4166/4166 2673/4164/4164
f 562/30/30 2674/2136/2136 2707/2138/2138
f 627/2054/2054 2739/4165/4165 2706/4166/4166
f 628/4217/4217 595/33/33 2707/2138/2138
f 660/2055/2055 2772/4167/4167 2739/4165/4165
f 628/4217/4217 2740/2140/2140 2773/2139/2139
f 693/2056/2056 2805/4169/4169 2772/4167/4167
f 694/4218/4218 661/35/35 2773/2139/2139
f 726/2057/2057 2838/4168/4168 2805/4169/4169
f 694/4218/4218 2806/2144/2144 2839/2146/2146
f 759/2058/2058 2871/4170/4170 2838/4168/4168
f 727/38/38 2839/2146/2146 2872/2148/2148
f 792/2059/2059 2904/4172/4172 2871/4170/4170
f 760/40/40 2872/2148/2148 2905/2150/2150
f 825/2060/2060 2937/4171/4171 2904/4172/4172
f 793/42/42 2905/2150/2150 2938/2149/2149
f 858/2061/2061 2970/4174/4174 2937/4171/4171
f 859/47/47 826/45/45 2938/2149/2149
f 858/2061/2061 891/2062/2062 3003/4173/4173
f 859/47/47 2971/2154/2154 3004/2153/2153
f 891/2062/2062 924/2063/2063 3036/4175/4175
f 925/4219/4219 892/49/49 3004/2153/2153
f 957/2064/2064 3069/4176/4176 3036/4175/4175
f 925/4219/4219 3037/2158/2158 3070/2160/2160
f 957/2064/2064 990/2065/2065 3102/4177/4177
f 991/53/53 958/51/51 3070/2160/2160
f 990/2065/2065 1023/2066/2066 3135/4179/4179
f 1024/56/56 991/53/53 3103/2162/2162
f 1056/2067/2067 3168/4178/4178 3135/4179/4179
f 1024/56/56 3136/2164/2164 3169/2166/2166
f 1089/2068/2068 3201/4180/4180 3168/4178/4178
f 1090/60/60 1057/58/58 3169/2166/2166
f 1089/2068/2068 1122/2069/2069 3234/4182/4182
f 1090/60/60 3202/2168/2168 3235/2170/2170
f 1122/2069/2069 1155/2070/2070 3267/4181/4181
f 1156/4220/4220 1123/62/62 3235/2170/2170
f 1188/2071/2071 3300/4184/4184 3267/4181/4181
f 1156/4220/4220 3268/2172/2172 3301/2171/2171
f 1221/2072/2072 3333/4183/4183 3300/4184/4184
f 1222/66/66 1189/64/64 3301/2171/2171
f 1221/2072/2072 1254/2073/2073 3366/4185/4185
f 1222/66/66 3334/2176/2176 3367/2178/2178
f 1254/2073/2073 1287/2074/2074 3399/4186/4186
f 1288/71/71 1255/69/69 3367/2178/2178
f 1320/2075/2075 3432/4187/4187 3399/4186/4186
f 1321/73/73 1288/71/71 3400/2180/2180
f 1320/2075/2075 1353/2076/2076 3465/4188/4188
f 1321/73/73 3433/2182/2182 3466/2184/2184
f 1353/2076/2076 1386/2077/2077 3498/4189/4189
f 1387/75/75 1354/4221/4221 3466/2184/2184
f 1386/2077/2077 1419/2078/2078 3531/4190/4190
f 1387/75/75 3499/2186/2186 3532/2185/2185
f 1419/2078/2078 1452/2079/2079 3564/4191/4191
f 1453/80/80 1420/77/77 3532/2185/2185
f 1452/2079/2079 1485/2080/2080 3597/4193/4193
f 1453/80/80 3565/2190/2190 3598/2192/2192
f 1485/2080/2080 1518/2081/2081 3630/4192/4192
f 1486/82/82 3598/2192/2192 3631/2194/2194
f 1518/2081/2081 1551/2082/2082 3663/4194/4194
f 1552/84/84 1519/4222/4222 3631/2194/2194
f 1551/2082/2082 1584/2083/2083 3696/4196/4196
f 1552/84/84 3664/2193/2193 3697/2198/2198
f 1584/2083/2083 1617/2084/2084 3729/4195/4195
f 1618/89/89 1585/86/86 3697/2198/2198
f 1650/2085/2085 3762/4198/4198 3729/4195/4195
f 1618/89/89 3730/2200/2200 3763/2202/2202
f 1683/2086/2086 3795/4197/4197 3762/4198/4198
f 1684/4223/4223 1651/91/91 3763/2202/2202
f 1716/2087/2087 3828/4199/4199 3795/4197/4197
f 1684/4223/4223 3796/2204/2204 3829/2206/2206
f 1749/2088/2088 3861/4200/4200 3828/4199/4199
f 1750/95/95 1717/93/93 3829/2206/2206
f 1749/2088/2088 1782/2089/2089 3894/4202/4202
f 1750/95/95 3862/2208/2208 3895/2207/2207
f 1815/2090/2090 3927/4201/4201 3894/4202/4202
f 1816/100/100 1783/97/97 3895/2207/2207
f 1848/2091/2091 3960/4203/4203 3927/4201/4201
f 1849/4224/4224 1816/100/100 3928/2212/2212
f 1881/2092/2092 3993/4204/4204 3960/4203/4203
f 1849/4224/4224 3961/2211/2211 3994/2214/2214
f 1914/2093/2093 4026/4205/4205 3993/4204/4204
f 1882/102/102 3994/2214/2214 4027/2218/2218
f 1914/2093/2093 1947/2094/2094 4059/4207/4207
f 1948/106/106 1915/104/104 4027/2218/2218
f 1947/2094/2094 1980/2095/2095 4092/4206/4206
f 1948/106/106 4060/2220/2220 4093/2222/2222
f 1980/2095/2095 2013/2096/2096 4125/4209/4209
f 1981/108/108 4093/2222/2222 4126/2224/2224
f 2013/2096/2096 2046/2097/2097 4158/4208/4208
f 2047/113/113 2014/111/111 4126/2224/2224
f 2079/2098/2098 4191/4211/4211 4158/4208/4208
f 2047/113/113 4159/2226/2226 4192/2227/2227
f 2112/2099/2099 4224/4210/4210 4191/4211/4211
f 1/1/1 2080/115/115 4192/2227/2227
f 33/2037/2037 2145/4148/4148 4224/4210/4210
