# Blender 4.5.3 LTS
# www.blender.org
o seg.002
v -10.787194 -7.416523 3.133724
v -11.188673 -7.838678 1.907155
v -11.500138 -8.148367 0.196523
v -9.706539 -8.343640 2.697902
v -10.207875 -8.626606 1.887571
v -9.058523 -7.623846 3.643559
v -9.147527 -8.477459 2.552628
v -8.777847 -8.391963 2.035873
v -10.402644 -9.080366 0.637815
v -9.700213 -9.040483 1.404811
v -9.564672 -9.145330 1.009362
v -9.289175 -8.913977 0.102198
v -8.591567 -7.868216 2.114406
v -8.947574 -7.901053 1.185439
v -10.616891 -6.626457 3.955534
v -10.728863 -4.986002 3.883549
v -10.523574 -3.005045 4.113328
v -10.888040 -6.001304 3.825535
v -10.550793 -5.526871 3.021845
v -11.133910 -7.018995 2.996787
v -10.923683 -6.007001 3.214397
v -10.691860 -6.077270 2.555856
v -10.604269 -4.541420 3.426139
v -11.750998 -7.513466 0.705665
v -12.027921 -6.884160 -0.696831
v -11.514151 -6.605425 0.259178
v -11.274207 -6.715322 1.943029
v -10.956928 -6.535586 0.305632
v -10.936115 -6.526093 1.559730
v -10.555429 -2.673032 3.580000
v -10.186049 -5.518772 4.563604
v -9.302717 -6.655765 4.330087
v -8.538743 -6.169663 4.545788
v -10.444620 -5.227034 4.436990
v -9.666009 -4.275376 4.685220
v -8.768078 -5.398944 4.722740
v -7.574689 -5.284087 3.797837
v -7.947453 -5.837026 4.385920
v -7.848151 -4.949962 4.537748
v -7.654749 -3.284169 4.449580
v -7.404248 -3.176048 4.071325
v -10.054575 -2.662236 4.448838
v -10.007542 -1.643680 4.131988
v -8.849398 -3.112698 4.685522
v -9.315987 -0.631034 4.126084
v -8.024712 -1.116530 4.792385
v -9.133177 0.225969 3.589937
v -7.479035 -1.728311 4.841811
v -8.143569 -3.405387 4.644317
v -7.267440 -2.786224 3.832961
v -6.928359 -1.246261 4.692001
v -8.118863 0.164931 4.217113
v -6.727413 -1.533470 4.264096
v -7.022786 -0.152587 4.594265
v -10.111771 -6.512823 1.766059
v -9.780426 -7.521814 3.613868
v -9.003324 -6.728479 2.237072
v -9.812801 -5.440924 2.875856
v -10.166790 -4.575488 3.074525
v -9.981246 -6.050138 2.484308
v -8.972606 -5.005749 2.999310
v -10.346504 -6.730205 0.733300
v -9.677446 -7.179681 1.016716
v -9.196828 -7.534832 1.112216
v -8.454243 -7.135401 3.931787
v -8.208602 -7.180966 3.516052
v -8.004734 -6.369565 3.321864
v -8.468398 -6.997650 2.539289
v -8.331855 -5.980186 2.981459
v -8.193090 -3.665931 2.991474
v -7.800673 -4.372262 3.219914
v -10.149011 -2.564167 2.982351
v -10.139271 -1.420314 3.462094
v -9.194560 -2.217210 2.801335
v -9.429416 -0.855889 2.765083
v -8.630354 -0.817206 2.538325
v -8.856316 0.353311 2.354262
v -8.458076 0.070898 2.164175
v -7.817305 -2.026514 3.105130
v -6.950978 -3.056305 2.518049
v -7.359602 -2.335777 3.445872
v -7.014400 -2.111878 2.762482
v -8.364934 -1.396383 2.799326
v -7.163198 -0.967074 3.042945
v -7.547762 0.112235 2.061553
v -7.473788 -1.972880 -0.115338
v -7.524236 -2.150705 0.873062
v -7.860263 -1.323143 0.406999
v -8.159596 -0.764626 -0.730738
v -7.789802 -0.633156 -0.028061
v -6.398211 -2.191697 3.440609
v -7.433011 -0.381334 -0.048200
v -3.952515 -11.924502 5.500545
v -4.291215 -12.795638 4.382110
v -4.289591 -11.265959 5.231603
v -4.266199 -11.450645 4.595366
v -3.569262 -13.072824 4.336529
v -3.365779 -12.536908 5.105090
v -5.600776 -8.015130 5.075550
v -5.703012 -7.817930 4.642235
v -4.826307 -8.494939 4.128833
v -5.220870 -7.609591 3.952084
v -4.094460 -10.988647 5.818677
v -3.685690 -10.807286 6.095882
v -4.140686 -9.403837 5.913746
v -3.168685 -11.879953 5.648745
v -2.792333 -10.994999 5.875727
v -3.198216 -9.895465 5.980471
v -4.578464 -9.534447 4.915240
v -4.303580 -10.641441 5.084235
v -3.748676 -10.818578 4.336900
v -4.010499 -10.261324 4.577273
v -4.239981 -9.366646 4.373578
v -3.878562 -11.265547 4.048213
v -2.760215 -10.820004 3.909084
v -3.093785 -10.006993 3.951455
v -4.501900 -9.695763 5.482946
v -4.432881 -9.409272 5.722214
v -4.826727 -7.885569 5.699545
v -4.390294 -7.487454 5.530078
v -3.855036 -8.479003 5.773430
v -2.457237 -8.829919 5.026619
v -4.529711 -12.282041 4.299576
v -4.794812 -12.118333 3.140028
v -5.373591 -12.894232 1.949889
v -4.559986 -13.335050 3.002097
v -5.391792 -12.409973 1.892658
v -5.124701 -13.310869 1.248340
v -5.029538 -11.915056 1.648382
v -4.564849 -11.676941 0.441381
v -5.585389 -12.846563 0.142941
v -5.724043 -12.244690 0.317557
v -5.606148 -11.646637 -0.279567
v -3.703507 -13.771916 2.094544
v -2.876989 -13.825763 1.368068
v -4.412003 -11.826591 3.176006
v -3.715588 -11.585461 3.379608
v -4.116605 -11.874147 2.218371
v -2.844351 -13.641732 3.116677
v -2.578458 -11.856148 2.995171
v -3.677269 -13.806555 0.673016
v -3.175064 -13.717709 0.215273
v -2.939674 -13.383260 -0.314260
v -4.765763 -13.421811 0.271858
v -3.338637 -12.137775 1.454188
v -3.540967 -12.000424 -0.116936
v -2.780824 -12.457108 0.895102
v -2.366857 -11.366936 3.605850
v -4.048377 -7.717949 3.216722
v -3.460600 -8.982056 3.620327
v -2.988635 -6.405370 2.278426
v -2.012551 -12.190295 5.070734
v -2.240138 -13.047091 4.303851
v -1.731189 -12.983525 3.762279
v -1.538702 -12.413129 4.453060
v -1.398018 -12.046164 4.061243
v -1.652608 -11.396121 5.165506
v -1.812925 -10.680335 5.301867
v -1.493633 -10.526467 4.811849
v -1.623349 -10.388766 4.281681
v -2.091354 -9.049522 4.686731
v -2.561038 -7.817981 4.090251
v -2.365499 -8.458300 4.011093
v -2.176491 -13.501456 2.744901
v -2.301752 -13.458850 1.850819
v -1.662457 -11.485255 3.804897
v -2.130729 -12.413927 2.479636
v -1.695372 -12.874943 3.234911
v -1.891106 -12.628023 2.699503
v -2.786265 -12.955750 -0.189246
v -3.018952 -12.337845 -0.504738
v -1.998052 -10.411101 3.946594
v -2.855451 -9.223156 3.685571
v -2.757109 -8.647267 3.587303
v -5.755034 -7.301178 5.407337
v -6.099599 -6.802549 4.975903
v -6.331874 -4.977794 3.911776
v -5.794865 -6.385381 5.533743
v -5.333922 -6.113328 5.560266
v -5.720224 -5.704440 3.674206
v -6.318894 -5.427153 4.890362
v -6.186980 -4.587395 4.943933
v -5.740222 -4.768052 5.164988
v -6.862517 -3.360126 3.559761
v -5.001307 -5.282588 5.214276
v -3.014652 -7.523752 4.607609
v -5.152117 -3.256603 4.200642
v -2.186742 -5.093490 3.389910
v -6.562742 -3.021591 4.088463
v -6.837124 -3.192089 3.786473
v -5.868018 -3.489923 4.568457
v -6.316268 0.143793 4.179238
v -6.125985 -0.293680 3.905347
v -3.829746 -5.977425 2.524942
v -6.049933 -4.925508 3.486408
v -6.415047 -4.001381 3.105705
v -4.385964 -3.757036 1.717218
v -2.722042 -6.794875 2.524992
v -3.778155 -5.139784 2.145659
v -3.868394 -3.552778 1.363017
v -5.881982 -2.407488 3.699899
v -6.552561 -3.297094 2.294457
v -5.625757 -3.097278 1.372396
v -5.059578 -3.382204 1.685161
v -6.691442 -1.122710 3.493737
v -6.429099 -0.092104 2.604689
v -6.172729 -1.703700 2.629832
v -4.374315 -2.193451 2.775406
v -6.860573 -1.977417 -0.703387
v -5.916075 -2.218468 -0.541148
v -4.767141 -1.510225 1.657017
v -6.187224 -0.656802 0.260661
v -5.377261 -0.724560 -0.148493
v -2.764344 -3.353489 2.835346
v -3.174790 -2.549078 2.238513
v -3.908452 -2.215410 2.327666
v -3.434430 -2.580572 1.714936
v -2.524450 -2.839452 2.403700
v -4.628294 -3.033594 1.227294
v -3.911030 -2.777293 1.332119
v -4.061092 -2.172857 1.336717
v -5.473295 -1.678548 -1.396358
v -4.338511 -2.662467 0.989578
v -1.890038 -2.648636 0.848871
v -3.461315 -2.898384 1.364134
v -5.058525 -0.880156 -0.586428
v -3.958716 -0.602131 0.385326
v -4.255300 -0.172236 0.222043
v -3.393833 -0.707613 0.549011
v -2.727618 -7.054152 4.159499
v -2.543272 -7.408069 3.539560
v -2.085701 -5.943565 3.501442
v -2.786278 -7.362700 3.017051
v -2.264541 -6.848239 2.928928
v -0.624256 -5.230214 1.035183
v -2.027600 -6.405593 3.321789
v -1.333642 -6.074512 2.212637
v -0.325234 -5.459987 1.881397
v -2.735091 -4.348625 3.382681
v 0.028495 -4.692235 2.162971
v -0.960512 -3.340523 0.288734
v 1.003332 -6.554983 2.405920
v 0.132576 -5.044418 1.868455
v -0.077471 -4.231236 2.194449
v -0.256766 -6.329551 0.457212
v 0.101514 -5.971971 1.160801
v 0.434681 -5.510337 1.343103
v 0.853833 -4.725863 0.562444
v -0.934837 -4.831945 0.834295
v 0.708691 -3.854863 -0.571901
v 1.316216 -4.280303 0.868601
v 0.996142 -4.416660 -0.194226
v 0.765147 -5.335032 -0.274268
v -2.275447 -2.493880 1.820576
v -0.957752 -2.396553 1.874960
v -2.192343 -2.475494 1.307630
v -1.980151 -3.237354 0.718213
v 0.073587 -1.567685 0.709224
v -0.800485 -2.169517 0.251017
v -1.967795 -0.794001 0.527164
v -1.904632 -2.165914 -0.393364
v -1.033772 0.339626 0.474785
v -1.477590 -1.833137 -0.481122
v -0.539607 -2.838566 1.981126
v 0.160289 -2.329164 -0.548386
v 0.637734 -2.276587 1.162257
v 1.230170 -3.539920 1.094804
v -0.609672 -1.806500 0.741488
v -7.291526 0.951560 3.807654
v -9.962820 8.064677 4.095953
v -8.744923 7.233759 5.302151
v -9.506544 7.096465 4.027440
v -9.583315 7.399228 4.560170
v -9.383339 8.120925 4.861465
v -9.562091 7.481463 3.089397
v -7.290634 8.054553 6.101125
v -7.738812 6.629467 5.322923
v -8.878358 6.739051 4.841610
v -8.288734 6.479983 4.243272
v -7.255882 6.131708 4.461759
v -8.009896 6.962584 3.822376
v -7.167609 7.623673 4.011375
v -7.369720 6.207191 4.879222
v -6.926016 7.495291 5.979502
v -8.552423 1.273686 2.721115
v -9.179011 0.378880 3.044660
v -8.375872 1.300611 1.708993
v -8.260322 1.206821 3.215515
v -7.402952 2.021631 2.492103
v -7.450895 2.631451 1.305780
v -8.013802 0.683597 1.578851
v -7.696024 2.222022 0.416605
v -7.553487 1.819987 0.320078
v -7.358295 0.910129 1.150609
v -6.901108 1.796931 -0.308774
v -7.024067 3.173517 0.268403
v -6.415331 3.080683 0.793422
v -9.999068 7.630284 3.342833
v -10.133432 8.358491 1.737911
v -9.171500 7.854972 2.414389
v -8.735990 7.334394 3.465200
v -7.914714 7.898980 3.749940
v -9.536755 9.229099 3.993098
v -8.830720 8.850529 5.156432
v -8.301916 8.148652 5.707683
v -8.156857 9.034028 5.550400
v -8.859657 9.691134 4.404937
v -7.092779 8.669104 5.966492
v -7.272815 9.053475 5.470539
v -6.679605 8.809351 5.152634
v -7.710456 8.802017 3.587440
v -7.307935 8.728162 4.290870
v -6.719395 8.557457 4.647278
v -7.521927 9.301320 4.495537
v -7.661342 9.852699 3.270818
v -8.056673 9.742069 4.599425
v -10.071595 8.924646 3.245619
v -10.197524 8.262146 3.342018
v -10.294747 8.821167 2.021702
v -10.136116 9.337800 2.008492
v -8.919222 10.291803 3.292012
v -9.666851 9.840410 2.412670
v -9.863460 9.278152 -0.353247
v -9.961989 9.653134 0.630804
v -9.799376 8.762863 0.173731
v -9.488969 8.457533 0.518873
v -9.069526 8.384500 0.944471
v -8.831209 8.534083 -0.534666
v -9.377115 9.989452 -0.955055
v -8.745132 10.821928 1.289317
v -8.541511 7.920496 3.132379
v -8.732374 8.361669 1.900427
v -7.726751 9.358269 2.619443
v -8.323517 10.736264 2.528238
v -7.761230 10.604541 2.222949
v -7.442928 10.286676 1.703432
v -8.364544 8.859743 0.690138
v -7.581283 9.581764 1.188066
v -8.266756 10.992631 0.820445
v -7.178794 9.711892 0.060139
v -7.049562 10.682794 -0.369438
v -6.878172 10.138990 -0.403685
v -7.652695 11.006236 0.629678
v -6.002377 1.256204 3.455693
v -6.266120 6.305962 5.056316
v -5.272698 5.930542 3.995604
v -4.962455 7.295847 5.713945
v -4.623238 6.069465 4.548167
v -3.981761 7.883391 5.705863
v -3.676419 5.285966 4.066628
v -3.876803 7.275914 5.507556
v -1.969432 6.990702 5.383149
v -6.189824 1.987875 2.707266
v -6.024246 0.711615 1.634949
v -5.944998 0.033731 2.901067
v -5.715281 0.781825 3.357807
v -4.956572 2.254735 1.590593
v -5.210969 1.117467 1.871663
v -5.214356 2.718966 1.299147
v -6.008107 1.615558 -0.076381
v -5.463145 1.016855 1.362973
v -4.743818 1.717817 -0.008857
v -5.477316 3.069293 0.761315
v -4.130486 2.038836 1.758124
v -4.180679 3.838779 2.608658
v -3.417097 2.110385 2.294162
v -4.500720 1.889483 0.254674
v -4.027274 0.635695 0.803114
v -4.191000 1.805983 1.104496
v -4.189870 1.798474 1.100683
v -4.134702 1.403191 0.399813
v -3.198754 0.487020 1.147299
v -4.122658 2.492852 -0.011838
v -4.217706 3.222822 1.754649
v -4.105634 3.932139 1.830681
v -3.973639 4.801883 2.061053
v -3.704847 3.441203 -1.114702
v -3.816615 2.697576 0.830552
v -2.837361 2.707650 0.572663
v -6.082529 6.913794 3.632455
v -5.886779 6.347271 3.651934
v -5.978818 7.423980 3.833865
v -5.065691 6.436437 3.199713
v -4.982993 5.984728 3.398856
v -4.931433 7.059405 3.266771
v -4.372054 4.937677 3.092210
v -4.761856 5.659944 3.579774
v -4.527084 5.602484 3.944793
v -4.414899 5.888484 2.777372
v -3.901915 4.065876 3.130514
v -2.390862 4.048716 3.259445
v -3.282045 4.322863 3.462561
v -4.139250 8.140728 3.987406
v -4.022658 7.411622 3.406807
v -2.155444 7.459487 3.545367
v -2.770364 5.314456 2.026832
v -3.893327 6.094591 2.621018
v -1.876574 7.598177 5.505084
v -0.613916 7.082834 5.063453
v 0.510634 7.331292 4.276644
v 0.643183 6.756955 4.405274
v 1.501071 7.153862 3.354922
v -1.069725 3.217067 2.447664
v -0.879582 3.909344 2.792609
v -1.758780 0.327610 1.126337
v -1.676729 1.634258 1.945532
v -1.356063 0.023783 0.752005
v -1.165373 1.594938 1.717707
v -1.727450 3.171282 0.723850
v -1.557923 2.251477 0.365172
v -1.622675 4.351406 1.197500
v -0.749222 4.597505 1.302163
v -0.658943 3.279861 2.127035
v -0.898105 1.587190 1.205605
v -1.013970 1.853143 0.547145
v -0.873580 1.743302 0.951533
v -0.870032 1.755544 0.963062
v 0.641452 0.877406 0.071188
v -0.552689 3.230140 1.583280
v -0.730017 2.941033 1.164295
v -0.249587 3.860833 1.829415
v -0.605838 2.795645 -0.437125
v 1.151426 2.410529 0.657057
v 1.567161 3.514518 0.364193
v -0.460977 6.250355 4.672810
v -1.702812 6.814679 3.026283
v -0.158783 7.228527 3.090228
v 0.329703 4.797609 3.131241
v -0.268215 3.914931 2.387872
v 0.572284 6.225626 4.261152
v 0.732114 4.515710 2.495645
v 1.236903 4.461033 1.472926
v 1.403824 6.034615 3.484336
v 0.618947 7.092059 2.372473
v -0.399666 4.101443 1.413435
v 0.171321 4.489598 1.352162
v -0.377315 5.085604 1.400794
v -0.681847 5.625116 1.864319
v 0.137118 5.333880 1.092233
v 0.426327 4.275111 1.765387
v 0.284393 4.915877 0.900498
v 0.177860 5.858832 1.470918
v 1.018151 6.917748 1.490101
v -5.436799 7.833083 5.930153
v -5.639364 8.317530 5.781936
v -5.466113 8.550793 5.024587
v -5.736370 8.302052 4.557668
v -5.778403 8.534163 5.480308
v -3.630329 8.541535 4.462127
v -2.923645 8.593892 4.886882
v -3.143019 8.389359 5.420862
v -1.779661 8.085080 5.246927
v -0.622650 7.820415 4.410491
v -0.736225 7.746837 3.935232
v -1.756691 10.870463 3.740801
v -0.993911 9.828273 4.290264
v -1.385605 11.112084 4.050742
v -0.218323 9.238098 4.528262
v -0.244089 8.848449 4.069650
v -0.531896 10.437959 4.578424
v 0.188638 9.785816 4.722900
v -0.261750 11.719275 4.275839
v 0.747117 11.255580 4.553951
v 0.960886 11.745234 4.202127
v -2.303547 11.809392 2.773703
v -1.888728 11.594891 0.775994
v -2.647708 11.799335 1.246176
v -2.001887 10.805516 3.240514
v -1.889479 10.747414 2.681237
v -1.537889 10.732418 2.385199
v -1.042562 10.683978 2.448429
v -2.594223 11.734445 1.954431
v -2.256177 12.270904 -1.072776
v 1.495819 7.638560 3.596823
v -0.822277 9.346220 3.805236
v 0.555407 8.539000 3.305873
v 0.195830 9.576585 3.053197
v -0.822586 9.751693 3.195131
v -0.351885 10.446986 2.811584
v -0.994711 11.501078 1.531085
v -0.037413 11.530667 2.297136
v 0.458939 11.330827 2.771317
v -1.908586 12.104065 3.090815
v -2.316761 12.837662 1.711186
v -0.705063 12.507419 3.479632
v -2.688959 12.510881 1.499040
v -2.821409 12.556196 0.527646
v -2.623412 12.529779 -0.682894
v -1.633595 12.126575 -0.975417
v -2.093907 13.557201 0.117399
v -2.538310 13.261786 0.228327
v -0.797921 12.130013 -0.309945
v -0.781142 13.739664 0.652174
v -0.009904 12.482537 3.709571
v -0.938581 13.143291 2.433296
v -0.336142 11.888835 1.476068
v -0.282941 13.177693 2.385254
v 0.159986 12.695425 3.195698
v 0.402813 12.391726 2.781777
v 0.724687 11.788700 2.976077
v 0.121509 12.148398 1.863812
v 0.185337 12.884058 1.435365
v -0.193787 13.676525 0.619184
v 0.020814 12.345291 0.338917
v 0.000324 13.333936 1.270370
v 0.326121 12.893781 0.181352
v -11.943826 -7.587164 -1.291729
v -11.280746 -8.602581 -1.493383
v -10.842177 -8.983137 -0.353096
v -10.997993 -8.609495 -2.797329
v -11.261618 -8.240450 -3.178817
v -10.123559 -9.304575 -0.574702
v -10.700181 -9.103908 -1.620193
v -10.047202 -8.520405 -3.025764
v -9.842987 -9.001402 -1.478591
v -9.667310 -7.771080 -0.476661
v -9.466911 -8.285410 -0.813726
v -9.716854 -8.137996 -2.268507
v -10.450698 -8.419231 -3.692011
v -9.543322 -7.479774 -3.839380
v -9.714703 -7.798070 -4.505978
v -10.638890 -7.924405 -4.552587
v -9.275038 -7.476468 -4.680018
v -11.456438 -5.891993 -2.064030
v -12.138499 -6.815569 -1.951766
v -11.881747 -5.930704 -2.496820
v -11.021982 -6.187973 -1.404922
v -10.626496 -6.605966 -0.399215
v -10.545462 -6.459579 -1.748871
v -11.943675 -6.021449 -3.213128
v -11.739072 -6.330472 -3.930897
v -10.779891 -5.817249 -2.553318
v -11.934564 -7.017762 -3.025806
v -11.081458 -7.404954 -4.492518
v -11.374660 -5.376077 -4.217653
v -11.072164 -5.121114 -3.784948
v -10.179729 -4.970197 -3.999924
v -10.608893 -7.136821 -5.222777
v -10.005437 -4.808811 -4.911153
v -11.270427 -5.869851 -4.666288
v -10.385681 -5.189780 -5.121346
v -9.912889 -7.525095 -1.895380
v -9.685118 -7.637603 -3.196245
v -10.171288 -6.427114 -2.905506
v -10.114166 -5.623435 -3.485388
v -9.418038 -6.742072 -3.966697
v -9.310331 -5.886596 -3.845902
v -9.682225 -5.151622 -3.909453
v -8.553894 -5.479743 -3.808415
v -5.583996 -5.555607 -2.796160
v -6.210045 -6.491501 -3.381357
v -7.524518 -5.408628 -3.654070
v -6.249143 -4.962093 -3.583212
v -8.536670 0.649265 -1.992747
v -8.137496 -0.894119 -1.480093
v -7.803441 -0.914527 -2.014985
v -6.893084 -1.225233 -2.045786
v -8.797636 0.724938 -3.014697
v -7.670632 0.168312 -3.466962
v -6.889704 -0.425318 -3.165633
v -10.127896 -6.797702 -5.684787
v -9.670824 -7.429275 -5.594992
v -9.972167 -5.841151 -5.626039
v -9.018969 -7.018406 -4.440731
v -8.123926 -7.043105 -4.614881
v -8.902840 -7.467083 -5.132573
v -8.795481 -7.272992 -5.874818
v -9.122771 -4.627437 -4.584389
v -8.865677 -4.759435 -4.985373
v -8.961038 -6.748748 -6.132891
v -9.142744 -5.207914 -5.479697
v -8.715303 -6.236687 -6.055273
v -7.957654 -6.156002 -3.947018
v -8.047572 -7.352779 -5.293598
v -7.065110 -7.490339 -4.867263
v -7.534810 -7.205589 -4.649879
v -7.505664 -7.301148 -5.606394
v -7.513819 -4.963490 -3.950645
v -7.429450 -5.048460 -4.985844
v -6.230235 -4.945298 -4.078026
v -7.202153 -6.161755 -5.800619
v -5.410307 -12.728645 -0.848425
v -5.698380 -12.074215 -1.123070
v -5.389977 -11.332722 -2.020759
v -5.100669 -12.260402 -2.160609
v -5.107870 -11.777115 -2.596858
v -4.278965 -12.982271 -2.081790
v -3.994653 -13.485431 -1.079070
v -2.840384 -12.818911 -1.790731
v -4.074394 -11.367121 -1.055709
v -3.332147 -13.302285 -1.775604
v -3.586532 -12.281389 -3.689592
v -4.407973 -11.552681 -3.490084
v -3.602330 -12.878411 -2.950127
v -2.891113 -12.502612 -3.824784
v -5.147703 -11.206562 -0.899477
v -4.644807 -11.033664 -1.262915
v -4.334877 -10.318932 -2.808801
v -4.758609 -10.818205 -3.220877
v -3.814165 -10.591605 -2.296988
v -4.080366 -11.044191 -3.988643
v -3.259588 -9.524501 -3.459390
v -4.634681 -10.523511 -3.248495
v -3.276477 -9.841355 -3.100800
v -2.942873 -10.248883 -2.872928
v -2.691260 -11.756935 -4.385258
v -5.480184 -7.923860 -5.243808
v -3.824679 -10.288610 -4.195405
v -3.100615 -10.522222 -4.551371
v -3.144140 -9.362196 -4.080728
v -2.849629 -9.664454 -4.540715
v -5.493575 -7.943459 -4.642277
v -2.822338 -7.824156 -4.061062
v -4.424703 -7.999439 -5.156927
v -2.864153 -12.872657 -1.231188
v -2.888610 -12.144970 -1.568548
v -2.846017 -12.625458 -1.231182
v -2.845299 -12.633475 -1.238071
v -2.794314 -11.641039 -2.266641
v -2.512726 -12.344449 -2.582439
v -2.626544 -12.682545 -3.225412
v -2.390929 -11.944323 -2.645303
v -1.528304 -11.304926 -3.053606
v -1.299986 -11.918424 -3.785615
v -1.711409 -11.927167 -3.222728
v -0.649658 -11.542777 -3.408014
v -2.298270 -11.368784 -2.791987
v -2.064844 -9.623919 -3.090855
v -1.516970 -10.730287 -2.996408
v -1.438044 -8.599093 -3.547258
v -1.270705 -9.116865 -3.048061
v -1.709028 -7.824548 -3.859860
v -1.698855 -7.822272 -3.851109
v -0.210299 -8.167761 -3.486960
v 1.477396 -9.646338 -2.769386
v 0.770289 -10.794153 -3.070138
v 0.204516 -11.365082 -3.814113
v -1.035170 -7.801085 -3.378033
v -0.804210 -7.787995 -3.661485
v 0.729785 -9.245481 -2.884661
v 0.739831 -8.250876 -3.136090
v -0.076674 -7.868564 -4.033915
v 0.120015 -7.663927 -3.036037
v 0.300651 -7.381238 -3.025128
v -1.700237 -12.007483 -4.153249
v -1.600698 -11.618071 -4.502882
v -2.133031 -9.757685 -4.719979
v -1.675037 -11.012516 -4.706972
v -0.794089 -8.304207 -4.021007
v -0.554181 -8.409905 -4.384768
v -2.849186 -7.865628 -4.777520
v -0.528414 -8.737752 -4.582887
v 0.287072 -10.703362 -4.504552
v 0.429511 -11.087000 -4.234662
v -0.243675 -9.358966 -4.709118
v 0.889043 -7.201845 -4.567507
v -6.318304 -5.237485 -3.228213
v -5.726273 -4.772879 -2.895887
v -5.589611 -4.450406 -3.473822
v -4.950653 -3.742928 -3.295753
v -5.194658 -5.406640 -2.600979
v -3.784363 -5.484194 -2.361668
v -3.579034 -7.248311 -3.596545
v -3.134226 -3.347941 -2.981442
v -5.044957 -3.686272 -1.990916
v -4.410434 -0.690653 -0.600826
v -6.100126 -1.077167 -2.463245
v -5.610285 -0.788241 -2.480255
v -5.544709 0.143628 -2.187076
v -5.211385 -3.588071 -2.358563
v -5.194698 -3.602513 -2.867403
v -5.684994 0.354037 -3.264119
v -4.457534 -1.764619 -0.777009
v -3.762333 -4.478888 -1.697419
v -4.985848 -1.221814 -0.923084
v -4.141093 -2.195893 -0.720064
v -4.269657 -0.356289 -0.788607
v -4.518468 -1.507228 -1.906211
v -3.918574 -0.140136 -0.983683
v -2.933930 -2.400870 -0.509580
v -3.324907 -0.081962 -1.113278
v -3.883927 -1.607774 -2.286493
v -2.001657 -1.644924 -1.961295
v -5.530007 -6.509428 -5.491266
v -5.802350 -7.683212 -4.275714
v -6.237976 -7.280350 -5.711544
v -4.496365 -7.528840 -5.613769
v -4.086188 -6.787321 -5.502821
v -5.996162 -5.221409 -4.574582
v -5.516217 -4.812158 -4.116455
v -4.499581 -3.866810 -3.507151
v -5.829229 -6.987178 -5.746733
v -3.124504 -4.235099 -3.512426
v -2.820685 -6.622406 -5.131965
v -1.806099 -5.455481 -1.588951
v -1.196537 -5.776987 -1.170699
v -1.148552 -5.078670 -1.161183
v -0.876085 -4.726150 -1.411792
v -1.753948 -4.704027 -1.322170
v -1.396507 -4.213641 -1.448480
v -1.077104 -4.268172 -1.860535
v -2.050745 -7.179859 -3.003942
v -1.419829 -7.297314 -2.624183
v -1.134742 -7.721159 -3.076410
v -1.740559 -4.015651 -2.779667
v -0.943723 -4.422829 -2.395169
v -1.595862 -3.503517 -2.340156
v -0.971329 -7.116821 -1.799373
v -0.661942 -5.276131 -0.467638
v 0.081325 -5.082048 -0.287937
v -0.344398 -7.048173 -3.904291
v -0.460633 -6.151332 -3.597284
v 0.286377 -7.693639 -3.646834
v 1.144142 -6.849258 -3.648117
v -0.036045 -5.078831 -2.055470
v -0.945779 -4.844117 -2.966873
v -2.471437 -4.306937 -1.201608
v -1.817555 -3.048526 -0.815530
v -1.438562 -2.669959 -1.087182
v -1.393193 -3.441026 -1.881980
v -2.040031 -0.245398 -1.151216
v -1.132754 -0.486598 -0.429268
v -1.559325 -1.963889 -1.823567
v -2.246654 -3.298564 -2.662143
v 0.965050 -1.699751 -0.981862
v 1.394490 -2.327743 -1.212287
v 1.250586 -1.084880 -0.831371
v -2.856196 -7.420654 -5.246531
v -1.379143 -7.076438 -4.622240
v -1.203027 -6.634609 -4.440264
v -1.683462 -5.928334 -4.230252
v -1.003497 -7.524145 -4.210857
v -9.065441 2.032685 -2.812335
v -8.827324 2.869354 -2.740913
v -9.253542 2.275438 -3.789894
v -9.665288 4.358245 -3.762477
v -8.119636 0.830117 -1.684378
v -8.842190 0.803028 -2.698603
v -6.875227 -0.010132 -0.672822
v -6.003181 0.217186 -1.513306
v -7.362708 2.931622 0.366663
v -6.274672 3.455421 -2.988116
v -8.473700 0.608532 -3.364383
v -8.240875 1.226846 -3.996608
v -7.734579 0.797787 -1.555018
v -7.182633 1.336563 -2.250537
v -6.386199 0.406443 -4.014016
v -8.293493 2.374612 -2.570793
v -7.696410 3.497341 -2.943424
v -7.500986 2.224161 -2.725533
v -6.565456 3.353159 -3.487416
v -9.578267 5.477006 -3.959555
v -9.430002 2.997281 -3.208631
v -9.443916 5.062093 -3.179847
v -9.214665 7.194523 -3.387086
v -8.657184 6.584435 -3.024229
v -9.061173 8.108272 -2.485689
v -8.798097 7.499965 -2.864316
v -7.089956 5.401685 -3.026513
v -6.628757 5.160188 -3.238972
v -7.254822 6.526023 -3.040494
v -8.814693 2.893081 -4.388603
v -9.324553 3.401313 -4.144574
v -7.739118 1.935144 -4.579028
v -7.110012 1.390184 -4.572851
v -8.194178 4.526362 -4.676701
v -7.089861 2.661502 -4.899556
v -7.156137 4.722386 -4.670817
v -9.256854 4.958167 -4.456409
v -8.587276 6.110720 -4.685219
v -9.103809 7.037575 -4.365218
v -7.115950 6.701337 -4.733441
v -8.565475 7.294960 -4.590250
v -6.521557 7.243511 -4.491796
v -9.211165 8.548139 -1.376070
v -9.438483 8.871471 -1.889443
v -8.778463 8.238390 -1.997605
v -8.140643 10.912527 -0.346820
v -9.285338 8.278071 -2.828992
v -9.341294 8.668219 -2.744781
v -9.340414 8.663517 -2.743611
v -9.471681 9.438849 -1.804815
v -9.338481 8.716367 -2.769115
v -9.336267 8.717165 -2.792350
v -9.333932 8.722229 -2.801155
v -9.267467 7.949745 -3.177611
v -9.262856 7.935534 -3.169612
v -9.288786 7.557584 -3.630490
v -9.197206 8.254377 -3.780862
v -9.087501 9.670893 -2.314481
v -8.764997 9.092241 -3.493952
v -8.395075 8.439407 -1.512845
v -7.325110 9.276825 -0.602220
v -7.412657 8.386496 -2.034853
v -6.753824 9.064379 -1.703187
v -6.842257 8.314404 -2.410475
v -7.776447 10.315930 -2.156103
v -7.492623 10.814203 -0.939736
v -7.607214 7.382435 -2.836624
v -7.191095 9.597452 -3.227827
v -6.654939 7.492301 -3.023470
v -7.060870 10.324967 -1.992662
v -8.698652 8.390603 -4.115539
v -7.439548 8.042400 -4.457199
v -7.480718 8.809238 -3.981456
v -6.248102 1.309914 -2.747394
v -5.848107 4.374508 -2.523154
v -6.076859 3.038952 -2.903488
v -5.410785 2.911116 -3.091375
v -6.633183 4.541557 -4.368862
v -5.998900 1.572402 -3.430549
v -6.128405 2.193600 -4.202442
v -6.357598 3.765052 -2.813707
v -5.718774 3.670101 -3.853525
v -6.518291 2.266813 -3.236396
v -6.353005 3.207807 -3.920183
v -3.854745 0.979831 -0.414470
v -3.296089 1.131072 -0.535855
v -4.491797 2.313361 -1.974638
v -3.372830 2.752735 -1.504275
v -3.477356 3.161258 -1.204713
v -3.408853 2.588493 -1.889998
v -2.629347 2.833638 -1.865657
v -3.798638 2.504659 -2.341957
v -4.897766 3.639648 -4.064346
v -4.142588 4.209021 -4.328999
v -3.389650 3.138559 -3.100198
v -6.714558 3.816454 -3.369237
v -5.854870 4.597071 -3.308419
v -5.678131 4.766032 -4.144889
v -5.257091 5.789032 -4.349621
v -6.428237 4.651974 -3.896428
v -5.379714 4.175911 -1.861363
v -5.214828 4.835783 -2.864522
v -6.273964 6.121933 -3.615013
v -6.257693 6.292254 -4.229743
v -6.401720 8.881043 -3.199755
v -6.213818 6.912992 -3.750106
v -6.211453 6.904532 -3.759199
v -6.246117 7.410626 -4.059590
v -4.135200 3.817248 -1.340311
v -3.262695 4.119344 -1.562395
v -2.986166 5.252115 -2.230973
v -4.862996 5.548982 -3.344892
v -4.143071 6.554361 -3.641140
v -4.786394 6.547692 -4.174919
v -2.232337 6.278521 -2.463380
v -2.039219 8.294518 -3.279583
v -6.565713 1.337663 -4.520766
v -6.208013 1.663667 -4.388237
v -6.502158 2.836291 -4.675888
v -6.519969 6.589179 -4.548729
v -5.465382 4.555167 -4.424380
v -4.873646 4.897390 -4.845169
v -4.655947 6.383568 -5.233637
v -4.048958 6.552392 -5.540977
v -4.050562 5.282043 -5.020077
v -3.560009 6.308442 -5.361673
v -3.672014 8.569535 -4.546112
v -3.933479 8.386110 -4.903625
v -4.261333 7.716624 -5.237244
v -3.855958 7.655331 -5.582318
v -3.088147 8.592165 -4.013904
v -1.740209 0.743518 -0.578673
v -1.259071 0.248357 -0.494551
v -0.895771 3.434417 -0.678376
v -1.662574 2.594762 -1.229007
v -2.746603 3.164340 -1.405040
v -2.993528 3.738541 -1.349675
v -0.899330 2.486622 -0.663668
v -0.726177 1.992632 -0.748575
v -2.517079 2.911224 -2.414458
v -1.887117 2.625798 -1.728505
v -2.185490 3.461562 -2.904075
v -1.555171 2.746485 -2.252560
v -1.114046 3.592160 -2.735146
v -0.942807 2.078048 -1.605657
v -0.072968 2.014085 -1.746771
v 0.062180 3.984015 -0.590347
v -0.041331 2.480439 -2.030413
v 0.853701 3.847060 -2.261874
v -0.848441 5.311793 -3.455222
v -2.446520 4.102828 -1.297832
v -1.401633 4.826341 -3.491604
v -1.548030 6.738452 -2.441717
v -1.458972 7.306548 -2.769774
v 0.480903 4.497762 -0.766387
v 1.503000 5.360577 -1.227741
v -0.388849 6.158581 -2.229546
v -0.015774 5.842125 -2.732570
v -0.524005 5.782789 -3.385393
v -0.873811 7.062450 -3.934393
v -0.323296 6.308839 -2.791424
v -0.737702 7.054648 -3.366155
v -0.678731 7.883335 -4.035669
v -2.547640 8.050142 -5.592710
v -1.696372 7.566323 -4.880641
v -0.899233 7.652183 -4.333034
v -6.599148 9.567568 -1.857761
v -6.596099 9.563257 -1.871000
v -6.699930 10.024262 -1.732721
v -6.358536 7.958941 -3.274619
v -6.564931 9.480006 -2.822006
v -6.691020 8.675034 -3.921294
v -2.657230 9.426313 -5.475811
v -2.952137 8.528427 -5.666737
v -2.414655 9.819504 -5.056904
v -1.013353 7.465361 -3.083184
v -0.794920 9.221581 -3.672970
v -1.275916 9.553115 -3.930019
v -0.488543 8.286073 -3.890545
v -0.597489 8.701047 -3.650544
v 0.193350 9.899771 -3.897442
v -0.727943 11.345262 -3.911325
v -0.109187 10.909552 -3.851619
v 0.273342 10.423249 -3.853266
v 0.278397 10.420782 -3.855479
v 0.251308 10.618471 -3.827492
v 0.317922 10.762589 -3.797292
v 0.327672 10.752676 -3.799725
v 0.766156 11.128718 -3.622490
v -2.646913 12.987933 -0.835696
v -2.111998 13.601894 -1.799822
v -0.375991 13.904925 -1.058352
v -2.017583 12.762732 -2.984964
v -1.266780 11.974578 -2.945263
v -1.759419 12.298450 -3.105840
v -1.322394 11.721819 -3.962768
v -1.572668 13.443563 -3.237691
v -2.268237 13.381956 -2.058093
v -0.700805 13.432632 -3.792371
v -1.445124 13.786846 -2.157043
v 0.165075 12.352237 -0.687354
v 0.816433 13.118118 -1.421562
v 0.182465 12.162948 -1.775533
v 0.765424 12.508264 -1.799088
v 1.098531 13.107246 -2.663548
v 0.481491 13.663513 -1.281922
v 0.257163 11.782233 -2.917943
v 1.003487 12.066455 -2.830921
v 0.846402 13.343263 -3.139596
v 0.742977 12.966062 -4.131654
v 0.075485 13.766372 -2.373369
v -2.113438 9.813324 -4.594955
v -1.894673 9.264136 -5.904932
v -1.696411 8.717523 -5.719882
v -0.784114 9.891008 -5.917653
v -2.039742 10.360971 -5.401363
v -1.819604 10.472266 -4.868929
v -1.230766 10.402120 -4.350916
v -1.473137 11.357693 -4.609694
v -1.468084 11.908009 -5.083734
v -2.082953 9.748987 -5.791925
v -1.045973 10.486613 -6.132315
v -1.623418 10.941999 -5.865232
v -1.003013 11.674693 -5.856616
v -0.042100 9.062952 -5.061067
v 0.744326 10.596705 -3.915789
v 0.885187 10.039512 -4.795939
v -0.216257 10.256091 -3.870393
v 1.151803 10.596294 -4.350904
v 0.539431 10.219378 -5.368374
v 0.772614 12.105600 -5.044389
v -0.438638 10.844614 -6.002642
v -0.219746 11.601260 -5.760152
v -1.547694 12.074360 -4.463230
v -1.241879 12.826523 -4.626343
v -0.534207 12.803376 -4.881798
v -0.504731 12.280928 -5.445896
v 3.870762 -8.100182 3.818414
v 1.386461 -7.357285 2.326622
v 1.747661 -8.331471 1.488839
v 0.494245 -7.643625 0.630378
v 0.802598 -8.219000 0.021769
v 2.255001 -8.371126 1.176096
v 2.573364 -8.431325 1.861696
v 2.562928 -8.428782 1.851203
v 3.294539 -8.315323 1.961364
v 1.457738 -8.247877 -0.158198
v 2.850252 -8.393750 2.671960
v 4.634480 -8.510884 3.575806
v 4.093743 -8.449045 2.604893
v 3.571557 -8.115269 1.951573
v 5.121647 -7.345499 2.613952
v 3.957062 -7.567663 2.064923
v 5.703833 -7.944685 4.366879
v 6.648132 -8.184311 4.188698
v 7.588304 -8.152703 3.985803
v 9.101287 -7.460876 3.782010
v 6.019287 -8.505956 3.515863
v 7.373394 -7.969973 3.089088
v 6.207527 -7.749291 2.772260
v 7.361414 -8.186602 3.304420
v 2.337279 -6.188750 3.833106
v 3.536318 -7.191330 4.249174
v 3.624747 -6.029021 4.547028
v 5.167022 -6.235225 4.895143
v 4.842614 -5.664464 4.621202
v 3.804184 -5.638373 4.299917
v 4.148270 -5.528083 4.106709
v 1.315987 -5.840946 2.696728
v 2.260552 -7.888150 2.822553
v 2.697908 -6.725727 4.030481
v 2.234362 -5.661166 3.402682
v 2.732951 -5.528933 3.317647
v 2.740421 -5.526299 3.309730
v 2.885077 -5.521800 3.121310
v 2.350094 -5.507008 2.785317
v 2.343969 -5.504942 2.777846
v 1.316370 -5.978572 -0.095887
v 1.549717 -5.454395 2.012910
v 1.825447 -5.512002 1.740597
v 2.275683 -3.646219 0.475703
v 2.511478 -3.921394 -0.009687
v 3.832111 -6.760843 2.360263
v 4.699076 -5.597680 3.624811
v 4.081841 -5.890758 3.102389
v 3.006893 -5.715737 2.634985
v 5.201650 -5.188382 3.217892
v 4.733783 -4.951195 2.973281
v 3.119611 -7.310567 1.385256
v 2.274853 -5.890348 1.614899
v 4.632100 -6.953807 -0.169143
v 3.301038 -5.049240 -0.226786
v 3.791736 -3.395238 2.261208
v 3.918911 -6.265466 0.264686
v 2.468861 -0.229015 1.739385
v 2.384983 -3.103540 0.500691
v 1.738743 -1.896077 0.546091
v 3.321647 -1.186468 -0.524844
v 1.013869 -1.497453 0.583434
v 2.214462 -0.262388 0.730352
v 3.094662 0.155526 0.283425
v 3.967800 -1.641267 2.624890
v 3.762009 -0.954150 2.484129
v 5.226577 0.662312 3.178183
v 3.467076 -3.946861 0.733623
v 3.802438 -1.937318 2.141147
v 3.804948 -2.824040 1.411694
v 4.296515 -1.797441 1.267447
v 4.630961 -2.940441 0.910579
v 4.418371 -2.319736 1.325933
v 4.991443 -1.927683 1.363714
v 4.188541 -2.801940 1.049745
v 3.962594 -1.981028 1.611041
v 3.336182 -1.128531 2.010025
v 3.181213 -1.007924 1.146738
v 2.965437 -0.359174 0.576438
v 3.869639 -0.453094 0.736322
v 4.359242 1.072871 0.688161
v 4.329697 -6.716506 4.739555
v 8.125441 -7.391475 4.525009
v 6.737162 -5.380027 4.419703
v 6.173738 -4.641897 3.963669
v 7.034237 -5.984772 4.685245
v 6.519021 -5.236925 4.080428
v 9.716331 -6.542216 4.543449
v 7.949046 -6.545609 4.691660
v 8.058372 -4.504296 4.115212
v 8.582337 -4.585894 4.488129
v 8.485293 -5.205519 4.715015
v 7.235995 -3.759496 4.073445
v 9.528955 -4.043993 3.583358
v 5.748254 -3.036523 4.494944
v 6.156457 -4.166757 4.453396
v 7.371745 -2.898512 5.257161
v 7.397445 -2.049740 5.399071
v 6.221913 -3.360721 4.796446
v 5.747859 -0.583320 3.818773
v 7.488338 -3.310167 3.881913
v 7.947474 -2.767383 5.313529
v 7.643896 -2.523983 3.584301
v 8.435006 -1.354153 5.650409
v 9.036504 -1.678415 5.532142
v 8.674683 -0.485833 5.556508
v 6.001671 -5.727317 3.253237
v 5.097235 -6.095117 3.154820
v 5.402865 -7.708776 2.627677
v 7.186541 -5.687150 2.998871
v 6.254067 -6.626179 2.915720
v 5.515676 -4.199969 4.190373
v 5.457172 -5.671733 2.365666
v 6.182015 -4.880417 3.112896
v 6.252184 -5.354732 3.553523
v 6.375762 -4.378795 2.832814
v 6.599964 -3.461894 2.946321
v 6.068414 -4.953685 2.203713
v 6.111384 -3.855112 2.399002
v 5.389309 -6.241302 0.832256
v 5.461388 -6.011125 -0.034688
v 5.877858 -4.487372 1.693127
v 9.172710 -6.880173 3.086386
v 8.585902 -5.825337 2.990637
v 7.658518 -4.772581 3.433523
v 4.846344 -3.875118 3.645489
v 5.156052 -2.701229 1.448558
v 5.136496 -3.211689 1.186549
v 5.565693 -1.987572 1.782455
v 6.691303 -0.562685 2.247921
v 9.577737 -7.143205 4.208797
v 9.710922 -5.504785 4.618427
v 10.350900 -6.947471 3.925246
v 10.652152 -6.582029 4.090034
v 10.931708 -5.950487 4.067900
v 9.665006 -4.571645 4.469541
v 9.875666 -4.073214 3.960319
v 10.601025 -4.746214 4.125869
v 9.181580 -0.645082 5.728137
v 8.602519 -2.519046 5.088283
v 8.924400 -2.260985 4.749354
v 9.585661 -1.530987 5.011363
v 10.032588 0.147855 5.793516
v 10.628825 0.512778 5.498837
v 10.698287 0.586036 5.060262
v 10.427303 0.395813 4.694899
v 9.561865 -1.226801 4.368940
v 9.440154 -0.775064 3.993835
v 10.245778 -7.005186 3.436670
v 9.903702 -6.332344 2.795853
v 9.934619 -6.778090 3.077796
v 10.380613 -6.032739 2.287760
v 8.689194 -4.684692 3.187358
v 11.229411 -3.851938 2.447476
v 9.483585 -5.219045 2.838699
v 9.913916 -4.384718 2.770341
v 10.515783 -4.058182 2.530592
v 10.302038 -4.968635 2.256223
v 10.741675 -4.569456 1.720709
v 11.603185 -6.555011 3.068426
v 11.316806 -6.771285 2.731876
v 11.776172 -6.050279 3.126115
v 10.821638 -6.651633 2.243918
v 11.280864 -6.780970 1.388985
v 10.651853 -6.031968 1.854146
v 12.249662 -5.939868 2.299342
v 12.448795 -6.428079 1.295471
v 10.779868 -4.133783 3.663258
v 11.601872 -4.623920 3.274607
v 12.985723 -4.860742 0.816127
v 12.356205 -4.664206 2.212619
v 12.654920 -4.335890 1.449296
v 10.977793 -6.235357 0.899418
v 11.053640 -6.398459 0.033895
v 11.824435 -6.875314 1.258722
v 11.560465 -7.461258 -1.048368
v 12.275228 -6.983276 0.264758
v 12.615804 -6.738839 -0.363758
v 11.202599 -4.730965 0.792363
v 11.721215 -4.265522 0.232923
v 11.688694 -3.899109 1.220525
v 11.412931 -5.104790 -0.288666
v 11.813663 -4.011637 2.464587
v 12.232707 -3.910107 1.114989
v 12.726228 -4.201056 0.786061
v 13.123141 -5.535078 -0.408017
v 2.517993 6.256518 3.695240
v 3.032501 5.887419 4.532557
v 2.501282 6.209512 4.327555
v 2.665164 6.935335 4.845973
v 3.721151 4.790950 3.889620
v 4.543653 5.384559 3.952850
v 3.693749 5.850689 4.569129
v 3.725134 6.786961 4.690456
v 4.917633 6.300205 3.882684
v 4.977916 7.007311 3.850782
v 1.246037 1.129635 0.978466
v 1.082233 0.766639 -0.489716
v 2.508925 0.414602 1.897584
v 2.347193 2.347301 1.113262
v 2.748036 2.792571 0.922224
v 3.148793 2.938217 0.615743
v 4.617415 -0.706753 3.035398
v 3.827399 3.924965 2.556435
v 4.215814 3.756501 2.765866
v 4.010930 2.308909 1.790691
v 3.903379 1.722697 2.272742
v 4.519804 1.937072 0.855769
v 3.268162 2.912436 0.237303
v 4.959668 1.988374 1.773780
v 4.487564 2.204317 0.140147
v 4.162379 3.044388 0.221952
v 1.413150 4.805931 1.940379
v 2.931975 6.061951 1.054289
v 1.781543 6.368512 3.255454
v 1.425961 7.664463 3.988188
v 1.247396 7.353157 3.123048
v 1.981828 7.304129 3.478803
v 1.641661 6.880991 3.458066
v 2.627636 7.536971 3.087655
v 1.040985 4.556476 0.299251
v 2.245774 4.791728 0.248681
v 1.797262 4.626219 -0.818835
v 1.824632 4.547920 -0.127812
v 1.062036 7.337048 2.561985
v 2.545175 7.374676 0.300253
v 2.685455 7.225612 -0.706581
v 3.440376 6.468800 0.502392
v 3.323151 7.278337 -0.027202
v 3.489964 5.199971 2.571918
v 3.449093 4.655087 2.916681
v 4.541979 3.524007 2.542094
v 4.675020 4.435939 3.381063
v 4.195678 6.219180 2.079351
v 3.051779 6.145407 3.083322
v 3.788977 7.721526 2.633699
v 4.039156 6.980103 2.411017
v 4.161288 6.079410 -0.728182
v 4.180688 3.667103 0.574881
v 4.423228 4.254832 0.591226
v 3.527159 6.785400 0.348744
v 4.746598 5.427630 1.033607
v 7.905584 0.736185 4.532127
v 7.945902 1.136151 4.098897
v 9.175649 0.659112 5.683084
v 8.857696 1.914574 5.016304
v 6.283840 0.510896 3.711378
v 5.858796 1.370728 2.781773
v 6.691240 0.824710 3.655037
v 6.299485 1.070503 2.088712
v 5.288071 3.432421 1.929074
v 5.213375 2.528126 0.856200
v 5.785658 2.938888 0.653254
v 6.517529 4.018950 0.364923
v 6.393412 1.252967 2.643490
v 7.486870 1.032383 3.250702
v 7.235777 0.250967 2.417143
v 7.611555 0.695464 2.792522
v 8.881079 0.693296 3.269206
v 8.313649 1.406352 3.696871
v 8.170555 0.955159 3.188808
v 9.102363 1.861498 3.711474
v 5.386685 5.020912 2.977654
v 6.043139 4.470561 1.715280
v 5.675557 6.274763 2.932879
v 5.126248 7.596784 3.526866
v 5.073483 7.759462 2.902448
v 6.080559 5.806544 1.680694
v 6.226965 5.289961 1.631897
v 6.715270 4.065504 -0.340232
v 6.655037 4.361349 -0.673672
v 5.975123 5.268464 0.136796
v 4.873838 7.011598 2.125911
v 5.483326 6.325497 1.567944
v 5.078321 6.034100 1.251931
v 1.335043 8.001610 4.388750
v 1.523727 8.453653 4.630083
v 2.936177 7.550362 4.839522
v 2.845421 10.544936 3.985046
v 1.667152 10.332320 4.661079
v 2.501757 8.818885 4.682619
v 3.475764 9.575701 4.334252
v 3.891277 9.576326 3.715322
v 4.325845 7.978539 4.255794
v 4.578604 8.605057 3.736149
v 2.750583 10.279119 4.374297
v 1.506958 11.447911 3.636860
v 1.267653 8.583136 3.021637
v 2.911509 8.694353 2.833004
v 1.031065 10.463518 2.992281
v 1.388106 11.060421 3.133608
v 2.756779 10.119132 3.034537
v 2.932029 10.457458 3.463133
v 4.039820 9.268108 3.167400
v 4.285787 8.163924 2.679417
v 11.071930 1.556427 6.104894
v 11.250009 1.194287 5.771929
v 10.873501 2.330516 6.020271
v 10.260109 1.816927 6.003528
v 9.969796 1.407037 3.953604
v 9.881491 3.171365 5.289222
v 9.995034 3.695882 4.660867
v 8.890689 2.425515 4.492249
v 10.478537 3.675511 5.231783
v 10.709231 4.204779 4.292309
v 12.137782 2.156509 5.610033
v 11.168097 1.267611 4.777459
v 11.992090 1.583416 5.173577
v 11.342741 1.923730 4.190279
v 10.678762 2.278053 4.002744
v 13.109183 1.895028 4.227552
v 11.888326 1.706100 4.126608
v 11.523834 3.985733 5.048831
v 11.619976 2.680268 5.786716
v 11.085131 3.303860 3.491416
v 12.419030 3.066404 5.122734
v 12.378819 4.203211 4.266973
v 10.951423 4.180799 4.824292
v 11.729244 4.548104 4.124926
v 8.989669 -0.040570 3.393409
v 9.357308 1.522786 3.626612
v 9.441500 2.938857 4.220909
v 10.131856 2.830134 3.883762
v 12.493882 1.602242 2.997900
v 11.996045 2.177782 3.064805
v 12.362855 1.844502 1.726519
v 10.682453 3.912959 3.919716
v 11.711107 3.382035 2.556500
v 12.142982 2.936344 0.986750
v 12.064043 3.510440 1.389768
v 11.776636 3.961933 2.455554
v 12.604226 1.273556 1.403729
v 12.197413 1.810609 0.016256
v 12.353787 0.974145 -0.205922
v 11.741951 4.553264 3.225737
v 12.467710 4.415437 2.179809
v 12.809035 4.447239 2.984330
v 12.406375 4.061100 1.312248
v 12.914578 1.543527 3.439984
v 12.774693 2.455220 4.992763
v 13.450094 2.177729 3.866519
v 13.264379 2.976927 4.066854
v 13.602339 1.073947 1.662913
v 13.829464 1.638368 2.406768
v 14.017848 2.211352 1.830821
v 13.233738 3.932537 3.074567
v 13.814424 2.485734 2.825530
v 13.581335 3.690948 2.044930
v 12.986816 0.897830 1.179531
v 13.559656 0.802887 0.371216
v 14.001488 1.448272 1.123903
v 13.841293 1.663927 -0.498327
v 13.311138 3.670394 -0.298860
v 13.891836 2.778898 0.224479
v 13.460992 3.921391 1.096421
v 13.012097 4.050130 0.800205
v 2.601489 -9.302075 -2.756929
v 1.336150 -10.757112 -3.468137
v 1.856633 -10.153787 -4.036631
v 1.676336 -8.718283 -2.698676
v 1.685822 -7.128165 -2.947459
v 2.634660 -8.530034 -2.328262
v 3.779720 -7.682671 -1.309770
v 2.602765 -9.650774 -3.311977
v 3.924441 -7.990712 -1.823386
v 2.737967 -9.417356 -3.716094
v 2.953077 -8.520394 -3.994066
v 3.706201 -7.986266 -3.351736
v 3.552476 -8.625188 -3.134054
v 1.638002 -8.173322 -4.774557
v 0.975389 -7.983083 -4.909786
v 1.981333 -9.472116 -4.346074
v 2.385624 -7.111101 -4.526034
v 2.090847 -7.792792 0.044995
v 0.469651 -6.824234 -2.740719
v 1.988489 -7.127177 -0.017693
v 2.578356 -7.943864 -2.161436
v 2.488440 -6.102908 -2.025388
v 1.889517 -3.587326 -1.070013
v 2.325760 -3.978947 -0.710247
v 2.272622 -5.640228 -2.680326
v 3.420920 -5.004971 -2.739992
v 2.548898 -6.081847 -4.013658
v 3.385192 -7.238354 -1.132828
v 2.952493 -6.007558 -1.269911
v 4.211194 -6.826872 -0.028775
v 3.228470 -4.510393 -0.376317
v 3.200911 -4.423300 -1.034745
v 3.682365 -4.131118 -1.208647
v 4.300745 -4.059690 -0.989339
v 3.127001 -6.912183 -3.988459
v 4.008157 -6.855000 -3.011925
v 4.426280 -7.313547 -2.380358
v 3.975659 -5.447806 -2.671515
v 3.192088 -3.079723 -2.166163
v 3.608900 -3.479030 -2.042739
v 2.714518 -1.910082 -2.120227
v 2.791168 -0.448834 -0.996869
v 2.847896 -0.316843 -1.452134
v 2.682623 -0.851251 -0.447612
v 2.278178 -0.980111 -1.801010
v 3.651062 -0.213122 -1.015796
v 4.038934 -2.937539 -0.799160
v 3.660728 -3.573098 -0.925658
v 3.738993 -3.393892 0.340866
v 3.617880 -1.870143 -0.562483
v 6.162005 -2.638887 -2.080610
v 4.194483 -3.547544 -1.696964
v 5.720344 -1.802832 -1.687868
v 4.329871 0.399061 -1.342484
v 5.514776 -2.769744 -3.265796
v 5.483136 -3.123348 -2.785664
v 5.616769 -2.293059 -3.561352
v 4.216446 -1.003818 -2.839804
v 3.767045 -0.033943 -2.258504
v 5.054729 -1.344800 -3.367924
v 4.141291 -0.065520 -2.634576
v 2.583899 -5.357738 -3.054476
v 1.653429 -7.020389 -4.650917
v 2.045557 -6.139342 -4.018896
v 3.411354 -5.920043 -3.482959
v 4.777142 -7.145506 -1.329002
v 5.284733 -5.215638 -0.229379
v 4.779616 -6.228362 -1.704815
v 4.742695 -4.735748 -1.038815
v 8.348266 -3.931905 -3.574009
v 7.865997 -3.817460 -3.714986
v 6.778942 -0.778482 -2.493803
v 6.203796 -3.045015 -2.625507
v 6.588158 -3.086049 -3.377893
v 7.208744 -3.094882 -3.071846
v 7.762071 -2.705730 -2.936076
v 7.124603 -3.135499 -4.002547
v 8.583589 -2.863626 -3.318227
v 7.822230 -1.214528 -3.115171
v 8.109616 0.104742 -3.672210
v 7.620470 -3.742059 -3.993792
v 7.962233 -4.657967 -4.564236
v 8.662033 -5.937590 -5.038801
v 8.867552 -6.489575 -4.555807
v 8.054379 -4.291758 -4.980930
v 8.828184 -3.327137 -5.768148
v 7.417365 -0.359947 -5.233262
v 6.659000 0.858337 -4.816864
v 7.497872 -3.338362 -4.414533
v 7.633411 -2.760100 -4.744577
v 8.372676 -1.934491 -5.482974
v 7.992490 -0.213846 -5.535829
v 8.486477 -0.252693 -5.561006
v 11.069577 -7.705599 -2.604656
v 11.074332 -7.703417 -2.596948
v 10.816510 -7.772394 -3.259175
v 11.416355 -7.597483 -3.401329
v 10.538718 -7.658352 -3.124128
v 9.929893 -6.150576 -3.558127
v 10.274453 -6.710361 -2.858956
v 10.047286 -7.015161 -3.172401
v 10.655623 -5.896701 -3.002573
v 9.116184 -5.605984 -3.880756
v 9.074986 -3.839396 -3.783125
v 9.961314 -5.418794 -3.922678
v 11.341298 -6.921610 0.405782
v 10.965788 -7.306942 -1.620542
v 11.027175 -6.685884 -0.561245
v 10.732920 -6.894721 -1.787498
v 11.320730 -5.435064 -1.731263
v 11.866668 -7.562995 -1.592275
v 12.168650 -7.328249 -2.087897
v 12.053231 -4.232592 -0.381776
v 12.650355 -4.356431 -1.105805
v 12.292217 -4.745782 -2.580442
v 10.889333 -6.274060 -1.749116
v 11.234365 -5.268063 -2.831603
v 11.956423 -7.254142 -3.085473
v 12.378712 -6.132011 -3.951325
v 11.607959 -4.922557 -3.402431
v 11.924417 -4.712029 -2.027228
v 11.845975 -4.884498 -3.419228
v 11.847906 -4.888459 -3.480458
v 11.886830 -4.890494 -3.475608
v 11.834965 -4.891687 -3.535743
v 12.163725 -5.016469 -3.714701
v 11.865895 -4.891619 -3.521643
v 11.886967 -4.888115 -3.467008
v 11.832661 -4.890042 -3.538857
v 9.335108 -6.568109 -3.891948
v 9.877851 -7.342303 -3.690637
v 8.804618 -6.180161 -4.238158
v 9.051083 -6.572368 -4.955632
v 9.906737 -7.393855 -4.423291
v 10.487144 -7.116251 -4.876988
v 10.634469 -7.512020 -4.263205
v 9.639877 -6.599655 -5.278223
v 10.400853 -5.808891 -5.797515
v 9.055087 -5.570043 -5.537775
v 10.005247 -5.096882 -6.068417
v 10.748590 -5.093791 -3.920393
v 9.599097 -4.751499 -4.046016
v 10.275265 -4.016505 -4.747986
v 10.574302 -4.702519 -4.396387
v 9.463126 -4.423665 -6.036733
v 10.296820 -4.607347 -6.140621
v 11.296432 -7.303182 -4.112260
v 11.140155 -5.702538 -5.610831
v 11.639813 -6.202477 -4.931371
v 11.148478 -4.754634 -4.449433
v 11.463580 -4.916564 -5.053789
v 10.592765 -4.050371 -5.255356
v 12.035513 -5.527195 -4.715467
v 11.025779 -4.793659 -5.721999
v 9.948249 -3.080030 -4.646070
v 9.842178 -3.094456 -5.714663
v 10.002821 -2.882029 -5.419663
v 9.620461 -2.065261 -4.319425
v 9.115616 -1.725280 -3.884988
v 9.584735 -1.219880 -4.616520
v 8.403975 0.489104 -4.100100
v 9.230869 -0.411447 -4.888153
v 8.996397 -1.932357 -5.707736
v 12.805591 -6.344754 -2.173133
v 13.208462 -5.015011 -0.841782
v 13.034311 -4.601796 -1.152387
v 13.080702 -5.518397 -2.231484
v 12.786324 -5.167956 -2.939238
v 1.895442 0.851899 -0.545572
v 1.798034 2.552461 -1.179945
v 2.801540 1.896039 -0.572527
v 1.339776 4.185898 -1.939688
v 2.103461 3.779958 -0.615201
v 2.192621 3.337866 -0.945902
v 4.411458 1.433554 -1.256809
v 4.395689 0.899444 -1.527724
v 4.278465 1.346326 -1.833321
v 4.279376 1.339347 -1.825998
v 4.789985 1.190443 -1.197154
v 3.161980 2.367275 -0.429149
v 3.941560 2.229088 0.298484
v 4.254769 2.550324 0.126381
v 4.493886 2.089198 -2.278701
v 4.015973 0.426119 -2.018810
v 4.281326 1.432254 -2.056232
v 4.312737 1.832644 -1.999720
v 4.616708 1.285057 -2.912468
v 2.554677 4.842391 -2.537659
v 1.330932 4.363739 -0.692568
v 1.756363 4.546726 -0.196018
v 1.762106 4.548713 -0.204535
v 1.808617 4.549666 -0.216485
v 1.811078 4.549895 -0.259108
v 1.817391 4.554524 -0.309976
v 1.859725 4.553453 -0.313245
v 1.812468 4.551699 -0.261136
v 1.863543 4.555486 -0.317634
v 1.220451 4.716239 -1.582781
v 3.064030 4.860139 -0.936945
v 2.473425 4.592116 -1.059404
v 2.520867 4.585878 -1.927334
v 1.678469 5.859310 -1.224567
v 2.618112 6.870184 -1.239110
v 2.631460 5.386029 -2.771800
v 2.865688 6.015415 -2.572926
v 4.056697 4.551190 -2.355370
v 3.121559 7.348199 -0.202194
v 3.115132 7.350487 -0.194099
v 4.169890 7.249989 -1.817250
v 4.865294 5.924811 -1.546694
v 4.702879 6.675812 -1.293317
v 4.452679 7.094186 -1.454845
v 4.023972 4.289061 -3.155570
v 3.845651 4.711601 -3.937673
v 4.330117 4.240532 -3.819277
v 3.847178 5.244286 -3.968224
v 4.948750 4.413531 -2.977872
v 4.110687 6.800617 -2.852324
v 5.107126 4.301080 -4.560929
v 4.077954 5.743506 -3.827624
v 5.197423 4.940266 -4.673932
v 5.364371 1.213192 -1.212382
v 5.866343 1.707803 -1.219549
v 5.079932 0.068446 -1.274415
v 5.580925 0.479891 -1.576429
v 5.928750 1.140869 -1.747883
v 5.260626 4.500610 -0.617886
v 6.841708 2.531257 -2.004375
v 7.228877 1.927345 -2.971645
v 5.575008 3.532270 -2.464978
v 5.890720 2.138349 -4.026150
v 6.098117 3.621577 -2.822664
v 6.650768 3.496262 -2.919406
v 6.906679 3.689581 -3.438479
v 7.046387 3.063334 -2.604215
v 7.551568 1.205877 -3.313910
v 7.616903 1.838361 -3.713952
v 7.700494 1.760473 -4.361401
v 7.143570 2.606707 -3.896438
v 6.765612 3.479389 -4.161118
v 7.555903 3.060744 -3.809759
v 7.832763 3.123119 -3.236135
v 9.228439 2.815906 -3.045427
v 5.541383 5.050373 -0.169664
v 5.763468 5.752798 -2.240729
v 6.118958 3.727962 -3.910950
v 6.801920 5.505775 -2.642702
v 6.836239 4.252091 -3.149551
v 6.010689 4.183142 -3.291834
v 6.671875 6.813388 -3.298774
v 5.976077 6.525376 -2.333059
v 6.012244 6.849855 -2.685293
v 6.660397 6.601170 -3.888974
v 6.622406 6.290682 -2.579551
v 7.720305 4.900732 -2.861273
v 8.439754 6.198963 -3.744104
v 6.600126 1.841839 -4.583065
v 6.215753 3.853906 -4.658078
v 5.898944 2.936540 -3.553084
v 7.798681 1.126808 -5.053732
v 6.741242 2.642075 -4.128163
v 7.610531 3.222444 -4.335442
v 7.988412 3.519484 -4.633301
v 5.501081 5.571887 -4.486377
v 7.192542 6.025026 -4.335989
v 6.300778 4.660228 -4.900544
v 5.442791 6.801174 -3.519770
v 8.401864 4.568326 -4.682545
v 1.449935 11.836720 -3.905977
v 1.330741 12.542864 -3.931405
v 1.212318 10.880723 -4.870703
v 0.860750 11.099512 -5.302214
v 1.255633 11.977047 -4.710973
v 9.179030 1.819761 -4.026051
v 9.766420 1.817234 -3.263822
v 10.144277 2.479989 -2.942479
v 11.556478 0.958565 -1.957322
v 11.640700 1.458241 -1.523103
v 12.200533 3.145292 -0.298189
v 12.223174 3.391611 -1.504577
v 11.826058 2.686486 -1.407053
v 12.539640 3.602316 -0.531767
v 10.815164 2.241063 -2.582464
v 10.645482 1.376148 -2.798648
v 11.543914 0.764145 -2.757797
v 10.535178 1.161945 -3.792355
v 10.459366 1.179487 -3.379881
v 10.564134 1.380791 -4.216425
v 12.084236 0.796406 -2.891091
v 11.440119 1.411220 -3.970209
v 11.404888 2.667241 -2.169209
v 10.862980 3.659292 -2.953567
v 11.437824 3.706619 -2.918001
v 11.612795 3.388480 -2.457761
v 12.518764 3.505466 -2.425137
v 12.095186 2.913434 -4.033917
v 12.047149 3.650812 -3.708132
v 7.567003 5.841044 -2.757049
v 8.842334 5.518888 -2.978801
v 10.150980 4.126581 -3.030907
v 10.916258 4.398983 -4.020594
v 9.017844 5.830206 -3.296270
v 9.546210 5.580595 -3.766493
v 10.812733 4.408818 -3.453997
v 11.494997 3.992606 -3.437811
v 9.049607 -0.413107 -5.385070
v 9.006516 2.231711 -4.454403
v 9.506857 2.412125 -4.688112
v 9.875442 3.213492 -4.747838
v 10.983526 3.974072 -4.468338
v 10.868948 2.057421 -4.461046
v 10.882941 2.959966 -4.599111
v 9.092247 5.165221 -4.540602
v 9.227420 5.590044 -4.257271
v 13.053020 0.552867 -0.529241
v 12.359469 0.596058 -1.116185
v 12.983092 0.611890 -1.498373
v 13.783582 0.996528 0.001966
v 13.566912 1.328231 -1.262638
v 13.145687 2.362469 -2.510390
v 13.607642 3.267490 -0.569430
v 12.870880 1.140053 -2.444400
v 12.547371 1.481063 -3.094042
v 13.288611 2.786173 -2.193428
v 12.959296 3.225735 -2.550503
v 12.440349 3.045184 -3.661060
vn -0.7788 -0.6068 0.1591
vn -0.7094 -0.6225 0.3306
vn -0.9470 -0.2418 0.2115
vn -0.5242 -0.8126 0.2546
vn -0.7093 -0.6226 0.3306
vn -0.7787 -0.6069 0.1591
vn -0.5072 -0.6681 0.5444
vn -0.2544 -0.7839 0.5663
vn -0.2691 -0.6435 0.7166
vn -0.2543 -0.7840 0.5663
vn 0.3608 -0.8230 0.4387
vn 0.0253 -0.7048 0.7090
vn 0.3608 -0.8230 0.4388
vn 0.3823 -0.6150 0.6896
vn 0.0254 -0.7048 0.7090
vn -0.5242 -0.8126 0.2547
vn -0.4769 -0.7664 0.4305
vn 0.9587 -0.1192 -0.2582
vn 0.7652 -0.6389 0.0790
vn 0.8598 -0.4757 -0.1855
vn 0.8011 0.4774 -0.3611
vn 0.6489 0.7003 -0.2975
vn 0.5472 0.6324 -0.5483
vn 0.3609 -0.8230 0.4387
vn 0.8657 -0.4712 0.1687
vn 0.3824 -0.6150 0.6896
vn -0.8687 0.1642 0.4674
vn -0.9912 0.1215 -0.0534
vn -0.9253 0.0401 0.3772
vn -0.9482 0.0074 0.3177
vn -0.5073 -0.6680 0.5444
vn -0.4732 -0.4249 0.7717
vn -0.9253 0.0400 0.3772
vn -0.9912 0.1214 -0.0535
vn -0.8907 0.4002 -0.2154
vn -0.9482 0.0073 0.3176
vn -0.7093 -0.6225 0.3306
vn -0.9482 0.0073 0.3177
vn -0.8513 0.5242 0.0233
vn -0.8907 0.4003 -0.2154
vn -0.8378 0.1124 -0.5342
vn -0.8513 0.5242 0.0232
vn -0.1797 0.9776 -0.1092
vn -0.4771 0.8493 0.2262
vn 0.7257 0.6878 0.0194
vn 0.1330 0.9906 0.0316
vn 0.6225 0.7570 -0.1986
vn -0.9616 0.1398 -0.2364
vn -0.8378 0.1125 -0.5342
vn -0.1194 -0.4374 0.8913
vn 0.0199 -0.0844 0.9962
vn -0.2464 -0.1526 0.9571
vn -0.3478 0.1411 0.9269
vn -0.6879 0.0107 0.7257
vn -0.2465 -0.1526 0.9571
vn 0.8658 -0.4712 0.1687
vn 0.9827 -0.1781 -0.0508
vn 0.7654 -0.3559 0.5362
vn 0.6011 -0.1010 0.7928
vn 0.2122 -0.3382 0.9168
vn 0.6011 -0.1010 0.7927
vn 0.2187 -0.0916 0.9715
vn 0.0199 -0.0843 0.9962
vn 0.9538 -0.1867 0.2355
vn 0.6590 -0.2277 0.7169
vn 0.6012 -0.1010 0.7927
vn 0.6011 -0.1009 0.7927
vn -0.8686 0.1643 0.4675
vn -0.9145 0.3719 -0.1595
vn -0.9616 0.1397 -0.2364
vn -0.8686 0.1643 0.4674
vn -0.7604 0.3979 0.5133
vn -0.8686 0.1644 0.4674
vn -0.0799 0.0122 0.9967
vn -0.3477 0.1411 0.9269
vn -0.1454 0.0307 0.9889
vn -0.7604 0.3979 0.5134
vn 0.0714 -0.0311 0.9970
vn -0.0799 0.0121 0.9967
vn 0.9538 -0.1868 0.2355
vn 0.8950 -0.4196 0.1516
vn 0.6590 -0.2278 0.7169
vn 0.8949 -0.4197 0.1515
vn 0.5875 -0.1588 0.7935
vn 0.8950 -0.4196 0.1515
vn 0.9538 -0.1868 0.2354
vn 0.8735 -0.3865 -0.2959
vn 0.0682 0.3990 0.9144
vn -0.2873 0.5180 0.8057
vn -0.2231 0.1989 0.9543
vn 0.1430 0.6495 -0.7468
vn -0.3257 0.8313 -0.4505
vn -0.4442 0.4068 -0.7983
vn 0.3195 0.8540 -0.4105
vn 0.1430 0.6496 -0.7467
vn 0.0207 -0.0170 -0.9996
vn 0.3447 0.2628 -0.9012
vn 0.0333 0.2984 -0.9539
vn -0.2489 0.0589 -0.9667
vn 0.3194 0.8541 -0.4105
vn -0.1796 0.9777 -0.1092
vn 0.6489 0.7003 -0.2974
vn 0.3195 0.8541 -0.4105
vn 0.5473 0.6324 -0.5482
vn 0.4074 0.6273 -0.6638
vn 0.5473 0.6324 -0.5483
vn 0.4074 0.6272 -0.6638
vn 0.7597 0.2973 -0.5783
vn 0.6226 0.7569 -0.1986
vn 0.8782 -0.1143 -0.4644
vn 0.8658 -0.4712 0.1686
vn 0.3448 0.2628 -0.9011
vn 0.8782 -0.1142 -0.4644
vn 0.7598 0.2972 -0.5783
vn 0.9587 -0.1191 -0.2582
vn 0.5741 -0.0662 -0.8161
vn 0.3448 0.2627 -0.9012
vn 0.9827 -0.1781 -0.0509
vn -0.4312 0.0183 -0.9021
vn -0.2490 0.0588 -0.9667
vn 0.0177 -0.0840 -0.9963
vn -0.4311 0.0183 -0.9021
vn -0.4615 0.0181 -0.8870
vn 0.0177 -0.0841 -0.9963
vn -0.4311 0.0182 -0.9021
vn 0.0335 -0.4318 -0.9013
vn 0.2677 -0.2554 -0.9290
vn -0.7122 0.0231 -0.7016
vn -0.4616 0.0182 -0.8869
vn -0.7121 0.0231 -0.7016
vn 0.0334 -0.4318 -0.9013
vn -0.7121 0.0230 -0.7017
vn -0.6062 -0.2364 -0.7594
vn 0.0335 -0.4319 -0.9013
vn 0.7850 -0.1881 -0.5902
vn -0.9736 -0.2158 0.0738
vn -0.7336 -0.6400 -0.2283
vn -0.8114 -0.3605 -0.4601
vn -0.8013 0.3823 0.4603
vn -0.9234 0.0220 0.3833
vn -0.5186 0.4502 0.7269
vn -0.8577 -0.5131 -0.0329
vn -0.7336 -0.6401 -0.2283
vn -0.9737 -0.2157 0.0739
vn 0.3509 -0.1073 -0.9302
vn 0.1268 -0.7097 -0.6930
vn -0.4618 -0.4619 -0.7572
vn -0.4618 -0.4620 -0.7572
vn 0.3512 -0.4215 -0.8361
vn 0.7052 -0.5053 -0.4974
vn 0.7850 -0.1882 -0.5902
vn 0.3511 -0.4215 -0.8361
vn 0.2677 -0.2555 -0.9290
vn -0.5176 -0.8048 -0.2904
vn -0.3279 -0.8561 -0.3994
vn -0.5176 -0.8048 -0.2903
vn -0.6667 0.5330 0.5209
vn -0.9651 -0.0359 0.2592
vn -0.8013 0.3823 0.4602
vn -0.3111 0.7502 0.5835
vn -0.3112 0.7501 0.5835
vn -0.0949 0.8460 0.5247
vn 0.1680 0.8944 0.4146
vn 0.1797 0.8368 0.5172
vn -0.0948 0.8460 0.5247
vn -0.5353 -0.4708 0.7013
vn -0.9544 -0.1264 0.2704
vn -0.9356 -0.0329 0.3516
vn -0.6188 -0.6135 0.4906
vn -0.3941 -0.8757 0.2791
vn -0.1255 -0.8898 0.4387
vn -0.0658 -0.7395 0.6699
vn 0.1403 -0.5341 0.8337
vn -0.6188 -0.6135 0.4905
vn -0.0659 -0.7395 0.6699
vn -0.1254 -0.8898 0.4387
vn 0.2321 -0.8146 0.5316
vn -0.6415 -0.1929 0.7425
vn -0.8530 -0.4608 0.2451
vn -0.9168 -0.3644 0.1634
vn -0.8045 -0.4862 -0.3412
vn -0.9168 -0.3645 0.1633
vn -0.8530 -0.4607 0.2450
vn -0.7102 -0.2677 0.6511
vn -0.8530 -0.4607 0.2451
vn -0.8141 -0.4018 -0.4193
vn -0.5604 -0.4808 -0.6744
vn -0.8044 -0.4862 -0.3413
vn -0.1329 0.0849 0.9875
vn -0.6414 -0.1928 0.7425
vn -0.1295 -0.1552 0.9794
vn -0.1295 -0.1553 0.9793
vn -0.7506 -0.1989 0.6301
vn -0.5353 -0.4707 0.7013
vn 0.3790 -0.1610 0.9113
vn 0.3886 0.2245 0.8936
vn 0.3753 0.3576 0.8551
vn -0.7507 -0.1989 0.6300
vn -0.9544 -0.1264 0.2705
vn -0.8045 -0.4861 -0.3413
vn -0.6349 -0.1177 -0.7636
vn -0.9522 -0.0968 -0.2896
vn -0.8823 0.4270 -0.1981
vn -0.3454 0.7421 -0.5744
vn -0.3217 0.9454 -0.0524
vn -0.2660 0.1136 -0.9573
vn -0.3453 0.7421 -0.5745
vn -0.5057 0.3492 -0.7889
vn -0.2661 0.1137 -0.9572
vn -0.4483 -0.2989 -0.8424
vn -0.5406 -0.4353 -0.7199
vn -0.6348 -0.1177 -0.7636
vn -0.4483 -0.2988 -0.8424
vn -0.6349 -0.1178 -0.7636
vn -0.2291 -0.4552 -0.8604
vn 0.3754 0.3577 0.8551
vn 0.6106 0.3880 0.6904
vn 0.5625 0.2962 0.7719
vn 0.4442 0.2918 0.8471
vn -0.0528 0.0879 0.9947
vn 0.3753 0.3577 0.8551
vn -0.3941 -0.8757 0.2790
vn -0.6189 -0.6135 0.4905
vn -0.8822 -0.3855 0.2703
vn -0.7694 0.6051 0.2044
vn -0.9042 0.3270 0.2749
vn -0.7629 0.6295 0.1476
vn -0.2537 0.9469 0.1974
vn -0.7629 0.6295 0.1475
vn -0.9042 0.3269 0.2749
vn -0.9943 0.0106 0.1058
vn -0.8823 -0.3854 0.2703
vn -0.9943 0.0105 0.1058
vn -0.8241 -0.5637 -0.0552
vn -0.3940 -0.8757 0.2790
vn -0.2112 -0.9714 0.1085
vn 0.0024 -0.9615 0.2748
vn -0.2538 0.9469 0.1974
vn -0.7694 0.6052 0.2044
vn -0.3218 0.9454 -0.0524
vn -0.3940 -0.8757 0.2791
vn 0.0024 -0.9615 0.2749
vn -0.0029 0.9373 -0.3485
vn 0.2239 0.8810 -0.4167
vn 0.3348 0.9330 -0.1320
vn 0.1613 0.9839 -0.0773
vn -0.0030 0.9373 -0.3485
vn -0.4682 -0.8822 0.0510
vn -0.2023 -0.9777 -0.0556
vn -0.2113 -0.9714 0.1085
vn -0.4315 -0.8902 -0.1461
vn -0.2023 -0.9778 -0.0556
vn 0.2816 -0.9588 -0.0385
vn -0.2022 -0.9778 -0.0556
vn 0.3079 -0.9289 -0.2056
vn 0.2141 0.9627 0.1652
vn -0.2521 0.9475 0.1966
vn -0.3217 0.9454 -0.0523
vn 0.2141 0.9628 0.1651
vn 0.1613 0.9839 -0.0772
vn 0.6845 0.7244 0.0821
vn 0.3349 0.9330 -0.1320
vn 0.6276 0.7603 -0.1674
vn 0.4584 0.8784 0.1353
vn 0.6845 0.7244 0.0820
vn -0.3002 0.9210 0.2481
vn -0.2537 0.9469 0.1973
vn 0.0448 0.6529 -0.7561
vn -0.0030 0.9373 -0.3486
vn -0.3453 0.7421 -0.5744
vn 0.0199 -0.2347 -0.9719
vn 0.5399 -0.4461 -0.7138
vn 0.0199 -0.2348 -0.9718
vn 0.6879 -0.0681 -0.7226
vn 0.3845 -0.4933 0.7803
vn 0.3790 -0.1611 0.9113
vn 0.1404 -0.5341 0.8337
vn 0.6995 -0.1775 0.6923
vn 0.3846 -0.4934 0.7802
vn 0.8360 -0.3672 0.4077
vn 0.5973 0.2102 0.7740
vn 0.3887 0.2245 0.8936
vn 0.9528 0.2106 0.2189
vn 0.8862 0.2239 -0.4057
vn 0.8831 0.4092 0.2295
vn 0.9528 0.2106 0.2188
vn 0.8861 0.2239 -0.4057
vn 0.8628 0.2337 -0.4483
vn 0.3812 0.1123 -0.9177
vn 0.8686 0.3609 0.3395
vn 0.8831 0.4091 0.2295
vn 0.6482 0.3911 -0.6534
vn 0.9832 0.0147 -0.1821
vn 0.8805 0.1619 -0.4455
vn 0.8453 -0.4757 -0.2433
vn 0.9563 -0.1380 -0.2577
vn 0.5009 -0.8598 0.0991
vn 0.6020 0.6844 -0.4113
vn 0.8805 0.1618 -0.4456
vn 0.9564 -0.1379 -0.2575
vn 0.9693 0.1117 -0.2191
vn 0.6277 0.7603 -0.1674
vn 0.3811 0.1123 -0.9177
vn -0.2661 0.1136 -0.9572
vn 0.6879 -0.0680 -0.7226
vn 0.9651 -0.2404 -0.1038
vn 0.6878 -0.0680 -0.7227
vn -0.8141 -0.4017 -0.4193
vn -0.9684 -0.2451 0.0473
vn -0.7102 -0.2676 0.6512
vn -0.4766 0.0115 0.8791
vn -0.9684 -0.2450 0.0472
vn -0.4765 0.0115 0.8791
vn -0.5897 -0.2961 -0.7514
vn -0.8113 -0.3605 -0.4602
vn -0.5259 -0.3508 -0.7748
vn -0.0584 0.3314 0.9417
vn -0.5962 0.2183 0.7726
vn -0.5963 0.2182 0.7725
vn -0.8801 -0.0279 0.4741
vn -0.4766 0.0115 0.8790
vn -0.9736 -0.2158 0.0739
vn -0.9684 -0.2450 0.0473
vn -0.9234 0.0220 0.3832
vn -0.8801 -0.0279 0.4740
vn 0.1355 0.1983 0.9707
vn 0.4616 0.3263 0.8249
vn -0.0583 0.3314 0.9417
vn -0.0584 0.3313 0.9417
vn 0.5625 0.2961 0.7719
vn 0.8203 -0.0261 0.5713
vn 0.4551 0.2654 0.8500
vn 0.4701 0.4153 0.7788
vn 0.4034 0.5135 0.7574
vn 0.4701 0.4152 0.7788
vn -0.9234 0.0221 0.3833
vn 0.0346 0.5122 0.8582
vn -0.3111 0.7501 0.5835
vn 0.0345 0.5122 0.8582
vn 0.1911 0.7431 0.6413
vn 0.4033 0.5135 0.7574
vn 0.9027 -0.3007 0.3076
vn 0.8949 -0.4196 0.1516
vn 0.6103 0.1585 0.7762
vn 0.0683 0.3990 0.9144
vn 0.5874 -0.1588 0.7935
vn 0.3515 0.5012 0.7907
vn -0.4782 -0.4014 -0.7811
vn -0.5022 -0.2816 -0.8176
vn -0.5259 -0.3509 -0.7748
vn -0.4423 -0.4897 -0.7513
vn -0.5257 -0.4545 -0.7190
vn -0.4214 -0.6188 -0.6630
vn -0.4424 -0.4897 -0.7513
vn -0.5258 -0.4545 -0.7190
vn -0.4310 -0.3558 -0.8292
vn 0.2526 -0.7133 -0.6538
vn -0.2290 -0.4551 -0.8605
vn 0.2526 -0.7132 -0.6538
vn -0.2290 -0.4552 -0.8604
vn -0.2950 -0.4156 -0.8604
vn -0.4782 -0.4015 -0.7811
vn -0.3285 -0.2847 -0.9006
vn -0.8012 0.3823 0.4603
vn 0.4033 0.5136 0.7573
vn 0.3317 0.7421 0.5825
vn 0.1912 0.7431 0.6413
vn -0.2736 -0.7511 -0.6009
vn -0.4213 -0.6188 -0.6630
vn 0.7217 -0.6490 -0.2408
vn 0.9027 -0.3008 0.3076
vn 0.2823 -0.7042 -0.6515
vn -0.0299 -0.8874 -0.4601
vn 0.0989 -0.7958 -0.5974
vn -0.1315 -0.9020 -0.4112
vn 0.3386 -0.7698 -0.5411
vn 0.7584 -0.3902 -0.5221
vn -0.2285 -0.8801 -0.4161
vn -0.1316 -0.9020 -0.4112
vn -0.3278 -0.8562 -0.3994
vn 0.1680 0.8944 0.4145
vn 0.1142 0.8876 0.4462
vn 0.3085 0.8892 0.3379
vn 0.4409 0.8417 0.3119
vn 0.1681 0.8944 0.4145
vn 0.7660 0.6420 0.0336
vn 0.4409 0.8416 0.3119
vn 0.6104 0.7873 0.0871
vn 0.3318 0.7421 0.5824
vn 0.3515 0.5013 0.7907
vn 0.3318 0.7421 0.5825
vn 0.4034 0.5135 0.7573
vn -0.0001 0.7921 0.6103
vn 0.3073 0.8441 0.4393
vn -0.2736 -0.7510 -0.6009
vn -0.3284 -0.2847 -0.9006
vn 0.8923 0.3019 -0.3356
vn 0.3614 0.0200 -0.9322
vn 0.7584 -0.3902 -0.5220
vn -0.2409 0.5200 -0.8195
vn -0.4216 0.3960 -0.8158
vn -0.4059 0.1801 -0.8960
vn 0.3615 0.0200 -0.9322
vn 0.1932 0.9245 -0.3285
vn -0.2410 0.5199 -0.8195
vn 0.1931 0.9245 -0.3286
vn -0.1628 0.9630 0.2146
vn 0.1931 0.9245 -0.3285
vn -0.3811 0.8501 -0.3636
vn 0.7660 0.6419 0.0335
vn 0.6105 0.7872 0.0870
vn 0.8923 0.3020 -0.3355
vn 0.3085 0.8892 0.3378
vn 0.9503 0.0400 -0.3087
vn 0.7584 -0.3901 -0.5221
vn -0.5171 -0.3758 0.7691
vn -0.6849 -0.3787 0.6226
vn -0.9306 -0.0693 0.3594
vn -0.3181 -0.4283 0.8458
vn -0.1250 -0.5047 0.8542
vn -0.5170 -0.3758 0.7691
vn -0.5170 -0.3757 0.7691
vn -0.2016 -0.5010 0.8416
vn -0.6848 -0.3787 0.6226
vn 0.8687 0.3609 0.3394
vn 0.9651 -0.2403 -0.1038
vn 0.7848 -0.4760 0.3969
vn 0.8204 -0.0261 0.5713
vn 0.7847 -0.4761 0.3969
vn 0.6576 -0.7231 -0.2115
vn 0.6575 -0.7231 -0.2115
vn 0.0282 -0.7630 -0.6457
vn 0.6480 -0.7022 0.2949
vn 0.7847 -0.4760 0.3969
vn 0.4182 -0.8747 -0.2451
vn 0.3516 0.5012 0.7907
vn 0.2526 -0.7133 -0.6537
vn 0.0283 -0.7630 -0.6457
vn 0.4182 -0.8747 -0.2452
vn -0.3289 -0.4049 -0.8532
vn 0.0282 -0.7630 -0.6458
vn -0.2949 -0.4156 -0.8604
vn -0.7202 0.2852 0.6324
vn -0.8310 0.1283 0.5413
vn -0.7718 -0.2598 0.5804
vn 0.6687 -0.5074 0.5435
vn 0.6309 -0.1462 0.7620
vn 0.6480 -0.7022 0.2950
vn -0.6753 -0.4986 0.5434
vn -0.7717 -0.2599 0.5804
vn -0.7483 -0.5278 0.4019
vn -0.8341 -0.3377 0.4361
vn -0.7483 -0.5279 0.4018
vn -0.8310 0.1282 0.5413
vn 0.3830 -0.9128 -0.1419
vn -0.0852 -0.7569 -0.6480
vn 0.3830 -0.9128 -0.1420
vn 0.0282 -0.7631 -0.6457
vn 0.5571 0.0557 0.8286
vn 0.4755 0.2197 0.8518
vn 0.6039 -0.0529 0.7953
vn 0.0075 0.9742 0.2255
vn -0.6638 0.5416 0.5157
vn -0.4622 0.7839 0.4146
vn 0.5568 0.8140 -0.1657
vn 0.0076 0.9742 0.2255
vn 0.0191 0.9926 0.1201
vn -0.3290 -0.4049 -0.8531
vn -0.0852 -0.7568 -0.6480
vn -0.8310 0.1283 0.5412
vn -0.7202 0.2853 0.6324
vn -0.3811 0.8501 -0.3635
vn 0.1930 0.9245 -0.3286
vn -0.1627 0.9631 0.2146
vn -0.2409 0.5199 -0.8195
vn -0.3810 0.8501 -0.3635
vn -0.4216 0.3960 -0.8157
vn -0.4397 -0.1981 -0.8760
vn -0.4059 0.1800 -0.8960
vn 0.1304 0.6558 0.7436
vn -0.1827 0.9231 0.3383
vn -0.0002 0.7922 0.6103
vn -0.5874 0.4165 -0.6939
vn -0.4060 0.1800 -0.8960
vn -0.0732 -0.4611 0.8843
vn 0.2423 -0.5052 0.8283
vn 0.0817 -0.5233 0.8483
vn -0.1249 -0.5047 0.8542
vn 0.0532 -0.5217 0.8515
vn -0.2016 -0.5011 0.8416
vn 0.2424 -0.5052 0.8283
vn 0.5621 -0.4732 0.6783
vn 0.0817 -0.5232 0.8483
vn 0.0533 -0.5217 0.8515
vn 0.9478 -0.2356 0.2147
vn 0.6635 -0.4142 0.6230
vn 0.3349 0.3532 0.8736
vn 0.2156 0.6259 0.7495
vn 0.1305 0.6558 0.7436
vn -0.4232 -0.3114 -0.8508
vn 0.4506 0.2558 0.8553
vn 0.3349 0.3531 0.8736
vn 0.4755 0.2198 0.8518
vn 0.4507 0.2558 0.8553
vn 0.2155 0.6260 0.7495
vn -0.0871 0.6864 0.7219
vn -0.2873 0.5181 0.8056
vn 0.0683 0.3991 0.9144
vn -0.4687 -0.8159 0.3385
vn -0.5527 -0.8275 -0.0985
vn -0.2406 -0.8330 -0.4983
vn -0.0480 -0.4748 0.8788
vn -0.1816 -0.0352 0.9827
vn -0.4472 -0.3124 0.8381
vn -0.2351 -0.9690 -0.0759
vn -0.1026 -0.9281 0.3579
vn -0.4687 -0.8159 0.3384
vn -0.2406 -0.8329 -0.4983
vn -0.1026 -0.9281 0.3580
vn 0.0533 -0.6698 0.7406
vn -0.1686 -0.6146 0.7706
vn 0.1758 0.4005 -0.8993
vn 0.5580 -0.1575 -0.8147
vn 0.6717 0.2900 -0.6817
vn -0.8835 0.4450 -0.1463
vn -0.9145 0.3719 -0.1596
vn -0.8650 0.0540 -0.4989
vn -0.6959 0.6888 0.2032
vn -0.6507 0.5755 0.4954
vn -0.3682 0.7293 0.5766
vn -0.8109 0.5826 -0.0547
vn -0.8835 0.4450 -0.1462
vn -0.6960 0.6888 0.2031
vn -0.4019 0.8383 0.3685
vn -0.9244 0.0639 -0.3760
vn -0.6734 -0.5023 -0.5425
vn -0.1570 0.8253 0.5424
vn -0.0721 0.9052 0.4188
vn -0.4018 0.8383 0.3685
vn -0.7768 -0.6183 -0.1198
vn -0.1334 -0.8693 -0.4760
vn -0.5527 -0.8275 -0.0986
vn 0.6807 -0.5566 -0.4763
vn 0.5581 -0.1575 -0.8147
vn 0.4421 -0.5345 -0.7203
vn -0.7488 0.4952 0.4405
vn -0.8527 0.4288 0.2985
vn -0.8873 0.0971 0.4508
vn -0.5084 0.0468 0.8598
vn -0.7159 0.1283 0.6864
vn -0.4472 -0.3123 0.8381
vn -0.2874 0.5550 0.7806
vn -0.4697 0.6965 0.5425
vn -0.6473 0.3619 0.6708
vn -0.1816 -0.0351 0.9827
vn -0.5084 0.0468 0.8599
vn -0.5085 0.0468 0.8598
vn -0.6473 0.3618 0.6708
vn -0.7159 0.1283 0.6863
vn 0.2892 0.5994 -0.7464
vn 0.6718 0.2900 -0.6816
vn 0.3830 0.8828 -0.2720
vn 0.1141 0.9505 0.2890
vn 0.3830 0.8828 -0.2719
vn 0.3807 0.8825 0.2761
vn 0.2893 0.5994 -0.7464
vn 0.1758 0.4006 -0.8992
vn 0.8789 -0.3203 -0.3533
vn 0.8789 -0.3204 -0.3534
vn 0.8204 0.5625 -0.1029
vn 0.8203 0.5625 -0.1029
vn 0.2391 0.8630 0.4451
vn -0.7488 0.4953 0.4405
vn -0.7185 0.6765 0.1617
vn -0.8527 0.4288 0.2984
vn -0.8527 0.4287 0.2984
vn -0.8910 0.4395 0.1135
vn -0.9892 0.0241 0.1444
vn -0.8910 0.4395 0.1136
vn -0.9958 -0.0351 -0.0844
vn -0.8910 0.4396 0.1136
vn 0.6979 -0.6861 -0.2051
vn 0.6807 -0.5566 -0.4762
vn 0.3823 -0.8409 -0.3831
vn -0.4969 0.8069 0.3194
vn -0.4968 0.8069 0.3195
vn -0.4698 0.6965 0.5424
vn 0.0173 0.9555 0.2944
vn -0.5929 0.8053 0.0005
vn -0.4968 0.8070 0.3194
vn -0.2466 -0.9319 -0.2659
vn -0.7768 -0.6183 -0.1197
vn -0.7969 -0.5468 -0.2568
vn -0.7556 -0.6195 -0.2131
vn -0.9737 -0.0754 -0.2152
vn -0.7556 -0.6194 -0.2131
vn 0.3822 -0.8409 -0.3831
vn -0.1333 -0.8693 -0.4760
vn -0.2465 -0.9320 -0.2659
vn 0.4024 -0.9014 -0.1599
vn 0.4026 -0.9013 -0.1599
vn 0.6980 -0.6862 -0.2051
vn -0.7185 0.6765 0.1616
vn -0.8097 0.5822 -0.0736
vn -0.5929 0.8053 0.0004
vn -0.6302 0.7541 -0.1850
vn -0.8097 0.5823 -0.0736
vn 0.6980 -0.6861 -0.2051
vn 0.8789 -0.3204 -0.3533
vn 0.6808 -0.5566 -0.4762
vn 0.8548 -0.5053 -0.1182
vn 0.0173 0.9555 0.2945
vn 0.2392 0.8630 0.4450
vn 0.6739 0.6822 0.2836
vn 0.0174 0.9555 0.2945
vn 0.2954 0.9517 0.0832
vn 0.9839 0.1439 0.1060
vn 0.6740 0.6821 0.2836
vn -0.1355 0.9894 0.0521
vn 0.2953 0.9518 0.0832
vn -0.1355 0.9894 0.0520
vn 0.2954 0.9518 0.0832
vn -0.3758 0.8932 -0.2469
vn 0.9732 0.0196 0.2290
vn 0.7790 0.6215 0.0835
vn 0.4025 -0.9013 -0.1598
vn 0.5650 -0.8246 0.0296
vn 0.6979 -0.6862 -0.2051
vn 0.7474 -0.6566 0.1018
vn 0.9839 0.1439 0.1059
vn -0.9892 0.0240 0.1444
vn 0.2391 0.8630 0.4450
vn 0.8203 0.5626 -0.1029
vn 0.9018 -0.0678 0.4269
vn 0.3510 0.5905 0.7267
vn 0.6103 0.1585 0.7761
vn -0.2088 -0.9711 -0.1157
vn -0.2668 -0.5441 -0.7955
vn -0.0037 -0.7635 0.6458
vn -0.2089 -0.9711 -0.1157
vn -0.8290 -0.5517 -0.0911
vn -0.4406 -0.6736 0.5934
vn -0.0895 -0.5894 0.8029
vn -0.4405 -0.6736 0.5934
vn 0.0522 -0.4639 0.8844
vn 0.0617 -0.6120 0.7884
vn -0.0894 -0.5894 0.8029
vn 0.0151 -0.5358 0.8442
vn -0.0036 -0.7635 0.6458
vn 0.1057 -0.5790 0.8084
vn 0.8436 -0.5356 0.0400
vn 0.7217 -0.6490 -0.2407
vn 0.2938 -0.8966 -0.3313
vn 0.8436 -0.5356 0.0399
vn 0.3509 0.5905 0.7267
vn 0.3721 0.7556 0.5391
vn 0.0299 0.8178 0.5747
vn 0.7881 -0.6055 0.1104
vn 0.6057 -0.7957 -0.0014
vn 0.3720 0.7556 0.5391
vn 0.0849 0.8983 0.4310
vn -0.5238 -0.4835 0.7014
vn -0.9046 -0.2381 0.3536
vn -0.7845 -0.3381 0.5199
vn -0.1663 -0.5212 0.8371
vn 0.0521 -0.4638 0.8844
vn -0.5237 -0.4835 0.7014
vn 0.7882 -0.6055 0.1104
vn 0.8436 -0.5355 0.0400
vn -0.9968 -0.0748 0.0278
vn -0.9927 -0.1040 0.0615
vn -0.9982 0.0051 -0.0592
vn -0.9487 0.2061 -0.2398
vn -0.9927 -0.1040 0.0614
vn -0.9487 0.2060 -0.2398
vn -0.9306 -0.0692 0.3594
vn -0.6848 -0.3788 0.6225
vn -0.1662 -0.5212 0.8371
vn -0.6156 0.3231 -0.7188
vn -0.4251 0.4745 -0.7708
vn -0.8761 0.1831 -0.4460
vn -0.9982 0.0051 -0.0593
vn -0.8761 0.1831 -0.4459
vn -0.9487 0.2061 -0.2397
vn -0.6049 0.4512 -0.6562
vn -0.9487 0.2060 -0.2397
vn -0.1386 0.4823 -0.8650
vn -0.0379 0.5248 -0.8504
vn 0.1183 -0.8306 -0.5442
vn 0.2938 -0.8966 -0.3314
vn 0.2822 -0.7042 -0.6515
vn 0.0202 -0.1726 -0.9848
vn -0.2668 -0.5440 -0.7955
vn -0.2406 -0.8329 -0.4984
vn -0.2667 -0.5440 -0.7955
vn -0.5645 -0.6333 -0.5295
vn -0.2089 -0.9711 -0.1158
vn -0.4440 -0.0206 -0.8958
vn -0.2271 0.1570 -0.9611
vn -0.5645 -0.6333 -0.5294
vn -0.8290 -0.5518 -0.0911
vn -0.5645 -0.6332 -0.5295
vn -0.1422 0.5612 -0.8154
vn -0.1896 0.4831 -0.8548
vn -0.2272 0.1571 -0.9611
vn -0.1422 0.5613 -0.8153
vn -0.0508 0.6841 -0.7276
vn -0.1895 0.4831 -0.8548
vn -0.5238 -0.4835 0.7013
vn -0.9831 -0.1673 -0.0737
vn -0.9046 -0.2381 0.3535
vn -0.9831 -0.1674 -0.0737
vn -0.6155 0.3231 -0.7188
vn -0.8133 -0.0151 -0.5816
vn 0.0003 0.5701 -0.8216
vn 0.0066 0.6359 -0.7718
vn -0.0743 0.5734 -0.8159
vn -0.2464 0.4377 -0.8647
vn 0.1878 -0.5909 0.7845
vn 0.0354 -0.5252 0.8503
vn 0.0617 -0.6121 0.7884
vn 0.0354 -0.5251 0.8503
vn 0.2007 0.1178 0.9726
vn 0.0998 -0.0463 0.9939
vn 0.1879 -0.5909 0.7846
vn 0.4014 -0.0002 0.9159
vn 0.6424 -0.5427 0.5411
vn 0.6020 -0.0330 0.7978
vn 0.4002 -0.5076 0.7630
vn 0.5114 0.6215 0.5935
vn 0.4014 -0.0001 0.9159
vn 0.6020 -0.0329 0.7978
vn 0.0533 -0.5217 0.8514
vn 0.1455 -0.4541 0.8790
vn 0.6060 -0.4292 0.6698
vn 0.8113 0.1445 -0.5666
vn 0.6608 0.3252 -0.6764
vn 0.2184 0.4399 -0.8711
vn 0.8113 0.1444 -0.5666
vn 0.3109 0.2070 -0.9276
vn 0.4840 -0.7783 0.4000
vn 0.5190 -0.4391 0.7334
vn 0.8130 -0.4009 0.4223
vn 0.7162 -0.6647 -0.2125
vn 0.8113 0.1444 -0.5665
vn 0.8864 -0.0417 -0.4611
vn 0.9799 -0.0863 -0.1798
vn 0.8864 -0.0418 -0.4611
vn 0.9765 -0.0403 -0.2118
vn 0.9799 -0.0864 -0.1797
vn 0.9478 -0.2357 0.2147
vn 0.9799 -0.0864 -0.1798
vn 0.9427 -0.2627 0.2056
vn 0.9628 -0.2598 -0.0746
vn 0.9427 -0.2628 0.2056
vn 0.9628 -0.2598 -0.0747
vn -0.5552 0.0889 0.8270
vn -0.4781 0.2131 0.8521
vn -0.5271 -0.1963 0.8268
vn -0.5551 0.0889 0.8270
vn -0.4155 0.2946 0.8606
vn -0.1402 0.5981 0.7890
vn -0.3421 0.3819 0.8586
vn -0.4155 0.2947 0.8606
vn -0.4780 0.2132 0.8521
vn -0.1300 0.6111 -0.7808
vn -0.0744 0.5734 -0.8159
vn 0.0065 0.6359 -0.7718
vn 0.3108 0.2071 -0.9276
vn -0.0085 0.3682 -0.9297
vn -0.1311 0.4619 -0.8772
vn -0.2605 0.4168 -0.8709
vn -0.2600 0.6190 -0.7411
vn 0.3579 -0.6454 0.6749
vn 0.1447 -0.9569 -0.2517
vn 0.3583 -0.9269 0.1120
vn 0.5378 -0.7007 0.4688
vn 0.3579 -0.6454 0.6748
vn -0.1945 -0.5957 -0.7793
vn 0.3108 0.2070 -0.9276
vn -0.2605 0.4167 -0.8709
vn -0.7534 -0.3851 -0.5329
vn -0.8131 0.2595 -0.5211
vn -0.7535 -0.3851 -0.5329
vn -0.2606 0.4167 -0.8709
vn -0.8383 -0.0281 -0.5444
vn -0.7535 -0.3850 -0.5329
vn 0.7162 -0.6648 -0.2125
vn 0.4840 -0.7783 0.3999
vn -0.2601 0.6190 -0.7411
vn -0.4745 0.6718 -0.5687
vn -0.6802 0.5418 -0.4937
vn -0.1815 -0.0352 0.9828
vn 0.1338 0.0383 0.9903
vn 0.0769 0.5621 0.8235
vn 0.1805 0.6399 0.7470
vn 0.0770 0.5621 0.8235
vn 0.1368 0.6203 0.7723
vn 0.0068 0.9838 -0.1791
vn -0.0505 0.7450 -0.6651
vn 0.3829 0.8828 -0.2720
vn -0.0505 0.7450 -0.6652
vn 0.3806 0.8825 0.2761
vn 0.1805 0.6400 0.7469
vn 0.0998 -0.0462 0.9939
vn 0.1368 0.6204 0.7723
vn 0.1634 0.9864 0.0184
vn 0.1140 0.9505 0.2890
vn 0.0220 0.8761 -0.4817
vn -0.0508 0.6842 -0.7276
vn -0.0506 0.7450 -0.6652
vn 0.1634 0.9864 0.0183
vn 0.0221 0.8761 -0.4816
vn 0.2007 0.1179 0.9725
vn 0.4011 0.6886 0.6042
vn 0.4011 0.6886 0.6041
vn 0.0586 0.8634 -0.5012
vn 0.0066 0.6359 -0.7717
vn -0.0507 0.6841 -0.7276
vn 0.5113 0.6216 0.5934
vn 0.3257 0.9418 0.0830
vn 0.0586 0.8634 -0.5011
vn 0.3256 0.9419 0.0829
vn -0.6915 -0.3383 0.6383
vn -0.8647 -0.4689 0.1799
vn -0.6740 -0.7160 -0.1818
vn -0.6916 -0.3383 0.6382
vn -0.7757 0.0253 0.6305
vn -0.8648 -0.4688 0.1800
vn -0.5899 -0.7479 0.3043
vn -0.6915 -0.3383 0.6382
vn -0.6741 -0.7159 -0.1819
vn -0.3473 -0.3696 0.8619
vn -0.5899 -0.7479 0.3044
vn -0.5278 -0.5032 0.6842
vn -0.5898 -0.7480 0.3043
vn -0.7241 -0.6793 0.1189
vn -0.3473 -0.3696 0.8618
vn -0.5899 -0.7480 0.3044
vn -0.5278 -0.5033 0.6842
vn 0.0525 0.2900 0.9556
vn -0.2559 0.4700 0.8447
vn -0.2744 0.1182 0.9543
vn 0.0525 0.2899 0.9556
vn -0.2744 0.1181 0.9543
vn -0.0486 -0.0040 0.9988
vn 0.3935 0.7156 0.5771
vn 0.0210 0.7838 0.6207
vn -0.2559 0.4701 0.8447
vn -0.7757 0.0253 0.6306
vn -0.5315 0.5662 0.6300
vn -0.8736 0.1339 0.4678
vn -0.8736 0.1338 0.4678
vn -0.8648 -0.4689 0.1799
vn -0.7757 0.0252 0.6305
vn -0.9679 -0.1525 0.1997
vn -0.7530 -0.6339 -0.1765
vn -0.5187 -0.8001 -0.3013
vn 0.1824 -0.9217 -0.3422
vn -0.0134 -0.8166 -0.5771
vn -0.5187 -0.8001 -0.3014
vn -0.5188 -0.8001 -0.3013
vn -0.6741 -0.7159 -0.1818
vn -0.2804 -0.6095 -0.7416
vn -0.6740 -0.7160 -0.1819
vn 0.2667 -0.6294 -0.7299
vn -0.2803 -0.6094 -0.7416
vn -0.4442 -0.8675 -0.2239
vn -0.5188 -0.8000 -0.3014
vn 0.1824 -0.9217 -0.3423
vn 0.3597 -0.7515 -0.5531
vn -0.0133 -0.8166 -0.5771
vn -0.6741 -0.7160 -0.1818
vn -0.6243 -0.7271 -0.2858
vn -0.4376 -0.5617 -0.7022
vn -0.2080 -0.2820 -0.9366
vn -0.4376 -0.5616 -0.7022
vn -0.1046 -0.1458 -0.9838
vn 0.2668 -0.6294 -0.7298
vn 0.1751 -0.3627 -0.9153
vn 0.5117 -0.5657 -0.6467
vn 0.3695 -0.1515 -0.9168
vn 0.0359 0.0359 -0.9987
vn 0.1751 -0.3626 -0.9154
vn 0.1751 -0.3626 -0.9153
vn 0.4060 -0.8648 -0.2955
vn 0.5117 -0.5657 -0.6466
vn -0.4882 0.7715 0.4079
vn -0.5315 0.5663 0.6300
vn -0.2885 0.8622 0.4164
vn -0.8678 0.3717 0.3298
vn -0.2769 0.9466 0.1650
vn -0.4881 0.7716 0.4079
vn -0.7604 0.6431 0.0903
vn -0.9715 0.1607 -0.1741
vn -0.9996 0.0287 -0.0005
vn -0.2884 0.8622 0.4164
vn -0.3466 0.6763 0.6500
vn 0.4060 -0.8648 -0.2954
vn 0.8982 -0.3619 -0.2496
vn 0.9072 0.3723 -0.1960
vn 0.6361 0.7473 -0.1919
vn 0.7369 0.0771 -0.6716
vn 0.9071 0.3724 -0.1961
vn 0.6124 0.7657 0.1968
vn 0.6362 0.7473 -0.1919
vn 0.8982 -0.3619 -0.2495
vn 0.6123 0.7657 0.1968
vn 0.1723 0.9258 0.3364
vn 0.0210 0.7838 0.6206
vn -0.1008 0.9734 0.2056
vn 0.2296 -0.9667 -0.1130
vn 0.5914 -0.8006 -0.0967
vn 0.4059 -0.8648 -0.2954
vn 0.8982 -0.3618 -0.2496
vn 0.8199 0.5362 0.2007
vn -0.2783 0.9128 0.2991
vn -0.0721 0.9052 0.4187
vn 0.1757 0.4006 -0.8993
vn -0.7797 -0.6251 -0.0378
vn -0.1909 -0.9588 -0.2102
vn -0.6161 -0.7817 0.0965
vn -0.7797 -0.6250 -0.0378
vn -0.6162 -0.7817 0.0966
vn 0.0658 -0.9258 -0.3722
vn -0.1909 -0.9588 -0.2103
vn -0.4969 -0.8172 -0.2920
vn -0.4536 -0.7172 -0.5290
vn -0.8108 -0.5264 -0.2562
vn -0.8107 -0.5263 -0.2562
vn -0.8034 -0.3774 -0.4606
vn -0.5242 -0.8127 0.2546
vn -0.6161 -0.7817 0.0966
vn 0.0583 -0.9978 -0.0321
vn 0.6080 -0.7437 -0.2777
vn 0.0583 -0.9978 -0.0322
vn 0.9763 -0.1299 -0.1733
vn 0.8723 0.4882 0.0269
vn 0.9515 0.2077 -0.2271
vn 0.6080 -0.7438 -0.2777
vn 0.8598 -0.4757 -0.1856
vn 0.8011 0.4774 -0.3610
vn 0.6468 -0.7281 -0.2270
vn 0.9515 0.2076 -0.2271
vn 0.9602 0.1649 0.2255
vn 0.0659 -0.9258 -0.3722
vn 0.5394 -0.8259 -0.1644
vn 0.6467 -0.7281 -0.2271
vn -0.4535 -0.7172 -0.5290
vn -0.1089 -0.7823 -0.6133
vn -0.9451 0.2657 0.1901
vn -0.9043 -0.4258 -0.0304
vn -0.4770 0.8493 0.2263
vn -0.0441 0.9259 0.3752
vn -0.7248 0.6670 0.1724
vn -0.9997 0.0078 -0.0211
vn -0.9074 -0.3280 -0.2629
vn -0.7249 0.6670 0.1725
vn -0.9997 0.0078 -0.0212
vn 0.7256 0.6878 0.0195
vn 0.2964 0.9205 0.2546
vn -0.9652 0.1978 -0.1713
vn -0.8749 -0.0991 -0.4740
vn -0.9073 -0.3281 -0.2629
vn -0.8108 -0.5263 -0.2562
vn -0.3224 0.9305 0.1738
vn 0.5769 0.6650 0.4743
vn 0.1175 0.8120 0.5717
vn 0.1175 0.8121 0.5716
vn -0.3224 0.9305 0.1737
vn -0.0440 0.9259 0.3752
vn -0.7357 0.6112 -0.2919
vn -0.7036 0.1071 -0.7025
vn -0.6840 -0.2782 -0.6744
vn -0.2901 0.8962 -0.3358
vn -0.7357 0.6112 -0.2918
vn 0.8723 0.4883 0.0269
vn 0.7257 0.6878 0.0195
vn 0.7617 0.6254 -0.1691
vn 0.8244 0.5300 0.1988
vn 0.7257 0.6877 0.0195
vn 0.8328 0.3390 0.4376
vn 0.5770 0.6649 0.4743
vn 0.6298 0.3206 0.7076
vn 0.7877 0.0778 0.6111
vn 0.6298 0.3205 0.7076
vn 0.0802 0.3085 0.9478
vn 0.1784 -0.2757 0.9445
vn 0.0803 0.3085 0.9478
vn 0.6297 0.3205 0.7076
vn -0.4516 -0.1494 0.8796
vn -0.3200 0.2074 0.9245
vn -0.2579 -0.4191 0.8706
vn -0.0590 0.0681 0.9959
vn -0.0453 0.7565 0.6524
vn 0.0802 0.3085 0.9479
vn -0.3200 0.2074 0.9244
vn -0.4039 0.8228 0.3999
vn -0.0590 0.0680 0.9959
vn -0.9663 -0.1035 0.2357
vn -0.8312 -0.5406 -0.1299
vn -0.9652 -0.0360 0.2592
vn -0.2991 0.5889 0.7508
vn -0.6667 0.5330 0.5210
vn -0.4499 -0.7565 -0.4747
vn -0.9641 -0.1907 0.1849
vn -0.8282 -0.5071 -0.2386
vn -0.9663 -0.1036 0.2357
vn -0.2156 -0.8272 -0.5189
vn -0.2286 -0.8801 -0.4161
vn -0.4498 -0.7565 -0.4747
vn -0.1964 -0.7440 -0.6386
vn -0.4499 -0.7565 -0.4748
vn -0.3191 -0.6435 -0.6958
vn -0.5677 -0.5864 -0.5778
vn -0.4499 -0.7564 -0.4748
vn -0.1089 -0.7823 -0.6134
vn -0.6839 -0.2783 -0.6744
vn -0.5178 -0.0462 -0.8543
vn -0.7035 0.1071 -0.7025
vn -0.3916 0.2758 -0.8778
vn 0.1679 -0.9771 0.1306
vn 0.4794 -0.5026 0.7194
vn 0.6889 -0.6428 0.3350
vn 0.6890 -0.6428 0.3349
vn 0.4794 -0.5025 0.7195
vn 0.8920 -0.4053 0.2002
vn 0.1785 -0.2757 0.9445
vn -0.2579 -0.4190 0.8706
vn 0.0159 0.9961 0.0870
vn -0.2900 0.8962 -0.3358
vn -0.4699 0.5010 -0.7268
vn 0.0172 0.5874 -0.8091
vn -0.3915 0.2759 -0.8779
vn -0.3915 0.2758 -0.8779
vn -0.0815 -0.2000 -0.9764
vn -0.5177 -0.0462 -0.8543
vn 0.0524 -0.8341 -0.5491
vn -0.1089 -0.7822 -0.6134
vn -0.0814 -0.2000 -0.9764
vn -0.2092 -0.5627 0.7998
vn -0.2579 -0.4191 0.8705
vn -0.2726 -0.7093 0.6500
vn -0.0060 -0.9996 -0.0285
vn -0.0769 -0.8526 -0.5168
vn -0.2732 -0.9563 0.1039
vn 0.0234 0.9827 -0.1837
vn 0.0159 0.9961 0.0871
vn -0.0453 0.7566 0.6523
vn 0.2190 0.7395 -0.6365
vn 0.1911 0.5035 -0.8426
vn 0.0173 0.5874 -0.8091
vn 0.0234 0.9827 -0.1836
vn 0.2190 0.7396 -0.6364
vn 0.1084 0.6415 -0.7594
vn 0.0361 0.3138 -0.9488
vn 0.1329 0.1109 -0.9849
vn -0.0769 -0.8526 -0.5169
vn -0.0815 -0.1999 -0.9764
vn -0.0069 -0.5339 -0.8455
vn 0.1329 0.1108 -0.9849
vn -0.0069 -0.5338 -0.8456
vn 0.0362 0.3138 -0.9488
vn 0.0621 0.8368 -0.5440
vn -0.4700 0.5009 -0.7268
vn -0.7035 0.1071 -0.7026
vn 0.1786 -0.2757 0.9445
vn -0.5929 -0.7520 -0.2882
vn -0.4316 -0.8902 -0.1462
vn -0.8241 -0.5638 -0.0552
vn -0.9648 -0.1491 -0.2167
vn -0.6306 -0.6095 -0.4805
vn -0.5929 -0.7519 -0.2883
vn -0.9648 -0.1492 -0.2167
vn -0.9648 -0.1493 -0.2167
vn -0.5929 -0.7519 -0.2882
vn -0.9193 0.3363 -0.2044
vn -0.6305 -0.6096 -0.4805
vn -0.4996 -0.7813 -0.3741
vn -0.7801 -0.2858 -0.5565
vn 0.3489 -0.9108 -0.2206
vn 0.8718 -0.4855 -0.0655
vn 0.3080 -0.9289 -0.2056
vn 0.8315 0.4685 0.2985
vn 0.5339 0.7519 0.3868
vn -0.2746 -0.9310 -0.2403
vn -0.3290 -0.8232 -0.4627
vn 0.3488 -0.9109 -0.2206
vn -0.0027 -0.8147 -0.5798
vn 0.5027 -0.8619 -0.0658
vn -0.5088 -0.5319 -0.6769
vn -0.3291 -0.8232 -0.4627
vn -0.8192 0.0424 -0.5720
vn -0.7801 -0.2857 -0.5565
vn 0.1433 0.8973 0.4175
vn 0.1432 0.8973 0.4175
vn -0.3001 0.8837 0.3591
vn -0.3002 0.9210 0.2482
vn -0.6395 0.2892 -0.7123
vn -0.5588 -0.2216 -0.7991
vn -0.8191 0.0424 -0.5721
vn -0.4068 0.7797 0.4761
vn -0.6911 0.7188 -0.0756
vn -0.3002 0.8837 0.3591
vn -0.7801 -0.2857 -0.5566
vn -0.8191 0.0424 -0.5720
vn -0.2743 -0.1023 -0.9562
vn -0.5588 -0.2216 -0.7992
vn -0.6395 0.2893 -0.7123
vn -0.0986 -0.8924 0.4403
vn -0.1822 -0.7084 0.6819
vn -0.1107 -0.9693 0.2196
vn -0.1107 -0.9693 0.2195
vn 0.0884 -0.9564 -0.2785
vn -0.0985 -0.8924 0.4403
vn 0.1102 -0.3438 -0.9326
vn 0.3156 -0.3295 -0.8898
vn 0.8718 -0.4854 -0.0655
vn 0.9989 0.0115 -0.0444
vn 0.9994 0.0287 -0.0189
vn 0.9994 0.0288 -0.0189
vn 0.8354 -0.4375 0.3328
vn 0.5028 -0.8619 -0.0658
vn 0.3813 0.2521 0.8894
vn 0.5907 -0.0791 0.8030
vn 0.2343 -0.2924 0.9272
vn 0.2938 -0.7540 0.5875
vn 0.5240 -0.5043 0.6864
vn 0.4692 -0.8701 0.1509
vn 0.5241 -0.5043 0.6863
vn 0.8353 -0.4375 0.3328
vn 0.4691 -0.8701 0.1510
vn 0.2938 -0.7541 0.5874
vn 0.5240 -0.5043 0.6863
vn -0.0558 0.2810 0.9581
vn -0.0703 0.6870 0.7233
vn 0.2086 0.2904 0.9339
vn -0.1476 0.2741 0.9503
vn -0.0558 0.2809 0.9581
vn 0.0078 -0.0203 0.9998
vn 0.2086 0.2903 0.9339
vn 0.0079 -0.0203 0.9998
vn 0.3812 0.2522 0.8894
vn -0.4067 0.7797 0.4761
vn -0.0703 0.6871 0.7232
vn -0.0559 0.2810 0.9581
vn -0.1477 0.2742 0.9503
vn -0.4068 0.7797 0.4760
vn -0.3728 0.8388 0.3967
vn -0.1441 -0.9886 0.0424
vn 0.0204 -0.9996 0.0218
vn 0.0045 -0.9992 0.0390
vn 0.0204 -0.9996 0.0219
vn 0.1289 -0.9652 -0.2276
vn 0.0044 -0.9992 0.0390
vn -0.1442 -0.9886 0.0425
vn -0.5852 -0.7175 0.3778
vn -0.4150 0.9021 -0.1179
vn -0.3728 0.8389 0.3967
vn -0.3302 0.7212 0.6089
vn -0.7482 -0.5279 0.4018
vn -0.5852 -0.7175 0.3777
vn -0.3502 -0.9308 0.1050
vn 0.1288 -0.9652 -0.2275
vn 0.3113 -0.8988 -0.3086
vn -0.1442 -0.9886 0.0424
vn 0.5688 -0.6744 -0.4708
vn 0.2937 -0.7540 0.5875
vn 0.1812 -0.4995 0.8471
vn 0.2343 -0.2924 0.9271
vn 0.3945 -0.9173 0.0547
vn 0.3946 -0.9172 0.0547
vn 0.1812 -0.4995 0.8472
vn -0.0559 -0.1086 0.9925
vn -0.1477 0.2741 0.9503
vn -0.2806 0.3247 0.9032
vn -0.3302 0.7212 0.6090
vn 0.3045 -0.8418 -0.4458
vn -0.0026 -0.8147 -0.5798
vn 0.1296 -0.5142 -0.8478
vn 0.4039 -0.6673 -0.6257
vn 0.3046 -0.8417 -0.4458
vn 0.1296 -0.5141 -0.8479
vn -0.2629 -0.3509 -0.8987
vn 0.0021 -0.1265 -0.9920
vn -0.0956 0.1317 -0.9867
vn 0.0021 -0.1264 -0.9920
vn -0.2742 -0.1023 -0.9562
vn -0.3324 0.4443 -0.8319
vn -0.0956 0.1318 -0.9867
vn -0.3679 0.6434 -0.6714
vn -0.5068 0.8064 -0.3047
vn -0.3679 0.6434 -0.6713
vn 0.0024 -0.0325 -0.9995
vn -0.0955 0.1318 -0.9867
vn -0.2565 0.2791 -0.9254
vn 0.1669 -0.2290 -0.9590
vn 0.3046 -0.8418 -0.4457
vn 0.4040 -0.6674 -0.6257
vn -0.6203 0.7832 -0.0432
vn -0.4150 0.9021 -0.1180
vn 0.0024 -0.0326 -0.9995
vn -0.0338 0.0323 -0.9989
vn -0.5499 0.6724 -0.4955
vn 0.1959 -0.9125 -0.3591
vn -0.4151 0.9021 -0.1179
vn -0.5068 0.8065 -0.3046
vn 0.1289 -0.9652 -0.2275
vn 0.0044 -0.9992 0.0389
vn -0.2630 -0.3509 -0.8987
vn -0.5088 -0.5318 -0.6770
vn -0.5588 -0.2217 -0.7991
vn -0.5088 -0.5318 -0.6769
vn -0.6179 -0.4090 -0.6715
vn 0.3045 -0.8418 -0.4457
vn 0.3945 -0.9173 0.0546
vn -0.2092 -0.5626 0.7998
vn -0.3495 -0.3963 0.8490
vn -0.4038 0.8228 0.3999
vn -0.3199 0.2074 0.9245
vn -0.4780 0.4582 0.7494
vn -0.6590 0.7215 -0.2126
vn -0.8059 -0.0674 0.5882
vn -0.8523 0.3091 0.4220
vn -0.8060 -0.0673 0.5881
vn -0.9610 0.2064 0.1840
vn -0.6590 0.7214 -0.2127
vn -0.8901 0.4106 -0.1976
vn -0.4262 0.5724 -0.7005
vn -0.8901 0.4107 -0.1976
vn -0.6590 0.7214 -0.2126
vn -0.8522 0.3092 0.4220
vn -0.3569 0.7706 -0.5281
vn -0.4112 -0.4890 0.7693
vn -0.2154 -0.4007 0.8905
vn -0.2679 -0.4558 0.8488
vn -0.1489 -0.6227 0.7682
vn -0.1823 -0.7084 0.6819
vn -0.2142 -0.5594 0.8007
vn -0.2678 -0.4558 0.8488
vn -0.3495 -0.3964 0.8490
vn 0.2146 0.4294 -0.8772
vn 0.2223 0.5614 -0.7971
vn 0.0718 0.5531 -0.8300
vn 0.3385 -0.7698 -0.5411
vn -0.8060 -0.0674 0.5881
vn -0.9799 0.1814 0.0834
vn -0.9610 0.2063 0.1839
vn -0.9799 0.1815 0.0833
vn -0.9610 0.2064 0.1839
vn 0.0288 -0.8087 -0.5875
vn -0.2155 -0.8272 -0.5189
vn 0.4408 0.8417 0.3119
vn 0.3517 0.7876 0.5060
vn 0.8223 0.5420 0.1734
vn 0.8223 0.5420 0.1733
vn 0.4409 0.8416 0.3118
vn -0.6762 0.5248 -0.5170
vn -0.4262 0.5724 -0.7006
vn -0.8901 0.4107 -0.1977
vn 0.2140 -0.5834 -0.7835
vn 0.7128 -0.4259 -0.5572
vn 0.0289 -0.8087 -0.5875
vn 0.9297 -0.0374 -0.3665
vn 0.7129 -0.4259 -0.5572
vn -0.7579 -0.2077 0.6184
vn -0.7579 -0.2076 0.6184
vn -0.9799 0.1814 0.0833
vn -0.8059 -0.0674 0.5881
vn -0.3180 -0.4283 0.8458
vn -0.2154 -0.4006 0.8906
vn -0.0733 -0.4611 0.8843
vn -0.8166 0.3989 -0.4172
vn 0.0867 0.5096 -0.8560
vn 0.0020 0.5243 -0.8515
vn -0.0441 0.5448 -0.8374
vn -0.3678 0.5591 -0.7431
vn -0.0442 0.5448 -0.8374
vn -0.4261 0.5723 -0.7006
vn 0.0019 0.5243 -0.8515
vn -0.6762 0.5248 -0.5171
vn -0.4261 0.5724 -0.7006
vn -0.1484 -0.8833 -0.4447
vn 0.2125 0.5676 -0.7954
vn 0.1912 0.5035 -0.8426
vn -0.1484 -0.8832 -0.4448
vn 0.1102 -0.3437 -0.9326
vn 0.1330 0.4965 -0.8578
vn -0.3568 0.7706 -0.5281
vn 0.1330 0.4966 -0.8577
vn 0.3156 -0.3294 -0.8899
vn 0.2692 0.4569 -0.8478
vn 0.2691 0.4570 -0.8478
vn 0.1084 0.6414 -0.7595
vn -0.4113 -0.4890 0.7693
vn 0.0789 -0.2224 0.9718
vn -0.2154 -0.4007 0.8906
vn -0.5315 0.1816 0.8274
vn -0.5316 0.1815 0.8273
vn 0.0458 0.8021 0.5954
vn 0.8406 0.4491 0.3029
vn 0.7754 0.0485 0.6296
vn -0.3168 -0.6143 0.7227
vn -0.4112 -0.4891 0.7692
vn -0.5851 -0.7176 0.3778
vn -0.6052 -0.5544 0.5713
vn -0.3168 -0.6144 0.7226
vn -0.3168 -0.6143 0.7226
vn -0.6052 -0.5544 0.5714
vn -0.4113 -0.4890 0.7692
vn 0.3859 0.5398 -0.7481
vn 0.9860 0.1158 -0.1196
vn 0.8406 0.4490 0.3028
vn 0.5839 0.7947 -0.1658
vn 0.9861 0.1157 -0.1196
vn 0.5840 0.7947 -0.1657
vn 0.6539 0.3537 -0.6688
vn 0.6539 0.3536 -0.6688
vn 0.5839 0.7947 -0.1657
vn 0.3860 0.5398 -0.7481
vn 0.3550 0.5510 -0.7552
vn -0.7874 -0.4430 0.4288
vn -0.8341 -0.3378 0.4361
vn -0.7874 -0.4429 0.4287
vn -0.8390 -0.1502 0.5230
vn 0.8009 0.4464 -0.3991
vn 0.7994 0.3651 -0.4772
vn 0.8312 0.3082 -0.4627
vn -0.8390 -0.1501 0.5230
vn -0.6638 0.5417 0.5157
vn 0.8406 0.4491 0.3028
vn 0.0459 0.8021 0.5954
vn -0.4231 -0.3115 -0.8509
vn -0.3289 -0.4049 -0.8531
vn -0.5852 -0.7176 0.3778
vn -0.7874 -0.4430 0.4287
vn 0.8276 -0.1549 -0.5396
vn 0.5688 -0.6743 -0.4709
vn 0.7048 0.0135 -0.7092
vn 0.4449 -0.5907 -0.6732
vn 0.5688 -0.6744 -0.4709
vn 0.8312 0.3081 -0.4628
vn 0.7891 -0.2748 -0.5493
vn 0.8276 -0.1548 -0.5395
vn 0.7049 0.0135 -0.7092
vn 0.8312 0.3082 -0.4628
vn 0.6441 0.4506 -0.6181
vn 0.6441 0.4507 -0.6181
vn 0.5389 0.5581 -0.6310
vn 0.7608 0.5086 -0.4031
vn 0.6635 -0.4142 0.6231
vn 0.3499 -0.3157 0.8820
vn 0.9245 -0.2013 0.3237
vn 0.3499 -0.3156 0.8820
vn 0.0789 -0.2223 0.9718
vn 0.7753 0.0485 0.6297
vn 0.9245 -0.2013 0.3236
vn 0.7754 0.0486 0.6296
vn 0.9861 0.1157 -0.1197
vn 0.9246 -0.2012 0.3236
vn 0.7753 0.0486 0.6297
vn 0.9821 0.0031 -0.1883
vn 0.9860 0.1157 -0.1196
vn 0.9479 -0.2356 0.2146
vn 0.6609 0.3252 -0.6764
vn 0.9821 0.0032 -0.1883
vn 0.7521 0.2223 -0.6205
vn 0.7520 0.2222 -0.6206
vn 0.2857 0.4214 -0.8607
vn 0.2856 0.4214 -0.8607
vn 0.2497 0.4748 -0.8439
vn 0.2498 0.4748 -0.8439
vn 0.4024 0.3280 -0.8547
vn 0.2146 0.4294 -0.8773
vn 0.4025 0.3280 -0.8547
vn 0.7520 0.2223 -0.6206
vn 0.2857 0.4213 -0.8607
vn -0.5799 0.1775 -0.7951
vn -0.5283 -0.0559 -0.8472
vn -0.2596 0.9048 0.3374
vn -0.5274 0.7952 -0.2993
vn -0.1827 0.9232 0.3382
vn 0.9860 0.1157 -0.1197
vn 0.6540 0.3536 -0.6688
vn 0.7520 0.2222 -0.6205
vn 0.4671 0.3786 -0.7990
vn 0.4534 -0.0365 -0.8906
vn 0.4534 -0.0366 -0.8905
vn 0.4449 -0.5906 -0.6732
vn 0.2692 0.4570 -0.8478
vn 0.4534 -0.0366 -0.8906
vn 0.7048 0.0134 -0.7093
vn 0.7048 0.0135 -0.7093
vn 0.4672 0.3786 -0.7990
vn -0.6204 0.7831 -0.0432
vn -0.5499 0.6724 -0.4954
vn 0.3156 -0.3295 -0.8899
vn -0.1150 0.1066 0.9876
vn -0.7347 0.0070 0.6784
vn -0.7260 0.2342 0.6466
vn -0.8454 -0.3374 -0.4141
vn -0.8281 -0.5072 -0.2387
vn -0.6926 0.0820 0.7166
vn -0.7346 0.0070 0.6784
vn -0.1151 0.1066 0.9876
vn 0.1624 0.7434 0.6489
vn 0.3516 0.7876 0.5060
vn 0.3346 0.6283 0.7023
vn 0.1625 0.7434 0.6489
vn 0.1625 0.7434 0.6488
vn -0.9182 0.3209 -0.2323
vn -0.8482 -0.2163 -0.4836
vn -0.8110 0.5825 -0.0547
vn -0.9181 0.3210 -0.2323
vn 0.3198 0.4001 0.8589
vn -0.0094 0.3686 0.9296
vn 0.3346 0.6283 0.7024
vn 0.5703 0.3967 0.7193
vn 0.3199 0.4000 0.8589
vn 0.5432 0.6242 0.5615
vn -0.1964 -0.7440 -0.6387
vn -0.3190 -0.6435 -0.6958
vn -0.2991 0.5889 0.7509
vn 0.1624 0.7434 0.6488
vn -0.0094 0.3685 0.9296
vn -0.7261 0.2342 0.6465
vn 0.6135 0.1479 0.7757
vn 0.7151 -0.1042 0.6913
vn 0.3078 0.0626 0.9494
vn 0.3198 0.4000 0.8589
vn 0.3078 0.0627 0.9494
vn -0.1151 0.1065 0.9876
vn -0.1229 0.0208 0.9922
vn -0.6926 0.0821 0.7167
vn -0.9569 -0.1357 0.2567
vn -0.9886 -0.0726 -0.1320
vn -0.1229 0.0209 0.9922
vn -0.8218 -0.0177 0.5695
vn -0.2591 -0.3822 0.8870
vn -0.8217 -0.0177 0.5696
vn 0.5636 -0.0794 0.8222
vn 0.1682 0.0152 0.9856
vn 0.1682 0.0153 0.9856
vn -0.1150 0.1065 0.9876
vn -0.1228 0.0208 0.9922
vn 0.0580 -0.5039 0.8618
vn -0.4720 -0.6967 0.5403
vn 0.0580 -0.5038 0.8618
vn -0.2590 -0.3822 0.8870
vn -0.9886 -0.0727 -0.1321
vn -0.7494 -0.1605 -0.6423
vn -0.8454 -0.3373 -0.4141
vn -0.4111 -0.2027 -0.8888
vn -0.7494 -0.1605 -0.6424
vn -0.4646 -0.0419 -0.8845
vn -0.4523 -0.4525 -0.7685
vn -0.2098 -0.4791 -0.8523
vn -0.3470 -0.2841 -0.8938
vn -0.0986 -0.0552 -0.9936
vn -0.4111 -0.2026 -0.8888
vn -0.3470 -0.2840 -0.8938
vn -0.3471 -0.2841 -0.8938
vn -0.9817 0.1111 -0.1546
vn -0.9957 0.0392 0.0844
vn -0.8419 0.3215 -0.4333
vn -0.6617 0.1578 -0.7330
vn -0.1414 0.0103 -0.9899
vn -0.1605 0.2110 -0.9642
vn 0.1644 0.0281 -0.9860
vn -0.0994 0.0187 -0.9949
vn -0.1413 0.0102 -0.9899
vn -0.0985 -0.0552 -0.9936
vn 0.0515 0.0711 -0.9961
vn 0.5347 -0.0374 -0.8442
vn -0.0995 0.0186 -0.9949
vn -0.1414 0.0102 -0.9899
vn 0.0514 0.0711 -0.9961
vn -0.1413 0.0103 -0.9899
vn -0.1604 0.2110 -0.9642
vn -0.9371 -0.3221 -0.1342
vn -0.5261 -0.8500 0.0266
vn 0.1538 -0.9861 0.0634
vn -0.9035 0.3349 -0.2676
vn -0.9012 -0.4111 0.1377
vn -0.9917 -0.0988 -0.0826
vn -0.9819 -0.1493 0.1168
vn -0.9957 0.0391 0.0845
vn -0.9819 -0.1493 0.1167
vn -0.0549 -0.8709 0.4885
vn -0.9011 -0.4111 0.1377
vn -0.5261 -0.8500 0.0267
vn -0.9372 -0.3221 -0.1342
vn -0.9035 0.3348 -0.2676
vn -0.9943 -0.0283 -0.1029
vn -0.9900 0.0147 -0.1405
vn -0.9801 0.0869 -0.1783
vn -0.8420 0.3215 -0.4333
vn -0.9801 0.0868 -0.1783
vn -0.9801 0.0868 -0.1782
vn -0.9034 0.3349 -0.2677
vn -0.5227 0.7570 -0.3920
vn -0.9275 -0.1762 0.3296
vn -0.9404 -0.2421 0.2388
vn -0.9275 -0.1763 0.3296
vn -0.9957 0.0392 0.0845
vn -0.9404 -0.2417 0.2393
vn -0.9275 -0.1763 0.3297
vn -0.9404 -0.2421 0.2387
vn -0.4720 -0.6966 0.5403
vn -0.2938 0.7297 -0.6174
vn -0.9957 0.0392 0.0843
vn -0.9900 0.0148 -0.1405
vn 0.5650 -0.8246 0.0297
vn 0.3980 -0.8792 0.2621
vn 0.2744 -0.7583 0.5914
vn 0.4512 -0.5623 0.6930
vn 0.6181 -0.6209 0.4821
vn 0.3979 -0.8792 0.2621
vn 0.1538 -0.9861 0.0635
vn -0.2108 0.8585 -0.4674
vn -0.3759 0.8932 -0.2469
vn 0.9637 -0.0604 0.2602
vn 0.9732 0.0195 0.2290
vn 0.8401 -0.4509 0.3014
vn 0.1526 0.9595 -0.2369
vn 0.2744 -0.7583 0.5913
vn -0.0548 -0.8709 0.4884
vn 0.0581 -0.5039 0.8618
vn 0.4512 -0.5624 0.6930
vn -0.2939 0.7298 -0.6173
vn -0.2883 0.4687 -0.8350
vn -0.2883 0.4686 -0.8350
vn 0.0489 0.3608 -0.9313
vn -0.1604 0.2111 -0.9642
vn -0.0324 0.6316 -0.7746
vn 0.0490 0.3608 -0.9313
vn 0.4998 0.5080 -0.7016
vn -0.0323 0.6316 -0.7746
vn 0.4997 0.5080 -0.7016
vn 0.0848 0.7720 -0.6299
vn 0.0125 -0.9078 -0.4192
vn 0.1357 -0.9011 -0.4119
vn 0.2937 -0.8966 -0.3313
vn 0.1357 -0.9010 -0.4119
vn 0.6058 -0.7956 -0.0014
vn 0.1152 0.8513 0.5118
vn 0.0010 0.9096 0.4155
vn 0.0849 0.8984 0.4310
vn -0.2059 -0.8595 -0.4679
vn -0.0561 -0.9132 -0.4035
vn 0.9134 0.3463 0.2140
vn 0.9597 0.1623 -0.2292
vn 0.5433 0.6242 0.5614
vn 0.3517 0.7876 0.5059
vn -0.5094 -0.6779 -0.5301
vn -0.1073 -0.8588 -0.5010
vn -0.2059 -0.8594 -0.4680
vn -0.8481 -0.2163 -0.4836
vn -0.5095 -0.6778 -0.5301
vn -0.7699 0.6201 0.1510
vn 0.9351 0.1786 0.3060
vn 0.5704 0.3967 0.7192
vn 0.8523 0.0629 -0.5193
vn 0.9351 0.1787 0.3059
vn -0.4877 -0.4944 -0.7195
vn -0.5094 -0.6778 -0.5301
vn -0.4878 -0.4943 -0.7195
vn -0.8166 0.3989 -0.4173
vn -0.6048 0.4513 -0.6562
vn -0.3679 0.5590 -0.7431
vn -0.0379 0.5247 -0.8504
vn -0.0442 0.5447 -0.8374
vn -0.3678 0.5590 -0.7431
vn 0.1152 0.8513 0.5119
vn 0.5445 0.5223 0.6563
vn 0.1358 -0.9011 -0.4119
vn 0.4437 -0.8962 -0.0012
vn -0.0710 -0.9877 0.1394
vn 0.7139 -0.5994 0.3620
vn 0.4438 -0.8961 -0.0012
vn -0.1918 -0.5348 0.8229
vn 0.7212 -0.0434 0.6914
vn 0.7139 -0.5994 0.3619
vn -0.2487 0.0667 0.9663
vn -0.2364 0.6113 0.7552
vn 0.7212 -0.0435 0.6914
vn -0.1919 -0.5348 0.8229
vn 0.7139 -0.5995 0.3620
vn 0.9060 -0.0760 0.4164
vn -0.0711 -0.9877 0.1394
vn 0.7137 -0.5999 0.3615
vn -0.1072 -0.8588 -0.5010
vn 0.0510 -0.6997 -0.7126
vn 0.0510 -0.6997 -0.7127
vn 0.3124 -0.5671 -0.7621
vn 0.2286 -0.7173 -0.6581
vn 0.1841 -0.8686 -0.4601
vn 0.1358 -0.9010 -0.4119
vn 0.2286 -0.7174 -0.6581
vn 0.2738 -0.5788 -0.7681
vn 0.2286 -0.7173 -0.6582
vn -0.8907 0.1701 -0.4215
vn -0.4877 -0.4944 -0.7196
vn -0.8943 0.4473 -0.0154
vn -0.8908 0.1701 -0.4214
vn -0.2301 0.7647 0.6019
vn -0.7698 0.6201 0.1510
vn -0.2653 0.9125 0.3115
vn 0.8536 -0.1223 0.5063
vn 0.9431 -0.0879 0.3208
vn 0.5637 -0.0794 0.8222
vn 0.3816 -0.2516 0.8894
vn 0.0383 -0.0854 0.9956
vn 0.9777 0.1975 -0.0714
vn 0.9431 -0.0878 0.3207
vn 0.9808 -0.0050 0.1951
vn 0.9993 0.0303 0.0224
vn 0.9097 0.1948 -0.3668
vn 0.9777 0.1974 -0.0714
vn 0.9808 -0.0050 0.1950
vn 0.9097 0.1947 -0.3668
vn 0.9993 0.0304 0.0224
vn 0.9447 -0.0839 -0.3170
vn 0.9993 0.0303 0.0223
vn 0.1151 0.8513 0.5119
vn -0.2300 0.7647 0.6019
vn 0.0010 0.9096 0.4156
vn -0.4024 0.5645 0.7207
vn -0.3726 0.5034 0.7796
vn -0.4541 0.4344 0.7779
vn -0.4025 0.5644 0.7207
vn -0.3312 0.4354 0.8371
vn -0.4768 0.5106 0.7155
vn -0.4541 0.4343 0.7779
vn 0.3019 -0.2401 -0.9226
vn 0.2140 -0.5833 -0.7836
vn 0.7305 -0.1581 -0.6644
vn 0.7305 -0.1581 -0.6643
vn 0.9597 0.1623 -0.2293
vn 0.3020 -0.2401 -0.9226
vn 0.5697 0.0743 -0.8185
vn 0.8523 0.0630 -0.5193
vn 0.9965 -0.0671 0.0499
vn -0.2219 -0.3852 -0.8957
vn -0.4877 -0.4943 -0.7196
vn -0.6378 -0.1358 -0.7582
vn -0.6378 -0.1358 -0.7581
vn -0.6739 0.0605 -0.7364
vn -0.6377 -0.1358 -0.7582
vn -0.6739 0.0606 -0.7363
vn 0.4136 0.2863 -0.8643
vn 0.9096 0.1948 -0.3669
vn 0.5348 -0.0375 -0.8442
vn -0.8315 0.4134 -0.3711
vn -0.6739 0.0606 -0.7364
vn -0.8907 0.1702 -0.4215
vn -0.8942 0.4473 -0.0153
vn -0.8315 0.4134 -0.3710
vn 0.2692 -0.4875 -0.8306
vn 0.0510 -0.6996 -0.7127
vn -0.2218 -0.3852 -0.8958
vn -0.7962 0.6015 -0.0647
vn -0.7262 0.5138 0.4568
vn -0.6409 0.6107 0.4651
vn -0.4393 0.2077 -0.8740
vn -0.6738 0.0606 -0.7364
vn 0.2527 -0.3249 -0.9114
vn 0.4062 -0.3814 -0.8304
vn -0.0548 -0.1932 -0.9796
vn -0.0441 0.5447 -0.8375
vn -0.0378 0.5247 -0.8504
vn 0.2183 0.4399 -0.8711
vn -0.0378 0.5248 -0.8504
vn -0.5148 -0.7385 0.4354
vn -0.1917 -0.5349 0.8229
vn -0.1918 -0.5349 0.8229
vn -0.4397 -0.8921 -0.1042
vn -0.2931 0.1654 0.9417
vn -0.5149 -0.7385 0.4354
vn -0.7062 -0.5354 0.4633
vn 0.2737 -0.5788 -0.7681
vn -0.0425 -0.6997 -0.7132
vn -0.1272 -0.7765 -0.6172
vn -0.4629 -0.8498 -0.2520
vn -0.4352 -0.8531 -0.2879
vn 0.1524 -0.5579 -0.8158
vn -0.1271 -0.7764 -0.6173
vn -0.4351 -0.8531 -0.2878
vn -0.3421 0.3818 0.8586
vn -0.4780 0.2131 0.8521
vn 0.2627 -0.4206 -0.8683
vn 0.4466 -0.2775 -0.8506
vn 0.1525 -0.5579 -0.8158
vn 0.2627 -0.4206 -0.8684
vn 0.4331 -0.2851 -0.8551
vn -0.1724 0.5165 0.8388
vn -0.1327 0.5182 0.8449
vn -0.2569 0.4344 0.8633
vn 0.3593 -0.4863 -0.7965
vn 0.1838 -0.4673 -0.8648
vn 0.2737 -0.5788 -0.7682
vn 0.1838 -0.4674 -0.8647
vn 0.4199 -0.3426 -0.8404
vn -0.3984 0.4245 0.8131
vn 0.4330 -0.2851 -0.8551
vn -0.1326 0.5182 0.8449
vn 0.5095 0.7417 0.4362
vn 0.1520 0.4591 0.8753
vn 0.9571 0.2228 -0.1855
vn 0.8706 -0.4759 0.1249
vn 0.7527 0.3138 0.5788
vn 0.9029 -0.0962 -0.4190
vn 0.9571 0.2228 -0.1854
vn 0.6830 0.0336 -0.7296
vn 0.4063 -0.3814 -0.8303
vn 0.4596 -0.4194 -0.7828
vn 0.9447 -0.0838 -0.3170
vn 0.9431 -0.0879 0.3207
vn 0.9029 -0.0963 -0.4190
vn 0.8312 0.4935 -0.2562
vn 0.8880 0.4578 -0.0430
vn 0.9867 0.0236 0.1608
vn 0.9637 -0.0603 0.2601
vn 0.9882 0.1444 0.0508
vn 0.8881 0.4577 -0.0430
vn 0.9882 0.1445 0.0509
vn 0.9867 0.0235 0.1608
vn 0.8311 0.4936 -0.2561
vn 0.8537 -0.1223 0.5062
vn 0.9637 -0.0604 0.2601
vn 0.8536 -0.1223 0.5064
vn 0.7790 0.6215 0.0834
vn 0.9637 -0.0603 0.2602
vn 0.4512 -0.5623 0.6929
vn 0.8537 -0.1223 0.5063
vn 0.8536 -0.1224 0.5063
vn 0.4204 0.8324 -0.3612
vn -0.4768 0.5107 0.7155
vn -0.7261 0.5138 0.4568
vn -0.1754 0.0316 -0.9840
vn -0.0548 -0.1931 -0.9796
vn -0.1755 0.0317 -0.9840
vn -0.4392 0.2078 -0.8740
vn -0.6422 0.5158 -0.5669
vn -0.7962 0.6016 -0.0647
vn -0.6422 0.5159 -0.5669
vn -0.7068 0.6962 0.1258
vn -0.6423 0.5159 -0.5669
vn -0.7962 0.6016 -0.0648
vn -0.3311 0.4354 0.8371
vn 0.0102 0.3813 0.9244
vn -0.3231 0.5537 0.7675
vn 0.4851 0.0182 0.8743
vn -0.2790 0.0710 0.9577
vn 0.0103 0.3812 0.9244
vn 0.4851 0.0183 0.8743
vn 0.0102 0.3812 0.9244
vn 0.0467 -0.0903 0.9948
vn -0.0069 -0.0975 0.9952
vn 0.1229 -0.1152 0.9857
vn 0.1229 -0.1153 0.9857
vn 0.5697 -0.3585 0.7395
vn 0.2608 -0.0624 0.9634
vn 0.5697 -0.3586 0.7395
vn 0.1228 -0.1152 0.9857
vn 0.0144 -0.4099 0.9120
vn 0.0362 -0.6396 0.7678
vn -0.1098 -0.2331 0.9662
vn 0.0363 -0.6396 0.7678
vn 0.0145 -0.4100 0.9120
vn -0.1099 -0.2330 0.9663
vn 0.6067 -0.6117 0.5077
vn -0.0507 -0.8749 0.4816
vn 0.0363 -0.6397 0.7678
vn -0.1536 -0.1032 0.9827
vn -0.3503 -0.6744 0.6500
vn -0.2769 0.9466 0.1649
vn -0.4803 0.8736 -0.0782
vn -0.7603 0.6432 0.0903
vn -0.0062 0.9994 0.0341
vn -0.2768 0.9467 0.1649
vn -0.1008 0.9735 0.2055
vn -0.1330 0.9863 -0.0972
vn -0.4802 0.8737 -0.0782
vn -0.0063 0.9994 0.0341
vn -0.9451 -0.2027 -0.2562
vn -0.7465 -0.6559 -0.1118
vn -0.8804 -0.4162 -0.2273
vn -0.8701 0.3880 -0.3040
vn -0.9452 -0.2026 -0.2562
vn -0.9715 0.1606 -0.1741
vn -0.7466 -0.6559 -0.1117
vn -0.9343 -0.3555 -0.0264
vn -0.6994 -0.6731 0.2405
vn 0.0276 0.9313 -0.3632
vn -0.4247 0.8299 -0.3618
vn -0.1330 0.9863 -0.0973
vn 0.2295 -0.9667 -0.1130
vn 0.5174 -0.8398 0.1644
vn 0.2295 -0.9667 -0.1129
vn 0.1306 -0.9762 0.1730
vn 0.9510 -0.2575 0.1709
vn 0.8199 0.5362 0.2006
vn 0.9510 -0.2575 0.1710
vn 0.9579 0.0552 0.2819
vn 0.7524 -0.5850 0.3029
vn 0.5175 -0.8398 0.1644
vn 0.7523 -0.5850 0.3029
vn 0.9250 0.3633 0.1115
vn 0.5921 0.7992 0.1028
vn 0.1356 0.9760 -0.1703
vn -0.1329 0.9863 -0.0972
vn -0.0062 0.9994 0.0340
vn 0.5921 0.7993 0.1028
vn 0.3226 0.9287 0.1831
vn 0.0087 -0.9985 -0.0549
vn -0.1899 -0.9645 0.1833
vn 0.1305 -0.9762 0.1730
vn -0.1899 -0.9645 0.1834
vn 0.1305 -0.9762 0.1731
vn 0.3417 0.7825 -0.5205
vn 0.0277 0.9313 -0.3632
vn 0.4228 0.8744 -0.2381
vn -0.3232 0.5537 0.7675
vn -0.4984 0.6095 0.6165
vn -0.4768 0.5107 0.7154
vn -0.5725 0.2729 -0.7732
vn -0.6422 0.5158 -0.5670
vn 0.3227 -0.4559 -0.8294
vn 0.4596 -0.4195 -0.7828
vn 0.2527 -0.3250 -0.9113
vn -0.8883 0.4341 -0.1497
vn -0.7068 0.6961 0.1259
vn -0.7982 0.3545 0.4870
vn -0.8883 0.4341 -0.1496
vn -0.7555 -0.1072 0.6463
vn -0.3504 -0.6744 0.6500
vn -0.4467 0.3138 0.8378
vn -0.7555 -0.1071 0.6464
vn -0.2790 0.0711 0.9577
vn -0.7555 -0.1072 0.6464
vn -0.9417 0.2866 -0.1761
vn -0.6314 0.3285 -0.7024
vn -0.1608 -0.0804 -0.9837
vn 0.3227 -0.4559 -0.8295
vn 0.2526 -0.3249 -0.9114
vn -0.0390 -0.0262 -0.9989
vn -0.6313 0.3285 -0.7025
vn -0.2311 0.4920 -0.8394
vn -0.0390 -0.0261 -0.9989
vn 0.7710 -0.2766 0.5737
vn 0.5697 -0.3587 0.7395
vn 0.7710 -0.2766 0.5736
vn 0.5414 -0.5502 -0.6358
vn 0.8100 -0.5486 -0.2074
vn 0.8706 -0.4759 0.1250
vn -0.4467 0.3138 0.8379
vn 0.5628 0.0802 -0.8227
vn 0.5452 -0.3143 -0.7771
vn 0.3643 -0.0086 -0.9313
vn 0.5453 -0.3143 -0.7771
vn 0.9141 -0.1696 -0.3684
vn 0.3642 -0.0087 -0.9313
vn 0.3798 -0.3614 -0.8516
vn 0.3518 0.3234 -0.8784
vn 0.3642 -0.0086 -0.9313
vn 0.3228 -0.4559 -0.8294
vn 0.5413 -0.5502 -0.6358
vn -0.6314 0.3286 -0.7024
vn -0.5725 0.2728 -0.7732
vn -0.0389 -0.0262 -0.9989
vn 0.3797 -0.3614 -0.8516
vn -0.9343 -0.3554 -0.0264
vn -0.8700 0.3881 -0.3040
vn -0.5881 0.6183 -0.5214
vn 0.0276 0.9313 -0.3633
vn -0.5880 0.6184 -0.5214
vn -0.4247 0.8299 -0.3619
vn 0.0130 0.8033 -0.5954
vn 0.0277 0.9313 -0.3633
vn 0.4272 0.5091 -0.7472
vn 0.3519 0.3234 -0.8784
vn 0.2356 0.6461 -0.7260
vn -0.6409 0.6107 0.4650
vn -0.4984 0.6096 0.6164
vn -0.9451 -0.2026 -0.2562
vn -0.9343 -0.3555 -0.0265
vn -0.3389 -0.5990 0.7255
vn -0.5523 -0.5819 0.5970
vn -0.2793 -0.9090 0.3095
vn -0.5176 -0.7855 0.3393
vn -0.5524 -0.5818 0.5970
vn -0.6753 -0.4987 0.5434
vn 0.1570 -0.8651 -0.4765
vn -0.0592 -0.9978 0.0286
vn -0.0454 -0.9988 -0.0198
vn 0.0345 -0.9911 -0.1288
vn -0.0455 -0.9988 -0.0198
vn -0.0593 -0.9978 0.0286
vn 0.1571 -0.8650 -0.4765
vn 0.7891 -0.2749 -0.5493
vn 0.5025 -0.6993 -0.5084
vn -0.2792 -0.9090 0.3095
vn 0.1570 -0.8650 -0.4765
vn -0.1006 -0.9234 0.3704
vn 0.5770 -0.2872 -0.7646
vn 0.1755 0.0449 -0.9835
vn 0.3295 0.3542 -0.8752
vn 0.1756 0.0449 -0.9834
vn 0.5770 -0.2872 -0.7645
vn -0.0468 -0.4095 0.9111
vn -0.1007 -0.9234 0.3704
vn 0.0495 -0.7578 0.6506
vn 0.1071 -0.9941 -0.0142
vn 0.0496 -0.7579 0.6505
vn 0.2962 -0.8528 -0.4301
vn 0.2231 -0.4583 -0.8603
vn 0.2962 -0.8529 -0.4300
vn 0.2957 -0.8913 0.3438
vn 0.1071 -0.9941 -0.0143
vn 0.2956 -0.8913 0.3438
vn -0.5567 -0.3655 0.7460
vn -0.3647 0.2551 0.8955
vn -0.6390 0.1267 0.7587
vn -0.2209 -0.3320 0.9171
vn 0.0037 -0.0153 0.9999
vn -0.3646 0.2551 0.8955
vn 0.0038 -0.0153 0.9999
vn -0.0935 0.6597 0.7457
vn -0.3646 0.2552 0.8955
vn -0.2517 0.8117 0.5270
vn -0.3721 0.7871 0.4919
vn -0.0936 0.6598 0.7456
vn -0.0856 0.9915 0.0977
vn -0.2517 0.8118 0.5269
vn -0.0935 0.6598 0.7456
vn -0.6391 0.1267 0.7586
vn -0.7717 -0.2598 0.5804
vn -0.6391 0.1268 0.7586
vn -0.3721 0.7872 0.4918
vn -0.6753 -0.4986 0.5435
vn -0.5567 -0.3656 0.7459
vn 0.1471 0.9636 -0.2232
vn -0.3721 0.7872 0.4919
vn -0.1724 0.9619 0.2123
vn 0.1471 0.9636 -0.2231
vn -0.1253 0.9708 0.2045
vn -0.1254 0.9708 0.2045
vn -0.1723 0.9619 0.2122
vn -0.1723 0.9619 0.2123
vn 0.3805 0.8995 -0.2145
vn 0.0202 0.9976 0.0655
vn 0.0201 0.9976 0.0657
vn -0.0699 0.9903 0.1203
vn 0.3806 0.8995 -0.2145
vn 0.0201 0.9976 0.0656
vn -0.0699 0.9903 0.1204
vn 0.1472 0.9636 -0.2232
vn 0.4728 0.7067 -0.5263
vn 0.6736 0.5447 -0.4996
vn 0.4728 0.7067 -0.5264
vn 0.5568 0.8139 -0.1658
vn 0.6737 0.5446 -0.4996
vn 0.8009 0.4464 -0.3992
vn 0.7124 0.2911 -0.6385
vn 0.7993 0.3651 -0.4773
vn 0.5868 -0.3149 0.7460
vn 0.5571 0.0556 0.8286
vn 0.6729 -0.5075 0.5383
vn 0.5065 0.4929 -0.7075
vn 0.5188 0.1540 -0.8409
vn 0.7124 0.2911 -0.6386
vn 0.2919 0.6050 -0.7408
vn 0.4728 0.7066 -0.5264
vn 0.3296 0.3543 -0.8751
vn 0.5064 0.4929 -0.7075
vn 0.2919 0.6051 -0.7407
vn 0.0077 0.8501 -0.5265
vn 0.0744 0.4582 -0.8857
vn -0.7666 -0.4071 0.4966
vn -0.4439 -0.7158 0.5391
vn -0.2579 -0.7806 0.5693
vn -0.8869 -0.2013 0.4157
vn -0.9857 0.0726 0.1517
vn -0.9045 -0.2111 0.3706
vn -0.7666 -0.4070 0.4966
vn -0.8869 -0.2014 0.4158
vn -0.8277 -0.3417 0.4451
vn -0.5523 -0.5818 0.5970
vn -0.3389 -0.5989 0.7255
vn -0.5567 -0.3656 0.7460
vn 0.5116 0.1164 0.8513
vn 0.4506 0.2557 0.8553
vn 0.5117 0.1164 0.8513
vn 0.3481 0.3092 0.8850
vn 0.4132 0.3086 0.8568
vn 0.4899 0.0327 0.8712
vn 0.3481 0.3091 0.8850
vn -0.2596 0.9048 0.3375
vn -0.4629 -0.8498 -0.2519
vn -0.5577 -0.7426 -0.3709
vn -0.7219 -0.6535 0.2275
vn 0.1683 0.6143 0.7709
vn -0.8869 -0.2013 0.4158
vn -0.7944 0.0366 0.6062
vn -0.7555 -0.0854 0.6496
vn -0.7944 0.0366 0.6063
vn -0.6906 -0.3665 0.6235
vn -0.6003 -0.1698 0.7815
vn -0.4813 0.0994 0.8709
vn -0.5543 0.1168 0.8241
vn -0.7945 0.0365 0.6062
vn -0.9895 -0.0883 0.1141
vn -0.8426 0.5381 0.0220
vn -0.9650 0.1901 0.1809
vn -0.7005 0.6685 -0.2499
vn -0.1387 0.8385 -0.5270
vn -0.7004 0.6685 -0.2499
vn -0.7798 0.4953 -0.3828
vn -0.7798 0.4953 -0.3827
vn -0.7969 -0.3916 -0.4600
vn -0.0881 0.2830 -0.9551
vn 0.3933 0.6907 -0.6068
vn -0.0498 -0.6416 -0.7654
vn 0.3985 -0.3347 -0.8539
vn 0.2650 -0.2386 -0.9343
vn -0.0498 -0.6415 -0.7655
vn 0.4436 -0.1239 -0.8876
vn -0.1271 -0.4541 -0.8819
vn 0.4988 -0.1080 -0.8599
vn 0.2650 -0.2385 -0.9343
vn 0.0038 -0.0154 0.9999
vn -0.0467 -0.4094 0.9112
vn 0.0431 -0.1407 0.9891
vn -0.1367 0.6151 0.7765
vn -0.2500 0.9536 0.1679
vn 0.2350 -0.2154 0.9478
vn 0.1196 -0.4193 0.9000
vn 0.3509 -0.7475 0.5640
vn 0.1196 -0.4193 0.8999
vn 0.2957 -0.8913 0.3439
vn -0.3440 0.9193 0.1911
vn -0.1575 0.6252 0.7644
vn -0.0276 0.1534 0.9878
vn -0.1575 0.6251 0.7645
vn -0.1367 0.6150 0.7766
vn 0.7174 -0.6914 -0.0853
vn 0.3990 -0.8079 0.4336
vn 0.7934 -0.6075 0.0391
vn -0.3441 0.9193 0.1911
vn -0.2745 0.9180 -0.2864
vn -0.2501 0.9536 0.1678
vn 0.2015 0.3987 0.8947
vn 0.1965 -0.5433 0.8162
vn -0.0850 -0.5873 0.8049
vn 0.3989 -0.8079 0.4337
vn -0.4007 -0.1629 0.9016
vn -0.6206 0.1298 0.7733
vn -0.5620 -0.3233 0.7613
vn -0.1707 -0.3167 0.9330
vn -0.4006 -0.1629 0.9016
vn -0.0851 -0.5872 0.8049
vn -0.5543 0.1169 0.8241
vn -0.5385 0.2410 0.8074
vn -0.3977 0.4247 0.8133
vn -0.4742 0.2084 0.8554
vn -0.1707 -0.3168 0.9330
vn -0.0850 -0.5872 0.8049
vn -0.4742 0.2083 0.8554
vn -0.4743 0.2083 0.8554
vn -0.1040 -0.0927 0.9902
vn -0.4879 0.2890 0.8237
vn -0.4879 0.2889 0.8237
vn -0.6122 0.3856 0.6903
vn -0.1514 0.4553 -0.8774
vn 0.0076 0.8501 -0.5265
vn 0.0744 0.4581 -0.8858
vn 0.1755 0.0449 -0.9834
vn -0.0536 0.2259 -0.9727
vn 0.1034 -0.0615 -0.9927
vn -0.7666 -0.4070 0.4967
vn -0.5621 -0.3233 0.7613
vn -0.7555 -0.0855 0.6496
vn -0.5620 -0.3234 0.7613
vn -0.2745 0.9179 -0.2864
vn -0.1513 0.4553 -0.8774
vn 0.0076 0.8501 -0.5266
vn -0.2745 0.9179 -0.2865
vn -0.3096 0.7673 -0.5617
vn -0.1513 0.4552 -0.8774
vn 0.8015 0.3882 -0.4549
vn 0.8988 0.2023 -0.3890
vn 0.8845 0.2546 -0.3909
vn 0.9575 -0.1497 -0.2467
vn 0.9636 -0.1192 -0.2394
vn 0.7934 -0.6074 0.0391
vn 0.7031 -0.6982 0.1349
vn 0.8988 0.2022 -0.3889
vn 0.9636 -0.1191 -0.2394
vn 0.0049 0.0492 -0.9988
vn -0.0850 0.2518 -0.9640
vn -0.3096 0.7672 -0.5617
vn -0.0850 0.2519 -0.9640
vn -0.1514 0.4552 -0.8774
vn -0.3096 0.7673 -0.5616
vn -0.2703 0.4793 -0.8350
vn 0.6662 0.1007 -0.7389
vn 0.6920 -0.1305 -0.7100
vn 0.8124 0.1408 -0.5658
vn 0.6224 -0.1689 -0.7642
vn 0.5615 -0.2966 -0.7725
vn 0.6224 -0.1690 -0.7642
vn 0.5332 -0.2538 -0.8070
vn 0.8124 0.1409 -0.5658
vn 0.6225 -0.1689 -0.7642
vn 0.6662 0.1007 -0.7390
vn 0.5138 -0.0048 -0.8579
vn 0.4436 -0.1240 -0.8876
vn 0.5172 -0.2433 -0.8206
vn 0.6330 -0.2781 -0.7225
vn -0.2500 0.9536 0.1678
vn -0.0857 0.9915 0.0976
vn 0.2351 -0.2155 0.9478
vn 0.1197 -0.4193 0.8999
vn 0.2289 0.0181 0.9733
vn 0.4054 -0.8673 0.2890
vn 0.5300 -0.4428 0.7232
vn 0.5952 -0.0358 0.8028
vn 0.2351 -0.2154 0.9478
vn 0.5300 -0.4427 0.7232
vn 0.5952 -0.0359 0.8028
vn 0.2288 0.0181 0.9733
vn -0.0275 0.1533 0.9878
vn 0.0431 -0.1406 0.9891
vn -0.0275 0.1534 0.9878
vn -0.2914 0.9238 -0.2484
vn -0.3440 0.9193 0.1912
vn -0.0015 0.9138 0.4062
vn 0.2015 0.3988 0.8946
vn 0.7184 -0.4595 -0.5223
vn 0.7134 -0.6462 -0.2711
vn 0.6980 -0.4418 -0.5636
vn 0.8057 -0.5420 0.2389
vn 0.3962 -0.4113 0.8209
vn 0.5882 -0.7391 0.3282
vn 0.7184 -0.4594 -0.5224
vn 0.7184 -0.4594 -0.5223
vn 0.7134 -0.6463 -0.2711
vn 0.7154 -0.6221 0.3181
vn 0.5240 -0.4637 0.7145
vn 0.6968 -0.3011 -0.6511
vn 0.8052 -0.5460 -0.2312
vn 0.8053 -0.5460 -0.2311
vn 0.8057 -0.5420 0.2390
vn -0.1252 -0.0664 0.9899
vn -0.4878 0.2889 0.8238
vn -0.1041 -0.0927 0.9902
vn 0.0619 -0.1809 -0.9816
vn 0.2232 -0.4583 -0.8603
vn 0.0620 -0.1808 -0.9816
vn 0.1090 -0.7662 -0.6333
vn 0.2962 -0.8528 -0.4300
vn 0.4035 -0.9017 -0.1550
vn 0.1090 -0.7661 -0.6333
vn 0.1454 -0.9725 -0.1821
vn -0.3961 -0.0069 -0.9182
vn -0.3961 -0.0070 -0.9182
vn -0.4584 -0.2866 -0.8412
vn 0.1454 -0.9725 -0.1820
vn 0.4054 -0.8673 0.2889
vn -0.5180 -0.7576 -0.3971
vn 0.1091 -0.7661 -0.6334
vn -0.4585 -0.2866 -0.8412
vn -0.6645 -0.2039 -0.7189
vn -0.4584 -0.2866 -0.8413
vn 0.1090 -0.7661 -0.6334
vn 0.0620 -0.1809 -0.9816
vn -0.5772 0.3172 -0.7525
vn -0.3962 -0.0069 -0.9182
vn -0.0980 0.9929 -0.0672
vn -0.0014 0.9138 0.4061
vn -0.3962 -0.0070 -0.9182
vn -0.3962 -0.0070 -0.9181
vn -0.7090 0.0224 -0.7048
vn -0.5773 0.3172 -0.7524
vn -0.7091 0.0224 -0.7048
vn -0.3962 -0.0069 -0.9181
vn -0.2910 0.9307 -0.2215
vn -0.5757 0.7389 -0.3503
vn -0.0981 0.9929 -0.0672
vn -0.8201 0.2064 -0.5337
vn -0.7091 0.0224 -0.7047
vn 0.1196 -0.9925 0.0263
vn 0.6553 -0.6406 0.4002
vn 0.1195 -0.9925 0.0263
vn -0.8949 -0.0577 -0.4425
vn -0.6646 -0.2039 -0.7189
vn 0.9005 -0.1857 0.3931
vn 0.6553 -0.6406 0.4003
vn 0.8796 -0.4017 0.2550
vn 0.4054 -0.8672 0.2890
vn 0.7219 0.2064 0.6604
vn 0.4029 0.7036 0.5854
vn 0.5020 0.2123 0.8384
vn 0.4029 0.7036 0.5853
vn -0.0014 0.9138 0.4062
vn 0.8045 -0.0534 0.5916
vn 0.8617 0.0997 0.4975
vn 0.7220 0.2063 0.6604
vn 0.9006 -0.1856 0.3931
vn 0.8045 -0.0534 0.5915
vn 0.9664 -0.0065 0.2569
vn -0.9836 0.0200 -0.1794
vn -0.6101 -0.7923 -0.0024
vn -0.9836 0.0199 -0.1794
vn 0.0311 -0.9811 0.1909
vn 0.5011 -0.8388 0.2128
vn -0.1797 -0.9490 0.2591
vn 0.8484 -0.5251 0.0676
vn -0.6253 -0.7441 0.2353
vn -0.9765 -0.1517 0.1528
vn -0.6253 -0.7441 0.2352
vn -0.7214 0.5720 -0.3904
vn -0.9186 0.1743 -0.3546
vn -0.8201 0.2065 -0.5337
vn -0.5757 0.7388 -0.3502
vn -0.2910 0.9307 -0.2216
vn -0.7213 0.5721 -0.3904
vn -0.5033 0.8385 -0.2085
vn -0.7213 0.5721 -0.3903
vn 0.7851 0.5201 0.3365
vn 0.2638 0.9645 -0.0141
vn 0.5720 0.7108 0.4094
vn 0.2637 0.9645 -0.0141
vn -0.2909 0.9307 -0.2215
vn 0.9664 -0.0066 0.2569
vn 0.8796 -0.4016 0.2550
vn 0.9497 -0.2967 0.1000
vn 0.7364 0.6761 0.0231
vn 0.7851 0.5200 0.3365
vn 0.2554 0.9455 -0.2020
vn 0.7954 0.5864 -0.1532
vn 0.4035 -0.9018 -0.1549
vn -0.7242 -0.6793 0.1189
vn -0.7960 -0.4020 -0.4526
vn -0.2584 -0.2266 0.9391
vn -0.7456 -0.5753 0.3363
vn -0.3159 -0.5118 0.7989
vn -0.2898 -0.7044 0.6480
vn 0.2806 -0.3187 0.9054
vn -0.3158 -0.5118 0.7989
vn 0.4512 -0.5237 0.7226
vn -0.2899 -0.7044 0.6479
vn 0.5805 -0.2812 0.7642
vn 0.2807 -0.3187 0.9053
vn -0.2583 -0.2266 0.9391
vn 0.3864 0.0362 0.9216
vn 0.1251 0.1139 0.9856
vn 0.2806 -0.3186 0.9054
vn 0.6347 -0.1015 0.7661
vn 0.2807 -0.3186 0.9054
vn 0.5805 -0.2811 0.7642
vn -0.6618 -0.7338 0.1531
vn -0.6907 -0.3665 0.6234
vn -0.3507 0.4068 0.8435
vn -0.0719 0.6976 0.7128
vn -0.1402 0.5982 0.7890
vn -0.3507 0.4069 0.8435
vn 0.3253 0.8766 0.3546
vn 0.3185 0.7944 0.5171
vn 0.3253 0.8766 0.3545
vn -0.0719 0.6977 0.7128
vn -0.4498 0.1786 0.8751
vn -0.3990 0.3602 0.8432
vn -0.4812 0.0994 0.8709
vn -0.3989 0.3603 0.8432
vn -0.3977 0.4248 0.8133
vn -0.0193 0.7847 0.6196
vn 0.5041 0.8620 -0.0532
vn -0.7769 -0.5890 0.2225
vn -0.9862 -0.1330 -0.0981
vn -0.9585 -0.2730 0.0819
vn -0.9446 -0.2394 -0.2246
vn -0.9863 -0.1330 -0.0980
vn -0.9585 -0.2731 0.0819
vn -0.5974 -0.7105 0.3720
vn -0.4297 -0.7819 0.4516
vn 0.1068 0.8487 0.5179
vn 0.6868 -0.6028 0.4062
vn 0.5379 -0.7007 0.4687
vn 0.6868 -0.6027 0.4062
vn 0.6424 -0.5427 0.5410
vn 0.5379 -0.7007 0.4688
vn -0.6242 -0.7271 -0.2857
vn -0.3750 -0.4695 -0.7993
vn 0.5732 0.7344 0.3633
vn 0.2325 0.9683 0.0911
vn 0.5113 0.6216 0.5935
vn 0.7152 -0.5464 0.4357
vn 0.7932 -0.2309 0.5635
vn 0.6425 -0.5427 0.5410
vn 0.7941 0.2550 0.5518
vn 0.7932 -0.2308 0.5635
vn 0.8476 -0.1162 0.5178
vn -0.3227 -0.8992 -0.2956
vn 0.3582 -0.9269 0.1119
vn 0.1448 -0.9569 -0.2517
vn 0.1875 -0.9666 0.1744
vn 0.6331 -0.6832 0.3638
vn -0.0350 -0.9974 -0.0628
vn 0.1875 -0.9667 0.1743
vn 0.3582 -0.9269 0.1120
vn 0.3898 0.8945 0.2189
vn 0.2325 0.9683 0.0912
vn 0.5732 0.7345 0.3633
vn -0.1063 0.9905 -0.0876
vn -0.4118 0.8557 -0.3135
vn -0.2565 0.9350 -0.2449
vn 0.8296 0.1768 0.5297
vn 0.7940 0.2550 0.5518
vn -0.7456 -0.5753 0.3364
vn -0.9446 -0.2395 -0.2246
vn 0.0448 -0.8080 0.5875
vn -0.2898 -0.7044 0.6479
vn -0.5934 -0.0281 -0.8044
vn -0.3381 0.0380 -0.9403
vn -0.5614 0.2566 -0.7867
vn 0.1388 0.2970 -0.9448
vn -0.0138 0.5534 -0.8328
vn -0.3380 0.0380 -0.9404
vn -0.8006 0.1655 -0.5759
vn -0.7705 0.3809 -0.5112
vn -0.8710 0.3315 -0.3626
vn 0.6722 -0.5251 0.5219
vn 0.7152 -0.5465 0.4357
vn 0.6331 -0.6832 0.3639
vn -0.7020 0.4157 -0.5782
vn 0.5984 0.6970 0.3950
vn 0.5733 0.7344 0.3633
vn 0.7940 0.2551 0.5518
vn 0.6722 -0.5250 0.5220
vn 0.8476 -0.1163 0.5178
vn 0.7152 -0.5464 0.4358
vn -0.7744 0.1842 -0.6053
vn -0.5614 0.2567 -0.7867
vn -0.6319 0.7253 0.2733
vn -0.2405 0.8716 0.4272
vn -0.6122 0.3857 0.6902
vn 0.1068 0.8487 0.5180
vn -0.0193 0.7846 0.6196
vn -0.2404 0.8716 0.4272
vn -0.2404 0.8716 0.4273
vn 0.3527 0.9353 -0.0284
vn 0.5847 0.6490 -0.4868
vn 0.5041 0.8620 -0.0533
vn 0.3527 0.9353 -0.0285
vn -0.4497 0.1787 0.8751
vn 0.6428 -0.5255 0.5574
vn 0.0448 -0.8080 0.5874
vn 0.5847 0.6489 -0.4868
vn 0.5137 -0.0048 -0.8579
vn 0.6520 0.4000 -0.6441
vn 0.4989 -0.1080 -0.8599
vn 0.6520 0.4001 -0.6441
vn 0.6271 0.7561 -0.1871
vn 0.4523 -0.7232 0.5219
vn 0.8167 -0.3189 0.4810
vn 0.6429 -0.5255 0.5573
vn 0.7419 -0.5193 0.4241
vn 0.3666 -0.7297 0.5771
vn -0.1664 -0.6400 0.7502
vn 0.3667 -0.7297 0.5771
vn 0.7419 -0.5194 0.4241
vn 0.4524 -0.7232 0.5219
vn 0.6428 -0.5255 0.5573
vn 0.0174 0.9781 -0.2072
vn 0.5846 0.6490 -0.4868
vn 0.3526 0.9353 -0.0285
vn 0.3947 0.6289 -0.6698
vn 0.4049 0.1582 -0.9006
vn 0.0522 0.6129 -0.7884
vn 0.4049 0.1583 -0.9006
vn 0.3947 0.6288 -0.6699
vn 0.3948 0.6289 -0.6698
vn 0.0174 0.9781 -0.2073
vn 0.7421 -0.2955 0.6016
vn 0.4513 -0.5237 0.7226
vn 0.6429 -0.5254 0.5573
vn 0.8772 -0.0121 0.4800
vn 0.7422 -0.2955 0.6016
vn 0.8167 -0.3188 0.4810
vn 0.9503 -0.0038 0.3115
vn 0.7392 0.0650 0.6704
vn 0.6348 -0.1015 0.7660
vn 0.8772 -0.0120 0.4800
vn 0.8611 0.5008 -0.0883
vn 0.8880 0.3206 0.3295
vn 0.7073 0.5946 -0.3823
vn 0.8610 0.5008 -0.0884
vn 0.7074 0.5946 -0.3823
vn 0.8880 0.3207 0.3296
vn 0.9503 -0.0037 0.3114
vn 0.8611 0.5008 -0.0884
vn -0.7021 0.4157 -0.5782
vn -0.7520 0.5100 -0.4177
vn -0.3159 0.6312 -0.7084
vn -0.3477 0.7632 -0.5447
vn 0.3700 0.8316 -0.4141
vn 0.3206 0.7595 -0.5660
vn 0.9503 -0.0038 0.3114
vn 0.8903 -0.3002 0.3425
vn 0.9839 0.1173 0.1347
vn 0.7980 0.5758 -0.1779
vn 0.8611 0.5007 -0.0884
vn -0.3158 0.6312 -0.7084
vn 0.3701 0.8316 -0.4141
vn 0.7980 0.5758 -0.1780
vn -0.1595 -0.1203 0.9798
vn -0.5278 -0.5032 0.6843
vn 0.0787 0.0696 0.9945
vn 0.3668 0.4722 0.8016
vn 0.3935 0.7156 0.5772
vn 0.0526 0.2900 0.9556
vn 0.1250 0.1361 0.9828
vn 0.3668 0.4721 0.8016
vn 0.3668 0.4722 0.8015
vn 0.6053 0.7499 0.2670
vn 0.6053 0.7499 0.2669
vn 0.0787 0.0697 0.9945
vn 0.4104 0.2603 0.8740
vn 0.1251 0.1361 0.9828
vn 0.7392 0.0651 0.6704
vn 0.8880 0.3206 0.3296
vn 0.5652 0.1497 0.8113
vn 0.5652 0.1497 0.8112
vn 0.8148 0.4755 0.3317
vn 0.7438 0.6509 0.1517
vn 0.4103 0.2603 0.8740
vn 0.3864 0.0363 0.9216
vn 0.4104 0.2602 0.8740
vn -0.1279 -0.0568 -0.9902
vn -0.2079 -0.2819 -0.9366
vn -0.1046 -0.1457 -0.9838
vn 0.1388 0.2970 -0.9447
vn 0.2267 0.3771 -0.8980
vn 0.0359 0.0360 -0.9987
vn -0.3575 -0.2339 -0.9041
vn -0.2079 -0.2820 -0.9366
vn 0.3737 0.4165 -0.8288
vn 0.5452 0.7288 -0.4142
vn 0.3737 0.4165 -0.8287
vn 0.5452 0.7289 -0.4141
vn 0.6361 0.7473 -0.1920
vn 0.6362 0.7473 -0.1920
vn 0.7438 0.6510 0.1516
vn 0.8148 0.4755 0.3316
vn 0.6273 0.5831 -0.5163
vn 0.6272 0.5830 -0.5164
vn 0.5453 0.7288 -0.4141
vn 0.7438 0.6509 0.1516
vn 0.5452 0.7288 -0.4141
vn 0.6273 0.5830 -0.5163
vn 0.7074 0.5946 -0.3822
vn 0.5239 -0.4637 0.7145
vn 0.1713 -0.1255 0.9772
vn 0.5958 -0.5776 0.5581
vn -0.5498 0.4079 0.7289
vn -0.6697 0.3378 0.6614
vn -0.5444 0.2061 0.8131
vn 0.5588 -0.1863 -0.8081
vn 0.6968 -0.3010 -0.6511
vn 0.6330 -0.2780 -0.7225
vn -0.5498 0.4080 0.7289
vn -0.7918 0.5868 0.1698
vn -0.6697 0.3379 0.6613
vn -0.7918 0.5868 0.1697
vn -0.6608 0.7304 0.1729
vn -0.6027 0.6028 -0.5228
vn -0.0893 0.4020 0.9113
vn -0.2102 0.5864 0.7823
vn -0.5497 0.4080 0.7289
vn -0.6349 0.3617 -0.6826
vn -0.1764 0.4102 -0.8948
vn -0.6027 0.6028 -0.5229
vn -0.5300 0.8332 -0.1578
vn -0.6350 0.3617 -0.6826
vn -0.6608 0.7304 0.1730
vn -0.6028 0.6028 -0.5228
vn -0.5292 -0.2789 -0.8013
vn 0.0253 -0.0350 -0.9991
vn -0.6349 0.3617 -0.6827
vn 0.5957 -0.5775 0.5582
vn 0.6346 -0.2235 0.7398
vn 0.3266 0.3361 0.8834
vn 0.1714 -0.1255 0.9772
vn 0.4073 -0.5920 -0.6954
vn 0.4907 -0.8609 0.1341
vn 0.1375 -0.3872 -0.9117
vn -0.5234 -0.5384 -0.6604
vn -0.2402 -0.9314 -0.2736
vn 0.4907 -0.8610 0.1340
vn 0.4073 -0.5920 -0.6955
vn 0.3265 0.3361 0.8834
vn 0.2135 0.5944 0.7753
vn -0.0892 0.4020 0.9113
vn -0.5235 -0.5384 -0.6604
vn -0.5293 -0.2788 -0.8013
vn 0.5983 0.4142 0.6859
vn 0.6198 0.5997 0.5061
vn 0.2136 0.5945 0.7752
vn 0.5983 0.4141 0.6860
vn 0.3266 0.3362 0.8834
vn 0.5587 -0.1863 -0.8082
vn -0.4878 0.2889 0.8237
vn 0.0657 0.9638 0.2583
vn -0.4168 0.8661 -0.2762
vn -0.5299 0.8332 -0.1578
vn -0.2483 0.8624 0.4412
vn 0.0657 0.9638 0.2584
vn -0.2482 0.8624 0.4413
vn -0.1763 0.4102 -0.8948
vn 0.3112 0.0899 -0.9461
vn 0.0253 -0.0351 -0.9991
vn 0.5587 -0.1862 -0.8082
vn -0.8015 -0.5086 -0.3146
vn -0.6496 -0.7588 -0.0474
vn -0.5292 -0.2788 -0.8014
vn -0.8889 -0.2530 -0.3818
vn -0.8015 -0.5085 -0.3146
vn -0.9884 -0.1332 -0.0727
vn -0.9404 -0.3361 -0.0524
vn -0.7922 -0.5880 0.1636
vn -0.9755 -0.0991 0.1964
vn -0.8303 -0.4626 0.3109
vn -0.9427 0.2296 -0.2419
vn -0.9884 -0.1331 -0.0727
vn -0.8890 -0.2530 -0.3818
vn -0.9622 0.2721 0.0146
vn -0.6454 0.6996 -0.3067
vn -0.3759 0.9141 -0.1523
vn -0.9884 -0.1331 -0.0726
vn -0.9622 0.2720 0.0146
vn -0.4168 0.8660 -0.2762
vn -0.8146 0.3456 -0.4658
vn 0.4625 0.8830 0.0801
vn 0.0658 0.9638 0.2583
vn -0.6454 0.6995 -0.3067
vn 0.0716 0.9773 -0.1994
vn 0.0716 0.9773 -0.1995
vn -0.0561 -0.9801 0.1902
vn 0.6110 -0.6667 0.4268
vn 0.4574 -0.8490 0.2644
vn -0.0562 -0.9801 0.1902
vn -0.6495 -0.7589 -0.0474
vn 0.8734 -0.3939 0.2865
vn 0.9042 -0.1063 0.4136
vn 0.6110 -0.6666 0.4269
vn 0.4575 -0.8490 0.2644
vn 0.9890 0.1347 0.0612
vn 0.9501 0.1859 0.2504
vn 0.8734 -0.3938 0.2865
vn 0.9043 -0.1062 0.4136
vn 0.9168 0.3908 0.0825
vn 0.9501 0.1860 0.2504
vn 0.9890 0.1348 0.0612
vn -0.7921 -0.5880 0.1636
vn -0.2624 -0.9344 0.2410
vn 0.9840 -0.1780 -0.0061
vn 0.8222 -0.5581 -0.1121
vn 0.9762 0.1900 -0.1048
vn 0.9748 -0.0108 -0.2227
vn 0.9762 0.1901 -0.1048
vn 0.9890 0.1348 0.0611
vn 0.7053 0.7033 -0.0893
vn 0.9761 0.1901 -0.1048
vn 0.9890 0.1347 0.0611
vn 0.9840 -0.1780 -0.0060
vn 0.7053 0.7033 -0.0892
vn 0.0415 0.9657 -0.2562
vn 0.0717 0.9773 -0.1995
vn 0.0414 0.9657 -0.2562
vn -0.3759 0.9141 -0.1522
vn 0.0254 -0.0351 -0.9991
vn -0.5934 -0.0282 -0.8044
vn 0.3113 -0.8988 -0.3085
vn 0.2685 -0.6058 0.7489
vn -0.0559 -0.1087 0.9925
vn 0.1811 -0.4995 0.8472
vn 0.5650 -0.8131 0.1402
vn 0.5651 -0.8130 0.1401
vn 0.5945 -0.6578 -0.4625
vn 0.6575 -0.7419 0.1316
vn -0.3928 0.0760 0.9165
vn -0.1400 0.1818 0.9733
vn 0.2685 -0.6058 0.7490
vn -0.2040 -0.4621 0.8631
vn -0.2041 -0.4620 0.8631
vn -0.6677 -0.0708 0.7411
vn -0.3928 0.0759 0.9165
vn 0.5651 -0.8130 0.1402
vn 0.6574 -0.7419 0.1317
vn -0.6400 0.1792 0.7472
vn -0.2805 0.3247 0.9032
vn -0.6677 -0.0708 0.7410
vn -0.2040 -0.4620 0.8631
vn -0.7003 -0.3269 0.6346
vn -0.7002 -0.3270 0.6346
vn -0.2040 -0.4621 0.8630
vn -0.1497 -0.7563 0.6369
vn 0.7003 -0.4901 -0.5190
vn 0.8028 -0.5698 -0.1759
vn 0.6206 -0.1928 -0.7601
vn 0.8028 -0.5697 -0.1760
vn 0.7003 -0.4900 -0.5191
vn 0.8028 -0.5697 -0.1759
vn 0.9008 -0.1856 -0.3925
vn 0.8120 -0.5830 -0.0275
vn 0.7706 -0.1298 -0.6240
vn 0.4296 -0.2744 -0.8603
vn 0.4040 -0.6673 -0.6257
vn 0.2795 -0.1690 -0.9451
vn 0.5945 -0.6577 -0.4626
vn 0.6206 -0.1929 -0.7601
vn 0.4296 -0.2745 -0.8603
vn 0.4369 0.0495 -0.8981
vn 0.6719 0.0305 -0.7400
vn 0.7706 -0.1297 -0.6240
vn 0.7994 0.3650 -0.4773
vn 0.7891 -0.2748 -0.5494
vn 0.8312 0.3081 -0.4627
vn -0.3493 -0.5042 -0.7898
vn 0.1438 -0.9510 -0.2737
vn -0.0851 -0.7569 -0.6480
vn 0.1438 -0.9510 -0.2736
vn 0.5419 -0.7675 0.3424
vn -0.7338 0.6400 0.2280
vn -0.5324 0.5180 0.6695
vn -0.8612 0.3860 0.3306
vn -0.7338 0.6400 0.2279
vn -0.6401 0.1792 0.7471
vn -0.6400 0.1791 0.7472
vn -0.8460 0.0145 0.5330
vn -0.8480 -0.2020 0.4899
vn 0.7030 -0.6982 0.1349
vn 0.0510 -0.8844 0.4640
vn 0.4620 -0.7995 0.3837
vn -0.1497 -0.7563 0.6368
vn -0.9045 -0.2111 0.3707
vn -0.9650 0.1900 0.1810
vn -0.8481 -0.2020 0.4899
vn -0.2634 0.8676 -0.4218
vn -0.8425 0.5382 0.0219
vn -0.5535 0.7957 -0.2459
vn 0.1795 0.7631 -0.6209
vn -0.2634 0.8676 -0.4219
vn 0.4707 0.6937 -0.5452
vn 0.7907 0.0860 -0.6061
vn 0.8729 0.1297 -0.4703
vn 0.7908 0.0860 -0.6060
vn 0.7414 0.3428 -0.5769
vn 0.7908 0.0860 -0.6061
vn 0.5866 0.3299 -0.7396
vn 0.1795 0.7630 -0.6209
vn 0.1795 0.7630 -0.6210
vn 0.5866 0.3300 -0.7396
vn 0.2182 0.5544 -0.8032
vn -0.8612 0.3859 0.3306
vn -0.4902 -0.0561 -0.8698
vn -0.4534 -0.3092 -0.8360
vn -0.4859 -0.1854 -0.8541
vn -0.4534 -0.3093 -0.8359
vn -0.3494 -0.5041 -0.7898
vn -0.4859 -0.1855 -0.8541
vn 0.1683 0.6144 0.7709
vn 0.2155 0.6260 0.7494
vn -0.5799 0.1774 -0.7951
vn -0.5274 0.7951 -0.2993
vn -0.5640 0.6617 -0.4940
vn -0.5447 0.2672 -0.7949
vn 0.5725 -0.1807 0.7998
vn 0.5419 -0.7675 0.3425
vn 0.4792 -0.7685 0.4240
vn 0.5117 0.1163 0.8513
vn 0.5869 -0.3149 0.7459
vn 0.5725 -0.1806 0.7998
vn -0.1534 -0.8119 -0.5633
vn 0.2840 -0.9557 0.0773
vn -0.1386 0.8385 -0.5270
vn -0.2633 0.8676 -0.4219
vn 0.0310 0.5544 0.8317
vn 0.3480 0.3092 0.8850
vn -0.2400 0.5312 0.8125
vn 0.0310 0.5544 0.8316
vn -0.3491 -0.6293 -0.6943
vn -0.4533 -0.3093 -0.8360
vn -0.3491 -0.6294 -0.6943
vn -0.0013 -0.9365 -0.3508
vn -0.5000 -0.2020 -0.8422
vn -0.4533 -0.3092 -0.8360
vn -0.5730 -0.0595 -0.8174
vn -0.4752 0.1247 -0.8710
vn -0.6747 0.1029 -0.7309
vn -0.5447 0.2673 -0.7949
vn -0.0081 0.4382 -0.8988
vn -0.0339 0.0324 -0.9989
vn -0.2536 0.7591 -0.5995
vn 0.2182 0.5543 -0.8032
vn -0.0080 0.4382 -0.8988
vn 0.5865 0.3300 -0.7397
vn 0.4369 0.0496 -0.8981
vn 0.8120 -0.5830 -0.0274
vn 0.9574 -0.1497 -0.2468
vn 0.8730 0.1296 -0.4702
vn 0.9575 -0.1497 -0.2468
vn 0.8116 0.3536 -0.4651
vn 0.8730 0.1297 -0.4702
vn -0.4883 -0.4757 0.7317
vn -0.1634 -0.0867 0.9827
vn 0.1650 -0.2843 0.9444
vn 0.5725 -0.1807 0.7997
vn 0.4793 -0.7685 0.4240
vn 0.4785 -0.5111 0.7140
vn 0.5134 -0.0181 0.8580
vn 0.5917 0.0916 0.8009
vn 0.6151 -0.0224 0.7881
vn -0.0013 -0.9365 -0.3507
vn 0.2448 -0.9293 0.2765
vn 0.2841 -0.9557 0.0772
vn -0.1273 -0.9824 -0.1368
vn -0.5363 -0.7743 -0.3359
vn -0.1274 -0.9824 -0.1368
vn 0.2447 -0.9293 0.2765
vn -0.1273 -0.9824 -0.1367
vn -0.0995 -0.8441 0.5269
vn 0.3288 -0.3918 0.8593
vn 0.1651 -0.2843 0.9444
vn 0.3287 -0.3918 0.8593
vn -0.0994 -0.8441 0.5269
vn 0.5442 0.0330 0.8383
vn 0.6020 -0.0133 0.7984
vn 0.5571 0.1855 0.8095
vn 0.6308 0.2138 0.7459
vn 0.6166 0.1792 0.7666
vn 0.6166 0.1792 0.7667
vn -0.6634 -0.3944 0.6359
vn -0.4883 -0.4757 0.7316
vn -0.9144 -0.3781 -0.1449
vn -0.8393 -0.5065 0.1976
vn -0.8692 -0.2785 -0.4086
vn -0.7046 -0.1448 -0.6947
vn -0.9143 -0.3781 -0.1449
vn -0.8692 -0.2785 -0.4087
vn -0.7922 -0.3624 -0.4909
vn -0.5798 -0.2453 -0.7769
vn -0.5000 -0.2020 -0.8421
vn -0.8692 -0.2786 -0.4086
vn -0.5364 -0.7742 -0.3359
vn -0.5509 -0.1026 -0.8283
vn -0.5799 -0.2453 -0.7769
vn -0.5492 -0.1600 -0.8202
vn -0.2844 0.1065 -0.9528
vn -0.0804 0.1077 -0.9909
vn -0.5508 -0.1026 -0.8283
vn -0.4979 -0.8210 0.2794
vn -0.0262 -0.9962 -0.0828
vn -0.0942 -0.9798 0.1762
vn -0.2005 -0.9601 0.1951
vn 0.4091 -0.9102 0.0643
vn 0.4091 -0.9102 0.0644
vn -0.7003 -0.6499 0.2953
vn -0.8136 -0.0497 0.5793
vn -0.6280 -0.1069 0.7709
vn -0.7469 -0.5586 0.3607
vn -0.8136 -0.0498 0.5793
vn -0.4980 -0.8209 0.2794
vn -0.7469 -0.5587 0.3607
vn -0.7521 0.5036 0.4252
vn -0.8296 0.2254 0.5109
vn -0.9530 0.0362 0.3007
vn -0.0262 -0.9962 -0.0829
vn -0.5174 0.3733 0.7700
vn -0.4430 0.7268 0.5250
vn -0.0257 0.4248 0.9049
vn -0.9051 0.3920 -0.1645
vn -0.8839 0.4676 0.0016
vn -0.9944 0.0941 0.0475
vn -0.9077 0.3763 0.1856
vn -0.9078 0.3762 0.1856
vn -0.9765 -0.1517 0.1529
vn -0.1796 -0.9490 0.2591
vn 0.5011 -0.8388 0.2129
vn 0.5012 -0.8388 0.2128
vn 0.8483 -0.5251 0.0676
vn 0.7435 -0.6640 -0.0801
vn -0.9530 0.0361 0.3007
vn -0.6252 -0.7441 0.2353
vn -0.1130 0.9715 -0.2083
vn -0.5033 0.8386 -0.2085
vn 0.4172 -0.8859 -0.2029
vn 0.7565 -0.5811 -0.3001
vn 0.7566 -0.5810 -0.3001
vn 0.8875 -0.4448 -0.1206
vn 0.7435 -0.6639 -0.0802
vn 0.5873 -0.6372 -0.4991
vn 0.7565 -0.5810 -0.3001
vn -0.2897 0.9517 0.1016
vn -0.7162 0.6575 0.2339
vn -0.6153 0.7862 -0.0565
vn -0.2897 0.9517 0.1017
vn -0.4429 0.7268 0.5249
vn -0.7162 0.6575 0.2340
vn 0.0555 0.9824 -0.1785
vn -0.1130 0.9715 -0.2082
vn 0.2272 0.9499 -0.2148
vn 0.4919 0.8280 -0.2691
vn -0.0495 0.9927 -0.1096
vn -0.0495 0.9928 -0.1095
vn 0.0556 0.9824 -0.1785
vn 0.0285 0.9986 -0.0456
vn 0.2215 0.9451 0.2402
vn 0.4919 0.8280 -0.2692
vn 0.8278 0.1522 -0.5400
vn 0.4920 0.8279 -0.2692
vn 0.8652 0.3409 -0.3678
vn 0.5724 0.7474 0.3373
vn 0.5723 0.7475 0.3374
vn 0.2586 0.9526 -0.1603
vn -0.4971 -0.0377 -0.8669
vn 0.2271 0.9499 -0.2148
vn 0.0284 0.9986 -0.0456
vn 0.7276 0.0583 0.6835
vn 0.5443 0.0330 0.8383
vn -0.6635 -0.3944 0.6358
vn -0.8223 -0.5639 0.0763
vn -0.3850 -0.8732 -0.2990
vn -0.7003 -0.6499 0.2952
vn -0.6635 -0.3943 0.6359
vn -0.6280 -0.1068 0.7709
vn -0.1634 -0.0868 0.9827
vn -0.2153 -0.5522 -0.8054
vn -0.5412 -0.6223 -0.5656
vn -0.5293 -0.2529 -0.8099
vn -0.2153 -0.5521 -0.8055
vn -0.5412 -0.6222 -0.5656
vn -0.2221 -0.3241 -0.9196
vn -0.5292 -0.2529 -0.8099
vn 0.2442 -0.6454 -0.7238
vn -0.3850 -0.8731 -0.2990
vn 0.1214 -0.4550 -0.8822
vn 0.2441 -0.6454 -0.7238
vn -0.2152 -0.5522 -0.8055
vn -0.0256 0.4248 0.9049
vn 0.2313 0.6247 0.7458
vn 0.4202 0.1571 0.8937
vn 0.6162 0.3466 0.7073
vn 0.4202 0.1572 0.8937
vn -0.3058 -0.0316 -0.9516
vn 0.2552 0.1058 -0.9611
vn -0.2220 -0.3241 -0.9196
vn 0.1515 -0.9048 -0.3981
vn 0.5872 -0.6372 -0.4991
vn 0.1514 -0.9048 -0.3981
vn 0.2442 -0.6454 -0.7237
vn 0.5872 -0.6372 -0.4992
vn 0.5873 -0.6371 -0.4991
vn 0.5979 -0.5048 -0.6227
vn 0.8448 -0.3685 -0.3880
vn 0.8278 0.1521 -0.5400
vn 0.4891 -0.3143 -0.8136
vn 0.7146 0.3391 -0.6119
vn 0.6709 0.7116 -0.2087
vn 0.7699 0.6022 0.2113
vn 0.7699 0.6021 0.2113
vn 0.6709 0.7116 -0.2088
vn 0.4920 0.8280 -0.2692
vn 0.6709 0.7115 -0.2088
vn 0.8278 0.1522 -0.5399
vn 0.7146 0.3391 -0.6118
vn 0.6020 -0.0132 0.7984
vn 0.5443 0.0331 0.8383
vn 0.9109 0.3635 -0.1954
vn 0.7145 0.3391 -0.6119
vn 0.8216 0.1811 0.5405
vn 0.6162 0.3466 0.7072
vn 0.9109 0.3634 -0.1954
vn 0.8868 0.3078 0.3448
vn 0.9109 0.3634 -0.1955
vn 0.4939 0.3090 -0.8127
vn 0.6715 0.4524 -0.5869
vn 0.7276 0.0584 0.6835
vn 0.8868 0.3078 0.3449
vn 0.7485 0.3092 0.5866
vn 0.4939 0.3090 -0.8128
vn 0.2082 0.2494 -0.9458
vn 0.6714 0.4525 -0.5869
vn 0.4938 0.3090 -0.8128
vn 0.2082 0.2494 -0.9457
vn 0.8766 0.4797 -0.0381
vn 0.2551 0.1058 -0.9611
vn -0.3058 -0.0315 -0.9516
vn -0.0805 0.1077 -0.9909
vn 0.8875 -0.4447 -0.1205
vn 0.8484 -0.5250 0.0676
vn 0.9777 -0.0919 -0.1890
vn 0.9948 0.1018 0.0090
vn 0.9497 -0.2967 0.0999
vn 0.2554 0.9455 -0.2021
vn 0.8875 -0.4447 -0.1206
vn 0.8448 -0.3684 -0.3880
vn 0.9776 -0.0920 -0.1891
vn 0.8652 0.3408 -0.3678
vn 0.7953 0.5865 -0.1533
vn 0.9777 -0.0919 -0.1891
vn 0.9777 -0.0920 -0.1890
vn -0.3850 -0.8732 -0.2989
vn 0.4203 0.1571 0.8937
vn 0.6162 0.3465 0.7073
vn 0.8216 0.1811 0.5406
vn 0.4203 0.1572 0.8937
vn 0.4437 -0.2886 -0.8485
vn 0.2705 -0.4434 -0.8545
vn 0.4466 -0.2774 -0.8506
vn 0.5861 0.0036 -0.8102
vn 0.4437 -0.2885 -0.8485
vn 0.3254 0.8766 0.3545
vn 0.7266 0.6582 -0.1969
vn 0.7221 0.3536 -0.5946
vn 0.5862 0.0036 -0.8102
vn 0.7027 0.2159 -0.6780
vn 0.7266 0.6582 -0.1970
vn 0.4437 -0.2885 -0.8484
vn 0.3986 -0.3346 -0.8539
vn -0.7387 0.6739 0.0117
vn -0.5150 0.8489 -0.1192
vn -0.2400 0.5313 0.8125
vn -0.1663 -0.6400 0.7502
vn -0.7499 -0.5259 0.4013
vn -0.1664 -0.6399 0.7502
vn -0.5973 -0.7105 0.3721
vn -0.8656 0.1063 0.4894
vn -0.7388 0.6739 0.0117
vn 0.3690 0.0619 0.9274
vn -0.9909 0.1332 -0.0198
vn -0.9954 -0.0367 0.0886
vn -0.9585 -0.2729 0.0819
vn -0.9954 -0.0368 0.0886
vn -0.8655 -0.4474 0.2251
vn -0.8656 -0.4474 0.2251
vn -0.7500 -0.5258 0.4012
vn -0.8655 -0.4474 0.2252
vn -0.9656 0.1393 -0.2197
vn -0.7500 -0.5258 0.4013
vn 0.7221 0.3536 -0.5945
vn 0.6271 0.7561 -0.1870
vn -0.7500 -0.5259 0.4012
vn -0.5974 -0.7104 0.3720
vn -0.9863 -0.1330 -0.0981
vn -0.8710 0.3315 -0.3625
vn -0.9656 0.1393 -0.2198
vn -0.7799 0.4501 -0.4350
vn -0.8710 0.3316 -0.3626
vn -0.7520 0.5100 -0.4176
vn -0.5150 0.8488 -0.1192
vn -0.9655 0.1393 -0.2198
vn -0.7851 0.2239 -0.5775
vn -0.6747 0.1029 -0.7308
vn -0.5640 0.6617 -0.4941
vn -0.9656 0.1394 -0.2197
vn -0.6747 0.1028 -0.7309
vn -0.9655 0.1394 -0.2198
vn -0.7799 0.4500 -0.4351
vn -0.0116 -0.9994 -0.0318
vn -0.3227 -0.8992 -0.2955
vn -0.0116 -0.9994 -0.0319
vn -0.0681 -0.9917 -0.1093
vn -0.1036 -0.9859 -0.1315
vn -0.0523 -0.9921 -0.1136
vn -0.0350 -0.9974 -0.0627
vn -0.4392 -0.8947 -0.0814
vn -0.2291 -0.9583 -0.1711
vn 0.0207 -0.9987 -0.0462
vn -0.4391 -0.8947 -0.0813
vn -0.2521 -0.9621 -0.1037
vn -0.2290 -0.9583 -0.1711
vn -0.0681 -0.9917 -0.1092
vn -0.6859 -0.5382 -0.4897
vn 0.7262 0.6864 -0.0391
vn 0.7266 0.6582 -0.1971
vn 0.7548 0.1569 -0.6369
vn 0.7261 0.6864 -0.0390
vn 0.5094 0.7418 0.4362
vn 0.3186 0.7944 0.5171
vn -0.8383 -0.0280 -0.5444
vn -0.7244 0.5176 -0.4553
vn -0.7284 0.1996 -0.6555
vn 0.1875 -0.9667 0.1744
vn -0.0924 -0.9879 -0.1247
vn 0.1876 -0.9666 0.1743
vn 0.0206 -0.9987 -0.0462
vn -0.6859 -0.5383 -0.4897
vn -0.6514 0.6547 -0.3834
vn -0.6803 0.5418 -0.4936
vn -0.6115 0.6500 -0.4511
vn 0.8030 0.4751 -0.3598
vn 0.7261 0.6864 -0.0391
vn -0.7284 0.1995 -0.6555
vn -0.6859 -0.5382 -0.4898
vn -0.6159 -0.3077 -0.7252
vn -0.5087 0.2637 -0.8196
vn 0.1434 0.9874 0.0667
vn 0.1606 0.9844 0.0718
vn 0.1607 0.9844 0.0717
vn 0.3897 0.8946 0.2188
vn 0.1435 0.9874 0.0666
vn -0.0135 0.9861 -0.1653
vn 0.1435 0.9874 0.0667
vn -0.1062 0.9905 -0.0876
vn 0.1606 0.9844 0.0717
vn 0.8295 0.1768 0.5297
vn 0.7094 0.1683 0.6844
vn 0.8295 0.1769 0.5297
vn 0.7094 0.1684 0.6844
vn 0.5373 -0.5021 0.6776
vn 0.5984 0.6971 0.3950
vn -0.4077 -0.8628 -0.2989
vn -0.3386 -0.9267 -0.1628
vn -0.0526 -0.9651 0.2567
vn -0.3386 -0.9268 -0.1627
vn 0.2047 -0.6423 0.7386
vn 0.4200 -0.7224 0.5492
vn -0.0525 -0.9650 0.2568
vn -0.5904 0.5714 -0.5701
vn -0.4071 0.7433 -0.5309
vn -0.4302 0.5569 -0.7105
vn -0.0135 0.9861 -0.1654
vn -0.4071 0.7433 -0.5308
vn -0.4118 0.8556 -0.3135
vn -0.1715 0.7967 -0.5796
vn -0.1715 0.7966 -0.5796
vn -0.4071 0.7432 -0.5309
vn -0.5904 0.5713 -0.5701
vn -0.7283 0.1996 -0.6555
vn -0.3728 -0.4132 -0.8308
vn -0.3442 0.1187 -0.9314
vn -0.3728 -0.4132 -0.8309
vn -0.6159 -0.3077 -0.7253
vn -0.4301 0.5569 -0.7105
vn -0.1779 0.5029 -0.8459
vn -0.5086 0.2637 -0.8196
vn -0.1664 -0.6399 0.7503
vn -0.8655 0.1063 0.4894
vn 0.3690 0.0618 0.9274
vn 0.7254 -0.3557 0.5892
vn 0.7171 -0.5367 0.4446
vn 0.7254 -0.3557 0.5893
vn 0.8360 -0.3764 0.3992
vn 0.7172 -0.5366 0.4446
vn 0.7255 -0.3557 0.5892
vn -0.6716 0.5833 -0.4568
vn 0.8902 -0.3003 0.3425
vn 0.8360 -0.3764 0.3991
vn -0.5839 0.5230 -0.6209
vn -0.6819 0.1868 -0.7072
vn -0.1524 0.8295 -0.5373
vn 0.0262 0.6879 -0.7253
vn -0.1524 0.8296 -0.5372
vn 0.9695 0.2267 0.0934
vn 0.6842 0.0757 0.7254
vn 0.6842 0.0757 0.7253
vn 0.7486 0.3092 0.5866
vn 0.8814 0.3451 0.3227
vn 0.9695 0.2266 0.0934
vn 0.8361 -0.3764 0.3992
vn 0.7973 -0.1313 0.5892
vn 0.8361 -0.3764 0.3991
vn 0.5121 0.7738 -0.3728
vn 0.6317 0.6773 -0.3772
vn 0.7799 0.5915 -0.2047
vn -0.3864 -0.6760 0.6274
vn -0.2477 -0.9026 0.3519
vn -0.5314 -0.8374 0.1278
vn 0.6316 0.6773 -0.3772
vn 0.5121 0.7738 -0.3729
vn -0.3806 -0.5190 0.7654
vn -0.7519 0.5101 -0.4177
vn -0.1523 0.8296 -0.5372
vn -0.3476 0.7632 -0.5447
vn 0.5039 0.3036 0.8086
vn 0.4418 0.7182 0.5376
vn 0.7093 0.1684 0.6844
vn 0.4136 -0.4181 0.8088
vn 0.5373 -0.5022 0.6776
vn 0.4200 -0.7224 0.5493
vn -0.2477 -0.9026 0.3520
vn -0.0300 -0.6339 0.7729
vn -0.0526 -0.9650 0.2568
vn -0.0300 -0.6338 0.7729
vn 0.1221 -0.3661 0.9225
vn -0.3864 -0.6760 0.6275
vn -0.1522 -0.3453 0.9261
vn -0.0301 -0.6338 0.7729
vn 0.5984 0.6971 0.3949
vn 0.2308 0.9730 0.0025
vn 0.2308 0.9730 0.0024
vn 0.3072 0.1344 0.9421
vn 0.5039 0.3036 0.8087
vn 0.0608 0.7494 -0.6593
vn -0.1715 0.7967 -0.5795
vn -0.0903 -0.2137 0.9727
vn -0.1523 -0.3452 0.9261
vn -0.0610 -0.1276 0.9899
vn 0.4332 0.7364 0.5196
vn 0.2309 0.9730 0.0024
vn 0.4418 0.7183 0.5375
vn -0.6094 0.0082 -0.7928
vn -0.5839 0.5230 -0.6210
vn -0.2940 0.3562 -0.8870
vn -0.3355 -0.9146 -0.2258
vn -0.2477 -0.9027 0.3519
vn 0.2287 0.5372 -0.8118
vn -0.2940 0.3561 -0.8870
vn 0.2082 0.2495 -0.9457
vn -0.2844 0.1066 -0.9528
vn 0.2287 0.5372 -0.8119
vn 0.2288 0.5372 -0.8118
vn -0.4229 -0.7236 -0.5455
vn -0.2359 -0.6667 -0.7070
vn -0.0779 -0.1991 -0.9769
vn -0.4229 -0.7236 -0.5456
vn -0.4229 -0.7235 -0.5455
vn -0.5445 -0.8376 -0.0438
vn -0.3475 -0.5640 -0.7491
vn -0.4230 -0.7235 -0.5455
vn 0.0567 0.0572 -0.9968
vn -0.0319 -0.2436 -0.9694
vn -0.1778 0.5029 -0.8459
vn 0.0006 0.1178 -0.9930
vn -0.3442 0.1188 -0.9314
vn 0.0461 0.4684 -0.8823
vn 0.0006 0.1177 -0.9930
vn -0.3727 -0.4132 -0.8309
vn -0.1716 0.7966 -0.5796
vn -0.1779 0.5029 -0.8458
vn 0.0515 0.0217 -0.9984
vn 0.3471 0.9127 -0.2157
vn 0.3446 0.6876 -0.6391
vn 0.1213 0.2739 -0.9541
vn 0.9791 -0.1159 0.1669
vn 0.6068 -0.6117 0.5077
vn 0.8039 -0.4464 0.3931
vn 0.4229 0.8743 -0.2381
vn 0.9250 0.3632 0.1115
vn 0.8510 0.4807 -0.2115
vn 0.9792 -0.1159 0.1668
vn 0.9141 -0.1696 -0.3683
vn 0.3418 0.7824 -0.5206
vn 0.8510 0.4807 -0.2116
vn 0.8108 0.2977 -0.5040
vn 0.8108 0.2976 -0.5040
vn 0.4273 0.5091 -0.7472
vn 0.3418 0.7824 -0.5205
vn -0.3564 -0.3652 0.8600
vn -0.3805 -0.5190 0.7654
vn -0.8302 -0.4627 0.3109
vn -0.3615 -0.9218 0.1401
vn -0.2245 -0.9741 -0.0258
vn 0.4429 -0.8620 -0.2467
vn -0.6884 -0.6265 0.3654
vn -0.2246 -0.9741 -0.0258
vn -0.8669 -0.0344 0.4972
vn -0.6884 -0.6265 0.3655
vn -0.6842 0.6973 0.2138
vn -0.7739 0.3112 0.5515
vn -0.9255 0.2012 0.3209
vn 0.3067 -0.8156 -0.4906
vn -0.2043 -0.9339 -0.2933
vn -0.0327 -0.6899 -0.7231
vn -0.0327 -0.6899 -0.7232
vn 0.4787 -0.4338 -0.7633
vn 0.5622 -0.0868 -0.8225
vn 0.7299 -0.2921 -0.6180
vn 0.4788 -0.4338 -0.7633
vn -0.7739 0.3112 0.5516
vn -0.4874 0.6205 0.6143
vn -0.6098 0.1704 0.7740
vn -0.2738 -0.0058 0.9618
vn -0.2157 0.3237 0.9212
vn 0.1605 0.9867 0.0261
vn 0.0115 0.7905 0.6124
vn 0.5622 -0.0868 -0.8224
vn 0.8222 0.0677 -0.5651
vn 0.7300 -0.2921 -0.6179
vn 0.1605 0.9867 0.0262
vn 0.1834 0.8693 0.4591
vn 0.0115 0.7905 0.6123
vn 0.6426 0.6507 -0.4045
vn 0.7130 0.6351 -0.2971
vn 0.8222 0.0678 -0.5651
vn -0.8669 -0.0343 0.4973
vn 0.1081 0.0870 0.9903
vn 0.0957 -0.0330 0.9949
vn -0.0609 -0.1276 0.9900
vn 0.1081 0.0871 0.9903
vn 0.3443 0.3623 0.8662
vn 0.0957 -0.0329 0.9949
vn 0.3443 0.3623 0.8661
vn 0.4809 0.6394 0.5999
vn 0.5831 0.7786 -0.2317
vn 0.5960 0.8027 -0.0213
vn 0.4808 0.6394 0.5999
vn 0.4808 0.6395 0.5999
vn 0.1835 0.8692 0.4591
vn 0.5832 0.7786 -0.2317
vn -0.2044 -0.9339 -0.2933
vn -0.0328 -0.6899 -0.7231
vn 0.2667 -0.0460 -0.9627
vn 0.2830 -0.2510 -0.9257
vn -0.0318 -0.2436 -0.9694
vn -0.0318 -0.2436 -0.9693
vn 0.0568 0.0572 -0.9967
vn 0.5621 -0.0868 -0.8225
vn -0.0318 -0.2437 -0.9693
vn -0.0328 -0.6899 -0.7232
vn 0.3662 0.3204 -0.8736
vn 0.1212 0.2739 -0.9541
vn 0.3663 0.3204 -0.8736
vn 0.1442 -0.9870 0.0703
vn 0.8739 -0.2940 -0.3871
vn 0.7096 -0.5191 -0.4765
vn 0.7129 0.6352 -0.2971
vn 0.3527 0.9110 -0.2136
vn 0.8677 0.4521 -0.2067
vn 0.8677 0.4521 -0.2068
vn 0.9391 0.1477 -0.3102
vn 0.8775 -0.1159 -0.4653
vn 0.9391 0.1476 -0.3102
vn 0.9762 0.1901 -0.1049
vn 0.8739 -0.2939 -0.3872
vn 0.6425 0.6508 -0.4045
vn 0.8775 -0.1159 -0.4654
vn 0.6426 0.6508 -0.4044
vn 0.5831 0.7787 -0.2317
vn -0.5446 -0.8376 -0.0438
vn -0.5217 -0.7978 0.3023
vn -0.0319 -0.2437 -0.9693
vn -0.3475 -0.5639 -0.7492
vn -0.0779 -0.1992 -0.9769
vn 0.5732 0.7344 0.3634
vn -0.5283 -0.0560 -0.8472
vn -0.5799 0.1775 -0.7952
vn 0.8100 -0.5485 -0.2074
vn 0.8039 -0.4464 0.3930
vn 0.3595 -0.9269 0.1077
vn 0.7618 0.6254 -0.1692
vn -0.5171 -0.3757 0.7691
vn 0.8113 0.1445 -0.5665
vn -0.6302 0.7541 -0.1851
vn -0.7020 0.4157 -0.5783
vn -0.9641 -0.1906 0.1850
vn -0.5073 -0.6681 0.5444
vn -0.4768 -0.7664 0.4305
vn -0.2544 -0.7840 0.5663
vn -0.1675 -0.9017 0.3986
vn -0.2543 -0.7839 0.5663
vn 0.7651 -0.6390 0.0790
vn -0.5241 -0.8127 0.2546
vn 0.3595 -0.9269 0.1076
vn -0.1675 -0.9017 0.3985
vn 0.3594 -0.9269 0.1077
vn 0.7652 -0.6390 0.0790
vn 0.6490 0.7003 -0.2974
vn -0.9253 0.0399 0.3772
vn -0.4442 0.4068 -0.7982
vn -0.3257 0.8313 -0.4504
vn -0.9482 0.0074 0.3176
vn -0.9253 0.0400 0.3771
vn -0.8378 0.1125 -0.5343
vn -0.4443 0.4067 -0.7982
vn -0.4771 0.8492 0.2263
vn -0.9451 0.2657 0.1902
vn -0.9470 -0.2417 0.2115
vn 0.1329 0.9906 0.0316
vn -0.4732 -0.4250 0.7717
vn -0.2691 -0.6434 0.7166
vn -0.1194 -0.4375 0.8913
vn -0.2464 -0.1527 0.9571
vn -0.4731 -0.4249 0.7717
vn 0.0253 -0.7047 0.7090
vn -0.1193 -0.4374 0.8913
vn 0.3823 -0.6149 0.6897
vn -0.1193 -0.4375 0.8913
vn 0.3823 -0.6150 0.6897
vn 0.0198 -0.0844 0.9962
vn -0.1453 0.0306 0.9889
vn 0.7653 -0.3558 0.5363
vn 0.2123 -0.3382 0.9168
vn 0.7653 -0.3559 0.5363
vn 0.6589 -0.2277 0.7169
vn 0.2188 -0.0916 0.9715
vn 0.7654 -0.3558 0.5363
vn -0.0800 0.0122 0.9967
vn -0.2231 0.1988 0.9543
vn -0.4021 0.3645 0.8399
vn -0.3478 0.1412 0.9269
vn -0.2873 0.5180 0.8056
vn -0.0797 0.0119 0.9967
vn 0.0713 -0.0311 0.9970
vn -0.2231 0.1987 0.9543
vn 0.0714 -0.0310 0.9970
vn -0.5072 -0.6680 0.5445
vn -0.2692 -0.6435 0.7166
vn 0.1431 0.6496 -0.7467
vn 0.0333 0.2985 -0.9538
vn -0.2490 0.0589 -0.9667
vn -0.4442 0.4067 -0.7983
vn 0.6226 0.7570 -0.1986
vn 0.7598 0.2972 -0.5782
vn 0.9587 -0.1191 -0.2583
vn 0.7597 0.2972 -0.5783
vn 0.0208 -0.0170 -0.9996
vn 0.2165 -0.0493 -0.9750
vn 0.5740 -0.0662 -0.8161
vn 0.9538 -0.1867 0.2354
vn 0.7598 0.2973 -0.5783
vn -0.9615 0.1397 -0.2364
vn -0.9615 0.1398 -0.2364
vn -0.2489 0.0588 -0.9667
vn -0.9144 0.3719 -0.1596
vn -0.4615 0.0182 -0.8870
vn 0.0334 -0.4319 -0.9013
vn 0.3510 -0.1072 -0.9302
vn 0.2166 -0.0494 -0.9750
vn 0.3509 -0.1072 -0.9302
vn 0.0178 -0.0840 -0.9963
vn 0.3510 -0.1073 -0.9302
vn 0.7850 -0.1882 -0.5903
vn 0.8735 -0.3865 -0.2960
vn 0.7052 -0.5052 -0.4974
vn 0.3511 -0.4214 -0.8361
vn -0.8578 -0.5130 -0.0329
vn -0.5176 -0.8049 -0.2904
vn -0.3279 -0.8562 -0.3994
vn -0.6880 0.0107 0.7257
vn 0.7052 -0.5053 -0.4973
vn -0.6189 -0.6135 0.4906
vn -0.5354 -0.4708 0.7013
vn -0.9356 -0.0328 0.3516
vn -0.8823 0.4270 -0.1980
vn -0.5604 -0.4807 -0.6744
vn -0.8141 -0.4018 -0.4192
vn -0.1296 -0.1552 0.9794
vn -0.6415 -0.1928 0.7425
vn -0.7506 -0.1988 0.6301
vn -0.0529 0.0879 0.9947
vn -0.9168 -0.3645 0.1634
vn -0.9522 -0.0967 -0.2896
vn -0.9168 -0.3644 0.1633
vn -0.9523 -0.0968 -0.2896
vn -0.8823 0.4271 -0.1980
vn -0.5057 0.3491 -0.7889
vn 0.4443 0.2919 0.8470
vn -0.8823 -0.3854 0.2702
vn -0.8823 -0.3855 0.2702
vn -0.4683 -0.8821 0.0510
vn -0.4682 -0.8821 0.0510
vn -0.4316 -0.8902 -0.1461
vn -0.4683 -0.8821 0.0509
vn -0.2538 0.9469 0.1973
vn -0.3003 0.9210 0.2481
vn -0.7628 0.6295 0.1475
vn -0.2747 -0.9310 -0.2402
vn 0.2817 -0.9587 -0.0385
vn 0.3080 -0.9289 -0.2057
vn 0.7917 -0.5700 -0.2199
vn 0.2141 0.9627 0.1651
vn 0.4583 0.8784 0.1353
vn -0.3453 0.7422 -0.5744
vn -0.2660 0.1137 -0.9572
vn 0.2239 0.8810 -0.4168
vn -0.0029 0.9373 -0.3486
vn -0.4310 -0.3559 -0.8292
vn 0.3845 -0.4934 0.7802
vn 0.3845 -0.4933 0.7802
vn 0.6994 -0.1775 0.6923
vn 0.2321 -0.8146 0.5315
vn 0.2322 -0.8146 0.5315
vn 0.7376 -0.6526 0.1735
vn 0.2322 -0.8146 0.5316
vn 0.9832 0.0147 -0.1820
vn 0.7376 -0.6526 0.1736
vn 0.6994 -0.1774 0.6923
vn 0.5973 0.2101 0.7740
vn 0.3791 -0.1610 0.9113
vn 0.6995 -0.1774 0.6923
vn 0.9527 0.2106 0.2189
vn 0.8361 -0.3672 0.4077
vn 0.8628 0.2337 -0.4482
vn 0.9832 0.0148 -0.1821
vn 0.8629 0.2337 -0.4482
vn 0.0025 -0.9615 0.2748
vn 0.2816 -0.9587 -0.0385
vn 0.0025 -0.9615 0.2749
vn 0.6020 0.6845 -0.4112
vn 0.9563 -0.1380 -0.2576
vn 0.9832 0.0146 -0.1821
vn 0.6020 0.6844 -0.4112
vn 0.8805 0.1619 -0.4456
vn 0.9563 -0.1379 -0.2577
vn 0.5010 -0.8598 0.0990
vn 0.2817 -0.9587 -0.0384
vn 0.7917 -0.5699 -0.2199
vn 0.8453 -0.4757 -0.2434
vn 0.9693 0.1116 -0.2191
vn 0.8453 -0.4756 -0.2433
vn 0.6277 0.7602 -0.1675
vn -0.2660 0.1137 -0.9573
vn 0.3812 0.1123 -0.9176
vn 0.0200 -0.2347 -0.9719
vn 0.9651 -0.2404 -0.1039
vn -0.7102 -0.2676 0.6511
vn -0.9683 -0.2451 0.0473
vn -0.4765 0.0114 0.8791
vn -0.5962 0.2182 0.7726
vn -0.9684 -0.2451 0.0472
vn -0.8142 -0.4017 -0.4192
vn -0.9233 0.0221 0.3833
vn -0.8801 -0.0278 0.4741
vn 0.1356 0.1983 0.9707
vn 0.4443 0.2918 0.8470
vn 0.5625 0.2961 0.7720
vn -0.5258 -0.3509 -0.7748
vn -0.5021 -0.2816 -0.8177
vn -0.5896 -0.2961 -0.7514
vn -0.5259 -0.3508 -0.7749
vn 0.1911 0.7432 0.6413
vn -0.7336 -0.6401 -0.2284
vn -0.4214 -0.6188 -0.6629
vn -0.2736 -0.7511 -0.6008
vn 0.1141 0.8876 0.4462
vn 0.3317 0.7421 0.5824
vn 0.1911 0.7432 0.6412
vn -0.0300 -0.8874 -0.4601
vn 0.6104 0.7873 0.0870
vn 0.0990 -0.7958 -0.5974
vn -0.3284 -0.2846 -0.9006
vn -0.2410 0.5199 -0.8196
vn 0.9503 0.0401 -0.3087
vn 0.7661 0.6419 0.0336
vn 0.8686 0.3608 0.3395
vn 0.6308 -0.1462 0.7620
vn 0.7848 -0.4760 0.3970
vn 0.6309 -0.1463 0.7619
vn 0.2527 -0.7132 -0.6538
vn 0.5398 -0.4462 -0.7138
vn 0.6309 -0.1463 0.7620
vn 0.6575 -0.7232 -0.2115
vn 0.6308 -0.1463 0.7620
vn 0.4551 0.2653 0.8500
vn -0.4396 -0.1981 -0.8761
vn -0.3289 -0.4048 -0.8532
vn 0.6039 -0.0530 0.7953
vn 0.0283 -0.7631 -0.6457
vn -0.4622 0.7839 0.4145
vn 0.6729 -0.5074 0.5382
vn 0.6729 -0.5075 0.5382
vn 0.6729 -0.5074 0.5383
vn -0.4621 0.7840 0.4145
vn 0.3073 0.8441 0.4394
vn -0.0001 0.7922 0.6103
vn 0.1304 0.6557 0.7436
vn -0.0002 0.7921 0.6104
vn -0.1628 0.9630 0.2147
vn -0.4558 0.8736 -0.1706
vn -0.1828 0.9232 0.3382
vn -0.4558 0.8736 -0.1705
vn -0.5874 0.4166 -0.6939
vn -0.4216 0.3961 -0.8157
vn -0.4396 -0.1980 -0.8761
vn 0.2155 0.6259 0.7495
vn -0.5284 -0.0559 -0.8472
vn -0.4397 -0.1980 -0.8761
vn -0.5274 0.7952 -0.2992
vn -0.2874 0.5181 0.8056
vn -0.6506 0.5755 0.4955
vn -0.5528 -0.8275 -0.0985
vn -0.8008 -0.3493 0.4866
vn -0.8007 -0.3493 0.4866
vn -0.4688 -0.8159 0.3384
vn -0.8873 0.0970 0.4509
vn -0.1334 -0.8693 -0.4759
vn -0.1687 -0.6146 0.7706
vn -0.1027 -0.9281 0.3580
vn -0.1687 -0.6145 0.7707
vn -0.0479 -0.4749 0.8788
vn -0.1817 -0.0352 0.9827
vn -0.5084 0.0467 0.8599
vn -0.6960 0.6887 0.2032
vn -0.3682 0.7293 0.5767
vn -0.6506 0.5755 0.4954
vn -0.0871 0.6865 0.7219
vn -0.1571 0.8253 0.5423
vn -0.3681 0.7293 0.5767
vn -0.8109 0.5826 -0.0546
vn -0.4619 -0.4619 -0.7572
vn -0.8650 0.0541 -0.4989
vn -0.0811 -0.8095 -0.5815
vn -0.6733 -0.5023 -0.5425
vn -0.2058 -0.8594 -0.4680
vn 0.0125 -0.9078 -0.4193
vn -0.0812 -0.8095 -0.5815
vn -0.6733 -0.5024 -0.5425
vn -0.4019 0.8383 0.3684
vn -0.2783 0.9127 0.2990
vn 0.3823 -0.8409 -0.3832
vn 0.4420 -0.5345 -0.7204
vn 0.5580 -0.1575 -0.8148
vn -0.6474 0.3619 0.6708
vn -0.4698 0.6965 0.5425
vn -0.7488 0.4952 0.4406
vn -0.2874 0.5550 0.7807
vn 0.0770 0.5622 0.8234
vn 0.2392 0.8630 0.4451
vn -0.6474 0.3618 0.6708
vn -0.4697 0.6965 0.5424
vn -0.9958 -0.0352 -0.0843
vn -0.7768 -0.6182 -0.1198
vn -0.9958 -0.0352 -0.0844
vn -0.4968 0.8069 0.3194
vn -0.7969 -0.5467 -0.2568
vn -0.9737 -0.0753 -0.2152
vn 0.6980 -0.6861 -0.2050
vn 0.8548 -0.5054 -0.1182
vn 0.8790 -0.3203 -0.3533
vn 0.9839 0.1438 0.1059
vn 0.7474 -0.6566 0.1017
vn 0.7474 -0.6565 0.1018
vn 0.4718 -0.8087 0.3512
vn 0.7789 0.6215 0.0835
vn 0.9017 -0.0678 0.4269
vn 0.6104 0.1585 0.7761
vn 0.3510 0.5904 0.7268
vn 0.1338 0.0382 0.9903
vn -0.0479 -0.4748 0.8788
vn 0.0533 -0.6698 0.7407
vn -0.0479 -0.4749 0.8787
vn 0.0151 -0.5357 0.8442
vn 0.1058 -0.5790 0.8084
vn 0.0151 -0.5357 0.8443
vn 0.3509 0.5905 0.7268
vn 0.9018 -0.0677 0.4269
vn 0.7496 0.3691 0.5494
vn 0.9028 -0.3007 0.3076
vn 0.9018 -0.0678 0.4268
vn 0.1182 -0.8306 -0.5442
vn -0.0811 -0.8095 -0.5814
vn 0.0126 -0.9078 -0.4193
vn 0.0299 0.8179 0.5747
vn 0.0299 0.8179 0.5746
vn 0.0848 0.8983 0.4310
vn -0.0720 0.9052 0.4188
vn -0.9968 -0.0749 0.0278
vn -0.9306 -0.0693 0.3593
vn -0.6049 0.4512 -0.6561
vn -0.7844 -0.3381 0.5199
vn -0.9047 -0.2380 0.3535
vn 0.9060 -0.0760 0.4165
vn 0.0201 -0.1726 -0.9848
vn -0.2271 0.1571 -0.9611
vn -0.1896 0.4830 -0.8548
vn -0.4440 -0.0205 -0.8958
vn -0.4406 -0.6736 0.5935
vn -0.8133 -0.0151 -0.5817
vn -0.8133 -0.0152 -0.5816
vn -0.4405 -0.6736 0.5935
vn -0.5237 -0.4834 0.7014
vn -0.5646 -0.6332 -0.5295
vn -0.1895 0.4830 -0.8548
vn -0.0744 0.5733 -0.8159
vn -0.2463 0.4377 -0.8647
vn -0.1312 0.4619 -0.8772
vn -0.6155 0.3232 -0.7188
vn 0.4013 -0.0002 0.9159
vn 0.2007 0.1178 0.9725
vn 0.4011 0.6885 0.6042
vn 0.4011 0.6885 0.6041
vn 0.5113 0.6215 0.5935
vn 0.4001 -0.5076 0.7630
vn 0.5114 0.6215 0.5934
vn 0.4001 -0.5076 0.7631
vn 0.2279 -0.5625 0.7948
vn 0.0522 -0.4638 0.8844
vn 0.0616 -0.6120 0.7884
vn 0.0522 -0.4639 0.8843
vn 0.6059 -0.4292 0.6698
vn 0.5189 -0.4390 0.7334
vn -0.2015 -0.5011 0.8416
vn 0.0533 -0.5218 0.8514
vn 0.5621 -0.4732 0.6784
vn 0.1456 -0.4541 0.8790
vn -0.1386 0.4822 -0.8650
vn 0.5190 -0.4390 0.7334
vn 0.4841 -0.7783 0.4000
vn 0.2280 -0.5625 0.7948
vn 0.9765 -0.0403 -0.2119
vn -0.7062 -0.5353 0.4634
vn -0.5271 -0.1964 0.8268
vn 0.9765 -0.0404 -0.2118
vn 0.9427 -0.2628 0.2057
vn 0.5992 -0.2425 -0.7630
vn 0.5991 -0.2425 -0.7630
vn 0.8130 -0.4009 0.4222
vn -0.2197 0.6718 -0.7074
vn 0.2279 -0.5625 0.7947
vn 0.1879 -0.5909 0.7845
vn 0.3578 -0.6454 0.6749
vn 0.0585 0.8634 -0.5012
vn -0.2197 0.6719 -0.7073
vn 0.2324 0.9683 0.0911
vn 0.0585 0.8634 -0.5011
vn -0.4745 0.6719 -0.5687
vn -0.4745 0.6718 -0.5688
vn -0.6513 0.6548 -0.3834
vn -0.1946 -0.5957 -0.7793
vn -0.2606 0.4168 -0.8709
vn -0.6803 0.5418 -0.4937
vn -0.6514 0.6548 -0.3834
vn 0.5992 -0.2426 -0.7630
vn 0.0068 0.9838 -0.1790
vn -0.0506 0.7449 -0.6652
vn -0.0505 0.7449 -0.6652
vn 0.1633 0.9864 0.0184
vn 0.1140 0.9505 0.2889
vn 0.0067 0.9838 -0.1791
vn 0.0220 0.8761 -0.4816
vn 0.0585 0.8633 -0.5012
vn 0.3256 0.9418 0.0829
vn -0.2745 0.1181 0.9543
vn -0.4985 0.2718 0.8232
vn -0.6915 -0.3382 0.6383
vn -0.4985 0.2719 0.8231
vn -0.7757 0.0252 0.6306
vn -0.3472 -0.3696 0.8619
vn -0.3473 -0.3695 0.8619
vn -0.4985 0.2719 0.8232
vn -0.2560 0.4701 0.8447
vn 0.0209 0.7838 0.6207
vn 0.6123 0.7657 0.1969
vn -0.9679 -0.1525 0.1998
vn -0.2803 -0.6095 -0.7416
vn 0.3596 -0.7515 -0.5531
vn -0.4442 -0.8675 -0.2238
vn -0.6242 -0.7271 -0.2858
vn -0.5899 -0.7480 0.3043
vn -0.6243 -0.7271 -0.2857
vn -0.2804 -0.6094 -0.7416
vn 0.3738 0.4165 -0.8288
vn -0.8737 0.1339 0.4678
vn -0.8678 0.3716 0.3298
vn -0.9679 -0.1524 0.1997
vn -0.8736 0.1339 0.4679
vn -0.3467 0.6763 0.6500
vn -0.9996 0.0286 -0.0005
vn -0.7604 0.6432 0.0904
vn -0.4882 0.7716 0.4079
vn -0.7604 0.6432 0.0903
vn -0.8804 -0.4161 -0.2273
vn 0.1823 -0.9217 -0.3423
vn -0.7604 0.6431 0.0904
vn -0.2768 0.9466 0.1650
vn 0.1824 -0.9218 -0.3422
vn 0.8982 -0.3618 -0.2497
vn 0.7369 0.0772 -0.6716
vn 0.9071 0.3724 -0.1960
vn 0.9953 0.0964 -0.0108
vn 0.8199 0.5361 0.2006
vn 0.1723 0.9258 0.3363
vn 0.3225 0.9287 0.1831
vn 0.9953 0.0964 -0.0107
vn 0.9510 -0.2576 0.1709
vn 0.3226 0.9287 0.1830
vn 0.5914 -0.8005 -0.0967
vn -0.0870 0.6864 0.7220
vn -0.1686 -0.6145 0.7707
vn -0.9043 -0.4258 -0.0303
vn -0.9043 -0.4259 -0.0304
vn -0.7788 -0.6068 0.1590
vn -0.8107 -0.5264 -0.2562
vn -0.4970 -0.8172 -0.2920
vn -0.4969 -0.8172 -0.2921
vn 0.6468 -0.7281 -0.2271
vn 0.8920 -0.4052 0.2002
vn 0.5393 -0.8259 -0.1645
vn 0.6889 -0.6429 0.3349
vn 0.5394 -0.8258 -0.1644
vn 0.2963 0.9205 0.2547
vn -0.4771 0.8492 0.2262
vn -0.8108 -0.5263 -0.2561
vn -0.9652 0.1979 -0.1712
vn -0.9652 0.1978 -0.1712
vn 0.8243 0.5300 0.1988
vn -0.9073 -0.3280 -0.2630
vn -0.8749 -0.0992 -0.4740
vn -0.4536 -0.7172 -0.5291
vn -0.6840 -0.2783 -0.6744
vn -0.4700 0.5010 -0.7267
vn -0.7035 0.1072 -0.7025
vn 0.6226 0.7569 -0.1985
vn 0.7618 0.6254 -0.1691
vn 0.9602 0.1648 0.2255
vn 0.8725 0.4879 0.0270
vn 0.9602 0.1648 0.2254
vn 0.8244 0.5300 0.1987
vn 0.8244 0.5299 0.1988
vn 0.8329 0.3390 0.4375
vn 0.8328 0.3389 0.4376
vn 0.6297 0.3206 0.7076
vn 0.1175 0.8120 0.5716
vn 0.0802 0.3084 0.9479
vn -0.2093 -0.5626 0.7998
vn -0.4516 -0.1495 0.8796
vn -0.2580 -0.4191 0.8705
vn -0.8312 -0.5405 -0.1299
vn -0.8577 -0.5130 -0.0329
vn -0.5177 -0.8048 -0.2904
vn -0.8312 -0.5405 -0.1298
vn -0.8281 -0.5071 -0.2387
vn -0.4498 -0.7565 -0.4748
vn -0.1964 -0.7441 -0.6386
vn 0.7877 0.0777 0.6111
vn 0.1785 -0.2758 0.9445
vn 0.0015 -0.6072 0.7946
vn 0.1680 -0.9771 0.1306
vn 0.5394 -0.8259 -0.1645
vn 0.5394 -0.8258 -0.1645
vn 0.1680 -0.9771 0.1305
vn 0.6889 -0.6428 0.3349
vn -0.3223 0.9305 0.1737
vn 0.0620 0.8368 -0.5439
vn 0.0160 0.9961 0.0870
vn 0.0621 0.8368 -0.5439
vn 0.0014 -0.6073 0.7945
vn 0.0014 -0.6072 0.7945
vn -0.0768 -0.8526 -0.5168
vn 0.1679 -0.9771 0.1305
vn -0.0059 -0.9996 -0.0285
vn -0.2726 -0.7094 0.6500
vn -0.2727 -0.7094 0.6500
vn -0.2093 -0.5627 0.7998
vn -0.2726 -0.7094 0.6499
vn -0.2732 -0.9563 0.1040
vn 0.2190 0.7396 -0.6365
vn 0.0361 0.3139 -0.9488
vn -0.5928 -0.7520 -0.2882
vn -0.2747 -0.9310 -0.2403
vn -0.9943 0.0105 0.1057
vn -0.2746 -0.9311 -0.2403
vn 0.3079 -0.9289 -0.2057
vn 0.4584 0.8784 0.1354
vn -0.7801 -0.2858 -0.5566
vn -0.6305 -0.6095 -0.4805
vn -0.3290 -0.8232 -0.4626
vn -0.0027 -0.8147 -0.5799
vn -0.3291 -0.8232 -0.4626
vn -0.7628 0.6296 0.1475
vn 0.5339 0.7519 0.3869
vn 0.3573 0.6621 0.6588
vn 0.1433 0.8973 0.4176
vn 0.5339 0.7518 0.3869
vn 0.6586 0.4929 0.5686
vn 0.3574 0.6620 0.6588
vn -0.6179 -0.4089 -0.6715
vn 0.3813 0.2522 0.8894
vn 0.2087 0.2904 0.9339
vn 0.3573 0.6620 0.6588
vn -0.0702 0.6870 0.7232
vn -0.3001 0.8837 0.3592
vn 0.3574 0.6621 0.6588
vn -0.3002 0.8837 0.3592
vn -0.2629 -0.3510 -0.8987
vn -0.5088 -0.5319 -0.6770
vn -0.1108 -0.9693 0.2195
vn -0.1485 -0.8833 -0.4448
vn -0.6911 0.7188 -0.0757
vn -0.5068 0.8064 -0.3046
vn -0.3325 0.4443 -0.8319
vn -0.3324 0.4442 -0.8320
vn -0.1484 -0.8833 -0.4448
vn 0.7918 -0.5699 -0.2199
vn 0.9946 0.1010 -0.0251
vn 0.9946 0.1009 -0.0250
vn 0.9994 0.0287 -0.0188
vn 0.9946 0.1009 -0.0251
vn 0.9693 0.1117 -0.2190
vn 0.9989 0.0116 -0.0444
vn 0.6845 0.7243 0.0820
vn 0.6586 0.4929 0.5685
vn 0.8315 0.4684 0.2985
vn 0.5908 -0.0791 0.8030
vn 0.6587 0.4929 0.5685
vn 0.4692 -0.8701 0.1510
vn 0.2344 -0.2923 0.9272
vn 0.5908 -0.0792 0.8029
vn 0.5028 -0.8619 -0.0659
vn -0.5851 -0.7176 0.3777
vn -0.1443 -0.9886 0.0424
vn 0.2343 -0.2923 0.9272
vn 0.0079 -0.0204 0.9998
vn 0.3945 -0.9172 0.0547
vn -0.1399 0.1818 0.9733
vn -0.2805 0.3247 0.9033
vn -0.6203 0.7831 -0.0431
vn -0.4151 0.9021 -0.1180
vn -0.6203 0.7832 -0.0431
vn -0.2805 0.3248 0.9032
vn 0.3045 -0.8417 -0.4458
vn 0.0020 -0.1264 -0.9920
vn -0.2629 -0.3509 -0.8988
vn -0.5068 0.8065 -0.3047
vn 0.1959 -0.9125 -0.3592
vn -0.0339 0.0323 -0.9989
vn 0.0023 -0.0325 -0.9995
vn -0.4779 0.4581 0.7495
vn -0.4779 0.4582 0.7494
vn -0.4112 -0.4890 0.7692
vn -0.1488 -0.6226 0.7682
vn 0.3516 0.7876 0.5059
vn 0.3386 -0.7698 -0.5410
vn 0.7585 -0.3901 -0.5220
vn 0.7129 -0.4258 -0.5572
vn -0.3496 -0.3963 0.8490
vn -0.3181 -0.4282 0.8458
vn -0.8165 0.3990 -0.4172
vn -0.3679 0.5591 -0.7430
vn 0.2125 0.5677 -0.7954
vn 0.1085 0.6415 -0.7594
vn -0.0986 -0.8924 0.4404
vn 0.2125 0.5677 -0.7953
vn -0.8389 -0.1502 0.5231
vn -0.8390 -0.1501 0.5231
vn -0.5316 0.1816 0.8273
vn -0.5315 0.1815 0.8273
vn 0.0459 0.8022 0.5953
vn 0.6440 0.4507 -0.6181
vn 0.7609 0.5085 -0.4031
vn 0.5840 0.7947 -0.1658
vn 0.0458 0.8022 0.5953
vn 0.0076 0.9742 0.2254
vn 0.7609 0.5086 -0.4031
vn 0.5568 0.8139 -0.1657
vn 0.7608 0.5085 -0.4031
vn 0.3498 -0.3156 0.8820
vn 0.4025 0.3280 -0.8546
vn -0.4232 -0.3114 -0.8509
vn -0.5275 0.7951 -0.2993
vn 0.4450 -0.5906 -0.6732
vn -0.6203 0.7831 -0.0432
vn -0.6204 0.7831 -0.0431
vn -0.7347 0.0069 0.6784
vn -0.9569 -0.1358 0.2567
vn -0.9641 -0.1907 0.1850
vn -0.9569 -0.1358 0.2566
vn -0.9886 -0.0727 -0.1320
vn -0.6734 -0.5023 -0.5424
vn -0.9244 0.0638 -0.3760
vn -0.2059 -0.8594 -0.4679
vn -0.2992 0.5889 0.7508
vn -0.7260 0.2342 0.6465
vn 0.5432 0.6243 0.5615
vn 0.3199 0.4001 0.8589
vn 0.5703 0.3966 0.7193
vn -0.8454 -0.3374 -0.4142
vn -0.4523 -0.4526 -0.7685
vn -0.8218 -0.0176 0.5696
vn 0.0383 -0.0855 0.9956
vn 0.0384 -0.0854 0.9956
vn 0.3815 -0.2516 0.8895
vn -0.2099 -0.4791 -0.8523
vn -0.4522 -0.4526 -0.7685
vn -0.2098 -0.4792 -0.8523
vn 0.2140 -0.5833 -0.7835
vn -0.9886 -0.0726 -0.1321
vn -0.6618 0.1578 -0.7329
vn -0.4647 -0.0419 -0.8845
vn -0.9817 0.1111 -0.1547
vn -0.6617 0.1579 -0.7329
vn -0.6617 0.1579 -0.7330
vn -0.2884 0.4686 -0.8350
vn 0.4135 0.2862 -0.8643
vn 0.0490 0.3608 -0.9314
vn -0.7555 -0.6195 -0.2130
vn -0.5262 -0.8500 0.0266
vn 0.1537 -0.9861 0.0634
vn 0.4025 -0.9014 -0.1599
vn -0.7556 -0.6195 -0.2130
vn -0.9012 -0.4111 0.1376
vn -0.9917 -0.0987 -0.0827
vn -0.9917 -0.0988 -0.0827
vn -0.9917 -0.0987 -0.0826
vn -0.5262 -0.8500 0.0267
vn -0.6302 0.7540 -0.1851
vn -0.9035 0.3348 -0.2677
vn -0.9404 -0.2420 0.2388
vn -0.4719 -0.6966 0.5403
vn 0.4718 -0.8088 0.3512
vn 0.7473 -0.6566 0.1018
vn 0.6181 -0.6210 0.4821
vn 0.1525 0.9595 -0.2369
vn -0.2107 0.8586 -0.4674
vn -0.3759 0.8932 -0.2468
vn 0.1526 0.9595 -0.2370
vn 0.4203 0.8324 -0.3612
vn 0.7789 0.6215 0.0834
vn 0.8880 0.4579 -0.0430
vn -0.4720 -0.6967 0.5402
vn -0.2938 0.7298 -0.6173
vn 0.0847 0.7720 -0.6299
vn -0.0549 -0.8708 0.4885
vn 0.2743 -0.7583 0.5914
vn -0.2107 0.8585 -0.4675
vn -0.5227 0.7571 -0.3920
vn -0.2107 0.8585 -0.4674
vn -0.2652 0.9125 0.3116
vn -0.2783 0.9128 0.2990
vn -0.2651 0.9125 0.3115
vn -0.0721 0.9053 0.4187
vn -0.2652 0.9125 0.3115
vn -0.2784 0.9128 0.2990
vn -0.1072 -0.8588 -0.5009
vn -0.0562 -0.9132 -0.4036
vn 0.5433 0.6242 0.5615
vn 0.9134 0.3463 0.2141
vn 0.5704 0.3967 0.7193
vn 0.9351 0.1787 0.3060
vn 0.0509 -0.6997 -0.7126
vn 0.9060 -0.0761 0.4164
vn 0.6058 -0.7956 -0.0013
vn -0.0561 -0.9132 -0.4036
vn -0.0561 -0.9133 -0.4035
vn 0.0126 -0.9078 -0.4192
vn 0.7151 -0.1041 0.6912
vn 0.6136 0.1479 0.7757
vn 0.7151 -0.1042 0.6912
vn -0.9182 0.3209 -0.2324
vn -0.8908 0.1701 -0.4215
vn -0.8907 0.1702 -0.4214
vn -0.2301 0.7647 0.6018
vn 0.0009 0.9096 0.4156
vn -0.4025 0.5645 0.7207
vn 0.9993 0.0303 0.0225
vn -0.2365 0.6113 0.7552
vn -0.2364 0.6114 0.7552
vn -0.4542 0.4344 0.7778
vn -0.7261 0.5139 0.4568
vn -0.3985 0.4245 0.8130
vn 0.5697 0.0744 -0.8185
vn 0.9965 -0.0671 0.0498
vn 0.5347 -0.0375 -0.8442
vn 0.0509 -0.6997 -0.7127
vn 0.5348 -0.0374 -0.8442
vn -0.6738 0.0605 -0.7364
vn -0.0549 -0.1931 -0.9796
vn -0.2219 -0.3852 -0.8958
vn -0.7262 0.5138 0.4567
vn -0.7262 0.5139 0.4567
vn 0.6609 0.3251 -0.6764
vn -0.5270 -0.1964 0.8269
vn -0.2488 0.0667 0.9663
vn -0.2930 0.1655 0.9417
vn -0.2569 0.4343 0.8633
vn -0.5148 -0.7385 0.4355
vn -0.7062 -0.5353 0.4633
vn -0.5270 -0.1963 0.8269
vn -0.4397 -0.8921 -0.1043
vn 0.1840 -0.8686 -0.4601
vn 0.1841 -0.8685 -0.4602
vn 0.2738 -0.5789 -0.7681
vn -0.0425 -0.6996 -0.7132
vn -0.6618 -0.7339 0.1530
vn -0.4352 -0.8531 -0.2878
vn -0.7062 -0.5354 0.4634
vn 0.4198 -0.3426 -0.8404
vn -0.2488 0.0668 0.9663
vn -0.2364 0.6113 0.7553
vn -0.2570 0.4344 0.8633
vn -0.3420 0.3819 0.8586
vn -0.1724 0.5164 0.8388
vn 0.3186 0.7944 0.5172
vn -0.1327 0.5183 0.8449
vn 0.5093 0.7418 0.4362
vn 0.6830 0.0337 -0.7296
vn 0.7548 0.1568 -0.6369
vn 0.8213 0.5427 0.1758
vn 0.9571 0.2227 -0.1854
vn 0.8030 0.4750 -0.3598
vn 0.6831 0.0336 -0.7296
vn 0.7527 0.3137 0.5788
vn 0.4062 -0.3815 -0.8303
vn 0.4063 -0.3815 -0.8303
vn 0.3594 -0.4863 -0.7965
vn 0.4199 -0.3425 -0.8404
vn 0.6645 -0.4259 -0.6141
vn 0.4597 -0.4194 -0.7828
vn 0.6645 -0.4259 -0.6140
vn 0.9028 -0.0963 -0.4191
vn 0.8705 -0.4759 0.1250
vn -0.3985 0.4245 0.8131
vn 0.8311 0.4935 -0.2562
vn 0.9882 0.1445 0.0508
vn 0.4998 0.5079 -0.7015
vn 0.8311 0.4936 -0.2562
vn 0.9097 0.1948 -0.3669
vn 0.4997 0.5079 -0.7016
vn 0.4135 0.2863 -0.8643
vn 0.4136 0.2862 -0.8643
vn 0.4998 0.5079 -0.7016
vn -0.4767 0.5107 0.7155
vn 0.7710 -0.2765 0.5736
vn 0.2608 -0.0623 0.9634
vn -0.2789 0.0710 0.9577
vn -0.0070 -0.0975 0.9952
vn -0.1535 -0.1031 0.9827
vn 0.0467 -0.0902 0.9948
vn -0.2790 0.0710 0.9576
vn 0.0468 -0.0902 0.9948
vn 0.2607 -0.0624 0.9634
vn -0.1099 -0.2330 0.9662
vn -0.1099 -0.2331 0.9662
vn -0.1536 -0.1033 0.9827
vn -0.1098 -0.2330 0.9662
vn -0.1098 -0.2330 0.9663
vn -0.0070 -0.0976 0.9952
vn -0.1535 -0.1032 0.9827
vn -0.8805 -0.4161 -0.2273
vn -0.9715 0.1605 -0.1741
vn -0.4802 0.8736 -0.0783
vn -0.6993 -0.6731 0.2405
vn -0.8700 0.3881 -0.3041
vn 0.5922 0.7992 0.1028
vn 0.9578 0.0551 0.2819
vn -0.1007 0.9735 0.2055
vn 0.5921 0.7993 0.1027
vn 0.1357 0.9760 -0.1703
vn 0.6067 -0.6117 0.5076
vn 0.1306 -0.9762 0.1731
vn 0.1357 0.9760 -0.1704
vn 0.4229 0.8744 -0.2381
vn -0.1329 0.9863 -0.0973
vn -0.4984 0.6095 0.6164
vn -0.4985 0.6095 0.6165
vn -0.7983 0.3545 0.4869
vn -0.7068 0.6962 0.1259
vn -0.7068 0.6961 0.1258
vn -0.3232 0.5536 0.7675
vn -0.4467 0.3139 0.8378
vn -0.7983 0.3544 0.4869
vn -0.1755 0.0316 -0.9840
vn -0.6313 0.3286 -0.7024
vn -0.6313 0.3286 -0.7025
vn 0.5414 -0.5501 -0.6358
vn -0.4466 0.3138 0.8379
vn -0.3231 0.5536 0.7675
vn 0.3798 -0.3614 -0.8515
vn 0.5452 -0.3144 -0.7771
vn 0.5413 -0.5501 -0.6358
vn 0.8039 -0.4464 0.3932
vn 0.8705 -0.4760 0.1250
vn 0.5453 -0.3144 -0.7771
vn 0.8100 -0.5485 -0.2075
vn 0.5628 0.0803 -0.8227
vn -0.8700 0.3880 -0.3041
vn -0.9417 0.2866 -0.1762
vn -0.5880 0.6183 -0.5214
vn 0.0130 0.8033 -0.5955
vn 0.2356 0.6462 -0.7259
vn 0.3418 0.7825 -0.5206
vn 0.0130 0.8032 -0.5955
vn -0.2311 0.4920 -0.8393
vn -0.9343 -0.3554 -0.0265
vn 0.4998 0.5080 -0.7015
vn -0.5524 -0.5819 0.5969
vn -0.5176 -0.7855 0.3392
vn -0.2793 -0.9090 0.3094
vn -0.2792 -0.9090 0.3094
vn -0.0593 -0.9978 0.0285
vn -0.0454 -0.9988 -0.0199
vn 0.0346 -0.9911 -0.1289
vn 0.3112 -0.8988 -0.3086
vn 0.5024 -0.6993 -0.5084
vn 0.1571 -0.8651 -0.4765
vn 0.1070 -0.9942 -0.0143
vn 0.5188 0.1539 -0.8409
vn 0.5188 0.1539 -0.8410
vn -0.0467 -0.4095 0.9111
vn 0.0496 -0.7578 0.6506
vn 0.1756 0.0448 -0.9834
vn 0.1034 -0.0616 -0.9927
vn 0.2231 -0.4582 -0.8604
vn 0.4035 -0.9018 -0.1550
vn -0.3647 0.2552 0.8955
vn -0.3573 -0.4326 0.8278
vn -0.3388 -0.5989 0.7256
vn -0.2209 -0.3320 0.9170
vn -0.3389 -0.5989 0.7256
vn -0.7717 -0.2598 0.5805
vn -0.5567 -0.3655 0.7459
vn -0.6391 0.1266 0.7586
vn 0.0190 0.9926 0.1201
vn -0.4621 0.7839 0.4146
vn -0.2517 0.8118 0.5270
vn -0.0857 0.9915 0.0977
vn -0.3720 0.7872 0.4918
vn 0.0190 0.9926 0.1200
vn 0.0201 0.9976 0.0655
vn 0.1472 0.9636 -0.2231
vn 0.7994 0.3650 -0.4772
vn 0.7124 0.2910 -0.6386
vn 0.5869 -0.3150 0.7459
vn 0.6736 0.5446 -0.4996
vn 0.4729 0.7066 -0.5264
vn 0.3295 0.3543 -0.8752
vn -0.0856 0.9915 0.0976
vn -0.2578 -0.7807 0.5693
vn -0.4438 -0.7158 0.5391
vn 0.0509 -0.8844 0.4640
vn -0.8278 -0.3417 0.4451
vn -0.8869 -0.2014 0.4157
vn -0.9044 -0.2112 0.3707
vn 0.4132 0.3087 0.8567
vn -0.7944 0.0365 0.6062
vn -0.9895 -0.0883 0.1142
vn -0.9857 0.0726 0.1518
vn -0.6207 0.1298 0.7733
vn -0.5543 0.1169 0.8240
vn -0.7219 -0.6536 0.2275
vn -0.6003 -0.1699 0.7815
vn -0.9650 0.1900 0.1809
vn -0.9857 0.0727 0.1517
vn -0.7799 0.4953 -0.3827
vn -0.1271 -0.4541 -0.8818
vn -0.0880 0.2830 -0.9551
vn -0.7004 0.6685 -0.2500
vn 0.8014 0.3883 -0.4549
vn 0.4708 0.6937 -0.5452
vn -0.1272 -0.4541 -0.8818
vn 0.4435 -0.1240 -0.8876
vn -0.5577 -0.7426 -0.3710
vn -0.9858 0.0726 0.1516
vn -0.9895 -0.0883 0.1140
vn -0.0134 0.2140 0.9767
vn -0.2208 -0.3320 0.9171
vn -0.0468 -0.4094 0.9111
vn 0.3989 -0.8080 0.4336
vn -0.1366 0.6150 0.7766
vn -0.0467 -0.4094 0.9111
vn 0.1196 -0.4192 0.9000
vn -0.0276 0.1533 0.9878
vn 0.5881 -0.7392 0.3282
vn 0.1966 -0.5433 0.8162
vn 0.7134 -0.6463 -0.2710
vn 0.7174 -0.6914 -0.0854
vn -0.1513 0.4552 -0.8775
vn 0.3016 -0.8731 0.3830
vn 0.7030 -0.6982 0.1350
vn 0.8638 -0.2499 -0.4374
vn 0.6980 -0.4417 -0.5636
vn 0.8638 -0.2499 -0.4375
vn 0.6921 -0.1305 -0.7100
vn 0.8988 0.2022 -0.3890
vn 0.8125 0.1408 -0.5657
vn 0.8638 -0.2498 -0.4375
vn 0.9636 -0.1192 -0.2395
vn 0.6921 -0.1305 -0.7099
vn 0.7030 -0.6983 0.1350
vn 0.8116 0.3536 -0.4650
vn 0.9575 -0.1496 -0.2467
vn 0.0620 -0.1809 -0.9815
vn 0.6662 0.1008 -0.7389
vn 0.8014 0.3882 -0.4549
vn 0.0076 0.8502 -0.5265
vn -0.7554 -0.0854 0.6496
vn -0.6207 0.1297 0.7733
vn 0.5300 -0.4427 0.7233
vn 0.5020 0.2122 0.8384
vn 0.2016 0.3987 0.8947
vn 0.2016 0.3987 0.8946
vn 0.4028 0.7036 0.5854
vn 0.7219 0.2064 0.6605
vn 0.3962 -0.4114 0.8209
vn 0.5882 -0.7392 0.3282
vn 0.8057 -0.5421 0.2389
vn 0.3961 -0.4113 0.8209
vn -0.1252 -0.0665 0.9899
vn 0.5240 -0.4636 0.7145
vn 0.6980 -0.4417 -0.5637
vn -0.2704 0.4793 -0.8350
vn -0.5772 0.3173 -0.7524
vn -0.5757 0.7389 -0.3502
vn -0.5773 0.3173 -0.7524
vn -0.5757 0.7388 -0.3503
vn -0.8201 0.2064 -0.5336
vn 0.5952 -0.0359 0.8027
vn 0.5301 -0.4427 0.7232
vn 0.8045 -0.0535 0.5916
vn 0.5953 -0.0359 0.8027
vn 0.1103 -0.7670 -0.6321
vn -0.5179 -0.7577 -0.3971
vn -0.6100 -0.7924 -0.0024
vn 0.1194 -0.9925 0.0263
vn 0.5952 -0.0358 0.8027
vn 0.7220 0.2064 0.6604
vn 0.5720 0.7107 0.4095
vn 0.5720 0.7107 0.4094
vn 0.8617 0.0998 0.4976
vn 0.7851 0.5200 0.3366
vn -0.9944 0.0942 0.0474
vn -0.6101 -0.7923 -0.0023
vn -0.9186 0.1743 -0.3547
vn -0.8949 -0.0576 -0.4425
vn -0.7214 0.5720 -0.3903
vn -0.9836 0.0199 -0.1795
vn -0.8950 -0.0576 -0.4424
vn -0.9186 0.1742 -0.3546
vn -0.7214 0.5721 -0.3903
vn 0.7364 0.6761 0.0232
vn -0.2909 0.9307 -0.2216
vn 0.0311 -0.9811 0.1908
vn 0.9006 -0.1857 0.3930
vn 0.9948 0.1018 0.0091
vn 0.5771 -0.2872 -0.7645
vn 0.7125 0.2910 -0.6385
vn 0.6021 -0.0330 0.7978
vn 0.7932 -0.2308 0.5636
vn -0.7456 -0.5754 0.3363
vn -0.7768 -0.5890 0.2226
vn 0.3865 0.0362 0.9216
vn 0.6347 -0.1015 0.7660
vn 0.7391 0.0650 0.6704
vn 0.5652 0.1496 0.8113
vn -0.6906 -0.3664 0.6235
vn -0.6619 -0.7338 0.1530
vn -0.5552 0.0890 0.8270
vn -0.1271 -0.7764 -0.6172
vn -0.0498 -0.6416 -0.7655
vn -0.4154 0.2946 0.8606
vn -0.4497 0.1786 0.8751
vn 0.4989 -0.1079 -0.8599
vn 0.7222 0.3536 -0.5945
vn 0.7221 0.3535 -0.5946
vn 0.6521 0.4000 -0.6441
vn -0.0193 0.7846 0.6197
vn -0.3990 0.3603 0.8432
vn 0.6271 0.7562 -0.1870
vn 0.0447 -0.8080 0.5874
vn -0.4296 -0.7820 0.4516
vn -0.5973 -0.7104 0.3721
vn -0.3575 -0.2340 -0.9041
vn -0.5935 -0.0282 -0.8044
vn -0.7959 -0.4020 -0.4526
vn -0.3750 -0.4696 -0.7993
vn -0.2566 0.9350 -0.2449
vn -0.4119 0.8556 -0.3135
vn -0.1062 0.9905 -0.0875
vn -0.7769 -0.5890 0.2226
vn -0.8006 0.1654 -0.5759
vn -0.5935 -0.0281 -0.8044
vn 0.0447 -0.8080 0.5875
vn -0.8006 0.1654 -0.5760
vn -0.5614 0.2566 -0.7868
vn 0.5422 -0.7140 0.4430
vn 0.8476 -0.1163 0.5177
vn -0.3977 0.4248 0.8132
vn -0.6122 0.3856 0.6902
vn -0.6123 0.3857 0.6902
vn -0.7917 0.5868 0.1698
vn -0.4864 0.7919 -0.3691
vn -0.7917 0.5868 0.1697
vn -0.4864 0.7919 -0.3692
vn 0.3526 0.9353 -0.0284
vn 0.8902 -0.3002 0.3425
vn -0.6319 0.7253 0.2732
vn -0.4863 0.7920 -0.3691
vn 0.0173 0.9781 -0.2072
vn 0.3948 0.6288 -0.6699
vn 0.0521 0.6128 -0.7885
vn -0.4864 0.7920 -0.3691
vn 0.4049 0.1583 -0.9005
vn 0.5806 -0.2811 0.7641
vn 0.3207 0.7595 -0.5660
vn -0.0137 0.5535 -0.8328
vn -0.0138 0.5535 -0.8328
vn 0.5806 -0.2812 0.7641
vn 0.1250 0.1360 0.9828
vn 0.0786 0.0697 0.9945
vn -0.1595 -0.1202 0.9798
vn 0.4103 0.2602 0.8740
vn 0.6054 0.7498 0.2670
vn -0.2080 -0.2821 -0.9366
vn 0.3738 0.4166 -0.8287
vn -0.1280 -0.0568 -0.9902
vn 0.1388 0.2969 -0.9448
vn -0.3243 0.1384 0.9358
vn -0.1253 -0.0664 0.9899
vn -0.3242 0.1384 0.9358
vn -0.3243 0.1385 0.9358
vn -0.5445 0.2061 0.8131
vn -0.6123 0.3856 0.6902
vn -0.5444 0.2062 0.8131
vn 0.5172 -0.2433 -0.8205
vn 0.6967 -0.3011 -0.6511
vn -0.6697 0.3378 0.6613
vn 0.1713 -0.1254 0.9772
vn 0.7154 -0.6222 0.3181
vn 0.4908 -0.8609 0.1341
vn 0.8052 -0.5461 -0.2311
vn 0.4908 -0.8609 0.1340
vn 0.8052 -0.5460 -0.2311
vn 0.6110 -0.6667 0.4269
vn 0.2136 0.5944 0.7753
vn 0.6345 -0.2235 0.7399
vn 0.7938 0.0152 0.6079
vn -0.2483 0.8623 0.4413
vn -0.6607 0.7304 0.1730
vn -0.2103 0.5864 0.7823
vn 0.2135 0.5945 0.7753
vn -0.2483 0.8623 0.4412
vn 0.6198 0.5998 0.5061
vn 0.4625 0.8830 0.0802
vn 0.3113 0.0900 -0.9461
vn 0.1375 -0.3871 -0.9117
vn -0.8015 -0.5086 -0.3145
vn -0.5293 -0.2789 -0.8013
vn -0.8889 -0.2531 -0.3818
vn -0.8146 0.3456 -0.4659
vn -0.6350 0.3616 -0.6826
vn -0.9404 -0.3361 -0.0523
vn -0.7922 -0.5879 0.1636
vn -0.9427 0.2297 -0.2418
vn -0.9622 0.2721 0.0145
vn -0.9404 -0.3360 -0.0523
vn -0.9884 -0.1332 -0.0726
vn -0.9427 0.2296 -0.2418
vn -0.9427 0.2297 -0.2419
vn 0.7939 0.0151 0.6079
vn 0.7939 0.0152 0.6079
vn 0.8316 0.3329 0.4446
vn 0.9042 -0.1062 0.4136
vn 0.5983 0.4141 0.6859
vn 0.6199 0.5997 0.5061
vn -0.6495 -0.7589 -0.0473
vn -0.0561 -0.9802 0.1901
vn 0.9501 0.1859 0.2505
vn 0.8316 0.3329 0.4445
vn 0.8403 0.4469 0.3070
vn -0.2625 -0.9344 0.2410
vn 0.3243 -0.9354 0.1411
vn 0.1442 -0.9870 0.0704
vn 0.9840 -0.1781 -0.0061
vn 0.3243 -0.9354 0.1410
vn 0.8402 0.4469 0.3071
vn 0.9167 0.3909 0.0826
vn 0.4626 0.8830 0.0802
vn 0.8402 0.4469 0.3070
vn 0.4626 0.8830 0.0801
vn 0.9167 0.3909 0.0825
vn 0.7052 0.7033 -0.0893
vn 0.1252 0.1139 0.9856
vn 0.8276 -0.1549 -0.5395
vn 0.7003 -0.4900 -0.5190
vn -0.2041 -0.4621 0.8630
vn -0.3929 0.0760 0.9164
vn 0.4620 -0.7996 0.3837
vn -0.1496 -0.7564 0.6368
vn 0.6574 -0.7419 0.1316
vn 0.4621 -0.7995 0.3837
vn 0.6206 -0.1928 -0.7600
vn 0.5651 -0.8131 0.1402
vn 0.2795 -0.1690 -0.9452
vn 0.2796 -0.1689 -0.9451
vn 0.4369 0.0494 -0.8981
vn -0.8460 0.0145 0.5331
vn -0.3494 -0.5042 -0.7898
vn -0.8426 0.5382 0.0220
vn -0.5324 0.5179 0.6695
vn 0.2181 0.5543 -0.8032
vn -0.2536 0.7591 -0.5996
vn -0.8277 -0.3416 0.4451
vn -0.8278 -0.3416 0.4451
vn -0.1496 -0.7563 0.6368
vn 0.4621 -0.7996 0.3837
vn 0.4708 0.6936 -0.5452
vn 0.4707 0.6936 -0.5452
vn 0.7414 0.3429 -0.5769
vn 0.8115 0.3537 -0.4651
vn 0.5866 0.3299 -0.7397
vn 0.9008 -0.1855 -0.3925
vn -0.4858 -0.1854 -0.8542
vn -0.4231 -0.3114 -0.8509
vn -0.1535 -0.8119 -0.5633
vn -0.4533 -0.3093 -0.8359
vn -0.5799 0.1776 -0.7951
vn -0.5799 0.1774 -0.7952
vn -0.5150 0.8489 -0.1193
vn 0.2841 -0.9557 0.0773
vn 0.4792 -0.7685 0.4239
vn 0.0309 0.5545 0.8316
vn -0.2596 0.9049 0.3374
vn 0.5724 -0.1807 0.7998
vn 0.5133 -0.0181 0.8580
vn 0.4898 0.0327 0.8712
vn -0.4999 -0.2021 -0.8422
vn -0.5730 -0.0594 -0.8174
vn 0.0310 0.5545 0.8316
vn 0.4369 0.0495 -0.8982
vn -0.0338 0.0324 -0.9989
vn -0.0081 0.4383 -0.8988
vn 0.2795 -0.1689 -0.9452
vn 0.5865 0.3299 -0.7397
vn 0.8845 0.2545 -0.3910
vn 0.9575 -0.1496 -0.2468
vn 0.4793 -0.7685 0.4239
vn 0.4785 -0.5112 0.7140
vn 0.5442 0.0331 0.8383
vn -0.8393 -0.5065 0.1977
vn -0.8224 -0.5638 0.0763
vn -0.9144 -0.3781 -0.1448
vn -0.8223 -0.5638 0.0764
vn -0.7922 -0.3624 -0.4910
vn -0.5535 -0.0684 -0.8300
vn -0.5293 -0.2528 -0.8099
vn -0.7046 -0.1447 -0.6947
vn -0.5363 -0.7743 -0.3360
vn -0.5492 -0.1600 -0.8203
vn -0.8691 -0.2785 -0.4087
vn -0.5799 -0.2452 -0.7769
vn -0.2845 0.1065 -0.9528
vn -0.2006 -0.9601 0.1951
vn -0.0943 -0.9798 0.1762
vn -0.0941 -0.9798 0.1762
vn -0.2005 -0.9601 0.1952
vn -0.5175 0.3732 0.7700
vn -0.6279 -0.1068 0.7709
vn -0.8295 0.2253 0.5110
vn -0.8296 0.2253 0.5109
vn -0.5175 0.3733 0.7700
vn -0.7520 0.5036 0.4252
vn -0.8295 0.2254 0.5109
vn -0.9944 0.0941 0.0474
vn 0.7435 -0.6639 -0.0801
vn 0.8875 -0.4448 -0.1205
vn -0.9077 0.3762 0.1856
vn -0.9051 0.3920 -0.1646
vn -0.7214 0.5721 -0.3904
vn -0.5034 0.8386 -0.2085
vn -0.8839 0.4676 0.0015
vn -0.5034 0.8385 -0.2085
vn -0.6154 0.7862 -0.0565
vn -0.8839 0.4677 0.0016
vn -0.9051 0.3921 -0.1645
vn -0.6153 0.7863 -0.0565
vn -0.8843 0.4668 0.0015
vn -0.7163 0.6574 0.2340
vn -0.0261 -0.9962 -0.0828
vn 0.1514 -0.9048 -0.3980
vn 0.7434 -0.6640 -0.0801
vn -0.7169 0.6568 0.2339
vn -0.4430 0.7268 0.5249
vn 0.2585 0.9526 -0.1603
vn -0.0495 0.9927 -0.1095
vn 0.5723 0.7474 0.3374
vn 0.0557 0.9824 -0.1785
vn 0.0286 0.9986 -0.0456
vn 0.0285 0.9985 -0.0456
vn 0.2585 0.9526 -0.1604
vn 0.4920 0.8279 -0.2693
vn -0.2898 0.9517 0.1015
vn -0.5413 -0.6222 -0.5655
vn -0.3849 -0.8732 -0.2990
vn -0.1633 -0.0867 0.9828
vn -0.5535 -0.0685 -0.8300
vn -0.3059 -0.0316 -0.9515
vn -0.4429 0.7268 0.5250
vn 0.2313 0.6248 0.7457
vn 0.2551 0.1059 -0.9611
vn 0.4939 0.3091 -0.8127
vn 0.2552 0.1059 -0.9611
vn 0.5978 -0.5048 -0.6227
vn 0.5873 -0.6371 -0.4992
vn 0.1215 -0.4550 -0.8822
vn 0.4890 -0.3144 -0.8136
vn 0.4891 -0.3144 -0.8136
vn 0.2313 0.6248 0.7458
vn 0.2215 0.9451 0.2403
vn 0.7699 0.6022 0.2114
vn 0.6021 -0.0133 0.7983
vn -0.5534 -0.0684 -0.8301
vn 0.8868 0.3077 0.3448
vn 0.8766 0.4797 -0.0380
vn 0.7486 0.3092 0.5865
vn 0.7954 0.5864 -0.1533
vn 0.7364 0.6762 0.0231
vn 0.9948 0.1019 0.0090
vn 0.8652 0.3408 -0.3677
vn 0.8278 0.1521 -0.5399
vn 0.4465 -0.2775 -0.8506
vn 0.2706 -0.4434 -0.8545
vn 0.4331 -0.2851 -0.8550
vn 0.7027 0.2158 -0.6780
vn 0.7026 0.2158 -0.6780
vn -0.8656 0.1062 0.4894
vn -0.7500 -0.5259 0.4013
vn -0.7799 0.4500 -0.4350
vn -0.2291 -0.9582 -0.1711
vn 0.3185 0.7944 0.5172
vn -0.1723 0.5165 0.8388
vn -0.1037 -0.9859 -0.1315
vn -0.0524 -0.9921 -0.1136
vn -0.2522 -0.9621 -0.1037
vn -0.4393 -0.8947 -0.0815
vn -0.0524 -0.9921 -0.1137
vn -0.0351 -0.9974 -0.0627
vn -0.0924 -0.9879 -0.1248
vn 0.0208 -0.9987 -0.0462
vn -0.2291 -0.9583 -0.1710
vn -0.2521 -0.9621 -0.1038
vn -0.4392 -0.8947 -0.0815
vn -0.2521 -0.9621 -0.1036
vn -0.0681 -0.9917 -0.1091
vn 0.7262 0.6864 -0.0390
vn 0.6331 -0.6833 0.3638
vn 0.1876 -0.9666 0.1744
vn -0.3386 -0.9268 -0.1628
vn -0.6115 0.6501 -0.4511
vn -0.7244 0.5177 -0.4553
vn -0.5904 0.5714 -0.5700
vn -0.2291 -0.9582 -0.1712
vn 0.4201 -0.7224 0.5492
vn 0.3897 0.8945 0.2189
vn 0.1607 0.9844 0.0718
vn -0.0135 0.9862 -0.1653
vn -0.4118 0.8556 -0.3136
vn 0.4200 -0.7225 0.5492
vn -0.0526 -0.9650 0.2567
vn 0.2048 -0.6423 0.7386
vn -0.4077 -0.8629 -0.2988
vn 0.7172 -0.5367 0.4446
vn -0.7850 0.2238 -0.5776
vn 0.7972 -0.1313 0.5892
vn -0.7798 0.4501 -0.4351
vn 0.5121 0.7737 -0.3729
vn 0.0263 0.6880 -0.7253
vn 0.7799 0.5914 -0.2047
vn 0.8814 0.3451 0.3226
vn -0.5314 -0.8374 0.1277
vn -0.3356 -0.9146 -0.2257
vn -0.5445 -0.8376 -0.0437
vn -0.7851 0.2239 -0.5776
vn 0.7093 0.1683 0.6845
vn 0.4418 0.7182 0.5375
vn 0.1221 -0.3660 0.9226
vn -0.1522 -0.3452 0.9261
vn -0.0902 -0.2137 0.9727
vn 0.1220 -0.3661 0.9225
vn -0.0902 -0.2136 0.9727
vn 0.4332 0.7364 0.5197
vn 0.3442 0.3623 0.8661
vn 0.3442 0.3624 0.8661
vn 0.3471 0.9127 -0.2156
vn -0.5838 0.5230 -0.6210
vn -0.2940 0.3562 -0.8869
vn -0.2360 -0.6667 -0.7070
vn -0.2845 0.1065 -0.9527
vn 0.7800 0.5914 -0.2047
vn 0.6714 0.4524 -0.5869
vn 0.6316 0.6773 -0.3773
vn -0.0780 -0.1991 -0.9769
vn -0.4229 -0.7235 -0.5456
vn -0.4076 -0.8628 -0.2989
vn -0.1778 0.5029 -0.8458
vn 0.0007 0.1177 -0.9930
vn 0.0462 0.4684 -0.8823
vn 0.0514 0.0217 -0.9984
vn 0.0567 0.0572 -0.9967
vn 0.9578 0.0552 0.2819
vn 0.3418 0.7825 -0.5205
vn 0.9792 -0.1158 0.1669
vn 0.9792 -0.1158 0.1668
vn 0.8038 -0.4464 0.3931
vn 0.0362 -0.6397 0.7678
vn 0.9141 -0.1695 -0.3684
vn 0.9141 -0.1695 -0.3683
vn -0.6837 -0.2753 0.6759
vn -0.2737 -0.0058 0.9618
vn -0.5217 -0.7978 0.3022
vn -0.2044 -0.9339 -0.2932
vn -0.3564 -0.3651 0.8600
vn -0.6837 -0.2753 0.6758
vn -0.0609 -0.1275 0.9900
vn -0.2736 -0.0058 0.9618
vn -0.2157 0.3237 0.9213
vn -0.9755 -0.0991 0.1965
vn -0.3615 -0.9218 0.1402
vn -0.8669 -0.0343 0.4972
vn -0.9255 0.2011 0.3209
vn -0.6841 0.6973 0.2138
vn -0.6098 0.1703 0.7740
vn -0.2246 -0.9741 -0.0259
vn 0.4787 -0.4339 -0.7633
vn 0.3068 -0.8156 -0.4906
vn 0.7299 -0.2921 -0.6179
vn 0.7095 -0.5191 -0.4765
vn -0.4874 0.6205 0.6144
vn -0.4874 0.6206 0.6143
vn 0.4429 -0.8620 -0.2466
vn 0.3443 0.3624 0.8661
vn 0.4809 0.6395 0.5999
vn 0.5960 0.8027 -0.0212
vn 0.2667 -0.0459 -0.9627
vn 0.5621 -0.0867 -0.8225
vn 0.5622 -0.0867 -0.8225
vn 0.6426 0.6508 -0.4045
vn 0.1212 0.2738 -0.9541
vn 0.4430 -0.8619 -0.2466
vn 0.4429 -0.8619 -0.2467
vn 0.8222 -0.5581 -0.1122
vn 0.3244 -0.9354 0.1410
vn 0.1443 -0.9870 0.0703
vn 0.8739 -0.2940 -0.3872
vn 0.8775 -0.1158 -0.4653
vn 0.7130 0.6352 -0.2971
vn 0.8739 -0.2939 -0.3871
vn 0.9748 -0.0108 -0.2228
vn 0.3695 -0.1514 -0.9168
vn 0.4273 0.5090 -0.7472
vn 0.8598 -0.4756 -0.1856
vn -0.2992 0.5888 0.7508
vn 0.6715 0.4525 -0.5869
s 0
f 3//1 2//2 24//3
f 9//4 2//5 3//6
f 1//7 4//8 56//9
f 4//10 7//11 6//12
f 7//13 65//14 6//15
f 9//16 5//17 2//5
f 13//18 8//19 12//20
f 14//21 63//22 64//23
f 7//24 66//25 65//26
f 17//27 16//28 18//29
f 20//30 1//31 15//32
f 18//33 16//34 21//35
f 2//2 20//36 24//3
f 2//37 1//31 20//38
f 27//39 18//33 21//40
f 16//34 23//41 21//35
f 27//42 29//43 26//44
f 528//45 28//46 62//47
f 30//48 23//49 16//34
f 32//50 36//51 31//52
f 42//53 34//54 31//55
f 66//56 37//57 38//58
f 39//59 36//51 33//60
f 39//61 49//62 36//63
f 41//64 40//65 39//66
f 41//64 39//67 37//57
f 34//54 42//53 17//68
f 73//69 30//70 17//71
f 43//72 73//69 17//73
f 44//74 42//75 35//76
f 43//77 17//68 42//53
f 48//78 44//79 49//62
f 41//80 53//81 40//82
f 40//65 53//83 51//84
f 53//85 41//86 50//87
f 54//88 52//89 46//90
f 60//91 22//92 19//93
f 55//94 22//92 60//95
f 61//96 69//97 58//98
f 59//99 61//96 58//98
f 22//92 55//100 29//101
f 63//102 55//103 64//104
f 64//23 55//103 57//105
f 64//106 57//107 68//108
f 62//109 55//103 63//102
f 13//18 67//110 66//111
f 69//112 67//113 68//114
f 13//115 68//114 67//113
f 71//116 69//117 61//96
f 71//116 37//118 67//113
f 72//119 59//120 23//41
f 74//121 61//96 72//122
f 75//123 74//124 72//125
f 76//126 83//127 74//124
f 73//69 77//128 75//129
f 77//130 76//131 75//123
f 77//132 78//133 76//134
f 81//135 50//87 41//80
f 184//136 80//137 177//138
f 82//139 190//140 189//141
f 87//142 80//143 184//144
f 83//127 79//145 74//124
f 85//146 76//134 291//147
f 78//133 291//148 76//126
f 84//149 205//150 81//151
f 84//152 79//145 83//153
f 80//143 86//154 202//155
f 87//142 86//156 80//143
f 90//157 88//158 82//139
f 90//157 82//159 91//160
f 91//161 92//162 90//157
f 212//163 739//164 92//165
f 93//166 95//167 123//168
f 94//169 126//170 97//171
f 93//166 98//172 106//173
f 94//174 98//175 93//166
f 97//176 153//177 98//172
f 118//178 99//179 117//180
f 109//181 117//182 99//183
f 175//184 99//185 118//178
f 100//186 101//187 109//188
f 105//189 118//190 104//191
f 104//192 103//193 93//194
f 104//191 107//195 108//196
f 105//189 108//196 121//197
f 103//198 95//199 93//166
f 109//200 112//201 110//202
f 110//202 112//201 96//203
f 114//204 136//205 96//203
f 115//206 114//207 111//208
f 112//201 115//209 111//208
f 116//210 112//201 113//211
f 115//206 112//212 116//213
f 113//211 112//214 109//200
f 150//215 113//211 101//187
f 121//216 122//217 186//218
f 150//215 116//210 113//211
f 120//219 119//220 121//221
f 126//222 94//223 125//224
f 123//168 124//225 127//226
f 133//227 127//226 124//225
f 129//228 133//229 124//225
f 127//230 133//227 132//231
f 125//232 132//233 131//234
f 126//235 134//236 139//237
f 123//168 125//232 94//223
f 129//238 124//239 136//240
f 126//241 139//242 97//176
f 137//243 140//244 145//245
f 145//245 138//246 137//243
f 137//247 138//246 136//205
f 128//248 141//249 134//250
f 144//251 141//249 128//248
f 141//252 135//253 134//236
f 141//254 142//255 135//253
f 130//256 129//257 136//258
f 130//259 136//205 138//260
f 171//261 145//262 147//263
f 146//264 145//262 171//265
f 596//266 129//267 130//256
f 148//268 137//269 114//270
f 173//271 116//213 150//215
f 233//272 173//273 150//215
f 233//272 174//274 173//273
f 152//275 107//276 106//277
f 157//278 152//279 155//280
f 158//281 122//217 108//282
f 158//281 159//283 122//217
f 163//284 161//285 159//286
f 122//217 121//216 108//282
f 163//287 160//288 172//289
f 162//290 122//217 161//285
f 163//284 162//290 161//291
f 159//283 161//285 122//217
f 166//292 156//293 169//294
f 165//295 168//296 164//297
f 167//298 169//299 168//300
f 170//301 171//261 147//302
f 166//292 148//268 172//303
f 173//271 115//304 116//213
f 173//271 172//303 115//206
f 174//305 231//306 163//287
f 233//272 231//306 174//305
f 174//307 163//287 172//289
f 100//308 99//183 176//309
f 175//310 178//311 176//312
f 175//310 118//190 178//313
f 102//314 100//308 177//315
f 180//316 102//314 177//315
f 178//313 183//317 182//318
f 182//319 181//320 178//321
f 184//322 177//315 176//323
f 190//324 184//144 176//323
f 181//325 190//324 176//323
f 179//326 185//327 183//328
f 179//326 183//329 178//313
f 186//330 230//331 188//332
f 186//330 188//332 185//327
f 185//327 239//333 187//334
f 185//327 188//332 239//335
f 119//220 120//219 179//326
f 189//141 190//336 182//319
f 191//337 189//141 182//318
f 91//338 189//141 191//337
f 191//339 201//340 91//338
f 187//341 201//340 191//337
f 193//342 51//84 53//343
f 192//344 54//345 51//346
f 239//333 214//347 187//334
f 199//348 194//349 180//350
f 197//351 195//352 196//353
f 197//354 180//350 195//355
f 194//349 149//356 102//314
f 198//357 233//272 150//358
f 198//359 150//360 151//361
f 151//361 194//349 199//348
f 151//361 199//362 200//363
f 91//161 82//364 189//141
f 187//365 208//366 201//367
f 202//155 204//368 196//369
f 204//368 197//354 196//369
f 355//370 193//371 53//85
f 355//370 205//150 206//372
f 210//373 219//374 203//375
f 219//374 222//376 223//377
f 219//374 204//368 203//375
f 209//378 203//379 202//380
f 212//381 92//165 207//382
f 211//383 212//381 207//382
f 213//384 212//385 211//383
f 226//386 213//387 211//383
f 216//388 211//383 208//389
f 214//390 208//391 187//392
f 214//390 218//393 215//394
f 219//374 197//351 204//395
f 200//396 197//351 219//374
f 221//397 220//398 223//399
f 220//398 225//400 200//396
f 224//401 257//402 200//396
f 220//403 221//397 217//404
f 225//405 220//398 217//406
f 254//407 217//408 215//394
f 256//409 225//405 217//408
f 226//410 216//411 221//412
f 216//388 226//386 211//413
f 675//414 221//397 223//415
f 227//416 368//417 228//418
f 676//419 229//420 227//421
f 227//422 372//423 368//424
f 230//331 162//425 231//306
f 231//426 236//427 230//428
f 236//429 231//306 234//430
f 234//431 231//306 233//272
f 235//432 198//357 151//361
f 238//433 236//434 237//435
f 188//332 214//436 239//335
f 198//437 235//438 237//439
f 249//440 151//361 200//396
f 249//440 235//441 151//442
f 1001//443 246//444 242//445
f 243//446 232//447 238//448
f 971//449 242//450 973//451
f 242//450 245//452 973//453
f 242//445 246//454 245//452
f 237//435 248//455 238//433
f 252//456 248//457 235//458
f 267//459 244//460 240//461
f 710//462 709//463 247//464
f 253//465 710//466 1011//467
f 249//468 252//469 235//432
f 247//464 246//470 1001//471
f 256//472 217//473 254//474
f 225//475 256//476 224//477
f 241//478 200//396 257//479
f 255//480 258//481 218//482
f 224//477 259//483 257//484
f 680//485 261//486 260//487
f 229//488 405//489 372//490
f 261//491 407//492 260//493
f 260//493 407//492 405//494
f 262//495 407//492 263//496
f 264//497 1031//498 255//499
f 250//500 249//468 241//478
f 266//501 264//502 244//503
f 267//459 266//504 244//460
f 255//480 1031//505 258//481
f 269//506 52//507 54//508
f 278//509 272//510 279//511
f 284//512 276//513 271//514
f 280//515 283//516 278//509
f 278//517 279//518 280//515
f 283//519 345//520 277//521
f 282//522 302//523 312//524
f 286//525 77//128 73//526
f 286//525 287//527 77//128
f 285//528 47//529 288//530
f 741//531 286//532 285//533
f 290//534 285//528 288//530
f 291//147 78//133 77//132
f 292//535 293//536 291//148
f 741//531 292//535 287//527
f 289//537 297//538 290//539
f 298//540 275//541 272//542
f 331//543 302//544 301//545
f 303//546 317//547 270//548
f 305//549 274//550 271//551
f 306//552 307//553 304//554
f 276//555 306//552 305//556
f 305//557 304//558 274//559
f 313//560 312//561 310//562
f 448//563 310//564 309//565
f 313//566 282//567 312//524
f 302//544 311//568 312//561
f 312//561 311//569 314//570
f 310//564 312//561 314//571
f 316//572 307//553 306//552
f 303//573 322//574 317//575
f 317//576 320//577 318//578
f 318//578 320//579 319//580
f 322//574 320//581 317//575
f 332//582 331//583 300//584
f 322//574 303//573 321//585
f 321//586 303//546 307//587
f 334//588 330//589 321//590
f 275//541 298//540 326//591
f 326//591 298//592 299//593
f 326//591 299//593 325//594
f 323//595 325//596 299//593
f 300//597 275//598 326//591
f 326//599 327//600 300//597
f 327//601 332//602 300//584
f 322//603 324//604 320//581
f 330//605 329//606 324//607
f 332//608 311//609 331//610
f 332//608 333//611 311//609
f 334//612 321//590 316//572
f 316//613 335//614 334//615
f 335//614 343//616 334//615
f 315//617 335//618 316//572
f 334//588 339//619 330//605
f 343//620 339//621 334//588
f 343//622 778//623 339//621
f 336//624 341//625 335//618
f 327//626 337//627 332//628
f 333//611 338//629 315//630
f 270//548 318//631 298//540
f 315//630 316//632 314//633
f 356//634 344//635 192//636
f 280//515 279//511 346//637
f 381//638 346//637 279//518
f 283//516 348//639 345//520
f 346//640 387//641 388//642
f 350//643 348//639 388//644
f 392//645 391//646 350//647
f 348//639 350//643 351//648
f 348//649 351//648 347//650
f 358//651 193//371 355//652
f 206//372 361//653 355//370
f 355//370 361//653 358//654
f 344//655 359//656 353//657
f 361//653 367//658 358//654
f 362//659 367//658 361//653
f 359//660 363//661 353//657
f 390//662 365//663 364//664
f 366//665 392//666 390//667
f 367//668 356//634 358//669
f 368//417 370//670 369//671
f 364//664 374//672 369//671
f 370//670 371//673 369//674
f 371//675 228//676 368//677
f 368//424 372//490 366//678
f 376//679 378//680 375//681
f 374//682 375//683 371//684
f 371//673 378//680 817//685
f 375//681 378//680 371//686
f 378//680 379//687 818//688
f 354//689 361//690 206//691
f 281//692 381//693 279//694
f 381//695 384//696 346//697
f 383//698 381//693 380//699
f 384//700 387//701 346//637
f 381//693 383//698 384//702
f 382//703 385//704 380//705
f 382//706 393//707 385//708
f 390//709 386//710 365//663
f 365//711 386//712 374//672
f 376//713 375//681 389//714
f 390//667 392//645 350//643
f 393//707 394//715 385//708
f 395//716 396//717 394//715
f 376//713 397//718 378//680
f 425//719 352//720 391//721
f 352//722 398//723 349//724
f 425//725 399//726 352//722
f 433//727 401//728 430//729
f 400//730 399//731 401//732
f 366//678 405//733 406//734
f 408//735 407//492 262//495
f 415//736 865//737 410//738
f 415//739 410//738 412//740
f 429//741 403//742 413//743
f 421//744 429//741 413//743
f 415//745 420//746 416//747
f 420//748 417//749 416//750
f 417//749 415//745 416//747
f 262//751 417//749 416//752
f 420//748 414//753 417//749
f 419//754 413//743 414//755
f 420//748 419//756 414//753
f 1166//757 422//758 870//759
f 1166//760 423//761 422//758
f 424//762 879//763 423//764
f 423//761 879//763 422//765
f 414//755 408//735 262//495
f 426//766 396//767 395//768
f 412//769 409//770 411//771
f 437//772 411//771 396//767
f 396//767 438//773 437//772
f 428//774 433//727 430//729
f 429//741 440//775 432//776
f 431//777 428//778 429//741
f 437//772 436//779 412//780
f 437//781 441//782 436//779
f 439//783 441//784 437//785
f 439//783 888//786 441//787
f 421//788 440//775 429//789
f 438//790 434//791 442//792
f 276//793 444//794 308//795
f 445//796 308//797 444//794
f 444//794 451//798 445//796
f 446//799 447//800 310//801
f 447//802 313//560 310//562
f 448//563 309//803 445//804
f 349//805 451//798 444//794
f 451//806 450//807 448//808
f 451//806 448//808 445//804
f 449//809 393//810 447//811
f 450//812 449//813 446//799
f 398//814 452//815 451//798
f 452//816 450//807 451//806
f 454//817 395//818 393//819
f 400//820 453//821 452//816
f 450//812 454//822 449//813
f 453//823 454//822 450//812
f 456//824 468//825 475//826
f 456//827 455//828 468//829
f 459//830 456//831 475//832
f 458//833 456//831 459//834
f 1245//835 459//836 1185//837
f 458//838 459//839 1245//840
f 463//841 462//842 460//843
f 463//844 460//845 461//846
f 464//847 494//848 462//849
f 455//850 483//851 465//852
f 465//853 468//854 455//855
f 472//856 467//857 468//825
f 467//857 469//858 468//825
f 466//859 470//860 469//861
f 468//825 469//862 475//863
f 478//864 475//865 469//861
f 471//866 478//867 470//860
f 473//868 466//859 469//869
f 466//870 480//871 470//872
f 475//873 474//874 459//836
f 478//864 476//875 475//865
f 1257//876 476//877 477//878
f 478//864 471//879 479//880
f 471//879 480//871 481//881
f 482//882 1259//883 479//884
f 481//881 482//882 479//885
f 496//886 481//887 480//871
f 484//888 483//889 495//890
f 483//851 484//888 486//891
f 490//892 484//893 495//890
f 491//894 922//895 487//896
f 495//897 485//898 494//848
f 496//899 501//900 481//881
f 499//901 1256//902 500//903
f 499//904 498//905 1256//906
f 481//881 500//903 482//882
f 500//903 501//907 499//904
f 498//908 497//909 494//910
f 493//911 495//897 497//909
f 496//899 492//912 504//913
f 466//859 492//912 496//914
f 504//913 501//915 496//899
f 505//916 497//909 498//908
f 296//917 290//534 297//918
f 382//703 281//692 282//919
f 447//811 393//707 382//706
f 508//920 513//921 509//922
f 3//6 508//923 509//924
f 519//925 513//926 510//927
f 522//928 510//927 511//929
f 522//928 511//930 534//931
f 9//932 509//933 512//934
f 513//926 515//935 512//936
f 518//937 542//938 517//939
f 512//936 515//940 12//20
f 518//937 12//941 515//935
f 517//939 14//942 13//18
f 514//943 518//937 515//940
f 517//944 12//20 518//937
f 514//943 543//945 518//937
f 519//946 521//947 514//948
f 522//949 562//950 519//925
f 25//951 507//952 24//3
f 26//953 524//954 526//955
f 525//956 507//952 25//951
f 525//956 533//957 507//952
f 526//958 525//959 25//951
f 528//960 527//961 28//46
f 525//959 530//962 533//957
f 530//962 531//963 533//957
f 533//964 534//931 511//965
f 536//966 526//955 524//954
f 532//967 537//968 524//954
f 537//969 536//970 524//971
f 535//972 540//973 531//963
f 540//973 538//974 531//963
f 539//975 535//976 536//970
f 542//977 528//978 516//979
f 529//980 528//981 542//938
f 544//982 532//983 529//980
f 544//982 545//984 532//983
f 546//985 545//986 544//982
f 545//984 548//987 537//968
f 547//988 548//989 545//990
f 550//991 552//992 573//993
f 549//994 578//995 548//996
f 552//997 553//998 578//995
f 573//993 552//997 549//999
f 89//1000 555//1001 88//1002
f 737//1003 90//1004 92//162
f 555//1001 556//1005 86//154
f 738//1006 558//1007 89//1008
f 557//1009 209//1010 556//1011
f 560//1012 556//1013 559//1014
f 743//1015 559//1014 556//1016
f 562//1017 538//1018 561//1019
f 540//1020 563//1021 561//1019
f 566//1022 564//1023 523//1024
f 523//1025 564//1026 520//1027
f 547//1028 573//1029 549//999
f 568//1030 539//1031 536//970
f 541//1032 571//1033 563//1034
f 539//1031 571//1033 541//1032
f 563//1035 570//1036 561//1037
f 567//1038 562//1039 570//1040
f 551//1041 573//1042 576//1043
f 574//1044 577//1045 575//1046
f 580//1047 568//1048 578//1049
f 579//1050 581//1051 571//1052
f 580//1053 578//995 553//998
f 579//1054 580//1047 689//1055
f 579//1054 568//1030 580//1047
f 570//1040 577//1045 567//1038
f 572//1056 692//1057 570//1040
f 577//1058 570//1059 686//1060
f 570//1040 692//1061 686//1062
f 581//1051 692//1061 572//1063
f 571//1052 569//1064 579//1050
f 541//1065 563//1021 540//1066
f 545//984 546//985 547//1067
f 582//1068 144//1069 131//1070
f 133//229 583//1071 132//231
f 585//1072 582//1073 583//1074
f 583//1075 582//1076 131//234
f 133//229 584//1077 583//1074
f 585//1078 587//1079 582//1076
f 586//1080 585//1072 583//1074
f 591//1081 589//1082 142//1083
f 616//1084 590//1085 171//261
f 588//1086 594//1087 591//1088
f 591//1088 595//1089 621//1090
f 585//1078 592//1091 594//1092
f 599//1093 586//1094 584//1077
f 130//256 590//1085 597//1095
f 597//1096 598//1097 596//1098
f 608//1099 601//1100 599//1101
f 602//1102 603//1103 598//1104
f 601//1100 586//1105 599//1106
f 609//1107 601//1108 608//1109
f 613//1110 685//1111 612//1112
f 612//1113 614//1114 613//1115
f 687//1116 728//1117 614//1114
f 589//1118 616//1084 618//1119
f 617//1120 589//1082 618//1119
f 616//1084 170//301 617//1121
f 620//1122 591//1088 621//1123
f 627//1124 622//1125 623//1126
f 626//1127 623//1126 625//1128
f 624//1129 625//1130 620//1131
f 624//1132 626//1133 625//1134
f 628//1135 604//1136 605//1137
f 631//1138 628//1139 629//1140
f 605//1141 629//1142 628//1135
f 627//1143 629//1140 605//1141
f 628//1135 602//1144 604//1145
f 628//1146 631//1147 602//1148
f 631//1147 630//1149 602//1102
f 638//1150 633//1151 632//1152
f 633//1153 639//1154 632//1155
f 613//1110 638//1156 704//1157
f 649//1158 630//1159 634//1160
f 973//1161 704//1162 974//1163
f 974//1163 639//1164 979//1165
f 638//1166 639//1164 974//1163
f 639//1154 643//1167 979//1165
f 626//1168 636//1169 623//1170
f 637//1171 626//1127 624//1132
f 637//1172 636//1173 626//1133
f 635//1174 631//1175 629//1140
f 641//1176 634//1177 631//1147
f 645//1178 621//1123 595//1179
f 646//1180 654//1181 645//1182
f 646//1183 606//1184 648//1185
f 647//1186 648//1187 609//1188
f 611//1189 647//1190 609//1107
f 650//1191 647//1190 611//1189
f 610//1192 650//1193 611//1189
f 655//1194 647//1195 652//1196
f 650//1191 652//1196 647//1190
f 648//1185 653//1197 646//1183
f 645//1198 654//1199 637//1172
f 642//1200 650//1193 649//1201
f 655//1202 1340//1203 653//1197
f 650//1191 656//1204 652//1196
f 656//1204 1340//1203 652//1196
f 614//1114 651//1205 613//1110
f 649//1206 610//1207 630//1159
f 651//1205 639//1208 633//1151
f 613//1110 651//1205 632//1209
f 584//1077 586//1080 583//1074
f 606//1210 592//1211 601//1108
f 601//1212 592//1213 593//1214
f 645//1215 637//1216 624//1129
f 551//1217 661//1218 550//991
f 553//1219 552//1220 657//1221
f 659//1222 580//1047 553//998
f 550//991 665//1223 658//1224
f 665//1225 670//1226 658//1224
f 659//1227 671//1228 660//1229
f 671//1230 659//1231 658//1232
f 690//1233 659//1231 660//1229
f 695//1234 717//1235 674//1236
f 663//1237 551//1041 685//1238
f 662//1239 674//1240 661//1241
f 664//1242 693//1243 691//1244
f 210//373 222//1245 219//374
f 665//1246 666//1247 670//1248
f 666//1249 671//1228 670//1250
f 667//1251 209//378 557//1252
f 222//1245 210//373 667//1251
f 213//1253 740//1254 212//385
f 669//1255 740//1254 213//387
f 669//1256 213//1257 226//386
f 678//1258 660//1259 671//1260
f 560//1012 667//1251 557//1252
f 747//1261 668//1262 667//1263
f 672//1264 669//1256 675//414
f 668//1265 222//376 667//1251
f 665//1223 661//1218 673//1266
f 673//1267 666//1268 665//1269
f 676//1270 717//1271 680//1272
f 661//1218 674//1236 676//419
f 676//419 674//1236 717//1235
f 673//1266 676//419 227//421
f 678//1258 666//1249 677//1273
f 666//1249 678//1258 671//1230
f 721//1274 682//1275 681//1276
f 679//1277 681//1278 682//1275
f 660//1279 682//1280 691//1244
f 678//1281 682//1280 660//1282
f 577//1058 607//1283 575//1046
f 684//1284 692//1057 581//1285
f 686//1060 687//1116 607//1286
f 687//1287 686//1060 692//1061
f 688//1288 687//1287 692//1061
f 607//1286 577//1058 686//1060
f 691//1244 690//1289 660//1282
f 688//1290 728//1291 687//1287
f 694//1292 728//1291 688//1288
f 694//1293 688//1290 693//1243
f 688//1290 689//1294 691//1244
f 695//1295 699//1296 717//1297
f 697//1298 699//1296 695//1295
f 697//1299 698//1300 699//1296
f 701//1301 700//1302 698//1300
f 702//1303 695//1304 662//1239
f 704//1305 703//1306 702//1307
f 702//1308 703//1309 695//1310
f 705//1311 693//1243 664//1242
f 720//1312 701//1313 706//1314
f 720//1315 706//1316 707//1317
f 707//1318 706//1319 705//1320
f 705//1311 731//1321 693//1243
f 708//1322 973//453 245//1323
f 708//1324 245//452 696//1325
f 1010//1326 1345//1327 1344//1328
f 246//470 709//463 696//1329
f 698//1300 709//1330 710//466
f 706//1316 701//1331 698//1332
f 250//1333 252//469 249//1334
f 704//1335 708//1336 703//1306
f 644//1337 643//1338 711//1339
f 732//1340 643//1341 639//1154
f 1344//1342 1343//1343 644//1344
f 711//1345 1344//1346 644//1344
f 712//1347 1344//1346 711//1345
f 712//1348 716//1349 715//1350
f 716//1349 706//1316 715//1350
f 699//1296 680//1272 717//1271
f 263//1351 261//491 718//1352
f 719//1353 262//751 263//1351
f 718//1354 699//1355 700//1356
f 719//1357 718//1354 700//1356
f 700//1358 701//1313 720//1359
f 720//1315 719//1360 700//1361
f 722//1362 719//1357 720//1363
f 722//1362 262//1364 719//1357
f 865//1365 722//1366 723//1367
f 865//737 723//1368 683//1369
f 683//1370 721//1274 864//1371
f 865//737 683//1369 864//1372
f 724//1373 705//1311 664//1374
f 724//1373 664//1374 683//1370
f 724//1375 723//1376 707//1318
f 683//1377 723//1376 724//1375
f 259//483 725//1378 265//1379
f 1367//1380 727//1381 258//1382
f 723//1367 720//1383 707//1384
f 723//1385 722//1366 720//1383
f 731//1321 730//1386 694//1292
f 694//1292 729//1387 728//1291
f 728//1117 729//1388 732//1389
f 712//1348 730//1386 731//1321
f 730//1386 729//1387 694//1292
f 731//1321 694//1390 693//1243
f 729//1391 711//1392 732//1389
f 712//1348 711//1393 730//1394
f 642//1395 656//1396 650//1193
f 728//1397 732//1340 651//1205
f 734//1398 733//1399 554//1400
f 735//1401 558//1007 738//1006
f 735//1401 743//1015 558//1402
f 754//1403 733//1404 734//1405
f 745//1406 737//1003 92//162
f 740//1407 746//1408 745//1409
f 739//164 740//1407 745//1410
f 813//1411 742//1412 292//535
f 741//1413 813//1414 292//535
f 750//1415 748//1416 737//1003
f 746//1417 815//1418 750//1419
f 806//1420 815//1418 746//1417
f 747//1261 560//1421 559//1422
f 737//1423 745//1424 750//1419
f 748//1425 734//1398 554//1426
f 751//1427 828//1428 749//1429
f 750//1430 749//1431 748//1425
f 734//1432 756//1433 754//1434
f 753//1435 754//1403 736//1436
f 756//1437 755//1438 754//1403
f 756//1437 758//1439 755//1440
f 749//1429 760//1441 759//1442
f 759//1443 734//1398 749//1429
f 734//1444 759//1443 756//1445
f 758//1439 799//1446 757//1447
f 799//1448 758//1449 756//1445
f 736//1450 763//1451 735//1452
f 762//1453 735//1401 763//1454
f 762//1453 763//1454 769//1455
f 744//1456 735//1401 762//1453
f 765//1457 764//1458 767//1459
f 767//1459 762//1460 769//1455
f 767//1459 764//1461 762//1460
f 764//1462 744//1456 762//1453
f 752//1463 769//1455 736//1450
f 788//1464 789//1465 752//1463
f 771//1466 770//1467 769//1455
f 773//1468 770//1467 771//1466
f 768//1469 766//1470 770//1471
f 767//1472 766//1470 768//1469
f 772//1473 852//1474 768//1469
f 766//1475 769//1455 770//1476
f 772//1477 770//1478 773//1479
f 323//595 776//1480 325//596
f 775//1481 328//1482 326//599
f 329//606 782//1483 324//604
f 779//1484 781//1485 780//1486
f 781//1485 788//1487 780//1488
f 775//1481 757//1447 777//1489
f 779//1490 775//1491 776//1480
f 776//1492 782//1493 783//1494
f 782//1493 785//1495 784//1496
f 785//1495 789//1497 784//1498
f 783//1494 782//1493 784//1499
f 782//1500 790//1501 789//1465
f 755//1438 787//1502 786//1503
f 787//1504 788//1505 786//1506
f 779//1490 788//1464 787//1507
f 779//1490 787//1504 786//1508
f 757//1509 779//1490 786//1503
f 791//1510 789//1465 790//1501
f 776//1492 783//1494 780//1488
f 788//1511 785//1512 784//1496
f 338//629 337//1513 792//1514
f 794//1515 796//1516 795//1517
f 777//1489 792//1518 328//1519
f 797//1520 790//1501 778//1521
f 342//1522 336//1523 340//1524
f 798//1525 343//616 341//625
f 794//1526 792//1518 777//1527
f 799//1528 796//1529 794//1515
f 791//1530 803//1531 789//1465
f 803//1532 804//1533 773//1534
f 805//1535 804//1536 803//1531
f 904//1537 804//1536 805//1538
f 904//1539 805//1538 800//1540
f 360//1541 824//1542 361//1543
f 361//1543 824//1544 362//1545
f 841//1546 833//1547 363//1548
f 295//1549 819//1550 360//1541
f 672//1264 811//1551 669//1256
f 672//1264 812//1552 811//1551
f 669//1256 806//1553 740//1554
f 808//1555 809//1556 295//1557
f 742//1558 808//1559 293//536
f 741//531 829//1560 813//1414
f 816//1561 751//1427 815//1562
f 810//1563 816//1564 811//1551
f 814//1565 809//1556 808//1566
f 814//1567 808//1559 742//1558
f 677//1568 817//1569 679//1570
f 818//1571 679//1570 817//1569
f 818//1571 681//1572 679//1573
f 359//660 841//1574 363//661
f 377//1575 841//1574 359//656
f 824//1576 822//1577 362//659
f 823//1578 820//1579 822//1580
f 868//1581 821//1582 820//1583
f 869//1584 842//1585 377//1575
f 842//1585 841//1574 377//1575
f 821//1586 868//1587 377//1575
f 820//1588 821//1582 373//1589
f 823//1590 868//1581 820//1591
f 809//1592 825//1593 824//1544
f 825//1594 826//1595 827//1596
f 872//1597 822//1577 824//1576
f 824//1598 825//1593 827//1599
f 826//1595 874//1600 827//1601
f 827//1599 872//1597 824//1598
f 830//1602 814//1603 742//1558
f 831//1604 830//1605 829//1560
f 834//1606 829//1607 807//1608
f 902//1609 759//1442 760//1441
f 835//1610 902//1609 760//1611
f 759//1443 801//1612 761//1613
f 837//1614 835//1615 839//1616
f 837//1614 839//1616 838//1617
f 840//1618 837//1619 838//1617
f 839//1620 840//1621 838//1622
f 836//1623 839//1620 838//1624
f 841//1625 834//1626 833//1627
f 844//1628 834//1606 842//1585
f 843//1629 845//1630 844//1631
f 848//1632 863//1633 845//1634
f 849//1635 747//1636 765//1457
f 850//1637 672//1264 747//1261
f 850//1638 812//1639 672//1264
f 850//1637 849//1640 851//1641
f 851//1641 849//1640 767//1472
f 810//1642 812//1639 851//1641
f 832//1643 751//1427 816//1561
f 832//1643 816//1561 810//1642
f 854//1644 814//1645 853//1646
f 830//1602 853//1647 814//1565
f 855//1648 854//1644 853//1649
f 830//1602 855//1650 853//1646
f 774//1651 840//1652 852//1653
f 861//1654 855//1655 830//1656
f 831//1657 861//1658 830//1656
f 857//1659 825//1660 854//1661
f 860//1662 861//1658 846//1663
f 860//1662 846//1663 859//1664
f 861//1658 862//1665 855//1666
f 896//1667 858//1668 856//1669
f 721//1274 681//1670 818//1671
f 864//1372 721//1274 818//1671
f 410//1672 864//1372 818//1673
f 865//737 864//1372 410//738
f 867//1674 870//759 868//1675
f 823//1590 867//1674 868//1676
f 823//1590 873//1677 867//1674
f 866//1678 870//759 422//758
f 867//1679 873//1677 871//1680
f 872//1597 874//1681 875//1682
f 1167//1683 1032//1684 877//1685
f 878//1686 1167//1687 877//1688
f 879//1689 866//1678 422//1690
f 880//1691 1495//1692 878//1693
f 880//1694 881//1695 1495//1692
f 878//1686 877//1685 875//1682
f 880//1694 878//1686 875//1682
f 875//1682 877//1685 873//1677
f 887//1696 885//1697 883//1698
f 884//1699 876//1700 874//1701
f 876//1702 884//1699 882//1703
f 885//1697 848//1632 847//1704
f 882//1703 881//1705 880//1694
f 885//1706 889//1707 886//1708
f 894//1709 895//1710 908//1711
f 892//1712 894//1713 891//1714
f 858//1715 897//1716 882//1703
f 836//1717 835//1718 832//1643
f 882//1703 892//1719 891//1714
f 903//1720 901//1721 899//1722
f 901//1721 342//1723 900//1724
f 901//1725 900//1726 899//1727
f 900//1724 903//1728 899//1727
f 902//1729 900//1724 899//1727
f 342//1730 795//1517 902//1731
f 341//1732 342//1733 901//1721
f 795//1517 796//1734 902//1609
f 903//1728 902//1735 837//1614
f 902//1736 796//1734 801//1612
f 802//1737 901//1721 903//1728
f 863//1738 859//1664 846//1739
f 906//1740 896//1667 856//1741
f 906//1742 862//1743 905//1744
f 860//1745 905//1746 861//1654
f 907//1747 905//1748 860//1749
f 886//1708 848//1750 885//1706
f 909//1751 910//1752 848//1750
f 912//1753 960//1754 909//1755
f 912//1756 909//1757 908//1711
f 916//1758 918//1759 917//1760
f 917//1761 958//1762 916//1758
f 913//1763 958//1764 917//1765
f 919//1766 921//1767 920//1768
f 958//1764 921//1769 919//1770
f 920//1771 958//1764 919//1770
f 940//1772 939//1773 921//1774
f 915//1775 921//1774 914//1776
f 490//1777 923//1778 491//1779
f 924//1780 490//1781 493//1782
f 932//1783 923//1784 490//892
f 932//1783 490//1781 924//1785
f 925//1786 927//1787 488//1788
f 930//1789 925//1790 922//1791
f 927//1792 966//1793 928//1794
f 931//1795 929//1796 932//1797
f 492//1798 933//1799 504//913
f 933//1799 492//1800 935//1801
f 933//1799 506//1802 504//913
f 505//1803 506//1804 934//1805
f 936//1806 506//1804 933//1807
f 935//1801 936//1808 933//1799
f 937//1809 938//1810 934//1805
f 943//1811 932//1812 924//1813
f 505//916 938//1814 503//1815
f 489//1816 926//1817 935//1818
f 926//1819 939//1773 935//1820
f 942//1821 931//1822 941//1823
f 910//1824 944//1825 863//1826
f 953//1827 906//1740 905//1828
f 946//1829 897//1830 896//1831
f 948//1832 907//1833 949//1834
f 948//1835 953//1827 905//1828
f 951//1836 914//1837 928//1794
f 950//1838 951//1839 949//1834
f 960//1840 914//1776 951//1841
f 952//1842 955//1843 948//1832
f 945//1844 946//1845 896//1846
f 954//1847 946//1845 945//1844
f 955//1848 956//1849 954//1850
f 911//1851 913//1763 912//1753
f 958//1852 913//1763 911//1853
f 957//1854 959//1855 895//1856
f 960//1840 950//1857 909//1757
f 1597//1858 962//1859 964//1860
f 960//1754 951//1836 950//1857
f 962//1861 1597//1858 1596//1862
f 964//1863 947//1864 954//1847
f 964//1860 962//1859 947//1864
f 965//1865 964//1866 956//1849
f 956//1849 964//1866 954//1850
f 946//1867 957//1854 897//1830
f 947//1864 957//1868 946//1867
f 955//1869 953//1870 948//1832
f 954//1871 947//1872 946//1845
f 928//1794 966//1873 951//1836
f 930//1874 967//1875 952//1842
f 931//1876 967//1877 929//1878
f 952//1842 967//1877 955//1848
f 968//1879 931//1880 942//1821
f 968//1879 967//1877 931//1795
f 963//1881 965//1882 969//1883
f 969//1883 965//1865 956//1849
f 907//1833 859//1884 944//1885
f 925//1886 930//1789 966//1887
f 970//1888 1002//1889 980//1890
f 972//1891 973//1161 974//1163
f 1002//1892 971//1893 972//1891
f 972//1891 971//1893 973//1161
f 982//1894 976//1895 977//1896
f 975//1897 977//1898 976//1899
f 975//1897 982//1900 977//1896
f 972//1891 975//1897 976//1899
f 1343//1901 978//1902 979//1165
f 980//1903 982//1904 981//1905
f 983//1906 1078//1907 982//1900
f 984//1908 1078//1909 983//1910
f 986//1911 981//1912 987//1913
f 990//1914 987//1915 981//1905
f 993//1916 982//1904 991//1917
f 993//1918 988//1919 990//1920
f 990//1914 988//1921 987//1913
f 1003//1922 996//1923 994//1924
f 1051//1925 997//1926 996//1927
f 997//1928 998//1929 996//1930
f 999//1931 1004//1932 996//1923
f 999//1931 996//1930 998//1933
f 1000//1934 999//1935 998//1936
f 994//1937 1001//471 242//1938
f 994//1939 1004//1940 1001//471
f 971//1941 1003//1942 242//450
f 1007//1943 1004//1944 1005//1945
f 1000//1934 1007//1946 1006//1947
f 1006//1948 1007//1943 1005//1949
f 1000//1934 1006//1948 1005//1950
f 1012//1951 1011//467 1009//1952
f 1004//1940 1009//1953 1008//1954
f 1012//1955 1009//1956 1008//1957
f 1012//1955 1007//1958 1018//1959
f 1022//1960 1012//1955 1018//1961
f 1009//1956 1007//1958 1008//1957
f 1007//1946 1012//1955 1008//1954
f 253//1962 1022//1963 1010//1326
f 1010//1964 1022//1963 1345//1327
f 1022//1963 1021//1965 1345//1966
f 1013//1967 267//1968 251//1969
f 1022//1960 253//1962 1012//1955
f 253//465 1011//467 1012//1955
f 1015//1970 985//1971 1021//1972
f 1017//1973 1015//1970 1018//1974
f 984//1975 1015//1976 1017//1973
f 1018//1961 1007//1958 1017//1977
f 1016//1978 1077//1979 1017//1977
f 1020//1980 1355//1981 1019//1982
f 1025//1983 1037//1984 1024//1985
f 1020//1986 1025//1987 1026//1988
f 1002//1989 970//1990 1003//1991
f 1028//1992 266//1993 267//459
f 1028//1994 1030//1995 1029//1996
f 1375//1997 1030//1998 1028//1994
f 1031//505 1367//1999 258//481
f 1032//2000 1047//2001 1046//2002
f 1030//1995 1369//2003 1031//498
f 1025//2004 1034//2005 1037//1984
f 1095//2006 1034//2007 1025//2004
f 1027//2008 1035//2009 1168//2010
f 1035//2009 1172//2011 1168//2010
f 1034//2012 1035//2009 1038//2013
f 1172//2011 1035//2009 1034//2007
f 1357//2014 1356//2015 1374//2016
f 1044//2017 1374//2018 1039//2019
f 1039//2020 1045//2021 1042//2022
f 1041//2023 1044//2017 1042//2022
f 1046//2002 1047//2001 1045//2021
f 1032//1684 1048//2024 1047//2001
f 1033//2025 1049//2026 1048//2027
f 1049//2026 1043//2028 1040//2029
f 1050//2030 1043//2028 1049//2031
f 997//2032 986//2033 1058//2034
f 1053//2035 1056//2036 1000//1934
f 1057//2037 1058//2034 1052//2038
f 1100//2039 1052//2040 988//2041
f 1059//2042 1056//2036 1053//2035
f 1060//2043 1059//2042 1053//2035
f 1061//2044 1060//2045 1053//2046
f 1062//2047 1054//2048 1083//2049
f 1059//2050 1084//2051 1056//2052
f 1105//2053 1060//2045 1061//2044
f 1071//2054 1065//2055 1054//2056
f 1068//2057 1064//2058 1081//2059
f 1066//2060 1068//2061 1065//2062
f 1172//2063 1064//2058 1069//2064
f 1216//2065 1069//2064 1067//2066
f 1071//2054 1066//2067 1065//2068
f 1066//2060 1067//2069 1068//2061
f 1066//2060 1071//2054 1067//2070
f 1071//2054 1073//2071 1067//2066
f 1075//2072 1216//2065 1067//2066
f 1075//2073 1212//2074 1216//2065
f 1076//2075 1077//1979 1016//2076
f 1077//2077 984//1908 1017//1973
f 1078//2078 1080//2079 992//2080
f 1020//2081 1081//2082 1095//2083
f 1019//1982 1081//2084 1020//2081
f 1084//2085 1076//2086 1016//2087
f 1084//2088 1094//2089 1076//2090
f 1097//2091 1091//2092 1392//2093
f 1090//2094 1087//2095 1083//2096
f 1090//2094 1083//2096 1089//2097
f 1091//2098 1087//2099 1090//2094
f 1093//2100 992//2080 1079//2101
f 1094//2102 1079//2103 1076//2104
f 1059//2042 1094//2105 1084//2085
f 1122//2106 1093//2100 1079//2101
f 1094//2102 1122//2106 1079//2101
f 1096//2107 1086//2108 1088//2109
f 1098//2110 1086//2108 1096//2107
f 1098//2110 1072//2111 1086//2108
f 1098//2112 1099//2113 1072//2111
f 1088//2109 1097//2091 1096//2107
f 1097//2091 1088//2114 1091//2092
f 1098//2115 1096//2116 1043//2028
f 1226//2117 1099//2113 1043//2118
f 1289//2119 1117//2120 1072//2111
f 1096//2107 1042//2022 1043//2028
f 1041//2023 1042//2022 1096//2107
f 1056//2121 1084//2085 1000//2122
f 1100//2039 1057//2123 1052//2124
f 1057//2037 1101//2125 1058//2034
f 1102//2126 1103//2127 1100//2039
f 1104//2128 1101//2125 1057//2129
f 1103//2130 1104//2131 1057//2129
f 1101//2132 1061//2133 1058//2134
f 1101//2125 1105//2053 1061//2135
f 1063//2136 1059//2137 1106//2138
f 1106//2138 1059//2137 1060//2043
f 1105//2139 1106//2138 1060//2043
f 1116//2140 1110//2141 1070//2142
f 1111//2143 1074//2144 1109//2145
f 1117//2120 1116//2146 1072//2111
f 1116//2147 1111//2143 1110//2148
f 1113//2149 1112//2150 1111//2143
f 1116//2147 1115//2151 1114//2152
f 1116//2147 1114//2153 1111//2143
f 1111//2154 1112//2150 1074//2144
f 1108//2155 1075//2156 1073//2157
f 1092//2158 993//1916 991//2159
f 1092//2160 1120//2161 993//2162
f 989//2163 1120//2164 1118//2165
f 1124//2166 1092//2160 1093//2100
f 1124//2167 1119//2168 1092//2160
f 1100//2039 1118//2169 1102//2170
f 1132//2171 1120//2172 1119//2173
f 1121//2174 1132//2171 1119//2173
f 1119//2175 1120//2176 1092//2177
f 1125//2178 1124//2179 1122//2106
f 1123//2180 1122//2106 1063//2136
f 1106//2181 1123//2180 1063//2136
f 1119//2173 1124//2182 1121//2174
f 1124//2183 1127//2184 1121//2174
f 1125//2185 1127//2186 1124//2187
f 1150//2188 1126//2189 1123//2190
f 1125//2185 1128//2191 1127//2192
f 1130//2193 1129//2194 1102//2126
f 1130//2195 1102//2170 1118//2169
f 1132//2171 1130//2195 1118//2165
f 1134//2196 1132//2171 1121//2197
f 1135//2198 1129//2199 1136//2200
f 1103//2127 1102//2201 1129//2199
f 1138//2202 1137//2203 1107//2204
f 1137//2205 1123//2190 1106//2206
f 1131//2207 1140//2208 1138//2209
f 1135//2210 1140//2208 1131//2211
f 1139//2212 1140//2208 1135//2210
f 1142//2213 1133//2214 1132//2171
f 1142//2215 1132//2171 1134//2196
f 1144//2216 1146//2217 1129//2194
f 1146//2217 1136//2200 1129//2194
f 1145//2218 1146//2217 1144//2216
f 1147//2219 1136//2200 1146//2217
f 1145//2218 1144//2216 1431//2220
f 1433//2221 1431//2222 1133//2214
f 1149//2223 1148//2224 1128//2225
f 1126//2226 1150//2227 1149//2228
f 1438//2229 1149//2230 1150//2227
f 1128//2191 1134//2196 1127//2186
f 1141//2231 1153//2232 1152//2233
f 1152//2233 1123//2180 1137//2205
f 1153//2234 1150//2235 1123//2180
f 1139//2236 1136//2237 1155//2238
f 1139//2212 1154//2239 1141//2240
f 1439//2241 1153//2232 1154//2239
f 1154//2239 1139//2212 1491//2242
f 989//2243 1100//2039 988//1919
f 1185//2244 474//874 1156//2245
f 1159//2246 1158//2247 1157//2248
f 1245//840 1185//2244 1158//2247
f 1160//2249 1162//2250 1157//2251
f 1202//2252 1162//2250 1160//2253
f 1161//2254 1162//2255 1202//2252
f 1159//2256 1163//2257 1247//2258
f 1157//2251 1162//2259 1159//2256
f 1162//2259 1163//2257 1159//2256
f 1164//2260 1162//2261 1161//2262
f 871//1680 418//2263 1027//2264
f 1169//2265 423//761 1166//760
f 1170//2266 424//2267 1169//2268
f 1171//2269 1514//2270 424//2267
f 1171//2271 424//2267 1170//2272
f 1036//2273 1176//2274 1168//2275
f 1176//2276 1216//2277 1175//2278
f 1171//2271 1170//2272 1175//2278
f 1179//2279 1171//2271 1175//2278
f 1173//2280 1181//2281 1507//2282
f 1173//2280 1200//2283 1181//2284
f 1173//2280 1507//2285 1180//2286
f 1173//2280 1180//2286 1174//2287
f 1217//2288 1179//2279 1175//2278
f 432//776 1182//2289 431//2290
f 1182//2291 433//2292 431//2293
f 1156//2245 1200//2283 1158//2247
f 474//2294 1187//2295 1156//2245
f 402//2296 1186//2297 400//2298
f 1183//2299 1184//2300 433//2301
f 1188//2302 1184//2303 1197//2304
f 1190//2305 432//2306 440//2307
f 1525//2308 1191//2309 432//776
f 1193//2310 1525//2311 432//2312
f 1198//2313 1186//2314 402//2315
f 1195//2316 1196//2317 1194//2318
f 1197//2304 1210//2319 1188//2320
f 1158//2321 1200//2322 1173//2280
f 1201//2323 1202//2252 1160//2324
f 1204//2325 1205//2326 1206//2327
f 1264//2328 1242//2329 1205//2330
f 1199//2331 1209//2332 1208//2333
f 1207//2334 1183//2335 1191//2336
f 1199//2331 1211//2337 1209//2332
f 1537//2338 402//2339 1188//2340
f 1207//2341 1197//2342 1183//2343
f 1203//2344 1206//2345 1211//2337
f 1213//2346 1218//2347 1212//2348
f 1216//2065 1217//2349 1175//2350
f 1217//2288 1216//2277 1218//2351
f 1218//2352 1224//2353 1217//2288
f 1219//2354 1179//2355 1224//2356
f 1036//2357 1069//2064 1216//2065
f 1176//2274 1036//2357 1216//2065
f 1220//2358 1202//2252 1201//2359
f 1219//2360 1226//2361 1177//2362
f 1226//2361 1050//2363 1177//2362
f 1177//2362 1179//2355 1219//2354
f 1179//2279 1177//2364 1178//2365
f 1220//2358 1201//2359 1221//2366
f 1233//2367 1220//2368 1222//2369
f 1201//2359 1547//2370 1221//2366
f 1201//2359 1504//2371 1547//2372
f 1222//2373 1221//2374 1547//2372
f 1220//2375 1221//2374 1222//2373
f 1225//2376 1224//2353 1218//2351
f 1219//2377 1224//2378 1227//2379
f 1227//2379 1224//2356 1225//2376
f 1228//2380 1289//2119 1226//2361
f 1230//2381 1228//2382 1227//2383
f 1227//2384 1225//2385 1230//2381
f 1232//2386 1202//2387 1220//2388
f 1234//2389 1232//2390 1233//2391
f 1238//2392 1234//2389 1233//2391
f 1165//2393 1164//2394 1234//2395
f 1237//2396 1235//2397 1234//2395
f 1236//2398 1242//2329 1264//2328
f 1237//2399 1236//2400 1235//2401
f 1234//2395 1238//2402 1237//2403
f 1211//2404 1552//2405 1209//2332
f 1211//2337 1244//2406 1569//2407
f 1241//2408 1569//2407 1243//2409
f 1238//2410 1233//2391 1223//2411
f 1239//2412 1240//2413 1237//2403
f 1237//2414 1238//2402 1239//2412
f 1206//2345 1242//2329 1244//2415
f 1241//2416 1237//2399 1240//2417
f 1234//2395 1164//2394 1232//2386
f 1159//2246 1246//2418 1245//2419
f 1246//2418 1250//2420 461//846
f 1247//2258 1246//2418 1159//2246
f 1255//2421 464//2422 463//2423
f 1249//2424 1255//2425 463//2423
f 1255//2426 1248//2427 464//847
f 1248//2428 1256//906 464//2422
f 1250//2429 1251//2430 1249//2431
f 1165//2432 1235//2433 1253//2434
f 1253//2435 1235//2433 1254//2436
f 1253//2435 1254//2436 1251//2430
f 1252//2437 1251//2438 1254//2436
f 1163//2439 1253//2434 1251//2440
f 1256//906 498//908 464//847
f 1258//2441 1257//2442 477//2443
f 1264//2444 1258//2441 1259//883
f 1261//2445 1264//2328 1259//2446
f 1258//2441 1189//2447 1257//2448
f 1261//2445 1259//2446 1260//2449
f 1262//2450 1261//2445 1260//2451
f 1262//2452 1256//2453 1248//2428
f 1262//2450 1260//2451 1256//2454
f 1252//2455 1254//2456 1263//2457
f 1263//2458 1236//2400 1264//2444
f 1263//2457 1262//2459 1252//2460
f 1262//2461 1248//2428 1252//2455
f 1261//2445 1262//2461 1263//2458
f 1263//2462 1254//2456 1236//2463
f 1112//2464 1265//2465 1108//2155
f 1113//2149 1266//2466 1112//2150
f 1270//2467 1215//2468 1214//2469
f 1269//2470 1115//2471 1117//2472
f 1270//2473 1272//2474 1215//2475
f 1272//2476 1271//2477 1291//2478
f 1267//2479 1273//2480 1270//2481
f 1296//2482 1231//2483 1291//2484
f 1274//2485 1296//2486 1291//2478
f 1271//2487 1274//2485 1291//2488
f 1284//2489 1292//2490 1296//2491
f 1266//2492 1275//2493 1265//2465
f 1275//2493 1283//2494 1265//2495
f 1114//2153 1276//2496 1277//2497
f 1279//2498 1278//2499 1276//2496
f 1278//2499 1281//2500 1276//2496
f 1277//2497 1275//2493 1266//2466
f 1281//2500 1277//2501 1276//2502
f 1283//2503 1282//2504 1267//2505
f 1278//2506 1279//2498 1284//2507
f 1285//2508 1286//2509 1282//2510
f 1285//2511 1282//2510 1283//2512
f 1276//2502 1269//2513 1279//2498
f 1108//2155 1214//2469 1075//2514
f 1288//2515 1304//2516 1274//2517
f 1274//2485 1287//2518 1288//2515
f 1282//2510 1288//2519 1287//2520
f 1228//2382 1230//2381 1231//2521
f 1290//2522 1228//2380 1231//2521
f 1292//2490 1290//2522 1231//2521
f 1292//2523 1269//2524 1290//2522
f 1294//2525 1293//2526 1281//2500
f 1284//2527 1279//2498 1292//2523
f 1296//2486 1297//2528 1284//2489
f 1297//2528 1294//2529 1278//2506
f 1298//2530 1295//2531 1297//2528
f 1301//2532 1302//2533 1303//2534
f 1299//2535 1298//2536 1297//2537
f 1604//2538 1307//2539 1607//2540
f 1298//2541 1604//2542 1302//2533
f 1294//2529 1281//2500 1278//2499
f 1304//2543 1300//2544 1296//2486
f 1306//2545 1304//2543 1288//2546
f 1307//2547 1300//2544 1304//2543
f 1306//2545 1305//2548 1304//2543
f 1305//2549 1307//2539 1304//2543
f 1308//2550 1280//2551 1277//2497
f 1312//2552 1280//2551 1308//2550
f 1301//2532 1308//2553 1293//2554
f 1313//2555 1310//2556 1280//2557
f 1313//2555 1280//2551 1312//2558
f 1314//2559 1316//2560 1313//2561
f 1316//2560 1310//2562 1313//2561
f 1317//2563 1316//2564 1314//2565
f 1308//2550 1301//2566 1318//2567
f 1320//2568 1312//2558 1643//2569
f 1323//2570 1320//2568 1321//2571
f 1323//2572 1317//2563 1314//2573
f 1324//2574 1317//2563 1323//2575
f 1323//2570 1314//2576 1320//2577
f 1324//2578 1305//2549 1306//2545
f 1325//2579 1305//2580 1324//2574
f 1307//2539 1325//2581 1607//2582
f 1296//2491 1292//2583 1231//2483
f 1189//2447 1205//2330 1204//2584
f 974//1163 979//2585 975//1897
f 1326//2586 635//2587 636//2588
f 1327//2589 1326//2586 636//1169
f 1327//2590 1328//2591 1333//2592
f 1329//2593 641//1176 640//2594
f 1326//2595 1331//2596 635//2587
f 1331//2597 1346//2598 1329//2599
f 1327//2600 1333//2601 1326//2586
f 1330//2602 641//2603 1329//2593
f 1346//2604 1331//2605 1353//2606
f 1353//2607 1331//2608 1332//2609
f 1335//2610 1338//2611 1333//2592
f 1336//2612 1338//2613 1335//2614
f 1338//2615 1362//2616 1391//2617
f 1338//2613 1337//2618 1362//2616
f 1341//2619 1328//2591 654//2620
f 1339//2621 1341//2619 653//1197
f 1341//2619 1335//2614 1328//2622
f 1336//2623 1335//2614 1341//2624
f 1341//2619 1342//2625 1336//2612
f 1360//2626 1337//2627 1336//2612
f 1345//2628 1343//2629 1344//2630
f 1348//2631 1349//2632 252//2633
f 252//2633 1349//2632 248//457
f 1349//2634 1014//2635 248//457
f 1330//2602 714//2636 713//2637
f 1350//2638 714//2639 1330//2640
f 1330//2641 1346//2604 1347//2642
f 1354//2643 1347//2642 1353//2606
f 1353//2607 1355//1981 1026//1988
f 1089//2644 1023//2645 1334//2646
f 1334//2646 1023//2645 1332//2647
f 1024//2648 1356//2649 1354//2650
f 1374//2018 1358//2651 1357//2652
f 1357//2652 1387//2653 1350//2638
f 1358//2651 1387//2653 1357//2652
f 1351//2654 1358//2655 1359//2656
f 1360//2626 1361//2657 1337//2627
f 1393//2658 1361//2659 1363//2660
f 1361//2661 1362//2616 1337//2627
f 1363//2660 1361//2661 1390//2662
f 1351//2663 1387//2653 1358//2655
f 1351//2664 1390//2665 1352//2666
f 1357//2652 1350//2667 1347//2642
f 1366//2668 1364//2669 726//2670
f 1364//2671 1348//2672 726//2673
f 1369//2674 1367//1999 1031//2675
f 1366//2668 726//2670 725//2676
f 727//2677 1384//2678 1370//2679
f 1372//2680 1014//2681 1373//2682
f 1372//2680 1028//2683 1013//2684
f 1372//2685 1375//1997 1028//1994
f 1365//2686 1377//2687 1349//2632
f 1359//2656 1044//2688 1041//2023
f 1044//2688 1359//2656 1358//2689
f 1030//1995 1371//2690 1369//2003
f 1030//2691 1379//2692 1371//2693
f 1380//2694 1365//2686 1364//2695
f 1380//2696 1381//2697 1365//2686
f 1366//2668 1382//2698 1364//2699
f 1385//2700 1366//2668 1383//2701
f 1385//2700 1382//2698 1366//2668
f 1384//2678 1386//2702 1370//2703
f 656//1396 1388//2704 1340//2705
f 1387//2653 1389//2706 656//1396
f 1352//2707 1342//2625 1388//2708
f 1390//2709 1342//2710 1352//2707
f 1090//2094 1089//2097 1391//2711
f 1362//2616 1090//2712 1391//2711
f 1393//2713 1090//2714 1362//2616
f 1394//2715 1392//2093 1393//2716
f 1396//2717 1428//2718 1395//2719
f 1372//2720 1373//2721 1376//2722
f 1376//2722 1378//2723 1372//2680
f 1378//2723 1397//2724 1550//2725
f 1381//2726 1398//2727 1377//2728
f 1399//2729 1381//2697 1380//2696
f 1402//2730 1399//2731 1380//2694
f 1381//2726 1399//2729 1398//2732
f 1399//2733 1400//2734 1398//2732
f 1401//2735 1378//2723 1376//2722
f 1395//2736 1401//2737 1400//2738
f 1403//2739 1395//2736 1429//2740
f 1404//2741 1484//2742 1405//2743
f 1404//2741 1405//2744 1397//2724
f 1457//2745 1428//2718 1396//2746
f 1407//2747 1406//2748 1414//2749
f 1410//2750 1407//2751 1414//2752
f 1407//2751 1410//2750 1408//2753
f 1415//2754 1380//2694 1382//2755
f 1414//2756 1406//2748 1402//2757
f 1416//2758 1415//2759 1412//2760
f 1417//2761 1488//2762 1416//2763
f 1423//2764 1421//2765 1419//2766
f 1145//2218 1420//2767 1419//2766
f 1420//2767 1436//2768 1419//2766
f 1421//2765 1436//2769 1420//2767
f 1456//2770 1426//2771 1455//2772
f 1432//2773 1426//2774 1456//2770
f 1423//2775 1432//2776 1456//2770
f 1427//2777 1425//2778 1434//2779
f 1456//2770 1421//2780 1423//2764
f 1424//2781 1466//2782 1430//2783
f 1142//2215 1151//2784 1435//2785
f 1423//2764 1145//2218 1432//2773
f 1143//2786 1435//2785 1441//2787
f 1441//2788 1434//2779 1433//2789
f 1145//2790 1436//2769 1146//2791
f 1436//2769 1147//2219 1146//2792
f 1147//2793 1436//2769 1437//2794
f 1433//2789 1434//2795 1431//2796
f 1439//2241 1440//2797 1438//2798
f 1422//2799 1443//2800 1437//2794
f 1443//2801 1489//2802 1437//2803
f 1422//2799 1472//2804 1443//2805
f 1445//2806 1442//2807 1446//2808
f 1445//2809 1466//2810 1442//2811
f 1447//2812 1445//2806 1440//2813
f 1452//2814 1451//2815 1450//2816
f 1450//2817 1447//2818 1448//2819
f 1475//2820 1445//2809 1451//2821
f 1478//2822 1451//2823 1493//2824
f 1452//2814 1448//2819 1453//2825
f 1447//2812 1453//2826 1449//2827
f 1451//2821 1454//2828 1450//2816
f 1454//2828 1452//2829 1450//2817
f 1448//2830 1454//2828 1450//2817
f 1451//2821 1449//2827 1453//2825
f 1483//2831 1484//2742 1403//2832
f 1456//2770 1457//2833 1409//2834
f 1409//2834 1459//2835 1456//2836
f 1457//2837 1455//2838 1428//2839
f 1462//2840 1459//2835 1458//2841
f 1464//2842 1462//2843 1458//2844
f 1465//2845 1462//2843 1464//2846
f 1462//2840 1460//2847 1459//2848
f 1463//2849 1460//2850 1462//2851
f 1430//2852 1469//2853 1467//2854
f 1468//2855 1467//2856 1469//2853
f 1465//2845 1464//2846 1470//2857
f 1471//2858 1463//2849 1465//2859
f 1461//2860 1472//2861 1422//2799
f 1461//2862 1460//2863 1472//2864
f 1472//2865 1474//2866 1444//2867
f 1478//2868 1473//2869 1479//2870
f 1476//2871 1477//2872 1475//2820
f 1479//2870 1477//2873 1476//2874
f 1476//2871 1475//2820 1451//2821
f 1451//2875 1478//2822 1476//2876
f 1476//2874 1478//2877 1479//2878
f 1479//2870 1473//2869 1471//2858
f 1463//2849 1462//2843 1465//2859
f 1429//2879 1483//2831 1403//2880
f 1482//2881 1477//2872 1479//2882
f 1477//2872 1480//2883 1468//2884
f 1482//2885 1485//2886 1480//2883
f 1482//2887 1481//2888 1631//2889
f 1484//2742 1483//2890 1485//2891
f 1485//2891 1486//2892 1484//2742
f 1481//2893 1488//2762 1418//2894
f 1418//2894 1488//2762 1417//2761
f 1631//2895 1481//2896 1418//2897
f 1487//2898 1485//2886 1482//2881
f 1471//2899 1470//2900 1488//2901
f 1489//2902 1155//2238 1147//2903
f 1492//2904 1490//2905 1155//2906
f 1491//2242 1451//2821 1439//2907
f 1489//2908 1444//2909 1492//2910
f 1493//2911 1451//2875 1491//2912
f 1493//2911 1492//2913 1444//2909
f 1492//2914 1155//2906 1489//2902
f 1459//2915 1421//2780 1456//2770
f 1480//2883 1429//2879 1467//2916
f 1468//2917 1480//2918 1467//2919
f 1405//2743 1484//2742 1486//2892
f 1496//2920 1494//2921 1495//1692
f 1495//2922 1505//2923 1496//2924
f 1171//2925 1498//2926 1514//2270
f 1506//2927 1505//2928 1499//2929
f 1499//2929 1498//2930 1506//2927
f 1505//2923 1050//2363 1496//2931
f 1496//2931 1050//2363 1033//2932
f 1367//1380 1509//2933 1368//2934
f 1509//2933 1367//1380 1379//2935
f 1180//2286 1504//2936 1201//2323
f 1500//2937 1504//2938 1180//2939
f 1501//2940 1509//2941 1379//2935
f 1549//2942 1379//2935 1030//1995
f 1501//2940 1510//2943 1509//2933
f 1507//2282 1510//2943 1503//2944
f 1507//2945 1503//2946 1502//2947
f 1503//2946 1510//2943 1502//2948
f 1500//2949 1507//2285 1502//2950
f 1501//2940 1503//2944 1502//2950
f 1507//2282 1511//2951 1510//2943
f 1501//2940 1504//2938 1500//2952
f 1506//2927 1178//2365 1177//2362
f 1506//2953 1498//2930 1178//2954
f 1500//2955 1180//2956 1507//2282
f 1208//2333 1209//2332 1552//2405
f 1181//2957 1208//2958 1511//2959
f 1508//2960 1208//2961 1552//2962
f 1509//2941 1384//2678 1368//2963
f 1511//2964 1512//2965 1386//2966
f 1509//2933 1386//2966 1384//2967
f 1511//2968 1386//2969 1510//2943
f 1511//2970 1508//2971 1512//2965
f 887//1696 879//763 424//2267
f 1515//2972 1193//2310 1190//2973
f 1515//2974 1517//2975 1516//2976
f 1519//2977 1193//2978 1518//2979
f 1192//2980 1522//2981 1519//2977
f 1518//2982 1193//2978 1521//2983
f 1190//2973 1192//2984 1516//2976
f 1521//2983 1193//2310 1517//2985
f 1192//2984 1517//2985 1515//2972
f 888//786 1513//2986 441//784
f 1523//2987 1498//2988 1497//2989
f 1523//2990 889//2991 1514//2992
f 888//2993 1527//2994 1529//2995
f 1522//2981 1525//2996 1193//2310
f 1520//2997 1525//2998 1522//2999
f 441//784 1513//3000 1190//2973
f 443//3001 1527//2994 442//3002
f 1527//2994 443//3001 1528//3003
f 890//3004 1523//3005 1497//2989
f 1529//3006 1513//3007 888//786
f 1529//3006 1539//3008 1513//2986
f 1529//3006 1541//3009 1539//3008
f 1533//3010 1186//2297 1532//3011
f 1532//3012 1198//3013 1533//3014
f 1198//2313 1534//3015 1533//3016
f 1534//3015 1195//3017 1532//3018
f 1210//3019 1197//2304 1207//2334
f 1207//2334 1536//3020 1210//3021
f 1536//3022 1207//2334 1535//3023
f 1537//3024 1534//3015 1198//2313
f 1513//3000 1540//3025 1526//3026
f 1539//3008 1540//3025 1513//3000
f 1540//3025 1538//3027 1526//3028
f 1542//3029 1531//3030 1538//3031
f 1530//3032 1543//3033 1545//3034
f 1534//3035 1543//3036 1196//3037
f 1592//3038 1543//3036 1534//3035
f 1592//3039 1545//3034 1543//3040
f 1530//3041 1529//3042 1527//2994
f 1539//3008 1544//3043 1540//3025
f 1546//3044 1544//3045 1539//3046
f 1545//3047 1589//3048 1541//3049
f 1379//2935 1504//3050 1501//3051
f 1550//2725 1547//2372 1504//2938
f 1549//3052 1504//2938 1379//2935
f 1551//3053 1548//3054 1547//2372
f 1551//3055 1547//2370 1550//2725
f 1553//3056 1548//3057 1551//3058
f 1552//2962 1555//3059 1508//2960
f 1223//3060 1222//2369 1553//3061
f 1584//3062 1556//3063 1508//2971
f 1557//3064 1586//3065 1584//3062
f 1557//3066 1584//3062 1555//3059
f 1240//2417 1239//2412 1560//3067
f 1405//2743 1561//3068 1397//2724
f 1561//3069 1486//3070 1562//3071
f 1560//3072 1553//3073 1554//3074
f 1560//3067 1223//2411 1553//3075
f 1558//3076 1560//3067 1564//3077
f 1564//3077 1560//3067 1563//3078
f 1559//3079 1571//3080 1566//3081
f 1564//3082 1586//3065 1558//3083
f 1559//3079 1566//3081 1567//3084
f 1562//3071 1554//3074 1561//3069
f 1552//3085 1569//2407 1555//3059
f 1241//2416 1557//3086 1569//3087
f 1240//2417 1558//3076 1241//2416
f 1576//3088 1577//3089 1536//3022
f 1577//3089 1537//2338 1536//3090
f 1570//3091 1535//3092 1531//3093
f 1571//3094 1574//3095 1538//3096
f 1538//3031 1574//3097 1542//3029
f 1572//3098 1570//3091 1542//3029
f 1574//3097 1572//3098 1542//3029
f 1571//3094 1559//3079 1574//3097
f 1559//3099 1573//3100 1574//3097
f 1572//3098 1574//3101 1573//3100
f 1537//3102 1575//3103 1534//3015
f 1575//3104 1592//3038 1534//3035
f 1570//3091 1579//3105 1576//3106
f 1575//3104 1578//3107 1592//3108
f 1558//3083 1240//2413 1560//3067
f 1567//3084 1580//3109 1573//3110
f 1567//3084 1568//3111 1580//3109
f 1579//3105 1627//3112 1576//3088
f 1627//3112 1575//3113 1577//3114
f 1556//3063 1413//3115 1386//2702
f 1584//3116 1582//3117 1556//3063
f 1540//3025 1565//3118 1571//3119
f 1586//3065 1585//3120 1582//3117
f 1585//3120 1417//2761 1582//3121
f 1487//2898 1562//3071 1486//3070
f 1418//3122 1417//3123 1585//3124
f 1563//3078 1631//2895 1585//3124
f 1564//3082 1563//3078 1585//3125
f 1587//3126 1566//3081 1565//3118
f 1583//3127 1588//3128 1587//3129
f 1587//3130 1599//3131 1566//3081
f 1632//3132 1599//3131 1587//3133
f 1634//3134 1633//3135 1588//3128
f 1589//3136 1591//3137 1546//3138
f 1590//3139 1591//3137 1589//3136
f 1591//3140 1583//3127 1544//3141
f 1592//3142 1589//3143 1545//3034
f 1578//3107 1589//3143 1592//3039
f 1591//3140 1593//3144 1588//3128
f 1588//3128 1583//3127 1591//3137
f 1581//3145 1639//3146 1578//3107
f 1639//3146 1638//3147 1590//3139
f 1594//3148 940//3149 961//3150
f 941//3151 937//3152 1595//3153
f 1594//3154 961//3150 1596//3155
f 942//3156 1595//3157 1598//3158
f 1598//3159 963//3160 942//3161
f 1600//3162 1568//3111 1567//3163
f 1318//2567 1303//3164 1641//3165
f 1610//3166 1642//3167 1641//3165
f 1641//3165 1602//3168 1610//3169
f 1303//2534 1603//3170 1602//3171
f 1607//2582 1605//3172 1604//2538
f 1605//3172 1616//3173 1606//3174
f 1605//3172 1606//3174 1604//2538
f 1614//3175 1611//3176 1613//3177
f 1613//3178 1615//3179 1614//3175
f 1621//3180 1648//3181 1615//3182
f 1616//3183 1619//3184 1608//3185
f 1601//3186 1608//3185 1617//3187
f 1620//3188 1618//3189 1619//3184
f 1621//3190 1651//3191 1648//3192
f 1620//3193 1630//3194 1618//3195
f 1622//3196 1650//3197 1651//3198
f 1616//3183 1608//3185 1603//3199
f 1625//3200 1623//3201 1568//3202
f 1625//3203 1624//3204 1623//3205
f 1624//3206 1625//3203 1629//3207
f 1626//3208 1628//3209 1629//3210
f 1629//3211 1618//3189 1630//3212
f 1626//3213 1630//3194 1620//3193
f 1613//3177 1611//3214 1599//3131
f 1613//3215 1599//3131 1632//3132
f 1637//3216 1636//3217 1633//3218
f 1637//3216 1633//3219 1634//3220
f 1636//3217 1615//3179 1613//3178
f 1636//3217 1621//3221 1615//3179
f 1637//3216 1621//3221 1636//3217
f 1633//3222 1636//3217 1613//3223
f 1635//3224 1634//3220 1638//3225
f 1635//3224 1638//3147 1639//3146
f 1639//3146 1626//3208 1635//3226
f 1641//3165 1642//3167 1640//3227
f 1644//3228 1642//3167 1647//3229
f 1650//3230 1322//3231 1646//3232
f 1322//3231 1607//2582 1325//2579
f 1646//3233 1649//3234 1650//3197
f 1650//3230 1620//3193 1322//3231
f 1645//3235 1649//3236 1321//2571
f 1649//3234 1646//3233 1323//3237
f 1648//3192 1644//3238 1647//3229
f 1622//3239 1620//3193 1650//3230
f 1651//3191 1645//3240 1648//3192
f 1622//3241 1626//3242 1620//3193
f 1567//3163 1599//3243 1612//3244
f 1633//3245 1632//3246 1588//3247
f 1188//2340 402//3248 400//730
f 726//2670 265//3249 725//3250
f 959//3251 961//3252 895//1856
f 9//932 512//936 11//3253
f 517//939 516//3254 14//942
f 227//3255 228//418 673//1266
f 371//673 677//1273 666//1268
f 817//1569 378//680 818//1673
f 415//3256 262//1364 722//1362
f 330//605 778//1521 329//3257
f 1211//3258 1569//2407 1552//2962
f 554//1426 738//3259 89//1000
f 1//3260 2//5 5//3261
f 509//924 9//4 3//6
f 1//7 5//3261 4//8
f 4//3262 5//3261 10//3263
f 56//9 4//3264 6//12
f 7//24 11//3253 8//3265
f 4//10 10//3263 7//11
f 5//3261 9//3266 10//3263
f 9//932 11//3267 10//3268
f 10//3263 11//3269 7//11
f 12//20 8//3270 11//3253
f 14//942 516//979 63//3271
f 8//3265 66//25 7//24
f 34//54 18//3272 15//32
f 15//32 18//3272 20//38
f 19//3273 22//92 21//40
f 22//3274 27//39 21//35
f 22//3274 29//101 27//42
f 20//3275 18//3276 27//39
f 21//35 23//3277 19//3278
f 20//38 26//3279 25//3280
f 20//30 25//951 24//3281
f 20//3275 27//42 26//44
f 55//103 28//3282 29//101
f 62//47 28//46 55//103
f 28//3282 26//953 29//101
f 15//3283 56//3284 32//3285
f 15//32 31//55 34//54
f 32//50 31//3286 15//3287
f 56//3284 6//3288 32//3285
f 32//3289 65//3290 33//60
f 32//3291 6//3288 65//3292
f 32//3289 33//60 36//3293
f 31//52 36//51 35//3294
f 35//3294 36//63 44//74
f 65//3290 38//3295 33//3296
f 65//3290 66//25 38//3297
f 33//3296 38//3297 39//59
f 36//63 49//62 44//74
f 39//59 40//3298 49//3299
f 37//57 39//67 38//3300
f 31//55 35//76 42//53
f 42//75 44//3301 46//3302
f 42//53 45//3303 43//77
f 42//3304 46//3302 45//3303
f 47//529 43//77 45//3303
f 46//3302 52//3305 45//3303
f 44//3306 48//3307 46//3308
f 40//3298 51//84 49//3299
f 49//3299 51//84 48//3309
f 48//3309 54//345 46//3302
f 48//3309 51//84 54//345
f 1//3310 56//3311 15//3283
f 57//107 55//94 60//3312
f 58//3313 69//112 60//91
f 60//91 69//112 57//107
f 59//3314 58//98 19//3315
f 19//3273 58//3313 60//91
f 19//3278 23//49 59//120
f 62//3316 63//102 516//979
f 67//110 37//118 66//111
f 69//112 71//116 67//113
f 14//942 68//3317 13//3318
f 69//112 68//3319 57//107
f 61//3320 70//3321 71//3322
f 81//135 41//3323 37//118
f 64//104 68//3324 14//21
f 30//3325 72//122 23//41
f 30//3326 73//526 72//125
f 72//122 61//96 59//3327
f 74//124 70//3321 61//96
f 72//122 73//3328 75//3329
f 43//72 47//529 73//69
f 47//529 286//532 73//69
f 75//3329 76//3330 74//124
f 79//3331 71//3322 70//3332
f 79//3333 70//3321 74//3334
f 71//116 81//151 37//118
f 79//3335 81//3336 71//116
f 177//138 80//137 196//369
f 50//3337 81//151 205//3338
f 190//324 82//159 184//144
f 83//127 76//134 84//152
f 84//3339 81//151 79//3335
f 76//134 85//146 206//691
f 76//134 206//691 84//152
f 184//322 88//1002 87//3340
f 86//3341 209//1010 202//3342
f 184//144 82//159 88//158
f 17//68 18//33 34//3343
f 16//34 17//71 30//70
f 53//85 50//87 205//3344
f 94//3345 93//3346 123//3347
f 96//3348 136//205 124//239
f 96//3348 124//225 123//3347
f 94//169 97//176 98//175
f 102//314 101//3349 100//186
f 99//183 100//3350 109//181
f 104//3351 118//3352 103//3353
f 106//173 107//195 104//192
f 105//189 104//191 108//196
f 118//190 105//189 119//220
f 119//3354 105//189 121//197
f 95//167 117//3355 110//202
f 95//167 110//3356 96//203
f 117//3357 109//200 110//3358
f 95//167 118//178 117//180
f 103//198 118//3352 95//167
f 96//203 111//208 114//207
f 96//3359 112//201 111//3360
f 120//3361 121//221 186//218
f 101//187 113//211 109//200
f 123//3347 127//230 125//3362
f 125//3363 128//3364 126//222
f 125//3363 131//1070 128//3365
f 127//230 132//231 125//3362
f 131//1070 144//3366 128//3367
f 129//3368 596//3369 133//3370
f 135//253 139//237 134//236
f 144//251 588//3371 141//249
f 135//3372 142//3373 143//3374
f 126//222 128//3365 134//250
f 138//260 145//262 130//3375
f 145//262 146//3376 130//3375
f 114//3377 137//243 136//205
f 115//3378 148//268 114//270
f 148//268 140//3379 137//3380
f 149//356 101//3349 102//314
f 101//187 149//3381 150//215
f 153//177 152//3382 106//173
f 152//3383 157//3384 107//195
f 97//176 139//242 153//3385
f 153//3386 154//3387 155//280
f 153//3388 155//280 152//3382
f 156//3389 155//280 154//3390
f 157//3391 158//3392 107//3393
f 107//3393 158//3392 108//282
f 158//3392 157//3394 159//3395
f 155//3396 159//283 157//3394
f 156//293 159//283 155//280
f 166//292 160//3397 156//293
f 160//3397 159//283 156//3398
f 160//3399 163//284 159//286
f 172//289 160//3397 166//292
f 122//217 162//290 186//330
f 139//3400 135//3401 164//297
f 139//3402 164//297 153//3385
f 164//297 154//3387 153//3385
f 167//3403 140//3379 148//268
f 148//268 166//292 167//3403
f 167//3403 145//262 140//3379
f 164//297 168//296 154//3387
f 168//3404 156//3405 154//3387
f 167//3406 166//292 169//3407
f 168//3408 169//294 156//293
f 164//3409 135//3410 165//295
f 143//3411 165//3412 135//3372
f 170//3413 168//296 165//3414
f 170//301 167//3403 168//3404
f 170//3413 147//3415 167//3403
f 167//3403 147//263 145//262
f 170//3413 165//3414 143//3411
f 115//3416 172//3417 148//268
f 173//3418 174//305 172//289
f 162//290 163//284 231//3419
f 98//172 153//177 106//173
f 93//194 106//173 104//192
f 123//168 95//199 96//3348
f 175//3420 176//309 99//185
f 176//3421 178//311 181//325
f 118//3352 119//3354 178//3422
f 178//313 119//3354 179//326
f 183//317 191//337 182//3423
f 176//3424 177//138 100//3425
f 182//319 190//3426 181//3427
f 185//327 191//337 183//317
f 191//337 185//327 187//334
f 179//3428 120//219 185//327
f 185//327 120//3429 186//3430
f 193//371 192//636 51//84
f 195//355 180//350 177//315
f 177//315 196//353 195//355
f 197//354 199//362 180//3431
f 194//3432 151//361 149//356
f 200//396 199//362 197//354
f 194//349 102//3433 180//3434
f 201//3435 207//382 91//338
f 80//3436 202//155 196//3437
f 203//379 204//3438 202//380
f 205//150 84//152 206//372
f 205//3344 355//370 53//85
f 207//3439 92//162 91//160
f 207//382 208//3440 211//383
f 201//3441 208//3440 207//382
f 209//378 210//3442 203//379
f 208//389 214//390 215//394
f 215//394 216//388 208//389
f 217//408 216//3443 215//394
f 217//406 221//397 216//3443
f 219//3444 223//415 220//403
f 220//398 200//3445 219//374
f 200//396 225//3446 224//401
f 675//3447 226//3448 221//397
f 229//420 372//423 227//421
f 186//330 162//3449 230//331
f 230//331 232//3450 188//332
f 236//3451 232//3452 230//331
f 198//3453 234//431 233//3454
f 238//433 232//3455 236//3451
f 198//357 237//439 234//3456
f 234//431 237//439 236//429
f 232//3457 240//461 188//332
f 240//461 244//460 188//3458
f 200//396 241//3459 249//3460
f 243//446 240//3461 232//3457
f 244//460 264//502 188//332
f 235//3462 248//457 237//439
f 246//470 247//3463 709//463
f 248//457 251//3464 238//433
f 238//433 251//3465 243//446
f 240//3461 251//3466 267//1968
f 243//446 251//3466 240//3461
f 1011//467 710//466 247//3467
f 215//3468 218//3469 254//407
f 214//347 264//502 255//3470
f 188//332 264//502 214//347
f 218//3471 214//390 255//480
f 218//482 258//481 254//3472
f 254//407 268//3473 256//472
f 258//3474 268//3475 254//407
f 256//472 259//3476 224//3477
f 268//3473 259//483 256//472
f 257//479 259//483 241//3478
f 229//488 680//1272 260//487
f 229//488 260//493 405//733
f 261//491 263//1351 407//492
f 264//497 266//501 1031//3479
f 259//483 265//3480 241//3481
f 268//3473 727//2677 259//483
f 258//3474 727//3482 268//3475
f 13//115 66//111 8//19
f 149//356 151//361 150//215
f 52//3483 47//3484 45//3303
f 272//3485 273//3486 298//540
f 270//548 298//540 273//3486
f 278//509 271//514 273//3487
f 273//3486 271//514 274//559
f 272//3485 278//3488 273//3486
f 274//559 270//3489 273//3486
f 272//3485 275//3490 279//511
f 278//509 277//3491 271//514
f 283//3492 277//3491 278//509
f 271//514 277//3493 284//3494
f 271//514 276//3495 305//3496
f 47//529 285//3497 286//525
f 52//3483 288//3498 47//3499
f 269//3500 288//3498 52//507
f 289//3501 290//534 288//530
f 269//3500 353//657 289//537
f 269//3500 289//537 288//3502
f 290//534 741//3503 285//528
f 287//527 291//3504 77//132
f 286//525 741//531 287//3505
f 287//527 292//535 291//147
f 85//146 294//3506 354//689
f 293//3507 295//1557 294//3506
f 294//3506 295//3508 360//3509
f 291//148 294//3510 85//146
f 293//3511 294//3510 291//148
f 290//3512 296//3513 741//531
f 275//598 300//597 301//545
f 301//545 300//3514 331//543
f 275//598 281//692 279//511
f 301//3515 281//692 275//541
f 302//3516 282//567 281//692
f 302//3516 281//692 301//3515
f 304//3517 307//3518 303//3519
f 303//3519 270//548 274//559
f 304//3517 303//3519 274//559
f 306//3520 276//513 308//795
f 308//3521 309//565 316//572
f 314//571 309//565 310//564
f 306//552 308//797 316//572
f 309//565 314//633 316//3522
f 305//549 306//552 304//3523
f 316//572 321//590 307//3524
f 270//548 317//547 318//578
f 318//631 319//3525 298//3526
f 319//3527 299//593 298//3526
f 321//3528 330//589 322//574
f 320//577 324//604 319//580
f 299//3529 319//3527 323//3530
f 319//580 324//604 323//3530
f 330//605 324//607 322//603
f 302//544 331//543 311//568
f 332//3531 338//629 333//3532
f 311//3533 315//3534 314//633
f 311//3533 333//611 315//3534
f 336//624 335//618 315//630
f 338//629 336//1523 315//630
f 337//627 338//3535 332//3531
f 327//626 328//1482 337//627
f 338//3536 793//3537 340//1524
f 339//621 778//1521 330//589
f 338//3536 340//1524 336//1523
f 342//1723 341//625 336//624
f 341//3538 343//616 335//618
f 193//342 356//3539 192//3540
f 54//345 192//344 344//3541
f 347//650 444//3542 284//3543
f 345//3544 347//650 284//3545
f 348//639 283//516 346//637
f 280//515 346//637 283//516
f 345//520 348//649 347//650
f 346//637 388//644 348//639
f 351//3546 444//3542 347//3547
f 350//647 391//721 352//722
f 351//3548 352//722 349//724
f 351//3548 349//724 444//3542
f 344//3549 353//657 269//3500
f 356//3550 357//3551 344//3549
f 193//3552 358//669 356//3553
f 344//635 357//3551 359//656
f 354//3554 294//3555 360//3556
f 354//689 360//3556 361//690
f 353//3557 297//538 289//537
f 353//3558 363//3559 297//3560
f 390//667 364//664 366//665
f 364//664 370//3561 368//424
f 369//671 370//3561 364//664
f 368//424 369//674 371//684
f 374//682 370//3561 369//674
f 370//670 374//672 371//686
f 228//3562 371//684 666//1268
f 371//684 817//3563 677//1273
f 364//3564 368//424 366//665
f 373//1589 356//634 367//668
f 356//3550 373//1589 357//3551
f 365//3565 374//672 364//664
f 357//3551 373//3566 377//1575
f 378//680 397//718 379//687
f 357//3551 377//1575 359//656
f 380//699 381//693 281//3567
f 382//703 380//3568 281//692
f 385//3569 383//3570 380//705
f 388//3571 387//701 390//709
f 387//701 384//702 389//3572
f 386//710 389//3573 375//683
f 375//681 374//682 386//710
f 386//712 387//701 389//3573
f 396//767 411//771 397//718
f 388//3574 390//667 350//643
f 387//701 386//712 390//3575
f 383//3570 389//3573 384//3576
f 397//718 389//3573 383//3570
f 385//708 394//715 396//767
f 385//3577 396//3578 397//3579
f 397//3579 411//3580 379//687
f 385//708 397//718 383//3570
f 389//3573 397//718 376//3581
f 399//3582 398//3583 352//722
f 398//814 399//731 452//3584
f 452//3585 399//731 400//3586
f 430//3587 401//728 399//726
f 400//3588 1186//2314 453//823
f 401//732 1188//2340 400//730
f 430//3589 399//726 425//725
f 406//734 404//3590 392//3591
f 392//645 366//678 406//734
f 404//3590 391//3592 392//3593
f 406//734 403//742 404//3590
f 406//734 408//3594 403//3595
f 366//678 372//3596 405//3597
f 405//733 407//3598 408//3594
f 405//3597 408//3594 406//3599
f 409//770 410//1672 379//3600
f 379//3600 411//771 409//770
f 412//769 410//1672 409//770
f 413//743 403//3601 408//3594
f 403//742 429//3602 404//3603
f 415//745 417//3604 262//495
f 871//3605 1166//757 870//3606
f 414//755 416//750 417//3607
f 262//1364 416//750 414//753
f 414//3608 413//743 408//735
f 412//740 435//3609 420//746
f 420//746 435//3610 419//756
f 415//745 412//769 420//746
f 419//756 421//744 413//3611
f 395//768 427//3612 426//766
f 437//785 412//740 411//771
f 391//721 404//3613 425//3614
f 404//3613 428//3615 425//3614
f 428//3615 430//3587 425//3614
f 428//778 431//2293 433//727
f 429//741 432//776 431//2290
f 404//3613 429//741 428//778
f 395//818 454//3616 427//3617
f 453//823 1186//3618 454//3619
f 454//3616 1194//2318 434//3620
f 427//3612 454//817 434//3621
f 1186//3618 1194//2318 454//3619
f 443//3622 434//3620 1194//2318
f 427//3612 434//3621 438//790
f 435//3609 436//3623 421//744
f 436//779 435//3609 412//740
f 437//781 442//792 439//783
f 438//790 442//792 437//3624
f 421//744 436//779 440//775
f 441//784 1190//2973 436//779
f 436//779 1190//2973 440//775
f 442//3625 1527//2994 439//783
f 442//792 434//3620 443//3626
f 426//766 427//3612 438//773
f 426//766 438//773 396//767
f 352//720 351//648 350//647
f 419//756 435//3627 421//744
f 308//795 445//804 309//565
f 446//3628 310//564 448//563
f 447//3629 282//567 313//560
f 282//919 447//3630 382//706
f 450//3631 446//3628 448//3632
f 446//3633 449//3634 447//811
f 349//805 398//814 451//798
f 454//3635 393//819 449//809
f 453//3636 450//807 452//816
f 460//3637 457//3638 456//3639
f 456//3639 457//3640 455//3641
f 458//3642 1245//835 1246//2418
f 458//833 1246//2418 461//846
f 456//824 458//833 460//3637
f 458//3643 461//846 460//3637
f 1249//2424 463//841 461//846
f 460//3637 462//842 457//3644
f 462//3645 483//851 457//3640
f 494//3646 485//898 462//849
f 464//847 498//3647 494//910
f 464//847 462//849 463//841
f 393//819 395//716 394//715
f 465//853 472//3648 468//829
f 470//860 478//3649 469//861
f 455//850 457//3640 483//851
f 470//860 480//3650 471//879
f 473//3651 469//862 467//857
f 475//865 476//875 474//3652
f 477//878 476//877 478//867
f 459//3653 474//3654 1185//837
f 479//885 477//878 478//3655
f 479//885 471//879 481//881
f 479//884 1259//883 477//2443
f 482//882 1260//3656 1259//883
f 465//3657 486//3658 472//3659
f 483//851 486//891 465//3660
f 495//890 483//889 485//3661
f 486//3658 487//3662 472//3659
f 484//888 491//3663 486//891
f 484//3664 490//892 491//3665
f 487//3662 467//857 472//3659
f 487//3662 488//3666 467//857
f 489//1816 466//3667 473//868
f 486//3658 491//3668 487//896
f 493//911 490//3669 495//890
f 466//3670 489//1816 492//1798
f 462//3645 485//898 483//851
f 497//909 495//890 494//910
f 481//887 501//3671 500//3672
f 499//904 505//1803 498//908
f 499//3673 502//3674 505//3675
f 480//871 466//870 496//886
f 497//3676 503//3677 493//911
f 502//3678 506//3679 505//3675
f 497//909 505//916 503//3680
f 504//3681 506//1802 501//915
f 501//915 506//1802 502//3678
f 501//915 502//3674 499//904
f 54//508 344//655 269//3682
f 277//3683 345//520 284//3545
f 206//691 85//146 354//689
f 284//3543 444//3542 276//513
f 3//1 24//3 507//3684
f 507//3685 508//923 3//3686
f 507//3685 511//965 508//923
f 508//920 511//3687 510//3688
f 522//949 519//925 510//3689
f 508//920 510//3688 513//926
f 513//926 514//3690 515//940
f 513//926 519//946 514//3690
f 514//943 520//3691 543//945
f 519//925 562//1039 521//3692
f 521//947 523//3693 520//3691
f 521//3694 520//3691 514//943
f 509//933 513//926 512//936
f 26//3279 526//955 25//951
f 527//3695 524//971 26//3696
f 528//978 529//980 527//3695
f 527//3695 26//953 28//3282
f 524//971 527//3695 532//983
f 507//952 533//964 511//3697
f 526//955 530//3698 525//956
f 530//962 535//972 531//963
f 526//955 535//976 530//3699
f 526//955 536//970 535//976
f 529//3700 532//983 527//3695
f 533//3701 531//3702 534//931
f 534//931 538//1018 522//3703
f 540//973 561//1019 538//1018
f 531//3702 538//3704 534//931
f 535//972 541//3705 540//3706
f 516//979 528//45 62//3707
f 517//939 542//938 516//3708
f 518//937 543//3709 542//938
f 542//3710 543//3711 529//3712
f 529//3713 543//3709 544//3714
f 520//3691 546//985 543//3709
f 544//3715 543//3709 546//985
f 532//983 545//3716 537//3717
f 547//1028 549//994 548//3718
f 551//3719 550//3720 573//3721
f 552//992 578//995 549//994
f 88//1002 555//3722 87//3340
f 87//3723 555//1001 86//3724
f 88//158 90//1004 89//1000
f 90//1004 554//1426 89//1000
f 89//1008 558//1007 555//3725
f 86//3341 556//1005 209//1010
f 558//3726 556//1005 555//1001
f 743//1015 556//1005 558//1402
f 556//3727 560//3728 557//1009
f 538//1018 562//1017 522//3703
f 520//3691 564//1023 546//3729
f 546//3729 564//1023 547//3730
f 564//1026 565//3731 547//3730
f 562//950 566//3732 521//3733
f 566//3732 562//1017 567//1038
f 521//3734 566//3735 523//3736
f 537//969 568//1048 536//3737
f 537//968 578//1049 568//1048
f 569//3738 571//1052 539//1031
f 541//3705 535//972 539//975
f 568//3739 569//3740 539//1031
f 561//1037 570//1036 562//1017
f 563//1035 572//1056 570//1040
f 563//1034 571//1033 572//1056
f 566//3732 565//3741 564//1026
f 565//3742 573//1042 547//3730
f 567//1038 577//3743 574//1044
f 566//3744 567//1038 574//3745
f 566//3735 576//3746 565//3742
f 576//3747 566//3732 574//3745
f 565//3742 576//3746 573//1042
f 551//3748 576//3746 685//1238
f 576//3749 574//3745 575//3750
f 579//3751 569//3740 568//3739
f 578//995 537//3717 548//987
f 581//1051 572//3752 571//1052
f 582//3753 588//3754 144//1069
f 132//3755 583//1074 131//234
f 141//249 588//3756 142//3757
f 588//1086 591//1088 142//255
f 146//3758 590//1085 130//256
f 146//264 171//261 590//1085
f 142//3373 589//1118 143//3411
f 585//1078 594//1092 587//1079
f 586//3759 592//1091 585//3760
f 594//3761 588//3754 587//1079
f 592//1091 595//3762 594//1092
f 594//3763 595//1089 591//1088
f 586//3759 593//1214 592//1091
f 582//1068 587//1079 588//3754
f 596//3369 603//1103 133//3764
f 133//3370 603//1103 584//1077
f 596//3369 598//1104 603//1103
f 603//1103 599//1106 584//1077
f 596//1098 130//256 597//1096
f 590//3765 600//3766 597//3767
f 590//3768 619//3769 600//3770
f 590//3768 616//1084 619//3769
f 597//1096 600//3766 598//1097
f 601//1100 593//3771 586//1105
f 627//3772 600//3770 619//3769
f 600//3770 627//3772 605//3773
f 600//3774 605//1137 604//3775
f 604//1145 602//1102 598//3776
f 602//1148 610//1207 603//1103
f 600//3777 604//1145 598//3778
f 606//3779 595//1089 592//3780
f 612//3781 575//1046 607//3782
f 607//1286 687//1116 614//1114
f 601//1108 609//1107 606//1184
f 603//3783 610//3784 608//1109
f 610//3784 611//3785 608//1109
f 609//1107 608//1109 611//3786
f 612//1113 607//3787 614//1114
f 728//1397 651//1205 614//1114
f 589//1118 170//301 143//3788
f 589//1118 615//3789 170//301
f 617//1121 618//1119 616//1084
f 589//1118 617//1120 615//3790
f 617//3791 618//1119 615//3790
f 615//3792 618//1119 170//3793
f 170//3793 618//3794 617//1121
f 170//301 616//1084 171//3795
f 620//1131 619//3796 616//3797
f 589//1118 620//1122 616//1084
f 591//1081 620//1131 589//1082
f 622//3798 627//3772 619//3769
f 619//3799 620//1122 622//3798
f 620//1122 625//1128 622//3798
f 624//3800 620//1122 621//1123
f 625//1130 623//3801 622//3802
f 621//3803 645//1198 624//1129
f 627//3772 623//3801 629//1142
f 602//1148 630//1159 610//1207
f 638//1166 632//1209 639//1208
f 632//1155 633//1151 613//1110
f 613//1110 633//1151 638//1166
f 704//3804 638//3805 974//1163
f 635//1174 640//2594 631//1138
f 623//3806 636//1173 629//1140
f 636//1173 635//2587 629//3807
f 637//3808 1327//2600 636//2588
f 640//3809 641//3810 631//1175
f 634//1160 630//1149 631//1147
f 642//3811 649//3812 634//1160
f 713//2637 642//3813 634//1160
f 641//3814 713//2637 634//1177
f 595//3762 606//1184 646//1180
f 595//3762 646//1180 645//3815
f 648//3816 606//3817 609//1107
f 649//3812 650//1193 610//3818
f 639//1154 651//3819 732//1340
f 653//1197 654//2620 646//1183
f 1327//2590 637//1216 654//2620
f 655//1202 653//1197 648//1187
f 653//1197 1341//2624 654//2620
f 652//1196 1340//3820 655//3821
f 647//1186 655//1202 648//1187
f 599//1106 603//1103 608//1109
f 651//1205 633//1151 632//1155
f 550//991 657//3822 552//997
f 553//998 657//1221 658//1232
f 551//1217 662//1239 661//1241
f 661//1218 665//1225 550//3720
f 657//3823 550//991 658//1224
f 659//1222 553//998 658//1224
f 674//1236 662//1239 695//3824
f 662//1239 551//1041 663//3825
f 212//381 740//3826 739//164
f 209//378 667//1251 210//3442
f 222//3827 668//1262 223//377
f 223//3828 668//3829 675//414
f 675//414 669//1256 226//410
f 658//1224 670//1250 671//1230
f 747//1261 667//1251 560//1012
f 668//3829 672//1264 675//414
f 747//1261 672//1264 668//1265
f 673//1266 661//3830 676//3831
f 673//1266 228//418 666//1268
f 678//1258 677//3832 679//3833
f 676//1270 680//1272 229//420
f 678//1258 679//1570 682//1275
f 683//1370 664//1374 682//1275
f 682//1275 664//1374 691//1244
f 575//3750 685//1238 576//3749
f 575//3750 612//3781 685//1238
f 581//1285 579//1050 684//3834
f 684//3834 688//1288 692//1057
f 690//1289 689//1055 580//1047
f 691//1244 689//3835 690//1289
f 685//1111 613//3836 663//1237
f 689//1055 688//1290 684//3834
f 693//1243 688//1290 691//1244
f 689//3835 684//3837 579//1050
f 708//1322 696//3838 695//1310
f 696//3839 709//1330 697//3840
f 695//1310 696//3838 697//3841
f 698//3842 700//1358 699//1296
f 662//1239 663//1237 702//1303
f 663//1237 613//3836 702//1307
f 702//1308 613//3836 704//1157
f 708//1322 695//1310 703//1306
f 731//1321 705//1311 716//1349
f 716//1349 712//3843 731//1321
f 245//452 246//444 696//3839
f 715//3844 1010//1326 1344//1328
f 698//1300 697//1298 709//1330
f 706//3845 698//3846 710//466
f 253//465 706//1319 710//3847
f 715//3848 253//3849 1010//1326
f 706//1316 253//1962 715//1350
f 712//1348 715//3850 1344//1346
f 706//1314 716//1349 705//1311
f 680//485 699//1296 718//3851
f 680//485 718//1352 261//486
f 719//1353 263//496 718//1354
f 683//1370 682//1275 721//1274
f 724//3852 707//1318 705//1311
f 265//3249 726//2670 250//3853
f 241//3481 265//3249 250//3853
f 259//483 727//3854 725//1378
f 730//1394 711//1393 729//1387
f 732//3855 711//1339 643//1338
f 714//2639 656//1396 642//3856
f 714//2636 642//3857 713//2637
f 659//1222 690//1289 580//1047
f 704//1157 973//453 708//1322
f 733//3858 738//3259 554//1426
f 733//3858 753//3859 738//3860
f 753//3859 733//1399 754//1403
f 753//3861 736//3862 735//1401
f 745//1424 92//165 739//164
f 742//1412 293//3863 292//3864
f 293//3507 808//1559 295//3865
f 737//3866 748//1425 554//3867
f 740//1254 806//3868 746//1408
f 750//3869 745//1406 746//1417
f 748//1425 749//1431 734//1398
f 751//1427 749//1431 750//1419
f 750//1430 815//3870 751//1427
f 735//3871 744//3872 743//1015
f 738//1006 753//3859 735//1401
f 754//1403 752//1463 736//3862
f 754//1403 755//1438 752//1463
f 755//3873 788//1505 752//1463
f 749//1429 828//1428 760//1441
f 756//1445 759//1442 761//1613
f 756//1433 761//3874 799//1448
f 799//1528 761//3875 801//3876
f 764//1462 765//3877 744//3878
f 744//3878 765//1457 559//1014
f 765//3879 747//3880 559//1422
f 766//1475 767//1472 769//1455
f 736//3881 769//1455 763//1454
f 752//1463 771//3882 769//3883
f 752//3884 789//1497 771//3885
f 771//3886 803//3887 773//1468
f 770//1478 772//1477 768//1469
f 774//3888 852//1474 772//1473
f 804//3889 772//1477 773//1479
f 804//3889 774//3888 772//1473
f 743//1015 744//3872 559//1014
f 325//3890 775//3891 326//599
f 326//599 328//3892 327//3893
f 775//1491 777//1489 328//1519
f 323//3530 324//604 782//1493
f 775//3891 325//3894 776//1480
f 778//1521 790//1501 329//3257
f 779//3895 776//1492 781//3896
f 780//1488 781//3897 776//1492
f 779//1484 780//1486 788//1464
f 781//3898 783//1494 788//1464
f 775//3899 779//1490 757//1447
f 323//3530 782//1493 776//1492
f 782//1500 329//3900 790//1501
f 785//1495 782//3901 789//1497
f 783//1494 784//1496 785//1495
f 755//3873 786//3902 788//1505
f 755//1438 757//1447 787//1504
f 757//3903 786//1503 787//1504
f 783//1494 781//3898 780//1486
f 788//1464 784//1496 789//1497
f 788//1464 783//1494 785//1495
f 328//1519 792//1518 337//627
f 792//1518 793//3904 338//3905
f 794//1526 793//3537 792//1518
f 793//3537 794//1526 795//3906
f 795//3906 340//1524 793//3537
f 778//1521 798//3907 797//3908
f 795//1517 342//1522 340//1524
f 343//622 798//3907 778//3909
f 798//3910 802//3911 797//3908
f 802//1737 341//3912 901//3913
f 341//3912 802//3911 798//1525
f 777//1489 757//3914 799//1528
f 791//3915 805//1535 803//1531
f 791//3915 800//3916 805//1538
f 777//3917 799//1528 794//3918
f 799//1528 801//1612 796//1516
f 791//3915 797//3919 800//3916
f 797//1520 791//3915 790//3920
f 802//3911 800//1540 797//3921
f 903//1728 800//1540 802//3911
f 789//1465 803//1532 771//3885
f 807//3922 296//3923 297//918
f 833//1547 807//3924 297//3925
f 807//3926 741//531 296//3927
f 363//1548 833//1547 297//918
f 809//3928 819//3929 295//1549
f 806//1553 669//1256 811//1551
f 812//1552 810//1563 811//1551
f 806//3930 811//3931 815//3932
f 811//1551 816//3933 815//1562
f 814//1603 825//3934 809//1592
f 362//659 820//1583 367//658
f 820//1583 373//3935 367//668
f 373//1589 821//1582 377//1575
f 362//3936 822//1577 820//1583
f 377//1575 868//1676 869//1584
f 819//3937 809//3928 824//1544
f 819//3938 824//1542 360//3939
f 807//3926 829//1607 741//531
f 832//1643 828//3940 751//3941
f 828//3942 835//1610 760//1441
f 813//3943 830//3944 742//1558
f 829//1560 830//3945 813//1414
f 832//1643 835//1718 828//3942
f 834//3946 807//3922 833//3947
f 844//3948 829//1607 834//1606
f 829//1607 844//1631 846//1663
f 902//1736 801//1612 759//1443
f 835//1615 838//3949 839//1616
f 836//1717 838//1617 835//1718
f 840//1618 839//1620 836//1717
f 837//1619 902//1609 835//1718
f 843//1629 844//3948 842//3950
f 842//3951 834//1606 841//1625
f 845//3952 846//3953 844//3948
f 847//3954 845//1630 843//1629
f 849//1640 850//1637 747//1261
f 767//1472 849//1635 765//1457
f 850//1637 851//1641 812//1639
f 767//1472 768//1469 851//3955
f 832//3956 810//1563 836//1717
f 768//1469 852//3957 810//1642
f 852//1653 836//1717 810//1642
f 854//1644 825//3958 814//1603
f 840//1652 836//1717 852//3959
f 857//1659 826//1595 825//1660
f 855//3960 856//3961 854//3962
f 854//1661 856//1669 857//1659
f 846//3963 861//1658 831//1657
f 855//3960 862//1665 856//1741
f 845//3952 863//1826 846//1663
f 829//1560 846//3964 831//1657
f 856//1669 858//1668 857//1659
f 379//687 410//1672 818//1673
f 865//3965 415//745 722//1362
f 868//1581 870//3966 869//3967
f 866//3968 883//3969 869//3967
f 867//3970 871//3971 870//3606
f 870//3972 866//1678 869//3967
f 822//1577 872//1597 823//1578
f 823//1590 875//1682 873//3973
f 872//3974 875//1682 823//1590
f 872//3975 827//1599 874//3976
f 880//1694 875//3977 876//1700
f 874//1681 876//1700 875//1682
f 418//3978 871//1680 877//3979
f 871//3980 873//1677 877//3979
f 418//3978 877//3979 1032//2000
f 878//1686 1494//2921 1167//1687
f 876//1700 882//3981 880//1694
f 869//3982 883//3969 842//3983
f 842//1585 883//1698 843//1629
f 883//1698 885//1697 847//3954
f 874//1600 826//1595 884//1699
f 883//3984 847//3954 843//1629
f 879//3985 887//3986 883//1698
f 866//3968 879//763 883//3969
f 1514//3987 885//3988 887//1696
f 885//1697 1514//2992 889//3989
f 890//3004 889//2991 1523//2990
f 1497//2989 891//3990 890//3004
f 891//1714 1497//3991 881//1695
f 882//1703 891//1714 881//1695
f 889//2991 893//3992 908//1711
f 886//1708 889//3989 908//1711
f 893//3992 890//3004 894//1709
f 894//3993 890//3994 891//3995
f 892//1719 895//1856 894//1709
f 890//3004 893//3992 889//2991
f 893//3992 894//1713 908//3996
f 857//1659 884//1699 826//1595
f 857//1659 858//3997 884//1699
f 858//1715 896//1831 897//1716
f 858//3998 882//1703 884//3999
f 882//4000 898//4001 892//1719
f 897//4002 898//4003 882//1703
f 892//4004 898//4003 895//4005
f 847//4006 848//1632 845//1634
f 902//1609 899//1727 342//1733
f 903//4007 900//1724 902//1736
f 899//1722 900//4008 342//1522
f 837//1619 904//4009 903//4010
f 904//1537 837//1619 840//4011
f 904//4012 774//4013 804//1536
f 774//4014 904//4015 840//1652
f 861//1658 905//1828 862//1665
f 862//1665 906//1740 856//1741
f 908//1711 909//1751 886//1708
f 886//1708 909//1757 848//1750
f 848//1632 910//1824 863//4016
f 908//3996 911//4017 912//1753
f 895//1856 911//1851 908//1711
f 912//1753 913//4018 960//1754
f 939//1773 914//1776 921//1774
f 960//4019 918//4020 915//4021
f 916//4022 958//1762 918//1759
f 960//1754 917//1765 918//4020
f 916//1758 917//1765 960//4023
f 917//1760 916//4024 913//1763
f 913//4025 916//4022 960//4019
f 915//1775 920//4026 921//1774
f 919//1766 920//4027 915//4028
f 920//4029 918//1759 958//1764
f 920//4030 919//1766 918//4031
f 918//4020 919//1766 915//4032
f 488//1788 473//868 467//857
f 487//3662 922//1791 488//4033
f 488//1788 927//1787 473//868
f 473//3651 926//1817 489//1816
f 492//1798 489//1816 935//1818
f 491//894 930//1874 922//1791
f 491//894 923//1778 930//1874
f 922//4034 925//1886 488//3666
f 930//1874 923//4035 929//1796
f 927//1787 926//1817 473//3651
f 927//1787 928//4036 926//1817
f 925//1790 966//1793 927//1787
f 914//1776 926//1817 928//1794
f 930//4037 929//1878 967//1875
f 932//1797 929//1796 923//4035
f 505//1803 934//1805 938//4038
f 934//4039 506//1804 936//1806
f 503//3677 924//1780 493//4040
f 503//3680 938//1814 924//1780
f 938//4041 943//4042 924//1780
f 926//1819 914//1776 939//1773
f 935//1801 940//4043 936//1806
f 939//1773 940//1772 935//4044
f 941//1823 931//1822 943//4045
f 937//3152 941//3151 938//4038
f 941//4046 943//4042 938//1814
f 943//4045 931//1795 932//4047
f 863//1826 944//4048 859//1664
f 906//1740 945//1844 896//1846
f 944//4049 949//4050 907//4051
f 905//1828 907//4052 948//1835
f 950//1838 949//1834 944//1825
f 910//4053 950//4054 944//1825
f 949//4050 952//1842 948//1832
f 951//1836 952//1842 949//4055
f 906//4056 953//1870 945//1844
f 953//1870 955//4057 945//1844
f 955//4058 954//1850 945//1844
f 895//1710 898//4003 957//4059
f 897//1830 957//1868 898//4003
f 895//1856 958//1762 911//1853
f 909//1757 950//4060 910//4061
f 960//1754 915//4032 914//1837
f 947//4062 962//4063 957//4064
f 961//4065 958//1764 895//4066
f 957//1854 962//4067 959//4068
f 1597//4069 964//1860 965//1882
f 965//1882 963//1881 1597//4069
f 966//1793 930//4070 952//4071
f 967//4072 956//1849 955//4057
f 968//4073 969//4074 956//1849
f 969//4074 942//4075 963//1881
f 942//3156 969//4074 968//4073
f 968//4076 956//4077 967//1877
f 907//1747 860//1745 859//1884
f 951//1839 966//4078 952//1842
f 810//1642 851//3955 768//1469
f 904//4079 800//1540 903//4010
f 758//1439 757//1509 755//3873
f 1002//4080 972//1891 980//1890
f 972//4081 974//1163 975//1897
f 980//4082 977//1896 976//1899
f 980//4083 976//1899 982//1904
f 972//1891 976//4084 977//4085
f 972//4081 977//1896 980//4083
f 975//4086 979//4087 978//4088
f 978//1902 1343//1343 983//1906
f 970//1888 980//1890 981//1912
f 982//4089 975//1897 978//1902
f 981//1912 982//1904 990//4090
f 978//1902 983//1910 982//1900
f 983//1906 985//4091 984//1908
f 1021//1972 985//4092 983//1910
f 986//4093 970//1888 981//1905
f 1052//2040 986//4093 987//1913
f 988//1919 1052//2040 987//4094
f 990//1920 982//1904 993//1918
f 982//1894 1078//4095 992//4096
f 982//1894 992//4096 991//4097
f 988//1919 993//1918 989//4098
f 996//4099 1004//1940 994//1937
f 996//1923 1003//1991 1051//1925
f 995//4100 1051//1925 1003//1922
f 995//4100 970//4101 1051//4102
f 970//4103 986//1911 1051//4102
f 242//4104 1003//4105 994//4106
f 971//1941 1002//1892 1003//1942
f 1011//4107 247//4108 1004//1940
f 1004//1940 247//464 1001//471
f 1004//1940 1006//1948 1005//1945
f 999//4109 1006//1948 1004//1940
f 1005//1950 1006//1947 999//1935
f 1000//4110 1005//1950 999//1935
f 1004//4111 1008//1954 1011//467
f 1011//4112 1008//1954 1009//4113
f 1007//4114 1009//1956 1004//1940
f 1345//4115 1021//4116 1343//2629
f 251//1969 1014//2681 1013//4117
f 248//457 1014//2635 251//3465
f 1003//1942 970//1990 995//4100
f 1022//4118 1015//1970 1021//1972
f 1018//4119 1015//1970 1022//4118
f 984//4120 985//1971 1015//1976
f 1016//2076 1007//1946 1000//4121
f 1007//4114 1016//1978 1017//1977
f 1020//2081 1095//2083 1025//1987
f 1026//1988 1355//1981 1020//1980
f 1019//4122 1355//4123 1023//4124
f 1026//4125 1025//4126 1024//4127
f 267//1968 1013//2684 1028//2683
f 266//501 1028//1992 1029//1996
f 266//501 1029//1996 1031//3479
f 1029//4128 1030//1995 1031//498
f 1034//4129 1038//4130 1037//4131
f 1064//4132 1034//2007 1095//2006
f 1064//2058 1172//4133 1034//2007
f 1046//4134 1038//2013 1035//2009
f 1027//2008 1046//2002 1035//4135
f 1039//2019 1356//4136 1037//4137
f 1356//2649 1039//4138 1374//2016
f 1044//2017 1039//2019 1042//2022
f 1045//2021 1040//4139 1042//4140
f 1044//2017 1358//2651 1374//4141
f 1041//2023 1097//4142 1359//4143
f 1038//2013 1045//2021 1039//4138
f 1038//4130 1046//2002 1045//2021
f 1045//2021 1047//2001 1040//4144
f 1048//2027 1049//2026 1040//2029
f 1042//2022 1040//2029 1043//4145
f 1048//2027 1040//4139 1047//4146
f 1037//4147 1038//4148 1039//2019
f 1058//2134 1055//4149 997//1928
f 1051//4150 986//4151 997//2032
f 998//1936 1053//2035 1000//1934
f 1065//2055 1019//1982 1054//4152
f 1081//2059 1019//1982 1065//2055
f 997//1926 1053//4153 998//1936
f 997//1928 1055//4149 1053//2035
f 1058//2034 986//4154 1052//4155
f 1058//2134 1061//4156 1055//4149
f 1055//4149 1061//2044 1053//2046
f 1068//2057 1067//2069 1064//2058
f 1067//2070 1069//2064 1064//2058
f 1062//2047 1109//2145 1054//2048
f 1054//2056 1109//4157 1071//4158
f 1062//2047 1110//4159 1109//2145
f 1110//2141 1062//4160 1070//2142
f 1071//2054 1074//2144 1073//2071
f 1073//2157 1075//2514 1067//2069
f 1077//2077 1076//2090 1078//1907
f 1077//2077 1078//1909 984//1908
f 1080//2079 1078//1907 1076//4161
f 1076//2104 1079//2101 1080//2079
f 1019//1982 1082//4162 1054//2056
f 1089//4163 1083//2049 1082//4162
f 1083//2049 1054//2048 1082//4162
f 1062//4160 1085//4164 1070//4165
f 1085//4166 1086//4167 1070//4165
f 1091//4168 1088//4169 1085//4170
f 1091//4168 1085//4170 1087//4171
f 1085//4170 1088//2109 1086//4172
f 1087//2095 1085//4164 1083//2096
f 1023//2645 1089//4173 1082//4162
f 1394//4174 1097//2091 1392//2093
f 1392//2093 1091//4168 1090//4175
f 1079//2101 992//2080 1080//2079
f 992//4096 1093//2100 1092//2160
f 992//4096 1092//4176 991//4097
f 1083//2096 1085//4164 1062//4160
f 1063//2136 1094//2089 1059//2050
f 1172//2063 1069//2064 1036//2273
f 1041//2023 1096//4177 1097//4178
f 1043//2118 1099//2113 1098//2110
f 1086//2108 1072//2111 1070//4165
f 1099//2113 1226//2361 1289//2119
f 1099//2113 1289//2119 1072//2111
f 1019//1982 1023//2645 1082//4162
f 1000//1934 1084//2085 1016//4179
f 1095//4180 1081//2059 1064//4181
f 1081//2059 1065//2068 1068//2061
f 1103//4182 1057//2123 1100//2039
f 1101//2125 1104//2128 1107//4183
f 1101//2125 1107//2204 1105//4184
f 1105//4185 1107//2204 1137//4186
f 1105//4185 1137//2205 1106//2138
f 1104//2128 1138//4187 1107//2204
f 1071//4158 1109//2145 1074//4188
f 1109//4189 1110//4159 1111//4190
f 1074//4191 1108//4192 1073//2071
f 1074//4191 1112//4193 1108//4192
f 1070//4194 1072//2111 1116//2146
f 1114//2153 1113//2149 1111//2143
f 1117//2472 1115//2151 1116//2146
f 989//2163 993//2162 1120//2161
f 1122//2106 1124//2179 1093//2100
f 1122//4195 1123//2190 1125//4196
f 1094//2102 1063//2136 1122//2106
f 1123//2180 1126//4197 1125//2185
f 1121//2197 1127//2186 1134//2196
f 1125//4198 1126//4199 1128//4200
f 1129//2199 1104//4201 1103//4202
f 1129//2199 1131//4203 1104//4204
f 1120//4205 1132//4206 1118//2165
f 1132//2171 1133//4207 1130//4208
f 1129//2194 1135//2198 1131//4203
f 1131//2207 1138//2209 1104//4209
f 1137//2205 1138//4210 1152//4211
f 1140//2208 1152//4212 1138//4210
f 1152//2233 1140//4213 1141//4214
f 1144//2216 1133//2214 1431//2220
f 1133//2214 1142//2215 1143//4215
f 1143//2786 1433//2789 1133//4207
f 1133//4216 1144//2216 1130//2195
f 1128//2191 1148//4217 1134//4218
f 1126//4199 1149//4219 1128//2191
f 1142//4220 1134//4221 1148//4222
f 1142//2215 1148//2224 1151//2784
f 1148//2224 1149//4223 1151//2784
f 1141//2240 1154//4224 1153//2232
f 1153//2234 1438//2229 1150//4225
f 1130//2195 1144//4226 1129//2194
f 1152//2233 1153//2234 1123//2180
f 1139//2212 1135//4227 1136//2237
f 1147//2903 1155//2238 1136//2200
f 1141//2240 1140//2208 1139//2212
f 1490//4228 1139//2212 1155//2238
f 989//2243 1118//2165 1100//2039
f 983//4229 1343//2629 1021//4230
f 1188//2320 401//4231 1184//2303
f 1184//4232 401//728 433//727
f 1185//2244 1156//2245 1158//2247
f 1158//2247 1159//2246 1245//835
f 1160//2253 1158//4233 1173//4234
f 1157//2248 1158//2247 1160//2253
f 1162//2261 1164//2260 1163//4235
f 1163//4235 1164//4236 1253//2434
f 1165//4237 1253//4238 1164//4236
f 1027//4239 1168//2010 1166//757
f 1027//2264 418//4240 1046//2002
f 1027//2008 1166//757 871//3971
f 1046//4134 418//3978 1032//2000
f 1168//2275 1176//2274 1166//760
f 1176//2274 1169//2265 1166//4241
f 1167//4242 1048//4243 1032//1684
f 1048//4243 1167//1687 1494//2921
f 1169//2268 424//762 423//4244
f 1036//4245 1168//2275 1172//2063
f 1050//4246 1505//2928 1506//4247
f 1033//2932 1050//2363 1049//2031
f 1506//4248 1177//4249 1050//2363
f 1175//4250 1170//2272 1169//2268
f 1176//4251 1175//2350 1169//2268
f 1179//2279 1178//4252 1171//2925
f 1200//2283 1208//2333 1181//2957
f 1201//4253 1174//4254 1180//4255
f 1182//2291 1183//2343 433//727
f 1189//4256 1204//4257 1156//4258
f 1156//2245 1187//4259 1189//4256
f 1191//2309 1182//2289 432//2312
f 1190//2973 1193//2310 432//2306
f 1182//2291 1191//2336 1183//2299
f 443//3626 1194//4260 1196//4261
f 1186//3618 1195//4262 1194//2318
f 1174//2287 1160//2253 1173//4263
f 1156//2245 1199//4264 1200//2283
f 1156//2245 1204//4265 1199//4264
f 1174//2287 1201//4266 1160//2324
f 1204//2325 1206//2345 1199//4267
f 1199//4267 1206//2327 1203//2344
f 1205//2330 1242//2329 1206//4268
f 1200//2283 1199//4264 1208//2333
f 1207//2334 1191//2336 1524//4269
f 1199//4264 1203//2344 1211//2337
f 402//2296 1537//3102 1198//2313
f 1206//2345 1244//2406 1211//2337
f 1210//3021 1537//2338 1188//2340
f 1183//2299 1197//4270 1184//2300
f 1212//2348 1218//2347 1216//4271
f 1214//2469 1215//2468 1212//4272
f 1212//4273 1272//4274 1213//2346
f 1213//2346 1272//2476 1229//4275
f 1272//4276 1291//2478 1229//4277
f 1224//4278 1179//2279 1217//2288
f 1043//2028 1050//2363 1226//2361
f 1223//4279 1233//2391 1222//2369
f 1229//4277 1218//2347 1213//4280
f 1229//4281 1225//4282 1218//2347
f 1219//2354 1227//4283 1226//2117
f 1229//4277 1231//2483 1230//4284
f 1229//4285 1230//2381 1225//2376
f 1227//4283 1228//4286 1226//2117
f 1161//4287 1232//2386 1164//2394
f 1233//2367 1232//2386 1220//2388
f 1234//2395 1235//2433 1165//2393
f 1243//4288 1236//2398 1237//2399
f 1243//2409 1569//2407 1244//2415
f 1239//2412 1238//2410 1223//2411
f 1236//2400 1243//2409 1242//4289
f 1242//4290 1243//2409 1244//2415
f 1243//4288 1237//2399 1241//2416
f 1202//2387 1232//2386 1161//4291
f 461//846 1250//2420 1249//4292
f 1247//2258 1250//4293 1246//4294
f 1250//2429 1247//2258 1251//2438
f 1249//2431 1251//4295 1255//2425
f 1251//2430 1248//2427 1255//2426
f 1251//2430 1252//2437 1248//4296
f 474//3652 476//875 1187//4259
f 1257//876 1187//4259 476//877
f 1257//4297 1189//4256 1187//4259
f 477//2443 1259//883 1258//2441
f 1256//2454 1260//4298 500//903
f 1258//4299 1205//2330 1189//2447
f 1258//2441 1264//4300 1205//2330
f 1263//2458 1264//2444 1261//2445
f 1236//2400 1254//2456 1235//2433
f 1268//4301 1214//2469 1108//4302
f 1108//2155 1265//2465 1268//4303
f 1266//2492 1265//2465 1112//2464
f 1265//2465 1267//2505 1268//4303
f 1267//2479 1270//2473 1268//4304
f 1214//4305 1212//4306 1075//2073
f 1214//4307 1268//4304 1270//2473
f 1117//2472 1289//4308 1269//2470
f 1269//2513 1276//2502 1115//4309
f 1271//2487 1272//4274 1270//2473
f 1215//4310 1272//2474 1212//2348
f 1291//2478 1231//2483 1229//4275
f 1273//2480 1271//2487 1270//2473
f 1265//4311 1283//2503 1267//2505
f 1113//4312 1277//4313 1266//2466
f 1113//2149 1114//4314 1277//4315
f 1114//4316 1115//2151 1276//2502
f 1280//4317 1275//2493 1277//2497
f 1281//2500 1308//2553 1277//4313
f 1267//2505 1282//4318 1273//2480
f 1275//4319 1309//4320 1285//2511
f 1283//2494 1275//2493 1285//2511
f 1287//4321 1271//4322 1273//4323
f 1287//4321 1273//2480 1282//4324
f 1274//2485 1271//2487 1287//4325
f 1282//2510 1286//4326 1288//2515
f 1286//4326 1306//4327 1288//2546
f 1228//2380 1269//2524 1289//2119
f 1290//4328 1269//2524 1228//2380
f 1292//2490 1279//4329 1269//2513
f 1294//4330 1295//2531 1293//2526
f 1284//4331 1297//4332 1278//2506
f 1300//4333 1297//2528 1296//4334
f 1297//2528 1295//2531 1294//2529
f 1297//2537 1300//4333 1299//2535
f 1301//2532 1293//2526 1295//4335
f 1301//4336 1295//4335 1302//2533
f 1299//4337 1307//2547 1604//4338
f 1295//4339 1298//4340 1302//2533
f 1298//4340 1299//4341 1604//2538
f 1296//2486 1274//2485 1304//2543
f 1300//2544 1307//2539 1299//4342
f 1280//4317 1309//4343 1275//2493
f 1310//2556 1309//4344 1280//4317
f 1311//4345 1309//4344 1310//4346
f 1285//4347 1311//4345 1286//4348
f 1309//4344 1311//4345 1285//4347
f 1281//2500 1293//4349 1308//4350
f 1310//2562 1316//4351 1311//4352
f 1316//2564 1315//4353 1311//4352
f 1316//2564 1317//2563 1315//4353
f 1318//4354 1301//2566 1303//3164
f 1318//2567 1641//3165 1640//3227
f 1318//2567 1319//4355 1312//2552
f 1318//2567 1640//4356 1319//4355
f 1320//4357 1313//2555 1312//2558
f 1320//2577 1314//2559 1313//2561
f 1319//4358 1643//2569 1312//2558
f 1643//2569 1321//2571 1320//2568
f 1646//3232 1324//2578 1323//2575
f 1318//2567 1312//2558 1308//2550
f 1311//4345 1315//4359 1286//4348
f 1315//4359 1306//2545 1286//4326
f 1317//4360 1306//4361 1315//4362
f 1324//2578 1306//4363 1317//4364
f 1305//2549 1325//2581 1307//2539
f 1322//3231 1325//2579 1324//4365
f 1247//4366 1163//2439 1251//2440
f 979//1165 643//1341 1343//2629
f 644//4367 1343//1901 643//1338
f 1328//2591 1335//4368 1333//2592
f 1331//4369 1329//2593 635//2587
f 635//1174 1329//2599 640//2594
f 1346//2604 1330//2602 1329//4370
f 1331//2605 1334//4371 1332//4372
f 1326//2586 1333//4373 1334//4374
f 1338//2613 1336//4375 1337//2618
f 1334//4374 1338//2615 1391//2711
f 1333//2592 1338//2615 1334//4374
f 1326//2586 1334//4374 1331//2596
f 654//2620 1328//2591 1327//4376
f 1340//1203 1339//4377 653//1197
f 1339//4378 1342//4379 1341//2619
f 1353//2606 1347//4380 1346//2604
f 250//1333 1348//4381 252//456
f 1354//2643 1356//2649 1347//2642
f 1356//2015 1357//4382 1347//4380
f 641//1176 1330//2602 713//4383
f 1350//2638 1387//2653 714//2639
f 1330//2640 1347//2642 1350//2638
f 1351//2654 1352//4384 1389//4385
f 1387//2653 1351//2654 1389//4385
f 1332//2609 1355//4123 1353//2607
f 1353//2606 1026//4386 1354//2643
f 1354//2643 1026//4387 1024//4127
f 1355//4123 1332//4388 1023//2645
f 1391//2711 1089//4163 1334//4389
f 1024//1985 1037//4131 1356//2649
f 1359//4390 1097//4142 1394//2715
f 1351//2663 1359//4391 1363//2660
f 1363//4392 1359//4390 1394//4393
f 1390//4394 1361//2657 1360//2626
f 1361//2661 1393//2716 1362//4395
f 1390//2665 1351//2664 1363//2660
f 1363//2660 1394//2715 1393//2658
f 726//4396 1348//2672 250//4397
f 1348//4381 1365//4398 1349//2632
f 1348//4381 1364//4399 1365//2686
f 1367//1380 1368//2934 727//3854
f 727//2677 1370//2679 725//4400
f 725//4401 1370//2679 1366//2668
f 727//2677 1368//4402 1384//2678
f 1372//2680 1013//4117 1014//2681
f 1349//2632 1377//4403 1373//4404
f 1371//4405 1379//2935 1367//4406
f 1372//4407 1378//4408 1375//1997
f 1378//4408 1549//3052 1375//1997
f 1375//4409 1549//3052 1030//1998
f 1365//2686 1381//2726 1377//2728
f 1364//2695 1382//4410 1380//2694
f 1370//2679 1383//2701 1366//2668
f 1370//2679 1386//2702 1383//2701
f 1383//2701 1386//2702 1385//4411
f 1369//2003 1371//4412 1367//1999
f 714//2639 1387//2653 656//1204
f 1388//2708 1342//4413 1340//4414
f 656//1204 1389//4385 1388//2704
f 1352//4384 1388//4415 1389//4385
f 1340//1203 1342//4413 1339//4416
f 1390//4417 1360//2626 1342//2625
f 1393//2716 1392//4418 1090//4419
f 1373//4420 1377//4403 1376//2722
f 1378//2723 1550//2725 1549//3052
f 1400//2738 1376//4421 1398//2727
f 1377//2687 1398//2727 1376//4421
f 1401//2735 1376//2722 1400//2738
f 1401//2735 1403//4422 1378//4408
f 1403//4422 1397//2724 1378//4408
f 1400//2738 1399//2733 1402//2757
f 1406//4423 1396//2746 1400//2738
f 1403//2739 1401//2735 1395//2736
f 1403//4422 1404//2741 1397//2724
f 1484//2742 1404//2741 1403//4422
f 1396//2746 1395//2719 1400//2734
f 1409//2834 1408//2753 1458//2844
f 1457//2833 1406//4423 1409//2834
f 1396//2746 1406//4423 1457//2833
f 1407//2751 1408//2753 1409//4424
f 1406//2748 1407//4425 1409//4426
f 1464//2842 1408//4427 1410//2750
f 1411//4428 1464//4429 1410//4430
f 1380//2694 1415//2754 1402//4431
f 1412//2760 1382//2755 1385//2700
f 1413//3115 1412//4432 1385//2700
f 1415//2759 1414//4433 1402//2730
f 1400//2738 1402//2730 1406//2748
f 1415//2759 1410//2750 1414//4433
f 1410//2750 1415//4434 1416//2758
f 1416//2758 1411//4428 1410//4430
f 1417//4435 1416//2763 1412//4432
f 1412//4432 1415//2759 1382//2698
f 1349//2634 1373//4420 1014//2635
f 1421//2765 1420//4436 1419//4437
f 1419//4438 1420//2767 1423//2775
f 1423//2764 1420//4439 1145//2218
f 1436//2769 1421//2765 1422//2799
f 1145//2790 1419//2766 1436//2769
f 1455//2838 1426//2771 1424//4440
f 1455//4441 1424//2781 1428//2718
f 1432//2773 1434//2795 1425//4442
f 1432//2776 1425//4443 1426//2771
f 1425//4443 1424//4444 1426//2771
f 1427//4445 1424//4444 1425//4446
f 1424//4444 1430//2783 1428//2718
f 1395//2736 1428//2718 1467//2854
f 1467//2854 1429//2740 1395//2736
f 1432//2776 1145//2218 1431//2796
f 1143//4447 1142//2215 1435//2785
f 1432//2773 1431//2220 1434//2795
f 1437//4448 1489//4449 1147//2903
f 1143//2786 1441//4450 1433//2789
f 1151//4451 1149//4452 1438//4453
f 1153//2234 1439//2241 1438//2798
f 1435//4454 1438//4455 1446//4456
f 1435//4457 1151//4458 1438//2798
f 1438//2798 1440//2797 1446//4459
f 1441//2788 1427//2777 1434//2779
f 1435//4460 1442//4461 1441//4450
f 1441//2787 1442//2811 1427//2777
f 1421//4462 1461//4463 1422//2799
f 1436//2769 1422//2799 1437//4464
f 1472//2865 1444//2867 1443//2805
f 1443//2801 1444//2867 1489//2908
f 1442//4465 1435//4457 1446//2808
f 1427//2777 1466//4466 1424//4444
f 1427//2777 1442//2811 1466//4466
f 1445//2806 1446//2808 1440//2813
f 1447//2818 1449//4467 1448//2819
f 1451//2821 1452//2814 1449//2827
f 1450//4468 1445//2806 1447//2812
f 1451//2815 1447//2818 1440//2813
f 1451//2821 1453//4469 1447//4470
f 1452//2814 1454//2828 1448//4471
f 1448//4472 1449//4473 1453//4469
f 1451//4474 1445//4475 1454//2828
f 1452//2814 1453//2826 1449//2827
f 1445//2806 1450//2817 1454//2828
f 1457//2745 1456//2770 1455//2838
f 1459//2915 1409//2834 1458//4476
f 1464//2842 1458//2844 1408//4427
f 1421//2765 1459//2915 1461//4463
f 1459//4477 1460//2847 1461//2862
f 1428//4478 1430//2783 1467//2856
f 1411//4479 1470//4480 1464//4429
f 1430//2783 1466//4481 1469//4482
f 1471//4483 1465//2859 1470//2900
f 1481//4484 1479//2882 1471//4485
f 1460//2847 1474//4486 1472//4487
f 1460//2847 1463//4488 1473//4489
f 1460//2847 1473//4490 1474//4486
f 1478//2868 1444//2909 1474//2866
f 1475//2820 1469//4491 1466//2782
f 1445//2809 1475//2820 1466//4466
f 1475//4492 1477//2872 1469//4482
f 1477//4493 1468//2884 1469//2853
f 1463//4488 1471//2858 1473//4489
f 1473//4490 1478//2822 1474//2866
f 1480//2883 1483//2831 1429//4494
f 1488//2901 1411//4495 1416//2763
f 1480//2883 1485//4496 1483//2831
f 1477//2873 1482//2881 1480//2883
f 1481//4484 1482//2885 1479//2870
f 1485//2886 1487//4497 1486//4498
f 1487//2898 1482//2885 1631//2889
f 1488//2901 1470//2900 1411//4495
f 1481//4484 1471//2858 1488//2901
f 1491//4499 1439//2907 1154//4500
f 1491//2242 1139//2212 1490//4501
f 1490//4501 1492//2904 1491//2242
f 1493//4502 1491//4499 1492//2904
f 1444//2909 1478//4503 1493//2911
f 1440//2797 1439//2907 1451//2875
f 1336//2612 1342//2625 1360//2626
f 878//1693 1495//4504 1494//2921
f 1494//4505 1496//2920 1033//2025
f 1495//1692 881//4506 1497//3991
f 1495//2922 1497//3991 1499//4507
f 1499//4508 1505//2923 1495//2922
f 1498//2930 1171//2925 1178//4252
f 1500//2937 1502//2947 1503//2944
f 1501//3051 1502//2948 1510//2943
f 1501//4509 1500//4510 1503//2944
f 1507//2282 1181//2957 1511//2959
f 1511//2970 1208//2333 1508//4511
f 1510//2943 1386//2966 1509//2941
f 1190//2973 1513//2986 1192//4512
f 424//2267 1514//4513 887//4514
f 1193//2978 1516//2976 1517//2985
f 1515//2972 1516//2976 1193//2310
f 1190//2973 1516//4515 1515//2972
f 1519//4516 1520//2997 1193//2978
f 1192//4512 1519//4516 1521//4517
f 1518//4518 1521//2983 1519//4519
f 1520//2997 1522//2981 1193//4520
f 1519//4519 1522//2981 1520//4521
f 1520//4521 1522//4522 1192//2980
f 1192//4523 1521//4524 1518//2979
f 1515//2972 1516//2976 1192//2984
f 1518//4525 1521//4526 1517//4527
f 1192//2984 1518//2979 1517//2985
f 1498//2930 1523//4528 1514//2992
f 439//783 1527//2994 888//2993
f 1497//2989 1498//2930 1499//2929
f 1191//4529 1525//4530 1524//4269
f 1520//4521 1192//4512 1525//2996
f 1192//2984 1526//4531 1525//2996
f 443//3626 1196//4261 1528//4532
f 1527//4533 1528//3003 1530//4534
f 1192//4535 1513//3000 1526//3026
f 1525//2308 1531//3030 1524//4269
f 1531//3030 1535//3092 1207//2334
f 1531//4536 1207//2334 1524//4269
f 1195//2316 1534//3015 1196//3037
f 1198//4537 1532//4538 1186//2297
f 1533//3010 1532//3011 1195//3017
f 1186//3618 1533//3010 1195//4262
f 1532//3011 1533//3010 1534//4539
f 1196//4540 1543//3036 1528//4532
f 1210//3021 1536//3022 1537//3024
f 1525//2308 1538//3031 1531//4541
f 1526//3028 1538//4542 1525//2996
f 1529//3042 1530//3041 1545//3034
f 1541//3009 1529//3042 1545//3034
f 1570//3091 1531//3093 1542//4543
f 1540//4544 1571//3119 1538//3096
f 1528//3003 1543//3033 1530//4534
f 1541//3009 1546//3044 1539//3046
f 1549//3052 1550//2725 1504//2938
f 1547//2372 1548//3054 1222//2373
f 1553//3075 1222//2373 1548//4545
f 1512//4546 1556//3063 1386//2702
f 1551//3058 1554//3074 1553//3056
f 1550//2725 1561//3069 1554//4547
f 1550//2725 1554//4547 1551//3058
f 1508//4548 1555//3059 1584//3062
f 1558//3083 1557//3086 1241//2408
f 1557//3086 1558//4549 1586//4550
f 1560//3072 1239//2412 1223//2411
f 1561//3069 1550//2725 1397//2724
f 1561//3069 1405//2743 1486//2892
f 1562//3071 1560//3067 1554//3074
f 1563//4551 1560//3067 1562//4552
f 1566//4553 1571//3119 1565//4554
f 1559//3099 1567//3084 1573//3110
f 1567//3163 1566//3081 1599//4555
f 1512//4556 1508//2971 1556//3063
f 1555//3059 1569//2407 1557//3066
f 1570//3091 1536//4557 1535//3023
f 1577//4558 1575//3104 1537//3024
f 1570//3091 1572//4559 1579//3105
f 1573//4560 1580//4561 1572//4562
f 1580//4563 1623//3201 1572//4559
f 1580//4563 1568//3202 1623//3201
f 1572//4559 1623//3201 1579//3105
f 1576//3088 1627//4564 1577//3089
f 1623//3201 1624//4565 1579//3105
f 1579//3105 1624//4566 1627//4564
f 1627//3112 1581//4567 1575//3103
f 1570//3091 1576//3088 1536//3020
f 1556//3063 1582//3121 1413//3115
f 1584//4568 1586//3065 1582//4569
f 1583//4570 1587//3126 1565//3118
f 1583//3127 1565//3118 1540//3025
f 1582//3121 1417//4571 1413//3115
f 1562//4552 1487//4497 1563//4572
f 1585//3125 1631//4573 1418//3122
f 1564//4574 1585//3125 1586//3065
f 1588//4575 1632//3246 1587//4576
f 1540//4577 1544//3043 1583//4570
f 1541//3049 1589//3048 1546//3138
f 1546//3044 1591//3140 1544//3045
f 1589//4578 1578//3107 1590//3139
f 1593//3144 1591//4579 1638//3225
f 1638//3225 1591//3137 1590//3139
f 1578//3107 1639//3146 1590//4580
f 1575//3104 1581//3145 1578//3107
f 1385//2700 1386//2702 1413//3115
f 1593//4581 1634//4582 1588//3128
f 921//1774 961//3150 940//1772
f 934//4583 936//1806 940//1772
f 1594//3154 934//1805 940//1772
f 1595//3157 942//4584 941//3151
f 1594//4585 937//3152 934//1805
f 1595//3157 937//3152 1594//4586
f 958//1764 961//4587 921//4588
f 959//3251 1596//3155 961//3150
f 1597//4069 1598//3159 1596//4589
f 1598//3158 1595//3157 1594//4586
f 1598//3159 1594//4586 1596//4590
f 1609//4591 1601//4592 1600//3162
f 1612//4593 1599//3131 1611//4594
f 1600//4595 1612//3244 1609//4596
f 1600//3162 1567//3084 1612//4593
f 1600//3162 1601//4592 1568//3111
f 1601//4592 1625//3203 1568//4597
f 1601//4598 1617//4599 1625//3203
f 1303//2534 1302//4600 1603//3170
f 1303//3164 1602//3168 1641//4601
f 1302//4600 1606//3174 1603//4602
f 1302//4600 1604//2542 1606//4603
f 1606//4603 1616//3173 1603//3199
f 1605//3172 1619//3184 1616//3173
f 1605//4604 1607//2582 1620//3188
f 1602//3171 1609//4596 1612//3244
f 1603//3199 1608//4605 1609//4591
f 1602//3171 1603//4602 1609//4591
f 1612//4593 1611//4594 1610//3169
f 1610//4606 1611//3176 1614//3175
f 1615//4607 1648//3181 1614//4608
f 1648//4609 1647//4610 1614//4608
f 1602//3168 1612//4593 1610//3169
f 1608//3185 1619//4611 1617//3187
f 1618//3195 1617//4599 1619//4612
f 1620//3193 1619//3184 1605//3172
f 1610//3166 1614//3175 1642//4613
f 1608//4605 1601//4592 1609//4591
f 1625//3203 1617//3187 1629//3210
f 1624//4614 1629//3210 1627//4564
f 1629//4615 1628//4616 1627//3112
f 1627//3112 1628//3209 1581//4567
f 1618//3189 1629//4615 1617//3187
f 1630//3194 1626//3242 1629//3211
f 1637//4617 1635//3226 1621//4618
f 1635//3226 1622//3239 1621//4619
f 1622//4620 1651//3198 1621//4619
f 1635//3224 1637//4617 1634//3220
f 1633//3245 1613//3223 1632//3246
f 1638//4621 1634//3220 1593//3144
f 1639//3146 1628//3209 1626//3208
f 1639//3146 1581//4567 1628//3209
f 1635//3226 1626//3242 1622//3239
f 1642//4622 1643//2569 1640//3227
f 1642//4623 1644//3228 1643//4624
f 1643//2569 1319//4625 1640//4626
f 1644//3228 1321//2571 1643//2569
f 1322//3231 1620//3193 1607//2582
f 1322//3231 1324//2574 1646//3232
f 1649//3234 1323//3237 1321//2571
f 1614//4608 1647//4610 1642//4623
f 1648//3192 1645//3235 1644//4627
f 1651//3198 1649//3234 1645//4628
f 1651//3198 1650//4629 1649//3234
f 1644//4630 1645//3235 1321//4631
f 500//903 1260//3656 482//4632
f 959//4068 962//1861 1596//1862
f 1598//3159 1597//4069 963//4633
f 12//941 11//3267 512//936
f 517//944 13//115 12//4634
f 90//1004 737//4635 554//1426
f 1048//2027 1494//2921 1033//2025
f 1413//3115 1417//4435 1412//4432
f 1631//4636 1563//4551 1487//2898
