# Blender 4.5.3 LTS
# www.blender.org
o seg.002
v -10.787194 -7.416523 3.133724
v -11.188673 -7.838678 1.907155
v -11.500138 -8.148367 0.196523
v -9.706539 -8.343640 2.697902
v -10.207875 -8.626606 1.887571
v -9.058523 -7.623846 3.643559
v -9.147527 -8.477459 2.552628
v -8.777847 -8.391963 2.035873
v -10.402644 -9.080366 0.637815
v -9.700213 -9.040483 1.404811
v -9.564672 -9.145330 1.009362
v -9.289175 -8.913977 0.102198
v -8.591567 -7.868216 2.114406
v -8.947574 -7.901053 1.185439
v -10.616891 -6.626457 3.955534
v -10.728863 -4.986002 3.883549
v -10.523574 -3.005045 4.113328
v -10.888040 -6.001304 3.825535
v -10.550793 -5.526871 3.021845
v -11.133910 -7.018995 2.996787
v -10.923683 -6.007001 3.214397
v -10.691860 -6.077270 2.555856
v -10.604269 -4.541420 3.426139
v -11.750998 -7.513466 0.705665
v -12.027921 -6.884160 -0.696831
v -11.514151 -6.605425 0.259178
v -11.274207 -6.715322 1.943029
v -10.956928 -6.535586 0.305632
v -10.936115 -6.526093 1.559730
v -10.555429 -2.673032 3.580000
v -10.186049 -5.518772 4.563604
v -9.302717 -6.655765 4.330087
v -8.538743 -6.169663 4.545788
v -10.444620 -5.227034 4.436990
v -9.666009 -4.275376 4.685220
v -8.768078 -5.398944 4.722740
v -7.574689 -5.284087 3.797837
v -7.947453 -5.837026 4.385920
v -7.848151 -4.949962 4.537748
v -7.654749 -3.284169 4.449580
v -7.404248 -3.176048 4.071325
v -10.054575 -2.662236 4.448838
v -10.007542 -1.643680 4.131988
v -8.849398 -3.112698 4.685522
v -9.315987 -0.631034 4.126084
v -8.024712 -1.116530 4.792385
v -9.133177 0.225969 3.589937
v -7.479035 -1.728311 4.841811
v -8.143569 -3.405387 4.644317
v -7.267440 -2.786224 3.832961
v -6.928359 -1.246261 4.692001
v -8.118863 0.164931 4.217113
v -6.727413 -1.533470 4.264096
v -7.022786 -0.152587 4.594265
v -10.111771 -6.512823 1.766059
v -9.780426 -7.521814 3.613868
v -9.003324 -6.728479 2.237072
v -9.812801 -5.440924 2.875856
v -10.166790 -4.575488 3.074525
v -9.981246 -6.050138 2.484308
v -8.972606 -5.005749 2.999310
v -10.346504 -6.730205 0.733300
v -9.677446 -7.179681 1.016716
v -9.196828 -7.534832 1.112216
v -8.454243 -7.135401 3.931787
v -8.208602 -7.180966 3.516052
v -8.004734 -6.369565 3.321864
v -8.468398 -6.997650 2.539289
v -8.331855 -5.980186 2.981459
v -8.193090 -3.665931 2.991474
v -7.800673 -4.372262 3.219914
v -10.149011 -2.564167 2.982351
v -10.139271 -1.420314 3.462094
v -9.194560 -2.217210 2.801335
v -9.429416 -0.855889 2.765083
v -8.630354 -0.817206 2.538325
v -8.856316 0.353311 2.354262
v -8.458076 0.070898 2.164175
v -7.817305 -2.026514 3.105130
v -6.950978 -3.056305 2.518049
v -7.359602 -2.335777 3.445872
v -7.014400 -2.111878 2.762482
v -8.364934 -1.396383 2.799326
v -7.163198 -0.967074 3.042945
v -7.547762 0.112235 2.061553
v -7.473788 -1.972880 -0.115338
v -7.524236 -2.150705 0.873062
v -7.860263 -1.323143 0.406999
v -8.159596 -0.764626 -0.730738
v -7.789802 -0.633156 -0.028061
v -6.398211 -2.191697 3.440609
v -7.433011 -0.381334 -0.048200
v -3.952515 -11.924502 5.500545
v -4.291215 -12.795638 4.382110
v -4.289591 -11.265959 5.231603
v -4.266199 -11.450645 4.595366
v -3.569262 -13.072824 4.336529
v -3.365779 -12.536908 5.105090
v -5.600776 -8.015130 5.075550
v -5.703012 -7.817930 4.642235
v -4.826307 -8.494939 4.128833
v -5.220870 -7.609591 3.952084
v -4.094460 -10.988647 5.818677
v -3.685690 -10.807286 6.095882
v -4.140686 -9.403837 5.913746
v -3.168685 -11.879953 5.648745
v -2.792333 -10.994999 5.875727
v -3.198216 -9.895465 5.980471
v -4.578464 -9.534447 4.915240
v -4.303580 -10.641441 5.084235
v -3.748676 -10.818578 4.336900
v -4.010499 -10.261324 4.577273
v -4.239981 -9.366646 4.373578
v -3.878562 -11.265547 4.048213
v -2.760215 -10.820004 3.909084
v -3.093785 -10.006993 3.951455
v -4.501900 -9.695763 5.482946
v -4.432881 -9.409272 5.722214
v -4.826727 -7.885569 5.699545
v -4.390294 -7.487454 5.530078
v -3.855036 -8.479003 5.773430
v -2.457237 -8.829919 5.026619
v -4.529711 -12.282041 4.299576
v -4.794812 -12.118333 3.140028
v -5.373591 -12.894232 1.949889
v -4.559986 -13.335050 3.002097
v -5.391792 -12.409973 1.892658
v -5.124701 -13.310869 1.248340
v -5.029538 -11.915056 1.648382
v -4.564849 -11.676941 0.441381
v -5.585389 -12.846563 0.142941
v -5.724043 -12.244690 0.317557
v -5.606148 -11.646637 -0.279567
v -3.703507 -13.771916 2.094544
v -2.876989 -13.825763 1.368068
v -4.412003 -11.826591 3.176006
v -3.715588 -11.585461 3.379608
v -4.116605 -11.874147 2.218371
v -2.844351 -13.641732 3.116677
v -2.578458 -11.856148 2.995171
v -3.677269 -13.806555 0.673016
v -3.175064 -13.717709 0.215273
v -2.939674 -13.383260 -0.314260
v -4.765763 -13.421811 0.271858
v -3.338637 -12.137775 1.454188
v -3.540967 -12.000424 -0.116936
v -2.780824 -12.457108 0.895102
v -2.366857 -11.366936 3.605850
v -4.048377 -7.717949 3.216722
v -3.460600 -8.982056 3.620327
v -2.988635 -6.405370 2.278426
v -2.012551 -12.190295 5.070734
v -2.240138 -13.047091 4.303851
v -1.731189 -12.983525 3.762279
v -1.538702 -12.413129 4.453060
v -1.398018 -12.046164 4.061243
v -1.652608 -11.396121 5.165506
v -1.812925 -10.680335 5.301867
v -1.493633 -10.526467 4.811849
v -1.623349 -10.388766 4.281681
v -2.091354 -9.049522 4.686731
v -2.561038 -7.817981 4.090251
v -2.365499 -8.458300 4.011093
v -2.176491 -13.501456 2.744901
v -2.301752 -13.458850 1.850819
v -1.662457 -11.485255 3.804897
v -2.130729 -12.413927 2.479636
v -1.695372 -12.874943 3.234911
v -1.891106 -12.628023 2.699503
v -2.786265 -12.955750 -0.189246
v -3.018952 -12.337845 -0.504738
v -1.998052 -10.411101 3.946594
v -2.855451 -9.223156 3.685571
v -2.757109 -8.647267 3.587303
v -5.755034 -7.301178 5.407337
v -6.099599 -6.802549 4.975903
v -6.331874 -4.977794 3.911776
v -5.794865 -6.385381 5.533743
v -5.333922 -6.113328 5.560266
v -5.720224 -5.704440 3.674206
v -6.318894 -5.427153 4.890362
v -6.186980 -4.587395 4.943933
v -5.740222 -4.768052 5.164988
v -6.862517 -3.360126 3.559761
v -5.001307 -5.282588 5.214276
v -3.014652 -7.523752 4.607609
v -5.152117 -3.256603 4.200642
v -2.186742 -5.093490 3.389910
v -6.562742 -3.021591 4.088463
v -6.837124 -3.192089 3.786473
v -5.868018 -3.489923 4.568457
v -6.316268 0.143793 4.179238
v -6.125985 -0.293680 3.905347
v -3.829746 -5.977425 2.524942
v -6.049933 -4.925508 3.486408
v -6.415047 -4.001381 3.105705
v -4.385964 -3.757036 1.717218
v -2.722042 -6.794875 2.524992
v -3.778155 -5.139784 2.145659
v -3.868394 -3.552778 1.363017
v -5.881982 -2.407488 3.699899
v -6.552561 -3.297094 2.294457
v -5.625757 -3.097278 1.372396
v -5.059578 -3.382204 1.685161
v -6.691442 -1.122710 3.493737
v -6.429099 -0.092104 2.604689
v -6.172729 -1.703700 2.629832
v -4.374315 -2.193451 2.775406
v -6.860573 -1.977417 -0.703387
v -5.916075 -2.218468 -0.541148
v -4.767141 -1.510225 1.657017
v -6.187224 -0.656802 0.260661
v -5.377261 -0.724560 -0.148493
v -2.764344 -3.353489 2.835346
v -3.174790 -2.549078 2.238513
v -3.908452 -2.215410 2.327666
v -3.434430 -2.580572 1.714936
v -2.524450 -2.839452 2.403700
v -4.628294 -3.033594 1.227294
v -3.911030 -2.777293 1.332119
v -4.061092 -2.172857 1.336717
v -5.473295 -1.678548 -1.396358
v -4.338511 -2.662467 0.989578
v -1.890038 -2.648636 0.848871
v -3.461315 -2.898384 1.364134
v -5.058525 -0.880156 -0.586428
v -3.958716 -0.602131 0.385326
v -4.255300 -0.172236 0.222043
v -3.393833 -0.707613 0.549011
v -2.727618 -7.054152 4.159499
v -2.543272 -7.408069 3.539560
v -2.085701 -5.943565 3.501442
v -2.786278 -7.362700 3.017051
v -2.264541 -6.848239 2.928928
v -0.624256 -5.230214 1.035183
v -2.027600 -6.405593 3.321789
v -1.333642 -6.074512 2.212637
v -0.325234 -5.459987 1.881397
v -2.735091 -4.348625 3.382681
v 0.028495 -4.692235 2.162971
v -0.960512 -3.340523 0.288734
v 1.003332 -6.554983 2.405920
v 0.132576 -5.044418 1.868455
v -0.077471 -4.231236 2.194449
v -0.256766 -6.329551 0.457212
v 0.101514 -5.971971 1.160801
v 0.434681 -5.510337 1.343103
v 0.853833 -4.725863 0.562444
v -0.934837 -4.831945 0.834295
v 0.708691 -3.854863 -0.571901
v 1.316216 -4.280303 0.868601
v 0.996142 -4.416660 -0.194226
v 0.765147 -5.335032 -0.274268
v -2.275447 -2.493880 1.820576
v -0.957752 -2.396553 1.874960
v -2.192343 -2.475494 1.307630
v -1.980151 -3.237354 0.718213
v 0.073587 -1.567685 0.709224
v -0.800485 -2.169517 0.251017
v -1.967795 -0.794001 0.527164
v -1.904632 -2.165914 -0.393364
v -1.033772 0.339626 0.474785
v -1.477590 -1.833137 -0.481122
v -0.539607 -2.838566 1.981126
v 0.160289 -2.329164 -0.548386
v 0.637734 -2.276587 1.162257
v 1.230170 -3.539920 1.094804
v -0.609672 -1.806500 0.741488
v -7.291526 0.951560 3.807654
v -9.962820 8.064677 4.095953
v -8.744923 7.233759 5.302151
v -9.506544 7.096465 4.027440
v -9.583315 7.399228 4.560170
v -9.383339 8.120925 4.861465
v -9.562091 7.481463 3.089397
v -7.290634 8.054553 6.101125
v -7.738812 6.629467 5.322923
v -8.878358 6.739051 4.841610
v -8.288734 6.479983 4.243272
v -7.255882 6.131708 4.461759
v -8.009896 6.962584 3.822376
v -7.167609 7.623673 4.011375
v -7.369720 6.207191 4.879222
v -6.926016 7.495291 5.979502
v -8.552423 1.273686 2.721115
v -9.179011 0.378880 3.044660
v -8.375872 1.300611 1.708993
v -8.260322 1.206821 3.215515
v -7.402952 2.021631 2.492103
v -7.450895 2.631451 1.305780
v -8.013802 0.683597 1.578851
v -7.696024 2.222022 0.416605
v -7.553487 1.819987 0.320078
v -7.358295 0.910129 1.150609
v -6.901108 1.796931 -0.308774
v -7.024067 3.173517 0.268403
v -6.415331 3.080683 0.793422
v -9.999068 7.630284 3.342833
v -10.133432 8.358491 1.737911
v -9.171500 7.854972 2.414389
v -8.735990 7.334394 3.465200
v -7.914714 7.898980 3.749940
v -9.536755 9.229099 3.993098
v -8.830720 8.850529 5.156432
v -8.301916 8.148652 5.707683
v -8.156857 9.034028 5.550400
v -8.859657 9.691134 4.404937
v -7.092779 8.669104 5.966492
v -7.272815 9.053475 5.470539
v -6.679605 8.809351 5.152634
v -7.710456 8.802017 3.587440
v -7.307935 8.728162 4.290870
v -6.719395 8.557457 4.647278
v -7.521927 9.301320 4.495537
v -7.661342 9.852699 3.270818
v -8.056673 9.742069 4.599425
v -10.071595 8.924646 3.245619
v -10.197524 8.262146 3.342018
v -10.294747 8.821167 2.021702
v -10.136116 9.337800 2.008492
v -8.919222 10.291803 3.292012
v -9.666851 9.840410 2.412670
v -9.863460 9.278152 -0.353247
v -9.961989 9.653134 0.630804
v -9.799376 8.762863 0.173731
v -9.488969 8.457533 0.518873
v -9.069526 8.384500 0.944471
v -8.831209 8.534083 -0.534666
v -9.377115 9.989452 -0.955055
v -8.745132 10.821928 1.289317
v -8.541511 7.920496 3.132379
v -8.732374 8.361669 1.900427
v -7.726751 9.358269 2.619443
v -8.323517 10.736264 2.528238
v -7.761230 10.604541 2.222949
v -7.442928 10.286676 1.703432
v -8.364544 8.859743 0.690138
v -7.581283 9.581764 1.188066
v -8.266756 10.992631 0.820445
v -7.178794 9.711892 0.060139
v -7.049562 10.682794 -0.369438
v -6.878172 10.138990 -0.403685
v -7.652695 11.006236 0.629678
v -6.002377 1.256204 3.455693
v -6.266120 6.305962 5.056316
v -5.272698 5.930542 3.995604
v -4.962455 7.295847 5.713945
v -4.623238 6.069465 4.548167
v -3.981761 7.883391 5.705863
v -3.676419 5.285966 4.066628
v -3.876803 7.275914 5.507556
v -1.969432 6.990702 5.383149
v -6.189824 1.987875 2.707266
v -6.024246 0.711615 1.634949
v -5.944998 0.033731 2.901067
v -5.715281 0.781825 3.357807
v -4.956572 2.254735 1.590593
v -5.210969 1.117467 1.871663
v -5.214356 2.718966 1.299147
v -6.008107 1.615558 -0.076381
v -5.463145 1.016855 1.362973
v -4.743818 1.717817 -0.008857
v -5.477316 3.069293 0.761315
v -4.130486 2.038836 1.758124
v -4.180679 3.838779 2.608658
v -3.417097 2.110385 2.294162
v -4.500720 1.889483 0.254674
v -4.027274 0.635695 0.803114
v -4.191000 1.805983 1.104496
v -4.189870 1.798474 1.100683
v -4.134702 1.403191 0.399813
v -3.198754 0.487020 1.147299
v -4.122658 2.492852 -0.011838
v -4.217706 3.222822 1.754649
v -4.105634 3.932139 1.830681
v -3.973639 4.801883 2.061053
v -3.704847 3.441203 -1.114702
v -3.816615 2.697576 0.830552
v -2.837361 2.707650 0.572663
v -6.082529 6.913794 3.632455
v -5.886779 6.347271 3.651934
v -5.978818 7.423980 3.833865
v -5.065691 6.436437 3.199713
v -4.982993 5.984728 3.398856
v -4.931433 7.059405 3.266771
v -4.372054 4.937677 3.092210
v -4.761856 5.659944 3.579774
v -4.527084 5.602484 3.944793
v -4.414899 5.888484 2.777372
v -3.901915 4.065876 3.130514
v -2.390862 4.048716 3.259445
v -3.282045 4.322863 3.462561
v -4.139250 8.140728 3.987406
v -4.022658 7.411622 3.406807
v -2.155444 7.459487 3.545367
v -2.770364 5.314456 2.026832
v -3.893327 6.094591 2.621018
v -1.876574 7.598177 5.505084
v -0.613916 7.082834 5.063453
v 0.510634 7.331292 4.276644
v 0.643183 6.756955 4.405274
v 1.501071 7.153862 3.354922
v -1.069725 3.217067 2.447664
v -0.879582 3.909344 2.792609
v -1.758780 0.327610 1.126337
v -1.676729 1.634258 1.945532
v -1.356063 0.023783 0.752005
v -1.165373 1.594938 1.717707
v -1.727450 3.171282 0.723850
v -1.557923 2.251477 0.365172
v -1.622675 4.351406 1.197500
v -0.749222 4.597505 1.302163
v -0.658943 3.279861 2.127035
v -0.898105 1.587190 1.205605
v -1.013970 1.853143 0.547145
v -0.873580 1.743302 0.951533
v -0.870032 1.755544 0.963062
v 0.641452 0.877406 0.071188
v -0.552689 3.230140 1.583280
v -0.730017 2.941033 1.164295
v -0.249587 3.860833 1.829415
v -0.605838 2.795645 -0.437125
v 1.151426 2.410529 0.657057
v 1.567161 3.514518 0.364193
v -0.460977 6.250355 4.672810
v -1.702812 6.814679 3.026283
v -0.158783 7.228527 3.090228
v 0.329703 4.797609 3.131241
v -0.268215 3.914931 2.387872
v 0.572284 6.225626 4.261152
v 0.732114 4.515710 2.495645
v 1.236903 4.461033 1.472926
v 1.403824 6.034615 3.484336
v 0.618947 7.092059 2.372473
v -0.399666 4.101443 1.413435
v 0.171321 4.489598 1.352162
v -0.377315 5.085604 1.400794
v -0.681847 5.625116 1.864319
v 0.137118 5.333880 1.092233
v 0.426327 4.275111 1.765387
v 0.284393 4.915877 0.900498
v 0.177860 5.858832 1.470918
v 1.018151 6.917748 1.490101
v -5.436799 7.833083 5.930153
v -5.639364 8.317530 5.781936
v -5.466113 8.550793 5.024587
v -5.736370 8.302052 4.557668
v -5.778403 8.534163 5.480308
v -3.630329 8.541535 4.462127
v -2.923645 8.593892 4.886882
v -3.143019 8.389359 5.420862
v -1.779661 8.085080 5.246927
v -0.622650 7.820415 4.410491
v -0.736225 7.746837 3.935232
v -1.756691 10.870463 3.740801
v -0.993911 9.828273 4.290264
v -1.385605 11.112084 4.050742
v -0.218323 9.238098 4.528262
v -0.244089 8.848449 4.069650
v -0.531896 10.437959 4.578424
v 0.188638 9.785816 4.722900
v -0.261750 11.719275 4.275839
v 0.747117 11.255580 4.553951
v 0.960886 11.745234 4.202127
v -2.303547 11.809392 2.773703
v -1.888728 11.594891 0.775994
v -2.647708 11.799335 1.246176
v -2.001887 10.805516 3.240514
v -1.889479 10.747414 2.681237
v -1.537889 10.732418 2.385199
v -1.042562 10.683978 2.448429
v -2.594223 11.734445 1.954431
v -2.256177 12.270904 -1.072776
v 1.495819 7.638560 3.596823
v -0.822277 9.346220 3.805236
v 0.555407 8.539000 3.305873
v 0.195830 9.576585 3.053197
v -0.822586 9.751693 3.195131
v -0.351885 10.446986 2.811584
v -0.994711 11.501078 1.531085
v -0.037413 11.530667 2.297136
v 0.458939 11.330827 2.771317
v -1.908586 12.104065 3.090815
v -2.316761 12.837662 1.711186
v -0.705063 12.507419 3.479632
v -2.688959 12.510881 1.499040
v -2.821409 12.556196 0.527646
v -2.623412 12.529779 -0.682894
v -1.633595 12.126575 -0.975417
v -2.093907 13.557201 0.117399
v -2.538310 13.261786 0.228327
v -0.797921 12.130013 -0.309945
v -0.781142 13.739664 0.652174
v -0.009904 12.482537 3.709571
v -0.938581 13.143291 2.433296
v -0.336142 11.888835 1.476068
v -0.282941 13.177693 2.385254
v 0.159986 12.695425 3.195698
v 0.402813 12.391726 2.781777
v 0.724687 11.788700 2.976077
v 0.121509 12.148398 1.863812
v 0.185337 12.884058 1.435365
v -0.193787 13.676525 0.619184
v 0.020814 12.345291 0.338917
v 0.000324 13.333936 1.270370
v 0.326121 12.893781 0.181352
v -11.943826 -7.587164 -1.291729
v -11.280746 -8.602581 -1.493383
v -10.842177 -8.983137 -0.353096
v -10.997993 -8.609495 -2.797329
v -11.261618 -8.240450 -3.178817
v -10.123559 -9.304575 -0.574702
v -10.700181 -9.103908 -1.620193
v -10.047202 -8.520405 -3.025764
v -9.842987 -9.001402 -1.478591
v -9.667310 -7.771080 -0.476661
v -9.466911 -8.285410 -0.813726
v -9.716854 -8.137996 -2.268507
v -10.450698 -8.419231 -3.692011
v -9.543322 -7.479774 -3.839380
v -9.714703 -7.798070 -4.505978
v -10.638890 -7.924405 -4.552587
v -9.275038 -7.476468 -4.680018
v -11.456438 -5.891993 -2.064030
v -12.138499 -6.815569 -1.951766
v -11.881747 -5.930704 -2.496820
v -11.021982 -6.187973 -1.404922
v -10.626496 -6.605966 -0.399215
v -10.545462 -6.459579 -1.748871
v -11.943675 -6.021449 -3.213128
v -11.739072 -6.330472 -3.930897
v -10.779891 -5.817249 -2.553318
v -11.934564 -7.017762 -3.025806
v -11.081458 -7.404954 -4.492518
v -11.374660 -5.376077 -4.217653
v -11.072164 -5.121114 -3.784948
v -10.179729 -4.970197 -3.999924
v -10.608893 -7.136821 -5.222777
v -10.005437 -4.808811 -4.911153
v -11.270427 -5.869851 -4.666288
v -10.385681 -5.189780 -5.121346
v -9.912889 -7.525095 -1.895380
v -9.685118 -7.637603 -3.196245
v -10.171288 -6.427114 -2.905506
v -10.114166 -5.623435 -3.485388
v -9.418038 -6.742072 -3.966697
v -9.310331 -5.886596 -3.845902
v -9.682225 -5.151622 -3.909453
v -8.553894 -5.479743 -3.808415
v -5.583996 -5.555607 -2.796160
v -6.210045 -6.491501 -3.381357
v -7.524518 -5.408628 -3.654070
v -6.249143 -4.962093 -3.583212
v -8.536670 0.649265 -1.992747
v -8.137496 -0.894119 -1.480093
v -7.803441 -0.914527 -2.014985
v -6.893084 -1.225233 -2.045786
v -8.797636 0.724938 -3.014697
v -7.670632 0.168312 -3.466962
v -6.889704 -0.425318 -3.165633
v -10.127896 -6.797702 -5.684787
v -9.670824 -7.429275 -5.594992
v -9.972167 -5.841151 -5.626039
v -9.018969 -7.018406 -4.440731
v -8.123926 -7.043105 -4.614881
v -8.902840 -7.467083 -5.132573
v -8.795481 -7.272992 -5.874818
v -9.122771 -4.627437 -4.584389
v -8.865677 -4.759435 -4.985373
v -8.961038 -6.748748 -6.132891
v -9.142744 -5.207914 -5.479697
v -8.715303 -6.236687 -6.055273
v -7.957654 -6.156002 -3.947018
v -8.047572 -7.352779 -5.293598
v -7.065110 -7.490339 -4.867263
v -7.534810 -7.205589 -4.649879
v -7.505664 -7.301148 -5.606394
v -7.513819 -4.963490 -3.950645
v -7.429450 -5.048460 -4.985844
v -6.230235 -4.945298 -4.078026
v -7.202153 -6.161755 -5.800619
v -5.410307 -12.728645 -0.848425
v -5.698380 -12.074215 -1.123070
v -5.389977 -11.332722 -2.020759
v -5.100669 -12.260402 -2.160609
v -5.107870 -11.777115 -2.596858
v -4.278965 -12.982271 -2.081790
v -3.994653 -13.485431 -1.079070
v -2.840384 -12.818911 -1.790731
v -4.074394 -11.367121 -1.055709
v -3.332147 -13.302285 -1.775604
v -3.586532 -12.281389 -3.689592
v -4.407973 -11.552681 -3.490084
v -3.602330 -12.878411 -2.950127
v -2.891113 -12.502612 -3.824784
v -5.147703 -11.206562 -0.899477
v -4.644807 -11.033664 -1.262915
v -4.334877 -10.318932 -2.808801
v -4.758609 -10.818205 -3.220877
v -3.814165 -10.591605 -2.296988
v -4.080366 -11.044191 -3.988643
v -3.259588 -9.524501 -3.459390
v -4.634681 -10.523511 -3.248495
v -3.276477 -9.841355 -3.100800
v -2.942873 -10.248883 -2.872928
v -2.691260 -11.756935 -4.385258
v -5.480184 -7.923860 -5.243808
v -3.824679 -10.288610 -4.195405
v -3.100615 -10.522222 -4.551371
v -3.144140 -9.362196 -4.080728
v -2.849629 -9.664454 -4.540715
v -5.493575 -7.943459 -4.642277
v -2.822338 -7.824156 -4.061062
v -4.424703 -7.999439 -5.156927
v -2.864153 -12.872657 -1.231188
v -2.888610 -12.144970 -1.568548
v -2.846017 -12.625458 -1.231182
v -2.845299 -12.633475 -1.238071
v -2.794314 -11.641039 -2.266641
v -2.512726 -12.344449 -2.582439
v -2.626544 -12.682545 -3.225412
v -2.390929 -11.944323 -2.645303
v -1.528304 -11.304926 -3.053606
v -1.299986 -11.918424 -3.785615
v -1.711409 -11.927167 -3.222728
v -0.649658 -11.542777 -3.408014
v -2.298270 -11.368784 -2.791987
v -2.064844 -9.623919 -3.090855
v -1.516970 -10.730287 -2.996408
v -1.438044 -8.599093 -3.547258
v -1.270705 -9.116865 -3.048061
v -1.709028 -7.824548 -3.859860
v -1.698855 -7.822272 -3.851109
v -0.210299 -8.167761 -3.486960
v 1.477396 -9.646338 -2.769386
v 0.770289 -10.794153 -3.070138
v 0.204516 -11.365082 -3.814113
v -1.035170 -7.801085 -3.378033
v -0.804210 -7.787995 -3.661485
v 0.729785 -9.245481 -2.884661
v 0.739831 -8.250876 -3.136090
v -0.076674 -7.868564 -4.033915
v 0.120015 -7.663927 -3.036037
v 0.300651 -7.381238 -3.025128
v -1.700237 -12.007483 -4.153249
v -1.600698 -11.618071 -4.502882
v -2.133031 -9.757685 -4.719979
v -1.675037 -11.012516 -4.706972
v -0.794089 -8.304207 -4.021007
v -0.554181 -8.409905 -4.384768
v -2.849186 -7.865628 -4.777520
v -0.528414 -8.737752 -4.582887
v 0.287072 -10.703362 -4.504552
v 0.429511 -11.087000 -4.234662
v -0.243675 -9.358966 -4.709118
v 0.889043 -7.201845 -4.567507
v -6.318304 -5.237485 -3.228213
v -5.726273 -4.772879 -2.895887
v -5.589611 -4.450406 -3.473822
v -4.950653 -3.742928 -3.295753
v -5.194658 -5.406640 -2.600979
v -3.784363 -5.484194 -2.361668
v -3.579034 -7.248311 -3.596545
v -3.134226 -3.347941 -2.981442
v -5.044957 -3.686272 -1.990916
v -4.410434 -0.690653 -0.600826
v -6.100126 -1.077167 -2.463245
v -5.610285 -0.788241 -2.480255
v -5.544709 0.143628 -2.187076
v -5.211385 -3.588071 -2.358563
v -5.194698 -3.602513 -2.867403
v -5.684994 0.354037 -3.264119
v -4.457534 -1.764619 -0.777009
v -3.762333 -4.478888 -1.697419
v -4.985848 -1.221814 -0.923084
v -4.141093 -2.195893 -0.720064
v -4.269657 -0.356289 -0.788607
v -4.518468 -1.507228 -1.906211
v -3.918574 -0.140136 -0.983683
v -2.933930 -2.400870 -0.509580
v -3.324907 -0.081962 -1.113278
v -3.883927 -1.607774 -2.286493
v -2.001657 -1.644924 -1.961295
v -5.530007 -6.509428 -5.491266
v -5.802350 -7.683212 -4.275714
v -6.237976 -7.280350 -5.711544
v -4.496365 -7.528840 -5.613769
v -4.086188 -6.787321 -5.502821
v -5.996162 -5.221409 -4.574582
v -5.516217 -4.812158 -4.116455
v -4.499581 -3.866810 -3.507151
v -5.829229 -6.987178 -5.746733
v -3.124504 -4.235099 -3.512426
v -2.820685 -6.622406 -5.131965
v -1.806099 -5.455481 -1.588951
v -1.196537 -5.776987 -1.170699
v -1.148552 -5.078670 -1.161183
v -0.876085 -4.726150 -1.411792
v -1.753948 -4.704027 -1.322170
v -1.396507 -4.213641 -1.448480
v -1.077104 -4.268172 -1.860535
v -2.050745 -7.179859 -3.003942
v -1.419829 -7.297314 -2.624183
v -1.134742 -7.721159 -3.076410
v -1.740559 -4.015651 -2.779667
v -0.943723 -4.422829 -2.395169
v -1.595862 -3.503517 -2.340156
v -0.971329 -7.116821 -1.799373
v -0.661942 -5.276131 -0.467638
v 0.081325 -5.082048 -0.287937
v -0.344398 -7.048173 -3.904291
v -0.460633 -6.151332 -3.597284
v 0.286377 -7.693639 -3.646834
v 1.144142 -6.849258 -3.648117
v -0.036045 -5.078831 -2.055470
v -0.945779 -4.844117 -2.966873
v -2.471437 -4.306937 -1.201608
v -1.817555 -3.048526 -0.815530
v -1.438562 -2.669959 -1.087182
v -1.393193 -3.441026 -1.881980
v -2.040031 -0.245398 -1.151216
v -1.132754 -0.486598 -0.429268
v -1.559325 -1.963889 -1.823567
v -2.246654 -3.298564 -2.662143
v 0.965050 -1.699751 -0.981862
v 1.394490 -2.327743 -1.212287
v 1.250586 -1.084880 -0.831371
v -2.856196 -7.420654 -5.246531
v -1.379143 -7.076438 -4.622240
v -1.203027 -6.634609 -4.440264
v -1.683462 -5.928334 -4.230252
v -1.003497 -7.524145 -4.210857
v -9.065441 2.032685 -2.812335
v -8.827324 2.869354 -2.740913
v -9.253542 2.275438 -3.789894
v -9.665288 4.358245 -3.762477
v -8.119636 0.830117 -1.684378
v -8.842190 0.803028 -2.698603
v -6.875227 -0.010132 -0.672822
v -6.003181 0.217186 -1.513306
v -7.362708 2.931622 0.366663
v -6.274672 3.455421 -2.988116
v -8.473700 0.608532 -3.364383
v -8.240875 1.226846 -3.996608
v -7.734579 0.797787 -1.555018
v -7.182633 1.336563 -2.250537
v -6.386199 0.406443 -4.014016
v -8.293493 2.374612 -2.570793
v -7.696410 3.497341 -2.943424
v -7.500986 2.224161 -2.725533
v -6.565456 3.353159 -3.487416
v -9.578267 5.477006 -3.959555
v -9.430002 2.997281 -3.208631
v -9.443916 5.062093 -3.179847
v -9.214665 7.194523 -3.387086
v -8.657184 6.584435 -3.024229
v -9.061173 8.108272 -2.485689
v -8.798097 7.499965 -2.864316
v -7.089956 5.401685 -3.026513
v -6.628757 5.160188 -3.238972
v -7.254822 6.526023 -3.040494
v -8.814693 2.893081 -4.388603
v -9.324553 3.401313 -4.144574
v -7.739118 1.935144 -4.579028
v -7.110012 1.390184 -4.572851
v -8.194178 4.526362 -4.676701
v -7.089861 2.661502 -4.899556
v -7.156137 4.722386 -4.670817
v -9.256854 4.958167 -4.456409
v -8.587276 6.110720 -4.685219
v -9.103809 7.037575 -4.365218
v -7.115950 6.701337 -4.733441
v -8.565475 7.294960 -4.590250
v -6.521557 7.243511 -4.491796
v -9.211165 8.548139 -1.376070
v -9.438483 8.871471 -1.889443
v -8.778463 8.238390 -1.997605
v -8.140643 10.912527 -0.346820
v -9.285338 8.278071 -2.828992
v -9.341294 8.668219 -2.744781
v -9.340414 8.663517 -2.743611
v -9.471681 9.438849 -1.804815
v -9.338481 8.716367 -2.769115
v -9.336267 8.717165 -2.792350
v -9.333932 8.722229 -2.801155
v -9.267467 7.949745 -3.177611
v -9.262856 7.935534 -3.169612
v -9.288786 7.557584 -3.630490
v -9.197206 8.254377 -3.780862
v -9.087501 9.670893 -2.314481
v -8.764997 9.092241 -3.493952
v -8.395075 8.439407 -1.512845
v -7.325110 9.276825 -0.602220
v -7.412657 8.386496 -2.034853
v -6.753824 9.064379 -1.703187
v -6.842257 8.314404 -2.410475
v -7.776447 10.315930 -2.156103
v -7.492623 10.814203 -0.939736
v -7.607214 7.382435 -2.836624
v -7.191095 9.597452 -3.227827
v -6.654939 7.492301 -3.023470
v -7.060870 10.324967 -1.992662
v -8.698652 8.390603 -4.115539
v -7.439548 8.042400 -4.457199
v -7.480718 8.809238 -3.981456
v -6.248102 1.309914 -2.747394
v -5.848107 4.374508 -2.523154
v -6.076859 3.038952 -2.903488
v -5.410785 2.911116 -3.091375
v -6.633183 4.541557 -4.368862
v -5.998900 1.572402 -3.430549
v -6.128405 2.193600 -4.202442
v -6.357598 3.765052 -2.813707
v -5.718774 3.670101 -3.853525
v -6.518291 2.266813 -3.236396
v -6.353005 3.207807 -3.920183
v -3.854745 0.979831 -0.414470
v -3.296089 1.131072 -0.535855
v -4.491797 2.313361 -1.974638
v -3.372830 2.752735 -1.504275
v -3.477356 3.161258 -1.204713
v -3.408853 2.588493 -1.889998
v -2.629347 2.833638 -1.865657
v -3.798638 2.504659 -2.341957
v -4.897766 3.639648 -4.064346
v -4.142588 4.209021 -4.328999
v -3.389650 3.138559 -3.100198
v -6.714558 3.816454 -3.369237
v -5.854870 4.597071 -3.308419
v -5.678131 4.766032 -4.144889
v -5.257091 5.789032 -4.349621
v -6.428237 4.651974 -3.896428
v -5.379714 4.175911 -1.861363
v -5.214828 4.835783 -2.864522
v -6.273964 6.121933 -3.615013
v -6.257693 6.292254 -4.229743
v -6.401720 8.881043 -3.199755
v -6.213818 6.912992 -3.750106
v -6.211453 6.904532 -3.759199
v -6.246117 7.410626 -4.059590
v -4.135200 3.817248 -1.340311
v -3.262695 4.119344 -1.562395
v -2.986166 5.252115 -2.230973
v -4.862996 5.548982 -3.344892
v -4.143071 6.554361 -3.641140
v -4.786394 6.547692 -4.174919
v -2.232337 6.278521 -2.463380
v -2.039219 8.294518 -3.279583
v -6.565713 1.337663 -4.520766
v -6.208013 1.663667 -4.388237
v -6.502158 2.836291 -4.675888
v -6.519969 6.589179 -4.548729
v -5.465382 4.555167 -4.424380
v -4.873646 4.897390 -4.845169
v -4.655947 6.383568 -5.233637
v -4.048958 6.552392 -5.540977
v -4.050562 5.282043 -5.020077
v -3.560009 6.308442 -5.361673
v -3.672014 8.569535 -4.546112
v -3.933479 8.386110 -4.903625
v -4.261333 7.716624 -5.237244
v -3.855958 7.655331 -5.582318
v -3.088147 8.592165 -4.013904
v -1.740209 0.743518 -0.578673
v -1.259071 0.248357 -0.494551
v -0.895771 3.434417 -0.678376
v -1.662574 2.594762 -1.229007
v -2.746603 3.164340 -1.405040
v -2.993528 3.738541 -1.349675
v -0.899330 2.486622 -0.663668
v -0.726177 1.992632 -0.748575
v -2.517079 2.911224 -2.414458
v -1.887117 2.625798 -1.728505
v -2.185490 3.461562 -2.904075
v -1.555171 2.746485 -2.252560
v -1.114046 3.592160 -2.735146
v -0.942807 2.078048 -1.605657
v -0.072968 2.014085 -1.746771
v 0.062180 3.984015 -0.590347
v -0.041331 2.480439 -2.030413
v 0.853701 3.847060 -2.261874
v -0.848441 5.311793 -3.455222
v -2.446520 4.102828 -1.297832
v -1.401633 4.826341 -3.491604
v -1.548030 6.738452 -2.441717
v -1.458972 7.306548 -2.769774
v 0.480903 4.497762 -0.766387
v 1.503000 5.360577 -1.227741
v -0.388849 6.158581 -2.229546
v -0.015774 5.842125 -2.732570
v -0.524005 5.782789 -3.385393
v -0.873811 7.062450 -3.934393
v -0.323296 6.308839 -2.791424
v -0.737702 7.054648 -3.366155
v -0.678731 7.883335 -4.035669
v -2.547640 8.050142 -5.592710
v -1.696372 7.566323 -4.880641
v -0.899233 7.652183 -4.333034
v -6.599148 9.567568 -1.857761
v -6.596099 9.563257 -1.871000
v -6.699930 10.024262 -1.732721
v -6.358536 7.958941 -3.274619
v -6.564931 9.480006 -2.822006
v -6.691020 8.675034 -3.921294
v -2.657230 9.426313 -5.475811
v -2.952137 8.528427 -5.666737
v -2.414655 9.819504 -5.056904
v -1.013353 7.465361 -3.083184
v -0.794920 9.221581 -3.672970
v -1.275916 9.553115 -3.930019
v -0.488543 8.286073 -3.890545
v -0.597489 8.701047 -3.650544
v 0.193350 9.899771 -3.897442
v -0.727943 11.345262 -3.911325
v -0.109187 10.909552 -3.851619
v 0.273342 10.423249 -3.853266
v 0.278397 10.420782 -3.855479
v 0.251308 10.618471 -3.827492
v 0.317922 10.762589 -3.797292
v 0.327672 10.752676 -3.799725
v 0.766156 11.128718 -3.622490
v -2.646913 12.987933 -0.835696
v -2.111998 13.601894 -1.799822
v -0.375991 13.904925 -1.058352
v -2.017583 12.762732 -2.984964
v -1.266780 11.974578 -2.945263
v -1.759419 12.298450 -3.105840
v -1.322394 11.721819 -3.962768
v -1.572668 13.443563 -3.237691
v -2.268237 13.381956 -2.058093
v -0.700805 13.432632 -3.792371
v -1.445124 13.786846 -2.157043
v 0.165075 12.352237 -0.687354
v 0.816433 13.118118 -1.421562
v 0.182465 12.162948 -1.775533
v 0.765424 12.508264 -1.799088
v 1.098531 13.107246 -2.663548
v 0.481491 13.663513 -1.281922
v 0.257163 11.782233 -2.917943
v 1.003487 12.066455 -2.830921
v 0.846402 13.343263 -3.139596
v 0.742977 12.966062 -4.131654
v 0.075485 13.766372 -2.373369
v -2.113438 9.813324 -4.594955
v -1.894673 9.264136 -5.904932
v -1.696411 8.717523 -5.719882
v -0.784114 9.891008 -5.917653
v -2.039742 10.360971 -5.401363
v -1.819604 10.472266 -4.868929
v -1.230766 10.402120 -4.350916
v -1.473137 11.357693 -4.609694
v -1.468084 11.908009 -5.083734
v -2.082953 9.748987 -5.791925
v -1.045973 10.486613 -6.132315
v -1.623418 10.941999 -5.865232
v -1.003013 11.674693 -5.856616
v -0.042100 9.062952 -5.061067
v 0.744326 10.596705 -3.915789
v 0.885187 10.039512 -4.795939
v -0.216257 10.256091 -3.870393
v 1.151803 10.596294 -4.350904
v 0.539431 10.219378 -5.368374
v 0.772614 12.105600 -5.044389
v -0.438638 10.844614 -6.002642
v -0.219746 11.601260 -5.760152
v -1.547694 12.074360 -4.463230
v -1.241879 12.826523 -4.626343
v -0.534207 12.803376 -4.881798
v -0.504731 12.280928 -5.445896
v 3.870762 -8.100182 3.818414
v 1.386461 -7.357285 2.326622
v 1.747661 -8.331471 1.488839
v 0.494245 -7.643625 0.630378
v 0.802598 -8.219000 0.021769
v 2.255001 -8.371126 1.176096
v 2.573364 -8.431325 1.861696
v 2.562928 -8.428782 1.851203
v 3.294539 -8.315323 1.961364
v 1.457738 -8.247877 -0.158198
v 2.850252 -8.393750 2.671960
v 4.634480 -8.510884 3.575806
v 4.093743 -8.449045 2.604893
v 3.571557 -8.115269 1.951573
v 5.121647 -7.345499 2.613952
v 3.957062 -7.567663 2.064923
v 5.703833 -7.944685 4.366879
v 6.648132 -8.184311 4.188698
v 7.588304 -8.152703 3.985803
v 9.101287 -7.460876 3.782010
v 6.019287 -8.505956 3.515863
v 7.373394 -7.969973 3.089088
v 6.207527 -7.749291 2.772260
v 7.361414 -8.186602 3.304420
v 2.337279 -6.188750 3.833106
v 3.536318 -7.191330 4.249174
v 3.624747 -6.029021 4.547028
v 5.167022 -6.235225 4.895143
v 4.842614 -5.664464 4.621202
v 3.804184 -5.638373 4.299917
v 4.148270 -5.528083 4.106709
v 1.315987 -5.840946 2.696728
v 2.260552 -7.888150 2.822553
v 2.697908 -6.725727 4.030481
v 2.234362 -5.661166 3.402682
v 2.732951 -5.528933 3.317647
v 2.740421 -5.526299 3.309730
v 2.885077 -5.521800 3.121310
v 2.350094 -5.507008 2.785317
v 2.343969 -5.504942 2.777846
v 1.316370 -5.978572 -0.095887
v 1.549717 -5.454395 2.012910
v 1.825447 -5.512002 1.740597
v 2.275683 -3.646219 0.475703
v 2.511478 -3.921394 -0.009687
v 3.832111 -6.760843 2.360263
v 4.699076 -5.597680 3.624811
v 4.081841 -5.890758 3.102389
v 3.006893 -5.715737 2.634985
v 5.201650 -5.188382 3.217892
v 4.733783 -4.951195 2.973281
v 3.119611 -7.310567 1.385256
v 2.274853 -5.890348 1.614899
v 4.632100 -6.953807 -0.169143
v 3.301038 -5.049240 -0.226786
v 3.791736 -3.395238 2.261208
v 3.918911 -6.265466 0.264686
v 2.468861 -0.229015 1.739385
v 2.384983 -3.103540 0.500691
v 1.738743 -1.896077 0.546091
v 3.321647 -1.186468 -0.524844
v 1.013869 -1.497453 0.583434
v 2.214462 -0.262388 0.730352
v 3.094662 0.155526 0.283425
v 3.967800 -1.641267 2.624890
v 3.762009 -0.954150 2.484129
v 5.226577 0.662312 3.178183
v 3.467076 -3.946861 0.733623
v 3.802438 -1.937318 2.141147
v 3.804948 -2.824040 1.411694
v 4.296515 -1.797441 1.267447
v 4.630961 -2.940441 0.910579
v 4.418371 -2.319736 1.325933
v 4.991443 -1.927683 1.363714
v 4.188541 -2.801940 1.049745
v 3.962594 -1.981028 1.611041
v 3.336182 -1.128531 2.010025
v 3.181213 -1.007924 1.146738
v 2.965437 -0.359174 0.576438
v 3.869639 -0.453094 0.736322
v 4.359242 1.072871 0.688161
v 4.329697 -6.716506 4.739555
v 8.125441 -7.391475 4.525009
v 6.737162 -5.380027 4.419703
v 6.173738 -4.641897 3.963669
v 7.034237 -5.984772 4.685245
v 6.519021 -5.236925 4.080428
v 9.716331 -6.542216 4.543449
v 7.949046 -6.545609 4.691660
v 8.058372 -4.504296 4.115212
v 8.582337 -4.585894 4.488129
v 8.485293 -5.205519 4.715015
v 7.235995 -3.759496 4.073445
v 9.528955 -4.043993 3.583358
v 5.748254 -3.036523 4.494944
v 6.156457 -4.166757 4.453396
v 7.371745 -2.898512 5.257161
v 7.397445 -2.049740 5.399071
v 6.221913 -3.360721 4.796446
v 5.747859 -0.583320 3.818773
v 7.488338 -3.310167 3.881913
v 7.947474 -2.767383 5.313529
v 7.643896 -2.523983 3.584301
v 8.435006 -1.354153 5.650409
v 9.036504 -1.678415 5.532142
v 8.674683 -0.485833 5.556508
v 6.001671 -5.727317 3.253237
v 5.097235 -6.095117 3.154820
v 5.402865 -7.708776 2.627677
v 7.186541 -5.687150 2.998871
v 6.254067 -6.626179 2.915720
v 5.515676 -4.199969 4.190373
v 5.457172 -5.671733 2.365666
v 6.182015 -4.880417 3.112896
v 6.252184 -5.354732 3.553523
v 6.375762 -4.378795 2.832814
v 6.599964 -3.461894 2.946321
v 6.068414 -4.953685 2.203713
v 6.111384 -3.855112 2.399002
v 5.389309 -6.241302 0.832256
v 5.461388 -6.011125 -0.034688
v 5.877858 -4.487372 1.693127
v 9.172710 -6.880173 3.086386
v 8.585902 -5.825337 2.990637
v 7.658518 -4.772581 3.433523
v 4.846344 -3.875118 3.645489
v 5.156052 -2.701229 1.448558
v 5.136496 -3.211689 1.186549
v 5.565693 -1.987572 1.782455
v 6.691303 -0.562685 2.247921
v 9.577737 -7.143205 4.208797
v 9.710922 -5.504785 4.618427
v 10.350900 -6.947471 3.925246
v 10.652152 -6.582029 4.090034
v 10.931708 -5.950487 4.067900
v 9.665006 -4.571645 4.469541
v 9.875666 -4.073214 3.960319
v 10.601025 -4.746214 4.125869
v 9.181580 -0.645082 5.728137
v 8.602519 -2.519046 5.088283
v 8.924400 -2.260985 4.749354
v 9.585661 -1.530987 5.011363
v 10.032588 0.147855 5.793516
v 10.628825 0.512778 5.498837
v 10.698287 0.586036 5.060262
v 10.427303 0.395813 4.694899
v 9.561865 -1.226801 4.368940
v 9.440154 -0.775064 3.993835
v 10.245778 -7.005186 3.436670
v 9.903702 -6.332344 2.795853
v 9.934619 -6.778090 3.077796
v 10.380613 -6.032739 2.287760
v 8.689194 -4.684692 3.187358
v 11.229411 -3.851938 2.447476
v 9.483585 -5.219045 2.838699
v 9.913916 -4.384718 2.770341
v 10.515783 -4.058182 2.530592
v 10.302038 -4.968635 2.256223
v 10.741675 -4.569456 1.720709
v 11.603185 -6.555011 3.068426
v 11.316806 -6.771285 2.731876
v 11.776172 -6.050279 3.126115
v 10.821638 -6.651633 2.243918
v 11.280864 -6.780970 1.388985
v 10.651853 -6.031968 1.854146
v 12.249662 -5.939868 2.299342
v 12.448795 -6.428079 1.295471
v 10.779868 -4.133783 3.663258
v 11.601872 -4.623920 3.274607
v 12.985723 -4.860742 0.816127
v 12.356205 -4.664206 2.212619
v 12.654920 -4.335890 1.449296
v 10.977793 -6.235357 0.899418
v 11.053640 -6.398459 0.033895
v 11.824435 -6.875314 1.258722
v 11.560465 -7.461258 -1.048368
v 12.275228 -6.983276 0.264758
v 12.615804 -6.738839 -0.363758
v 11.202599 -4.730965 0.792363
v 11.721215 -4.265522 0.232923
v 11.688694 -3.899109 1.220525
v 11.412931 -5.104790 -0.288666
v 11.813663 -4.011637 2.464587
v 12.232707 -3.910107 1.114989
v 12.726228 -4.201056 0.786061
v 13.123141 -5.535078 -0.408017
v 2.517993 6.256518 3.695240
v 3.032501 5.887419 4.532557
v 2.501282 6.209512 4.327555
v 2.665164 6.935335 4.845973
v 3.721151 4.790950 3.889620
v 4.543653 5.384559 3.952850
v 3.693749 5.850689 4.569129
v 3.725134 6.786961 4.690456
v 4.917633 6.300205 3.882684
v 4.977916 7.007311 3.850782
v 1.246037 1.129635 0.978466
v 1.082233 0.766639 -0.489716
v 2.508925 0.414602 1.897584
v 2.347193 2.347301 1.113262
v 2.748036 2.792571 0.922224
v 3.148793 2.938217 0.615743
v 4.617415 -0.706753 3.035398
v 3.827399 3.924965 2.556435
v 4.215814 3.756501 2.765866
v 4.010930 2.308909 1.790691
v 3.903379 1.722697 2.272742
v 4.519804 1.937072 0.855769
v 3.268162 2.912436 0.237303
v 4.959668 1.988374 1.773780
v 4.487564 2.204317 0.140147
v 4.162379 3.044388 0.221952
v 1.413150 4.805931 1.940379
v 2.931975 6.061951 1.054289
v 1.781543 6.368512 3.255454
v 1.425961 7.664463 3.988188
v 1.247396 7.353157 3.123048
v 1.981828 7.304129 3.478803
v 1.641661 6.880991 3.458066
v 2.627636 7.536971 3.087655
v 1.040985 4.556476 0.299251
v 2.245774 4.791728 0.248681
v 1.797262 4.626219 -0.818835
v 1.824632 4.547920 -0.127812
v 1.062036 7.337048 2.561985
v 2.545175 7.374676 0.300253
v 2.685455 7.225612 -0.706581
v 3.440376 6.468800 0.502392
v 3.323151 7.278337 -0.027202
v 3.489964 5.199971 2.571918
v 3.449093 4.655087 2.916681
v 4.541979 3.524007 2.542094
v 4.675020 4.435939 3.381063
v 4.195678 6.219180 2.079351
v 3.051779 6.145407 3.083322
v 3.788977 7.721526 2.633699
v 4.039156 6.980103 2.411017
v 4.161288 6.079410 -0.728182
v 4.180688 3.667103 0.574881
v 4.423228 4.254832 0.591226
v 3.527159 6.785400 0.348744
v 4.746598 5.427630 1.033607
v 7.905584 0.736185 4.532127
v 7.945902 1.136151 4.098897
v 9.175649 0.659112 5.683084
v 8.857696 1.914574 5.016304
v 6.283840 0.510896 3.711378
v 5.858796 1.370728 2.781773
v 6.691240 0.824710 3.655037
v 6.299485 1.070503 2.088712
v 5.288071 3.432421 1.929074
v 5.213375 2.528126 0.856200
v 5.785658 2.938888 0.653254
v 6.517529 4.018950 0.364923
v 6.393412 1.252967 2.643490
v 7.486870 1.032383 3.250702
v 7.235777 0.250967 2.417143
v 7.611555 0.695464 2.792522
v 8.881079 0.693296 3.269206
v 8.313649 1.406352 3.696871
v 8.170555 0.955159 3.188808
v 9.102363 1.861498 3.711474
v 5.386685 5.020912 2.977654
v 6.043139 4.470561 1.715280
v 5.675557 6.274763 2.932879
v 5.126248 7.596784 3.526866
v 5.073483 7.759462 2.902448
v 6.080559 5.806544 1.680694
v 6.226965 5.289961 1.631897
v 6.715270 4.065504 -0.340232
v 6.655037 4.361349 -0.673672
v 5.975123 5.268464 0.136796
v 4.873838 7.011598 2.125911
v 5.483326 6.325497 1.567944
v 5.078321 6.034100 1.251931
v 1.335043 8.001610 4.388750
v 1.523727 8.453653 4.630083
v 2.936177 7.550362 4.839522
v 2.845421 10.544936 3.985046
v 1.667152 10.332320 4.661079
v 2.501757 8.818885 4.682619
v 3.475764 9.575701 4.334252
v 3.891277 9.576326 3.715322
v 4.325845 7.978539 4.255794
v 4.578604 8.605057 3.736149
v 2.750583 10.279119 4.374297
v 1.506958 11.447911 3.636860
v 1.267653 8.583136 3.021637
v 2.911509 8.694353 2.833004
v 1.031065 10.463518 2.992281
v 1.388106 11.060421 3.133608
v 2.756779 10.119132 3.034537
v 2.932029 10.457458 3.463133
v 4.039820 9.268108 3.167400
v 4.285787 8.163924 2.679417
v 11.071930 1.556427 6.104894
v 11.250009 1.194287 5.771929
v 10.873501 2.330516 6.020271
v 10.260109 1.816927 6.003528
v 9.969796 1.407037 3.953604
v 9.881491 3.171365 5.289222
v 9.995034 3.695882 4.660867
v 8.890689 2.425515 4.492249
v 10.478537 3.675511 5.231783
v 10.709231 4.204779 4.292309
v 12.137782 2.156509 5.610033
v 11.168097 1.267611 4.777459
v 11.992090 1.583416 5.173577
v 11.342741 1.923730 4.190279
v 10.678762 2.278053 4.002744
v 13.109183 1.895028 4.227552
v 11.888326 1.706100 4.126608
v 11.523834 3.985733 5.048831
v 11.619976 2.680268 5.786716
v 11.085131 3.303860 3.491416
v 12.419030 3.066404 5.122734
v 12.378819 4.203211 4.266973
v 10.951423 4.180799 4.824292
v 11.729244 4.548104 4.124926
v 8.989669 -0.040570 3.393409
v 9.357308 1.522786 3.626612
v 9.441500 2.938857 4.220909
v 10.131856 2.830134 3.883762
v 12.493882 1.602242 2.997900
v 11.996045 2.177782 3.064805
v 12.362855 1.844502 1.726519
v 10.682453 3.912959 3.919716
v 11.711107 3.382035 2.556500
v 12.142982 2.936344 0.986750
v 12.064043 3.510440 1.389768
v 11.776636 3.961933 2.455554
v 12.604226 1.273556 1.403729
v 12.197413 1.810609 0.016256
v 12.353787 0.974145 -0.205922
v 11.741951 4.553264 3.225737
v 12.467710 4.415437 2.179809
v 12.809035 4.447239 2.984330
v 12.406375 4.061100 1.312248
v 12.914578 1.543527 3.439984
v 12.774693 2.455220 4.992763
v 13.450094 2.177729 3.866519
v 13.264379 2.976927 4.066854
v 13.602339 1.073947 1.662913
v 13.829464 1.638368 2.406768
v 14.017848 2.211352 1.830821
v 13.233738 3.932537 3.074567
v 13.814424 2.485734 2.825530
v 13.581335 3.690948 2.044930
v 12.986816 0.897830 1.179531
v 13.559656 0.802887 0.371216
v 14.001488 1.448272 1.123903
v 13.841293 1.663927 -0.498327
v 13.311138 3.670394 -0.298860
v 13.891836 2.778898 0.224479
v 13.460992 3.921391 1.096421
v 13.012097 4.050130 0.800205
v 2.601489 -9.302075 -2.756929
v 1.336150 -10.757112 -3.468137
v 1.856633 -10.153787 -4.036631
v 1.676336 -8.718283 -2.698676
v 1.685822 -7.128165 -2.947459
v 2.634660 -8.530034 -2.328262
v 3.779720 -7.682671 -1.309770
v 2.602765 -9.650774 -3.311977
v 3.924441 -7.990712 -1.823386
v 2.737967 -9.417356 -3.716094
v 2.953077 -8.520394 -3.994066
v 3.706201 -7.986266 -3.351736
v 3.552476 -8.625188 -3.134054
v 1.638002 -8.173322 -4.774557
v 0.975389 -7.983083 -4.909786
v 1.981333 -9.472116 -4.346074
v 2.385624 -7.111101 -4.526034
v 2.090847 -7.792792 0.044995
v 0.469651 -6.824234 -2.740719
v 1.988489 -7.127177 -0.017693
v 2.578356 -7.943864 -2.161436
v 2.488440 -6.102908 -2.025388
v 1.889517 -3.587326 -1.070013
v 2.325760 -3.978947 -0.710247
v 2.272622 -5.640228 -2.680326
v 3.420920 -5.004971 -2.739992
v 2.548898 -6.081847 -4.013658
v 3.385192 -7.238354 -1.132828
v 2.952493 -6.007558 -1.269911
v 4.211194 -6.826872 -0.028775
v 3.228470 -4.510393 -0.376317
v 3.200911 -4.423300 -1.034745
v 3.682365 -4.131118 -1.208647
v 4.300745 -4.059690 -0.989339
v 3.127001 -6.912183 -3.988459
v 4.008157 -6.855000 -3.011925
v 4.426280 -7.313547 -2.380358
v 3.975659 -5.447806 -2.671515
v 3.192088 -3.079723 -2.166163
v 3.608900 -3.479030 -2.042739
v 2.714518 -1.910082 -2.120227
v 2.791168 -0.448834 -0.996869
v 2.847896 -0.316843 -1.452134
v 2.682623 -0.851251 -0.447612
v 2.278178 -0.980111 -1.801010
v 3.651062 -0.213122 -1.015796
v 4.038934 -2.937539 -0.799160
v 3.660728 -3.573098 -0.925658
v 3.738993 -3.393892 0.340866
v 3.617880 -1.870143 -0.562483
v 6.162005 -2.638887 -2.080610
v 4.194483 -3.547544 -1.696964
v 5.720344 -1.802832 -1.687868
v 4.329871 0.399061 -1.342484
v 5.514776 -2.769744 -3.265796
v 5.483136 -3.123348 -2.785664
v 5.616769 -2.293059 -3.561352
v 4.216446 -1.003818 -2.839804
v 3.767045 -0.033943 -2.258504
v 5.054729 -1.344800 -3.367924
v 4.141291 -0.065520 -2.634576
v 2.583899 -5.357738 -3.054476
v 1.653429 -7.020389 -4.650917
v 2.045557 -6.139342 -4.018896
v 3.411354 -5.920043 -3.482959
v 4.777142 -7.145506 -1.329002
v 5.284733 -5.215638 -0.229379
v 4.779616 -6.228362 -1.704815
v 4.742695 -4.735748 -1.038815
v 8.348266 -3.931905 -3.574009
v 7.865997 -3.817460 -3.714986
v 6.778942 -0.778482 -2.493803
v 6.203796 -3.045015 -2.625507
v 6.588158 -3.086049 -3.377893
v 7.208744 -3.094882 -3.071846
v 7.762071 -2.705730 -2.936076
v 7.124603 -3.135499 -4.002547
v 8.583589 -2.863626 -3.318227
v 7.822230 -1.214528 -3.115171
v 8.109616 0.104742 -3.672210
v 7.620470 -3.742059 -3.993792
v 7.962233 -4.657967 -4.564236
v 8.662033 -5.937590 -5.038801
v 8.867552 -6.489575 -4.555807
v 8.054379 -4.291758 -4.980930
v 8.828184 -3.327137 -5.768148
v 7.417365 -0.359947 -5.233262
v 6.659000 0.858337 -4.816864
v 7.497872 -3.338362 -4.414533
v 7.633411 -2.760100 -4.744577
v 8.372676 -1.934491 -5.482974
v 7.992490 -0.213846 -5.535829
v 8.486477 -0.252693 -5.561006
v 11.069577 -7.705599 -2.604656
v 11.074332 -7.703417 -2.596948
v 10.816510 -7.772394 -3.259175
v 11.416355 -7.597483 -3.401329
v 10.538718 -7.658352 -3.124128
v 9.929893 -6.150576 -3.558127
v 10.274453 -6.710361 -2.858956
v 10.047286 -7.015161 -3.172401
v 10.655623 -5.896701 -3.002573
v 9.116184 -5.605984 -3.880756
v 9.074986 -3.839396 -3.783125
v 9.961314 -5.418794 -3.922678
v 11.341298 -6.921610 0.405782
v 10.965788 -7.306942 -1.620542
v 11.027175 -6.685884 -0.561245
v 10.732920 -6.894721 -1.787498
v 11.320730 -5.435064 -1.731263
v 11.866668 -7.562995 -1.592275
v 12.168650 -7.328249 -2.087897
v 12.053231 -4.232592 -0.381776
v 12.650355 -4.356431 -1.105805
v 12.292217 -4.745782 -2.580442
v 10.889333 -6.274060 -1.749116
v 11.234365 -5.268063 -2.831603
v 11.956423 -7.254142 -3.085473
v 12.378712 -6.132011 -3.951325
v 11.607959 -4.922557 -3.402431
v 11.924417 -4.712029 -2.027228
v 11.845975 -4.884498 -3.419228
v 11.847906 -4.888459 -3.480458
v 11.886830 -4.890494 -3.475608
v 11.834965 -4.891687 -3.535743
v 12.163725 -5.016469 -3.714701
v 11.865895 -4.891619 -3.521643
v 11.886967 -4.888115 -3.467008
v 11.832661 -4.890042 -3.538857
v 9.335108 -6.568109 -3.891948
v 9.877851 -7.342303 -3.690637
v 8.804618 -6.180161 -4.238158
v 9.051083 -6.572368 -4.955632
v 9.906737 -7.393855 -4.423291
v 10.487144 -7.116251 -4.876988
v 10.634469 -7.512020 -4.263205
v 9.639877 -6.599655 -5.278223
v 10.400853 -5.808891 -5.797515
v 9.055087 -5.570043 -5.537775
v 10.005247 -5.096882 -6.068417
v 10.748590 -5.093791 -3.920393
v 9.599097 -4.751499 -4.046016
v 10.275265 -4.016505 -4.747986
v 10.574302 -4.702519 -4.396387
v 9.463126 -4.423665 -6.036733
v 10.296820 -4.607347 -6.140621
v 11.296432 -7.303182 -4.112260
v 11.140155 -5.702538 -5.610831
v 11.639813 -6.202477 -4.931371
v 11.148478 -4.754634 -4.449433
v 11.463580 -4.916564 -5.053789
v 10.592765 -4.050371 -5.255356
v 12.035513 -5.527195 -4.715467
v 11.025779 -4.793659 -5.721999
v 9.948249 -3.080030 -4.646070
v 9.842178 -3.094456 -5.714663
v 10.002821 -2.882029 -5.419663
v 9.620461 -2.065261 -4.319425
v 9.115616 -1.725280 -3.884988
v 9.584735 -1.219880 -4.616520
v 8.403975 0.489104 -4.100100
v 9.230869 -0.411447 -4.888153
v 8.996397 -1.932357 -5.707736
v 12.805591 -6.344754 -2.173133
v 13.208462 -5.015011 -0.841782
v 13.034311 -4.601796 -1.152387
v 13.080702 -5.518397 -2.231484
v 12.786324 -5.167956 -2.939238
v 1.895442 0.851899 -0.545572
v 1.798034 2.552461 -1.179945
v 2.801540 1.896039 -0.572527
v 1.339776 4.185898 -1.939688
v 2.103461 3.779958 -0.615201
v 2.192621 3.337866 -0.945902
v 4.411458 1.433554 -1.256809
v 4.395689 0.899444 -1.527724
v 4.278465 1.346326 -1.833321
v 4.279376 1.339347 -1.825998
v 4.789985 1.190443 -1.197154
v 3.161980 2.367275 -0.429149
v 3.941560 2.229088 0.298484
v 4.254769 2.550324 0.126381
v 4.493886 2.089198 -2.278701
v 4.015973 0.426119 -2.018810
v 4.281326 1.432254 -2.056232
v 4.312737 1.832644 -1.999720
v 4.616708 1.285057 -2.912468
v 2.554677 4.842391 -2.537659
v 1.330932 4.363739 -0.692568
v 1.756363 4.546726 -0.196018
v 1.762106 4.548713 -0.204535
v 1.808617 4.549666 -0.216485
v 1.811078 4.549895 -0.259108
v 1.817391 4.554524 -0.309976
v 1.859725 4.553453 -0.313245
v 1.812468 4.551699 -0.261136
v 1.863543 4.555486 -0.317634
v 1.220451 4.716239 -1.582781
v 3.064030 4.860139 -0.936945
v 2.473425 4.592116 -1.059404
v 2.520867 4.585878 -1.927334
v 1.678469 5.859310 -1.224567
v 2.618112 6.870184 -1.239110
v 2.631460 5.386029 -2.771800
v 2.865688 6.015415 -2.572926
v 4.056697 4.551190 -2.355370
v 3.121559 7.348199 -0.202194
v 3.115132 7.350487 -0.194099
v 4.169890 7.249989 -1.817250
v 4.865294 5.924811 -1.546694
v 4.702879 6.675812 -1.293317
v 4.452679 7.094186 -1.454845
v 4.023972 4.289061 -3.155570
v 3.845651 4.711601 -3.937673
v 4.330117 4.240532 -3.819277
v 3.847178 5.244286 -3.968224
v 4.948750 4.413531 -2.977872
v 4.110687 6.800617 -2.852324
v 5.107126 4.301080 -4.560929
v 4.077954 5.743506 -3.827624
v 5.197423 4.940266 -4.673932
v 5.364371 1.213192 -1.212382
v 5.866343 1.707803 -1.219549
v 5.079932 0.068446 -1.274415
v 5.580925 0.479891 -1.576429
v 5.928750 1.140869 -1.747883
v 5.260626 4.500610 -0.617886
v 6.841708 2.531257 -2.004375
v 7.228877 1.927345 -2.971645
v 5.575008 3.532270 -2.464978
v 5.890720 2.138349 -4.026150
v 6.098117 3.621577 -2.822664
v 6.650768 3.496262 -2.919406
v 6.906679 3.689581 -3.438479
v 7.046387 3.063334 -2.604215
v 7.551568 1.205877 -3.313910
v 7.616903 1.838361 -3.713952
v 7.700494 1.760473 -4.361401
v 7.143570 2.606707 -3.896438
v 6.765612 3.479389 -4.161118
v 7.555903 3.060744 -3.809759
v 7.832763 3.123119 -3.236135
v 9.228439 2.815906 -3.045427
v 5.541383 5.050373 -0.169664
v 5.763468 5.752798 -2.240729
v 6.118958 3.727962 -3.910950
v 6.801920 5.505775 -2.642702
v 6.836239 4.252091 -3.149551
v 6.010689 4.183142 -3.291834
v 6.671875 6.813388 -3.298774
v 5.976077 6.525376 -2.333059
v 6.012244 6.849855 -2.685293
v 6.660397 6.601170 -3.888974
v 6.622406 6.290682 -2.579551
v 7.720305 4.900732 -2.861273
v 8.439754 6.198963 -3.744104
v 6.600126 1.841839 -4.583065
v 6.215753 3.853906 -4.658078
v 5.898944 2.936540 -3.553084
v 7.798681 1.126808 -5.053732
v 6.741242 2.642075 -4.128163
v 7.610531 3.222444 -4.335442
v 7.988412 3.519484 -4.633301
v 5.501081 5.571887 -4.486377
v 7.192542 6.025026 -4.335989
v 6.300778 4.660228 -4.900544
v 5.442791 6.801174 -3.519770
v 8.401864 4.568326 -4.682545
v 1.449935 11.836720 -3.905977
v 1.330741 12.542864 -3.931405
v 1.212318 10.880723 -4.870703
v 0.860750 11.099512 -5.302214
v 1.255633 11.977047 -4.710973
v 9.179030 1.819761 -4.026051
v 9.766420 1.817234 -3.263822
v 10.144277 2.479989 -2.942479
v 11.556478 0.958565 -1.957322
v 11.640700 1.458241 -1.523103
v 12.200533 3.145292 -0.298189
v 12.223174 3.391611 -1.504577
v 11.826058 2.686486 -1.407053
v 12.539640 3.602316 -0.531767
v 10.815164 2.241063 -2.582464
v 10.645482 1.376148 -2.798648
v 11.543914 0.764145 -2.757797
v 10.535178 1.161945 -3.792355
v 10.459366 1.179487 -3.379881
v 10.564134 1.380791 -4.216425
v 12.084236 0.796406 -2.891091
v 11.440119 1.411220 -3.970209
v 11.404888 2.667241 -2.169209
v 10.862980 3.659292 -2.953567
v 11.437824 3.706619 -2.918001
v 11.612795 3.388480 -2.457761
v 12.518764 3.505466 -2.425137
v 12.095186 2.913434 -4.033917
v 12.047149 3.650812 -3.708132
v 7.567003 5.841044 -2.757049
v 8.842334 5.518888 -2.978801
v 10.150980 4.126581 -3.030907
v 10.916258 4.398983 -4.020594
v 9.017844 5.830206 -3.296270
v 9.546210 5.580595 -3.766493
v 10.812733 4.408818 -3.453997
v 11.494997 3.992606 -3.437811
v 9.049607 -0.413107 -5.385070
v 9.006516 2.231711 -4.454403
v 9.506857 2.412125 -4.688112
v 9.875442 3.213492 -4.747838
v 10.983526 3.974072 -4.468338
v 10.868948 2.057421 -4.461046
v 10.882941 2.959966 -4.599111
v 9.092247 5.165221 -4.540602
v 9.227420 5.590044 -4.257271
v 13.053020 0.552867 -0.529241
v 12.359469 0.596058 -1.116185
v 12.983092 0.611890 -1.498373
v 13.783582 0.996528 0.001966
v 13.566912 1.328231 -1.262638
v 13.145687 2.362469 -2.510390
v 13.607642 3.267490 -0.569430
v 12.870880 1.140053 -2.444400
v 12.547371 1.481063 -3.094042
v 13.288611 2.786173 -2.193428
v 12.959296 3.225735 -2.550503
v 12.440349 3.045184 -3.661060
vn -0.8196 -0.5188 0.2432
vn -0.6831 -0.6867 0.2487
vn -0.3630 -0.7079 0.6059
vn -0.0277 -0.7862 0.6174
vn 0.3412 -0.7536 0.5618
vn -0.5809 -0.7319 0.3563
vn 0.9369 -0.3086 -0.1644
vn 0.1011 -0.1284 -0.9866
vn 0.5647 -0.7151 0.4120
vn -0.7335 0.1528 -0.6623
vn -0.7108 -0.4276 0.5584
vn -0.9869 0.1515 0.0561
vn -0.8789 -0.3589 0.3142
vn -0.7504 -0.5095 0.4210
vn -0.9283 0.3684 0.0507
vn -0.9742 0.2198 -0.0517
vn -0.3833 0.9165 0.1144
vn 0.2807 0.9591 0.0358
vn -0.9739 0.0438 -0.2227
vn -0.0855 -0.2638 0.9608
vn -0.3885 0.0548 0.9198
vn 0.9054 -0.3403 0.2539
vn 0.2611 -0.1415 0.9549
vn 0.2099 -0.0273 0.9774
vn 0.8407 -0.0692 0.5370
vn 0.9111 -0.1246 0.3930
vn -0.6226 0.0911 0.7772
vn -0.9095 0.3264 0.2575
vn -0.8967 0.3359 0.2883
vn -0.1529 0.1071 0.9824
vn -0.6767 0.2470 0.6936
vn 0.0081 -0.1201 0.9927
vn 0.8159 -0.3867 0.4298
vn 0.7466 -0.3345 0.5751
vn 0.9250 -0.3720 -0.0776
vn -0.1968 0.3895 0.8998
vn -0.1003 0.6577 -0.7465
vn -0.0855 0.8446 -0.5285
vn 0.1016 0.0850 -0.9912
vn 0.0225 0.2324 -0.9724
vn 0.0926 0.8991 -0.4278
vn 0.6045 0.7361 -0.3047
vn 0.3861 0.7170 -0.5804
vn 0.6008 0.5972 -0.5314
vn 0.6157 0.7312 -0.2938
vn 0.9542 -0.2704 -0.1281
vn 0.7930 0.1501 -0.5904
vn 0.7718 0.1874 -0.6077
vn 0.1297 0.1034 -0.9861
vn 0.8518 -0.1131 -0.5116
vn -0.6276 -0.0301 -0.7779
vn -0.1567 -0.0823 -0.9842
vn -0.1667 -0.0550 -0.9845
vn 0.2797 -0.2850 -0.9168
vn -0.7458 0.1316 -0.6530
vn -0.2587 -0.1986 -0.9453
vn -0.5482 -0.2322 -0.8035
vn 0.3336 -0.5742 -0.7476
vn -0.9494 -0.3138 -0.0109
vn -0.7829 0.3555 0.5106
vn -0.6931 -0.7057 -0.1470
vn 0.2411 -0.2460 -0.9388
vn 0.1355 -0.5726 -0.8086
vn -0.7002 -0.1576 -0.6964
vn 0.6040 -0.3036 -0.7369
vn 0.2690 -0.2211 -0.9374
vn -0.5880 -0.7824 -0.2052
vn -0.6708 -0.7232 -0.1643
vn -0.8386 0.3493 0.4181
vn -0.4700 0.7192 0.5117
vn -0.4758 0.7151 0.5122
vn 0.0506 0.8380 0.5432
vn -0.8459 -0.2380 0.4774
vn -0.3069 -0.8647 0.3977
vn -0.1130 -0.6131 0.7819
vn -0.3037 -0.7049 0.6410
vn 0.0299 -0.8236 0.5664
vn -0.7266 -0.3288 0.6033
vn -0.8310 -0.5544 -0.0455
vn -0.7611 -0.4013 0.5096
vn -0.6945 -0.5320 -0.4844
vn -0.5460 -0.0687 0.8350
vn -0.4152 -0.3486 0.8403
vn 0.2384 -0.0045 0.9712
vn 0.0071 0.1479 0.9890
vn -0.8668 -0.2733 0.4172
vn -0.7275 -0.2765 -0.6279
vn -0.9049 0.1887 -0.3816
vn -0.5900 0.7934 -0.1496
vn -0.3235 0.5779 -0.7493
vn -0.3885 0.2050 -0.8984
vn -0.4761 -0.3095 -0.8231
vn -0.5227 -0.1709 -0.8352
vn -0.7541 -0.3235 -0.5715
vn -0.4540 -0.5104 -0.7303
vn 0.5060 0.4517 0.7348
vn -0.5121 -0.4245 -0.7467
vn 0.1048 0.2900 0.9513
vn -0.7592 -0.5423 0.3598
vn -0.8036 0.5357 0.2594
vn -0.8089 0.5251 0.2644
vn 0.0206 0.9911 0.1318
vn -0.8858 0.4035 0.2292
vn -0.9618 -0.2523 0.1061
vn -0.1870 -0.9424 0.2772
vn -0.8560 -0.3341 0.3945
vn -0.6057 0.7701 0.2003
vn -0.1874 -0.9282 0.3215
vn 0.1448 0.9583 -0.2465
vn 0.0680 0.9625 -0.2628
vn -0.2884 0.9478 -0.1360
vn -0.3178 -0.9480 0.0172
vn -0.3288 -0.9443 -0.0136
vn -0.0444 -0.9987 0.0235
vn 0.0734 -0.9910 -0.1119
vn -0.3069 0.9492 0.0691
vn 0.2752 0.9607 0.0372
vn 0.4899 0.8717 -0.0091
vn 0.5445 0.8387 0.0032
vn 0.1780 0.9502 0.2560
vn -0.0702 0.8931 -0.4444
vn -0.0231 -0.3148 -0.9489
vn -0.0328 -0.3369 -0.9410
vn 0.7940 -0.2315 -0.5621
vn 0.3359 -0.3655 0.8681
vn 0.6637 -0.3779 0.6455
vn 0.5535 0.3078 0.7739
vn 0.7342 0.3428 0.5860
vn 0.9272 0.3709 -0.0517
vn 0.5083 0.3507 0.7866
vn 0.6544 0.1476 -0.7416
vn 0.7308 0.5025 0.4620
vn 0.9455 0.3034 -0.1182
vn 0.7416 0.3487 0.5731
vn 0.8812 0.2256 -0.4155
vn 0.8357 -0.5304 -0.1424
vn -0.5699 -0.8053 -0.1631
vn 0.9481 0.2872 -0.1368
vn 0.2989 0.2160 -0.9295
vn -0.4750 -0.1497 -0.8671
vn 0.1186 -0.1307 -0.9843
vn 0.7591 -0.1553 -0.6322
vn 0.8879 -0.1697 -0.4277
vn 0.6907 0.1533 -0.7067
vn -0.9251 -0.3767 0.0468
vn -0.8350 -0.1107 0.5389
vn -0.4373 -0.1416 0.8881
vn -0.7298 -0.3173 -0.6056
vn -0.6089 -0.2685 -0.7465
vn -0.3602 0.2189 0.9068
vn -0.7206 0.0692 0.6899
vn -0.8160 -0.3652 -0.4481
vn -0.9700 -0.1305 0.2053
vn -0.9757 -0.1454 0.1637
vn 0.1628 0.3231 0.9323
vn -0.1875 0.2244 0.9563
vn 0.8581 -0.0356 0.5123
vn 0.5174 0.2359 0.8226
vn 0.4565 0.4250 0.7816
vn 0.4884 0.3672 0.7916
vn 0.2410 0.1444 0.9597
vn -0.7726 0.1514 0.6165
vn -0.3307 0.3901 0.8593
vn -0.1122 0.6252 0.7724
vn -0.1299 0.6195 0.7742
vn 0.1920 0.6157 0.7642
vn 0.8087 -0.2365 0.5385
vn 0.4655 0.1186 0.8771
vn 0.4595 0.4384 0.7725
vn -0.5252 -0.3240 -0.7869
vn -0.4527 -0.4866 -0.7472
vn -0.5196 -0.4017 -0.7541
vn -0.5306 -0.2547 -0.8085
vn 0.7468 -0.4818 -0.4585
vn 0.1129 -0.4751 -0.8726
vn -0.4237 -0.3519 -0.8347
vn -0.5173 -0.4020 -0.7555
vn -0.5724 0.5721 0.5875
vn 0.3172 0.6690 0.6722
vn -0.2873 -0.7469 -0.5997
vn -0.3521 -0.6871 -0.6355
vn 0.9020 -0.4312 0.0220
vn 0.5179 -0.6305 -0.5781
vn -0.0026 -0.9089 -0.4170
vn 0.4794 -0.7072 -0.5197
vn -0.0422 -0.7754 -0.6301
vn -0.1829 -0.9066 -0.3803
vn 0.1017 0.9102 0.4016
vn 0.1515 0.9045 0.3987
vn 0.2378 0.9175 0.3189
vn 0.5893 0.7945 0.1466
vn 0.3976 0.8385 0.3726
vn 0.4126 0.6077 0.6785
vn 0.0782 0.6194 0.7811
vn -0.2996 -0.6017 -0.7404
vn -0.2764 -0.6006 -0.7502
vn 0.6434 0.1654 -0.7475
vn 0.0612 -0.0364 -0.9975
vn -0.3503 0.2537 -0.9016
vn 0.5807 0.1503 -0.8001
vn 0.2385 0.7106 -0.6620
vn -0.0724 0.9971 -0.0241
vn -0.2695 0.7239 -0.6351
vn 0.8599 0.4983 -0.1111
vn 0.5494 0.8203 0.1590
vn 0.8790 -0.1872 -0.4385
vn -0.7240 -0.2563 0.6404
vn -0.3259 -0.5133 0.7939
vn -0.4117 -0.3118 0.8563
vn 0.9650 0.1945 0.1759
vn 0.8343 -0.3339 0.4387
vn 0.8876 -0.4602 -0.0168
vn 0.6265 -0.6956 -0.3517
vn -0.1256 -0.5906 -0.7971
vn 0.5392 -0.8377 0.0873
vn 0.5528 0.4140 0.7232
vn 0.3508 -0.8482 -0.3969
vn -0.3212 -0.3777 -0.8684
vn -0.1633 -0.5429 -0.8238
vn -0.7848 0.0942 0.6125
vn 0.6034 -0.6503 0.4615
vn -0.7737 -0.4166 0.4773
vn -0.7927 -0.3915 0.4673
vn -0.8350 -0.1839 0.5186
vn 0.5169 -0.8559 -0.0143
vn 0.2058 -0.9188 -0.3368
vn 0.6137 0.0875 0.7847
vn -0.3088 0.9014 0.3036
vn 0.3473 0.9351 -0.0704
vn -0.2744 -0.5950 -0.7554
vn -0.7562 0.3204 0.5706
vn -0.0767 0.9968 0.0233
vn -0.2936 0.8142 -0.5008
vn -0.3511 0.2668 -0.8975
vn -0.0509 0.8346 0.5485
vn -0.5499 0.2603 -0.7936
vn 0.0331 -0.5558 0.8306
vn -0.0360 -0.4428 0.8959
vn 0.3861 -0.5017 0.7741
vn 0.3652 -0.4907 0.7911
vn 0.7879 -0.3756 0.4880
vn 0.3105 0.4895 0.8148
vn -0.5089 -0.3034 -0.8056
vn 0.4543 0.2803 0.8456
vn 0.5577 0.2188 0.8007
vn 0.0187 0.8070 0.5903
vn -0.1218 0.5561 0.8222
vn -0.4440 -0.8946 -0.0502
vn -0.2763 -0.3728 0.8858
vn -0.3332 -0.9395 0.0790
vn -0.3334 -0.9395 0.0783
vn -0.0413 -0.7407 0.6706
vn 0.4057 0.2723 -0.8725
vn -0.8418 0.3550 -0.4066
vn -0.8913 0.1641 -0.4227
vn -0.5827 0.6853 0.4369
vn -0.8213 0.5703 -0.0135
vn -0.4754 0.7898 0.3877
vn -0.5776 -0.3047 -0.7573
vn -0.8557 -0.1876 -0.4823
vn -0.8951 0.4078 -0.1801
vn -0.1542 0.8762 0.4566
vn -0.4637 -0.8289 -0.3128
vn 0.5817 -0.5390 -0.6092
vn -0.8246 0.3416 0.4509
vn -0.6146 -0.0513 0.7871
vn -0.5271 0.5562 0.6425
vn -0.3362 0.2178 0.9162
vn -0.6117 0.1493 0.7769
vn 0.4787 0.7702 -0.4216
vn 0.3269 0.9386 -0.1108
vn 0.5548 0.2697 -0.7870
vn 0.8216 -0.2756 -0.4991
vn 0.7971 0.4438 -0.4095
vn 0.6975 0.4574 -0.5516
vn -0.1895 0.7970 0.5735
vn -0.7477 0.5962 0.2922
vn -0.9722 0.2020 0.1182
vn -0.9366 0.2925 0.1928
vn -0.7965 0.5599 0.2285
vn 0.4927 -0.7922 -0.3600
vn -0.7259 0.6193 0.2993
vn -0.6679 0.6394 0.3808
vn -0.4078 0.8908 0.2004
vn -0.4684 -0.8215 -0.3252
vn -0.4914 -0.8079 -0.3254
vn -0.4656 -0.8276 -0.3134
vn -0.8675 -0.4042 -0.2898
vn 0.2837 -0.8991 -0.3333
vn 0.1665 -0.9313 -0.3239
vn 0.6062 -0.7607 -0.2320
vn -0.7517 0.6572 0.0554
vn -0.6649 0.7418 -0.0879
vn 0.7663 -0.5580 -0.3185
vn 0.7728 -0.5446 -0.3260
vn -0.1000 0.8919 0.4410
vn 0.3922 0.8480 0.3565
vn 0.3481 0.9031 0.2514
vn 0.8150 0.5048 0.2845
vn -0.2098 0.9679 0.1383
vn 0.0244 0.9885 0.1492
vn -0.0448 0.9963 -0.0732
vn 0.8569 0.4514 0.2489
vn 0.4985 -0.8444 -0.1960
vn 0.9744 -0.2151 0.0654
vn -0.9321 -0.2925 0.2136
vn 0.6442 0.7222 0.2518
vn 0.6703 0.2624 0.6942
vn -0.1956 -0.8673 -0.4578
vn -0.1908 -0.7764 -0.6006
vn 0.0087 -0.8955 0.4450
vn -0.3940 -0.9125 0.1098
vn -0.3609 -0.7645 0.5341
vn 0.0341 -0.5210 0.8529
vn -0.0794 -0.5899 0.8036
vn 0.1278 -0.6645 0.7363
vn 0.8056 -0.5906 -0.0474
vn 0.4436 -0.8117 -0.3799
vn 0.7024 -0.6789 -0.2139
vn 0.3464 0.7127 0.6100
vn 0.5806 -0.8039 -0.1288
vn 0.6248 -0.7777 -0.0698
vn 0.0956 0.8548 0.5101
vn -0.7912 -0.2792 0.5441
vn -0.2782 -0.4352 0.8563
vn 0.9054 -0.3595 0.2260
vn 0.9909 0.1278 0.0421
vn -0.9904 -0.0726 0.1176
vn 0.9882 0.1530 -0.0087
vn -0.9464 0.0362 0.3210
vn -0.4011 -0.5639 0.7219
vn -0.7867 0.2668 -0.5567
vn -0.9370 0.1801 -0.2993
vn -0.8125 0.3538 -0.4633
vn -0.6527 0.3787 -0.6561
vn -0.2091 0.6024 -0.7703
vn 0.1410 -0.7904 -0.5962
vn -0.2268 -0.5624 -0.7951
vn -0.4244 -0.8597 -0.2841
vn -0.4581 -0.1881 -0.8688
vn -0.6542 -0.6555 -0.3771
vn -0.3993 -0.4301 -0.8097
vn -0.3230 0.4036 -0.8560
vn -0.1849 0.6352 -0.7499
vn -0.7402 -0.3746 0.5584
vn -0.9360 -0.2650 0.2317
vn -0.5523 0.2908 -0.7813
vn -0.1875 -0.5759 0.7957
vn -0.1144 0.6076 -0.7860
vn 0.0464 0.5683 -0.8215
vn -0.7038 0.3187 -0.6349
vn 0.0874 -0.5913 0.8017
vn 0.0652 -0.2060 0.9764
vn 0.2368 -0.3767 0.8955
vn 0.6198 -0.2814 0.7326
vn 0.5022 0.2977 0.8119
vn 0.0240 -0.5321 0.8463
vn 0.7894 -0.3881 0.4756
vn 0.5400 0.3987 -0.7413
vn 0.4387 0.1988 -0.8764
vn 0.5530 -0.5842 0.5941
vn 0.8338 -0.5461 0.0807
vn 0.9389 -0.0521 -0.3401
vn 0.9732 -0.0782 -0.2164
vn -0.9466 -0.0280 0.3211
vn -0.9599 0.0144 0.2801
vn 0.9920 -0.1223 0.0300
vn 0.9466 -0.2467 0.2075
vn 0.9418 -0.1264 -0.3114
vn -0.6090 -0.0030 0.7931
vn -0.4918 0.1776 0.8524
vn -0.4103 0.3750 0.8313
vn -0.4377 0.3527 0.8271
vn 0.8293 -0.3468 0.4381
vn -0.0788 0.5910 -0.8028
vn 0.0064 0.3720 -0.9282
vn -0.1695 0.5194 -0.8376
vn -0.1499 0.5943 -0.7902
vn 0.4714 -0.5951 0.6509
vn 0.0303 -0.8794 -0.4750
vn 0.3792 -0.7327 0.5651
vn 0.0707 0.1456 -0.9868
vn -0.6000 -0.5014 -0.6234
vn -0.5661 0.1705 -0.8065
vn -0.8593 -0.0703 -0.5067
vn 0.5268 -0.8442 0.0993
vn -0.4588 0.6255 -0.6311
vn 0.1115 0.1783 0.9776
vn 0.2033 0.3632 0.9093
vn 0.1252 0.3378 0.9329
vn 0.1248 0.8439 -0.5218
vn 0.1859 0.8735 -0.4500
vn 0.2874 0.8358 0.4678
vn 0.1346 0.3075 0.9420
vn 0.0593 0.9238 0.3782
vn 0.0580 0.8233 0.5646
vn -0.1185 0.8177 -0.5633
vn -0.0216 0.9960 -0.0869
vn 0.2074 0.4257 0.8808
vn 0.2486 0.8660 0.4339
vn 0.0665 0.6721 -0.7374
vn 0.4079 0.8656 0.2903
vn 0.1741 0.8996 -0.4005
vn 0.2721 0.9390 -0.2104
vn -0.7977 -0.5446 0.2590
vn -0.8175 -0.3623 0.4477
vn -0.6976 -0.6162 0.3655
vn -0.6099 -0.5867 0.5327
vn -0.4861 -0.7198 0.4955
vn -0.4717 -0.6587 0.5862
vn -0.1456 0.2564 0.9556
vn -0.0709 0.1405 0.9875
vn 0.0363 0.5877 0.8083
vn -0.7140 0.2555 0.6518
vn -0.8931 -0.0611 0.4457
vn -0.8534 -0.5210 0.0167
vn -0.7513 -0.6547 -0.0830
vn -0.3563 -0.8537 -0.3799
vn -0.7585 -0.6461 -0.0853
vn -0.4549 -0.7418 -0.4927
vn 0.0396 -0.6189 -0.7844
vn 0.3414 -0.8588 -0.3819
vn 0.3394 -0.7963 -0.5008
vn -0.5940 -0.7845 -0.1781
vn -0.5672 -0.6861 -0.4557
vn -0.3321 -0.3303 -0.8835
vn 0.2147 -0.5792 -0.7864
vn 0.4772 -0.6684 -0.5705
vn 0.1297 -0.1636 -0.9780
vn 0.4936 -0.4857 -0.7214
vn 0.4129 -0.7702 -0.4862
vn -0.4353 0.7351 0.5197
vn -0.7171 0.5048 0.4806
vn -0.3695 0.8652 0.3390
vn -0.9282 0.3720 -0.0010
vn -0.1481 0.8301 0.5375
vn 0.7043 -0.5201 -0.4831
vn 0.6711 0.1226 -0.7312
vn 0.6949 0.7101 -0.1134
vn 0.6758 -0.0639 -0.7343
vn 0.8668 0.3474 -0.3577
vn 0.1825 0.8855 0.4272
vn -0.0267 0.9486 0.3153
vn 0.4110 -0.8833 -0.2255
vn 0.2672 -0.9434 -0.1965
vn 0.5766 -0.8046 -0.1420
vn 0.4796 0.8440 0.2401
vn -0.1980 0.8998 0.3887
vn -0.0774 0.3640 -0.9282
vn -0.1944 0.6553 -0.7299
vn -0.6537 -0.7567 -0.0011
vn -0.7583 -0.6475 0.0756
vn -0.2201 -0.9180 -0.3299
vn -0.4960 -0.7697 -0.4019
vn -0.7059 -0.5498 -0.4465
vn -0.3860 -0.9189 0.0811
vn 0.1581 -0.9499 -0.2695
vn 0.9217 0.3685 -0.1210
vn 0.5047 -0.8535 -0.1296
vn 0.8759 -0.3890 -0.2854
vn 0.7479 0.5884 -0.3074
vn 0.9127 -0.3403 -0.2263
vn 0.9855 0.0375 -0.1655
vn 0.8957 -0.4035 -0.1870
vn 0.3522 -0.8699 -0.3454
vn -0.0760 -0.8715 -0.4845
vn -0.9740 -0.2024 0.1015
vn -0.3530 0.8968 0.2666
vn -0.9803 -0.1820 0.0764
vn -0.9355 -0.3342 -0.1147
vn -0.9372 0.3340 0.1008
vn 0.5072 0.8481 0.1531
vn -0.9830 -0.0426 -0.1786
vn -0.9663 -0.0561 -0.2513
vn -0.8311 -0.4105 -0.3751
vn -0.3878 0.8704 0.3033
vn 0.3338 0.7465 0.5756
vn -0.0592 0.9159 0.3970
vn -0.8786 0.2060 -0.4309
vn -0.7886 -0.1498 -0.5964
vn -0.4571 0.8684 -0.1921
vn 0.7711 0.6363 -0.0231
vn 0.8614 0.4969 0.1056
vn 0.7545 0.6022 0.2610
vn 0.7160 0.3743 0.5892
vn 0.8180 0.2972 0.4925
vn 0.0852 0.6218 0.7785
vn 0.4717 0.3101 0.8254
vn -0.4090 -0.1177 0.9049
vn -0.0057 0.2763 0.9611
vn -0.2349 0.5429 0.8063
vn -0.1211 -0.3006 0.9460
vn -0.9142 -0.4030 0.0427
vn -0.4147 0.6394 0.6474
vn -0.5656 -0.7582 -0.3243
vn -0.9057 -0.4233 -0.0231
vn -0.3006 -0.8351 -0.4607
vn -0.3375 -0.7396 -0.5824
vn -0.4522 -0.6946 -0.5594
vn -0.4459 -0.4340 -0.7828
vn -0.5903 0.1449 -0.7941
vn 0.6202 -0.6066 0.4975
vn 0.7846 -0.5682 0.2482
vn 0.0406 -0.1662 0.9853
vn -0.2220 0.9732 0.0596
vn -0.2334 0.4986 -0.8348
vn -0.2082 0.6235 -0.7536
vn -0.3603 0.1155 -0.9256
vn -0.1879 -0.4809 -0.8564
vn -0.3473 -0.6144 0.7085
vn -0.0380 -0.9733 -0.2265
vn 0.0280 0.9108 0.4119
vn 0.1682 0.6043 -0.7788
vn -0.0108 0.9994 0.0335
vn 0.2204 0.8929 -0.3926
vn 0.1580 0.9358 -0.3151
vn 0.1796 -0.3882 -0.9039
vn 0.1285 0.0881 -0.9878
vn -0.0429 -0.7462 -0.6644
vn 0.0993 -0.2539 -0.9621
vn 0.1536 0.1922 -0.9693
vn 0.1393 0.6933 -0.7071
vn -0.5812 0.2347 -0.7792
vn 0.3549 -0.1744 0.9185
vn -0.5431 -0.8171 -0.1931
vn -0.9799 0.1993 0.0061
vn -0.7867 -0.4989 -0.3637
vn -0.8603 -0.4657 -0.2073
vn -0.9452 0.3211 -0.0594
vn -0.5858 -0.7096 -0.3915
vn -0.8289 -0.3816 -0.4090
vn 0.6836 -0.7018 -0.2004
vn 0.5987 0.7720 0.2133
vn -0.0782 -0.9433 -0.3225
vn 0.1279 -0.9329 -0.3365
vn -0.5471 -0.6456 -0.5329
vn -0.8894 0.0270 -0.4563
vn 0.3941 0.8658 0.3083
vn -0.0103 0.9084 0.4179
vn -0.7381 0.0660 -0.6715
vn -0.5854 0.8104 0.0221
vn -0.7620 -0.1347 -0.6335
vn -0.4616 -0.0854 -0.8830
vn -0.0782 -0.8428 0.5325
vn 0.0143 -0.9904 0.1375
vn 0.2046 -0.6656 -0.7177
vn 0.9969 0.0769 -0.0169
vn -0.9930 -0.1144 0.0296
vn 0.9974 0.0621 -0.0375
vn 0.8110 -0.5646 0.1533
vn 0.3018 0.1896 0.9344
vn 0.2761 -0.3269 0.9038
vn 0.6764 -0.5535 0.4858
vn 0.3682 -0.8940 0.2552
vn -0.0850 0.4324 0.8977
vn -0.0820 0.0444 0.9956
vn 0.1357 0.1508 0.9792
vn 0.1350 0.1485 0.9797
vn -0.1391 0.7453 0.6520
vn -0.2545 0.3217 0.9120
vn -0.2787 0.6184 0.7348
vn -0.4789 -0.5351 0.6960
vn 0.0214 0.9612 -0.2749
vn -0.0761 -0.9698 0.2319
vn -0.3343 0.9339 0.1269
vn -0.6652 -0.6808 0.3066
vn -0.0677 -0.9939 -0.0868
vn -0.0563 -0.9942 -0.0918
vn 0.3466 -0.8748 -0.3386
vn 0.1433 -0.6200 0.7714
vn 0.3332 -0.8899 0.3115
vn 0.3585 -0.8521 0.3813
vn -0.0920 0.0459 0.9947
vn -0.2281 0.6069 0.7614
vn 0.2630 -0.8859 -0.3820
vn 0.2681 -0.6807 -0.6818
vn -0.0603 -0.3254 -0.9436
vn -0.1276 -0.0568 -0.9902
vn -0.2321 0.0800 -0.9694
vn -0.1686 0.4194 -0.8920
vn -0.3271 0.6800 -0.6562
vn -0.0333 0.1844 -0.9823
vn -0.2388 0.4884 -0.8393
vn 0.1446 -0.3000 -0.9429
vn 0.3555 -0.8558 -0.3757
vn -0.4529 0.7306 -0.5110
vn 0.0049 -0.1485 -0.9889
vn -0.4601 0.4324 -0.7754
vn -0.3598 0.3408 -0.8686
vn 0.0713 -0.9959 0.0550
vn -0.4107 0.9117 0.0093
vn 0.0385 -0.9993 -0.0011
vn -0.0109 -0.9982 0.0582
vn -0.9190 -0.0841 -0.3852
vn -0.4255 -0.3695 -0.8261
vn -0.5312 -0.3934 -0.7503
vn 0.3392 -0.9296 -0.1441
vn -0.3118 -0.3450 0.8853
vn -0.3036 0.7806 0.5464
vn -0.6133 0.7898 0.0034
vn -0.7636 -0.0569 0.6432
vn -0.8773 0.1794 0.4451
vn -0.5598 0.6385 -0.5282
vn -0.9105 0.4132 0.0152
vn -0.6080 0.6601 -0.4410
vn -0.2691 -0.4441 0.8546
vn -0.1153 -0.6212 0.7751
vn -0.1695 -0.5407 0.8239
vn 0.1333 0.5101 -0.8497
vn 0.1185 -0.8662 -0.4855
vn -0.9109 0.0014 0.4127
vn -0.9567 0.2885 -0.0396
vn -0.0930 -0.8696 -0.4850
vn 0.0524 -0.8564 -0.5136
vn 0.2963 0.8442 0.4467
vn 0.5499 0.7838 0.2886
vn 0.6736 0.6984 0.2421
vn -0.6893 0.4739 -0.5480
vn -0.1525 -0.8040 -0.5748
vn 0.3550 -0.6419 -0.6796
vn 0.9416 0.3319 -0.0578
vn 0.3849 -0.6887 -0.6144
vn -0.7762 -0.1497 0.6125
vn -0.8718 -0.0418 0.4881
vn -0.2211 -0.3798 0.8983
vn -0.2765 -0.4166 0.8660
vn -0.2771 -0.4166 0.8658
vn -0.6437 -0.3850 0.6613
vn -0.9376 0.3244 -0.1253
vn -0.9177 0.3665 -0.1533
vn 0.0522 0.5966 -0.8008
vn -0.2228 0.6442 -0.7317
vn -0.2453 0.5118 -0.8234
vn -0.3675 0.5411 -0.7564
vn -0.2802 -0.9568 -0.0779
vn 0.2386 0.3375 -0.9106
vn -0.0447 -0.6213 -0.7823
vn 0.0321 -0.1631 -0.9861
vn 0.1296 0.0762 -0.9886
vn -0.0541 -0.6280 -0.7763
vn -0.1661 0.6542 -0.7378
vn 0.2168 0.0261 -0.9759
vn 0.2639 0.1255 -0.9563
vn 0.1624 0.5680 -0.8068
vn 0.0688 0.5695 -0.8191
vn -0.0258 -0.3329 0.9426
vn -0.4051 -0.2808 0.8701
vn 0.0996 0.5243 0.8457
vn 0.6289 0.6672 0.3992
vn -0.2884 -0.5826 0.7599
vn -0.4236 -0.7787 0.4628
vn -0.5131 -0.4998 0.6978
vn 0.3482 0.4842 -0.8027
vn 0.9254 0.3569 0.1276
vn 0.7360 0.5461 -0.4001
vn 0.5627 0.4410 -0.6992
vn 0.3070 0.5809 -0.7539
vn -0.8165 -0.4136 0.4028
vn -0.8623 -0.3265 0.3870
vn 0.8031 0.4428 -0.3987
vn -0.8452 0.2162 0.4887
vn -0.3319 0.7804 0.5299
vn 0.8796 0.4683 0.0840
vn -0.2573 -0.6263 -0.7359
vn -0.4723 -0.7719 0.4257
vn 0.6612 -0.3980 -0.6359
vn 0.4461 -0.7328 -0.5138
vn 0.8636 -0.0046 -0.5042
vn 0.8140 0.0486 -0.5788
vn 0.7543 0.2980 -0.5850
vn 0.6712 0.5090 -0.5389
vn 0.6264 0.6265 -0.4639
vn -0.0356 -0.3487 0.9366
vn 0.4430 -0.3509 0.8250
vn 0.6852 -0.4060 0.6047
vn 0.5777 -0.2185 0.7865
vn 0.6713 -0.1515 0.7255
vn 0.7710 0.3091 0.5568
vn 0.9991 0.0179 0.0396
vn 0.9433 -0.2096 0.2572
vn 0.9889 -0.1461 0.0253
vn 0.9067 0.1199 -0.4044
vn 0.5173 0.3880 -0.7628
vn 0.0004 0.5010 -0.8655
vn 0.5261 0.3822 -0.7597
vn 0.2987 0.3560 -0.8855
vn 0.3026 0.3336 -0.8928
vn 0.4935 0.2661 -0.8280
vn 0.4666 0.2856 -0.8371
vn -0.5978 0.2369 -0.7658
vn -0.3818 0.9242 -0.0020
vn 0.9021 0.1179 -0.4151
vn 0.9077 0.1180 -0.4027
vn 0.3486 0.4770 -0.8068
vn 0.3635 0.1165 -0.9243
vn 0.4340 -0.3845 -0.8147
vn 0.4644 0.5275 -0.7114
vn 0.3853 0.2160 -0.8972
vn 0.2740 0.5636 -0.7793
vn 0.5552 -0.2600 -0.7900
vn 0.6087 0.3264 -0.7232
vn -0.6399 0.7266 -0.2502
vn 0.3269 -0.6832 -0.6530
vn -0.7057 0.1416 0.6942
vn -0.9496 -0.3081 -0.0577
vn -0.7206 -0.4678 -0.5118
vn -0.4499 0.0519 0.8915
vn -0.1467 0.7646 0.6276
vn 0.2124 0.6837 0.6982
vn 0.2649 0.8257 0.4981
vn -0.9193 -0.0249 -0.3928
vn -0.8957 0.4083 -0.1761
vn 0.2566 0.5027 0.8255
vn 0.3703 0.5380 0.7572
vn 0.4166 0.5042 0.7565
vn -0.1984 -0.6384 -0.7437
vn -0.1955 0.6411 0.7422
vn -0.0069 0.3185 0.9479
vn 0.4217 -0.0943 0.9018
vn 0.2239 0.1977 0.9544
vn -0.3530 0.0872 0.9315
vn -0.9301 -0.0114 0.3671
vn -0.4341 0.1333 0.8910
vn -0.6931 -0.2262 0.6845
vn 0.3816 -0.0813 0.9208
vn 0.1848 -0.0160 0.9826
vn 0.0568 0.0733 0.9957
vn -0.0736 -0.5497 0.8321
vn -0.0404 -0.1780 0.9832
vn -0.9109 -0.1752 -0.3736
vn -0.6217 -0.2708 -0.7350
vn -0.5395 -0.1428 -0.8298
vn -0.5322 -0.3632 -0.7648
vn -0.1994 -0.2409 -0.9498
vn -0.2944 -0.0943 -0.9510
vn -0.2992 -0.1485 -0.9426
vn -0.4563 -0.3496 -0.8183
vn -0.8515 -0.0260 -0.5237
vn -0.9907 0.1346 0.0204
vn -0.4300 0.0711 -0.9000
vn -0.4169 0.0803 -0.9054
vn 0.0064 -0.0038 -1.0000
vn -0.0151 0.1098 -0.9938
vn 0.2896 -0.0361 -0.9565
vn -0.2265 -0.0614 -0.9721
vn -0.0651 0.0810 -0.9946
vn -0.9368 -0.3002 -0.1797
vn 0.0519 -0.9978 -0.0401
vn -0.8530 0.4762 -0.2136
vn -0.9827 -0.1610 0.0919
vn 0.9799 0.1508 -0.1306
vn -0.1679 -0.9240 0.3436
vn -0.8943 -0.4295 0.1255
vn -0.9935 -0.0424 -0.1055
vn -0.9744 0.0955 -0.2034
vn -0.9746 0.1163 -0.1915
vn -0.9938 -0.0543 -0.0966
vn -0.7960 0.4640 -0.3887
vn -0.9468 -0.1458 0.2869
vn 0.9583 0.1920 -0.2115
vn -0.7474 -0.4925 0.4459
vn 0.9618 0.2221 -0.1598
vn -0.8425 -0.4131 0.3458
vn -0.7185 0.5263 -0.4547
vn -0.9936 0.0009 -0.1131
vn 0.9746 -0.1037 0.1987
vn 0.6223 -0.7705 0.1384
vn 0.3509 -0.6640 0.6603
vn 0.2439 -0.9488 0.2006
vn -0.3771 0.8543 -0.3576
vn 0.9002 -0.3453 0.2655
vn 0.3714 0.9254 -0.0753
vn 0.1109 -0.9460 0.3046
vn 0.3744 -0.6218 0.6879
vn -0.5705 0.5137 -0.6408
vn -0.1434 0.3787 -0.9143
vn -0.0860 0.5219 -0.8487
vn 0.1532 0.5269 -0.8360
vn 0.1668 0.6487 -0.7426
vn -0.0161 -0.9253 -0.3788
vn 0.8161 -0.5602 0.1417
vn 0.1005 0.9153 0.3900
vn -0.0812 -0.9127 -0.4004
vn 0.9679 0.2385 -0.0795
vn 0.9660 0.2548 0.0429
vn 0.6865 0.6066 0.4009
vn -0.2952 -0.8219 -0.4872
vn -0.7341 -0.4517 -0.5071
vn -0.8845 0.4362 -0.1652
vn 0.9066 0.1320 0.4008
vn 0.9523 0.2559 0.1661
vn -0.3113 -0.7333 -0.6045
vn -0.6989 -0.4456 -0.5595
vn -0.6177 0.3840 -0.6863
vn -0.3036 0.4454 -0.8423
vn -0.2326 0.4225 -0.8760
vn 0.2262 0.8631 0.4516
vn 0.4145 0.7676 0.4889
vn 0.3766 -0.9132 -0.1554
vn 0.2703 -0.8947 0.3557
vn 0.2250 -0.5381 0.8123
vn 0.0636 0.5206 0.8514
vn 0.0282 0.5378 0.8426
vn 0.2636 -0.0945 0.9600
vn 0.8961 -0.0894 0.4347
vn 0.3697 -0.7076 0.6022
vn 0.0628 -0.8145 -0.5768
vn 0.2414 -0.6536 -0.7173
vn 0.2973 -0.9514 -0.0799
vn 0.1191 -0.7924 -0.5982
vn 0.2864 -0.6286 -0.7231
vn 0.2238 -0.8038 -0.5512
vn -0.8220 -0.1177 -0.5572
vn -0.9261 0.3564 -0.1237
vn -0.4823 0.8417 0.2427
vn 0.4063 -0.0276 0.9133
vn 0.8095 -0.0707 0.5828
vn -0.0391 0.0067 0.9992
vn 0.9357 -0.0098 0.3527
vn -0.9738 -0.0299 -0.2254
vn 0.9958 0.0856 0.0338
vn 0.9822 0.1410 0.1242
vn 0.5523 -0.5338 0.6403
vn 0.0100 0.8347 0.5507
vn -0.2616 0.6246 0.7358
vn -0.3814 0.5019 0.7763
vn -0.4546 0.3825 0.8044
vn 0.0388 -0.4719 -0.8808
vn 0.6876 -0.2950 -0.6635
vn 0.9103 0.0083 -0.4138
vn 0.4326 -0.1110 -0.8947
vn 0.3822 -0.1112 -0.9174
vn 0.8658 0.1523 -0.4767
vn 0.9022 0.0399 0.4295
vn 0.9114 0.0542 -0.4080
vn -0.3372 -0.4402 -0.8322
vn -0.8302 -0.1143 -0.5457
vn -0.5163 -0.1450 -0.8440
vn -0.7714 0.0612 -0.6334
vn 0.8334 0.0499 -0.5504
vn -0.8645 0.2548 -0.4332
vn -0.8866 0.2933 -0.3576
vn 0.0664 -0.5272 -0.8472
vn -0.9028 0.4292 0.0260
vn -0.8005 0.5015 0.3282
vn -0.6213 0.1819 -0.7622
vn 0.2195 -0.2526 -0.9423
vn 0.0279 0.4291 -0.9028
vn 0.0948 0.4771 -0.8737
vn 0.1058 0.5184 -0.8486
vn 0.5399 0.3987 -0.7413
vn -0.4666 -0.7370 0.4890
vn -0.4736 -0.7681 0.4309
vn -0.2804 -0.9576 0.0666
vn -0.6205 0.0145 0.7841
vn -0.6060 -0.7629 0.2250
vn 0.0108 -0.6683 -0.7439
vn -0.3178 -0.8493 -0.4214
vn -0.1570 -0.7694 -0.6192
vn -0.2302 0.2506 0.9403
vn 0.3796 -0.4994 -0.7788
vn 0.3975 -0.4002 -0.8258
vn -0.1584 -0.7578 -0.6330
vn 0.0336 -0.5210 -0.8529
vn -0.4065 -0.7998 -0.4417
vn -0.2179 0.4501 0.8660
vn 0.1934 -0.4796 -0.8559
vn 0.4096 -0.4055 -0.8172
vn -0.2853 0.3830 0.8786
vn 0.3130 -0.3542 -0.8812
vn 0.0852 0.4882 0.8686
vn 0.8592 0.2831 0.4261
vn 0.9597 0.1647 -0.2276
vn 0.4489 -0.3508 -0.8219
vn 0.9946 -0.1039 -0.0025
vn 0.5017 -0.2216 -0.8362
vn 0.9773 0.2114 0.0155
vn 0.9759 0.1853 0.1149
vn -0.9712 -0.1681 -0.1690
vn 0.7693 0.6381 -0.0307
vn 0.9665 -0.0722 0.2462
vn 0.5069 -0.6398 0.5776
vn 0.9506 0.2932 0.1022
vn 0.5679 -0.5992 0.5644
vn 0.9250 0.0125 0.3799
vn 0.8093 -0.2213 0.5441
vn 0.7172 0.6549 -0.2383
vn -0.6094 0.4551 0.6492
vn 0.0646 -0.0991 -0.9930
vn -0.3812 0.3104 -0.8709
vn -0.6742 0.5664 -0.4741
vn -0.6771 0.6901 -0.2557
vn 0.0717 0.4903 0.8686
vn -0.1075 0.5071 0.8552
vn 0.1547 0.1010 0.9828
vn 0.4900 0.2222 0.8430
vn -0.3662 0.0811 -0.9270
vn 0.2413 -0.3256 0.9142
vn 0.1670 -0.1062 0.9802
vn 0.0988 0.3277 -0.9396
vn 0.0545 -0.4838 0.8735
vn 0.2831 0.0433 0.9581
vn 0.1661 -0.6603 0.7324
vn -0.2104 -0.1668 0.9633
vn -0.5491 0.8354 0.0247
vn -0.1603 0.9854 0.0572
vn -0.2547 0.9667 0.0249
vn -0.1632 0.9852 0.0529
vn -0.8696 -0.4131 -0.2706
vn -0.9579 0.0381 -0.2845
vn -0.8199 -0.5716 -0.0335
vn -0.1667 0.9452 -0.2806
vn 0.2346 -0.9717 0.0264
vn 0.2839 -0.9439 0.1687
vn 0.8817 -0.4561 0.1209
vn 0.9567 -0.0118 0.2910
vn 0.6955 -0.6606 0.2829
vn 0.5081 -0.8472 0.1555
vn 0.8575 0.4778 0.1906
vn -0.0016 0.9944 -0.1053
vn 0.6175 0.7569 0.2141
vn 0.0585 -0.9944 0.0876
vn -0.1246 -0.9437 0.3064
vn 0.2070 0.9071 -0.3665
vn -0.3608 0.6197 0.6970
vn -0.5948 0.3493 -0.7240
vn 0.3229 -0.5575 -0.7648
vn -0.7522 0.6343 0.1784
vn -0.6119 0.4557 -0.6464
vn -0.4910 -0.7053 0.5114
vn -0.6576 0.0370 0.7525
vn -0.6584 -0.2831 0.6975
vn -0.8725 0.3843 -0.3017
vn 0.0861 -0.2913 -0.9527
vn 0.1374 -0.2725 -0.9523
vn -0.2554 0.2273 -0.9397
vn 0.6254 -0.2611 0.7354
vn 0.0598 -0.0210 0.9980
vn 0.7342 -0.6256 -0.2638
vn -0.3556 0.3633 0.8612
vn 0.4886 -0.1133 -0.8651
vn -0.4071 0.1411 0.9024
vn 0.7048 -0.2063 -0.6788
vn 0.3142 -0.1966 -0.9288
vn 0.4213 -0.2308 -0.8771
vn 0.1423 0.2645 -0.9538
vn 0.0762 0.2228 -0.9719
vn 0.4064 -0.5382 -0.7383
vn 0.4099 -0.4522 -0.7922
vn -0.8671 0.3100 -0.3899
vn 0.1497 -0.2763 -0.9493
vn -0.9374 -0.1606 0.3089
vn -0.8147 0.4065 -0.4135
vn -0.2718 0.8537 -0.4441
vn -0.9045 0.3465 -0.2486
vn 0.1681 0.8645 -0.4737
vn -0.1571 0.8446 -0.5119
vn 0.3211 0.5051 -0.8011
vn 0.1511 0.4663 -0.8716
vn -0.5694 0.7284 0.3810
vn -0.8990 0.2107 -0.3839
vn -0.4447 -0.6891 0.5723
vn -0.6227 -0.7011 0.3474
vn -0.6362 -0.6249 0.4524
vn -0.6453 -0.6214 0.4443
vn 0.1864 -0.8963 -0.4024
vn 0.2797 0.9590 -0.0456
vn 0.0369 -0.9941 -0.1017
vn -0.1022 -0.9940 -0.0398
vn 0.5990 -0.5931 -0.5380
vn -0.0464 -0.9982 -0.0377
vn 0.3847 -0.6604 -0.6449
vn 0.3006 0.1975 -0.9331
vn -0.0721 -0.7624 0.6431
vn 0.0212 -0.9096 0.4150
vn 0.2033 -0.6959 -0.6888
vn 0.2273 -0.9734 -0.0273
vn 0.1061 -0.9321 0.3464
vn -0.4846 -0.0039 0.8747
vn -0.2128 0.0549 0.9755
vn -0.1613 0.3510 0.9224
vn -0.3984 0.6140 0.6814
vn -0.2245 0.5925 0.7737
vn -0.0904 0.9257 0.3674
vn -0.7357 0.0470 0.6756
vn -0.6014 0.4313 0.6725
vn -0.6600 -0.3793 0.6485
vn -0.2811 0.9419 -0.1836
vn -0.0085 0.9998 0.0173
vn -0.7267 0.4140 -0.5483
vn -0.1183 0.9703 0.2112
vn 0.1338 0.9883 -0.0736
vn -0.0257 -0.9687 -0.2467
vn 0.6282 0.7097 -0.3188
vn 0.3569 0.8950 -0.2675
vn 0.4856 0.7344 -0.4742
vn 0.2575 -0.8562 -0.4479
vn 0.0447 0.9986 -0.0272
vn 0.7386 0.5106 -0.4401
vn 0.7801 0.4252 -0.4590
vn 0.7048 0.5005 -0.5028
vn 0.4834 -0.2039 0.8513
vn 0.5851 0.7747 -0.2399
vn 0.1910 0.9815 -0.0143
vn 0.6529 0.3475 -0.6730
vn 0.4103 0.5208 -0.7486
vn 0.3888 0.5307 -0.7531
vn 0.2772 0.9143 -0.2952
vn 0.1836 0.7487 -0.6369
vn -0.5851 -0.6380 0.5005
vn -0.9732 -0.0490 0.2246
vn -0.8503 -0.3254 0.4137
vn -0.4956 -0.5292 0.6887
vn 0.4092 0.1438 0.9010
vn 0.4758 0.2227 0.8509
vn 0.5298 0.1840 0.8279
vn 0.0137 0.8260 0.5635
vn -0.6104 -0.7921 -0.0011
vn 0.3364 0.4507 0.8269
vn -0.9806 0.0597 0.1868
vn -0.8019 -0.0431 0.5960
vn -0.5600 -0.1647 0.8120
vn -0.5162 -0.1085 0.8496
vn -0.8911 -0.1817 0.4158
vn -0.5436 0.0091 0.8393
vn -0.9260 0.3673 0.0873
vn -0.4278 0.8086 -0.4040
vn -0.3529 0.2773 -0.8936
vn -0.0991 0.5297 -0.8424
vn -0.7916 -0.6084 0.0571
vn -0.2300 -0.6846 -0.6917
vn 0.0980 -0.5108 -0.8541
vn 0.0641 -0.3490 -0.9349
vn 0.3389 -0.1381 -0.9306
vn 0.0384 -0.2840 0.9581
vn -0.1045 0.8905 0.4428
vn 0.0826 -0.1760 0.9809
vn 0.2653 -0.6749 0.6885
vn -0.3684 0.7478 0.5523
vn -0.3297 0.7127 0.6192
vn -0.1903 0.3637 0.9119
vn 0.6099 -0.7615 0.2194
vn -0.4300 0.9027 0.0159
vn 0.0116 0.3422 0.9396
vn 0.2161 -0.6969 0.6838
vn -0.5803 -0.0957 0.8088
vn -0.2148 -0.3677 0.9048
vn -0.5719 0.2179 0.7909
vn -0.4913 0.3202 0.8100
vn 0.0488 -0.5676 0.8218
vn -0.3164 -0.1471 0.9372
vn -0.0593 -0.1629 0.9849
vn -0.1045 -0.1963 0.9749
vn -0.4916 0.3200 0.8099
vn -0.4589 0.3831 0.8016
vn -0.1618 0.6062 -0.7787
vn 0.1266 0.3959 -0.9095
vn 0.1813 0.1172 -0.9764
vn -0.6872 -0.3318 0.6463
vn -0.5840 -0.4675 0.6637
vn -0.1390 0.6764 -0.7233
vn -0.3489 0.7190 -0.6011
vn 0.8543 0.3406 -0.3926
vn 0.9332 -0.3483 -0.0885
vn 0.8937 -0.4465 -0.0442
vn 0.9539 0.0702 -0.2919
vn 0.0047 0.1070 -0.9942
vn -0.1978 0.5022 -0.8419
vn -0.3887 0.9120 -0.1309
vn 0.0109 0.1690 -0.9856
vn -0.2404 0.5151 -0.8227
vn 0.7300 0.0425 -0.6822
vn 0.7003 -0.0696 -0.7105
vn 0.6203 -0.1694 -0.7659
vn 0.6038 -0.2274 -0.7641
vn 0.8148 0.2397 -0.5279
vn 0.8153 0.2705 -0.5120
vn 0.5913 0.0375 -0.8056
vn 0.5899 -0.2340 -0.7728
vn 0.5083 -0.3364 -0.7928
vn 0.1217 -0.0826 -0.9891
vn 0.4230 0.5995 -0.6794
vn -0.1221 0.9800 -0.1573
vn 0.2655 -0.5151 0.8150
vn 0.0835 -0.0714 0.9939
vn 0.4029 -0.6310 0.6629
vn 0.3906 -0.0643 0.9183
vn 0.4252 -0.1570 0.8914
vn 0.0677 -0.0445 0.9967
vn 0.1168 0.1621 0.9798
vn -0.2020 0.9445 0.2590
vn -0.1724 0.8835 0.4356
vn 0.0026 0.7141 0.7000
vn 0.6875 -0.5830 -0.4330
vn 0.6330 -0.5909 0.5002
vn 0.5741 -0.4259 -0.6992
vn 0.7580 -0.5782 -0.3019
vn 0.6040 -0.4630 0.6487
vn 0.8297 -0.3561 -0.4299
vn 0.8609 -0.4468 -0.2435
vn 0.6748 -0.4516 0.5837
vn -0.2657 0.1758 0.9479
vn 0.3975 -0.6579 -0.6397
vn 0.0134 -0.1826 -0.9831
vn 0.1287 -0.7838 -0.6076
vn -0.0775 -0.1328 -0.9881
vn -0.3143 -0.0822 -0.9458
vn 0.2645 -0.9627 0.0568
vn -0.5693 -0.4673 -0.6764
vn -0.5693 -0.3531 -0.7425
vn 0.0615 -0.5305 -0.8455
vn -0.3426 0.1002 -0.9341
vn -0.3943 0.7982 -0.4553
vn -0.0376 0.9930 0.1116
vn -0.6454 -0.2154 -0.7328
vn -0.5651 -0.0661 -0.8224
vn -0.6112 0.2538 -0.7497
vn -0.2903 0.9459 -0.1450
vn -0.7826 0.0275 -0.6220
vn 0.4202 -0.8828 0.2098
vn 0.2506 -0.9662 0.0602
vn 0.0329 -0.9625 -0.2694
vn -0.7374 -0.4927 -0.4621
vn 0.8322 -0.4155 0.3672
vn 0.5489 -0.6749 0.4932
vn 0.5712 0.3820 0.7265
vn 0.1545 0.9484 0.2770
vn 0.8153 0.0395 0.5776
vn 0.8693 -0.0391 0.4927
vn 0.9081 -0.0476 0.4161
vn -0.7082 -0.6469 -0.2826
vn -0.8951 -0.3858 -0.2234
vn 0.1983 -0.9607 0.1943
vn 0.6624 -0.7005 0.2658
vn 0.2423 -0.9466 0.2127
vn 0.7795 -0.5969 0.1902
vn -0.3893 -0.8812 0.2683
vn -0.7064 -0.7055 0.0575
vn -0.8140 0.3484 -0.4648
vn -0.4697 0.8225 -0.3206
vn -0.6139 0.7333 -0.2923
vn -0.7688 -0.0111 -0.6394
vn 0.5881 0.7721 0.2407
vn 0.2430 0.9214 0.3034
vn 0.0138 0.9994 -0.0333
vn 0.9383 -0.2475 0.2417
vn 0.9139 0.3674 0.1729
vn 0.4600 0.8832 -0.0910
vn 0.9271 0.3679 0.0713
vn 0.4290 -0.8852 0.1800
vn -0.7962 -0.5962 -0.1027
vn -0.5335 -0.4085 0.7406
vn -0.8039 -0.5322 0.2655
vn -0.0763 -0.5396 0.8385
vn 0.2436 -0.5190 0.8193
vn 0.3512 -0.4472 0.8226
vn 0.1381 -0.0505 0.9891
vn -0.0696 -0.3082 0.9488
vn 0.1258 -0.1316 0.9833
vn 0.5250 -0.1502 0.8377
vn -0.7110 -0.5842 0.3914
vn -0.3394 0.2053 0.9180
vn -0.1179 0.4793 0.8697
vn 0.1927 0.7855 0.5881
vn 0.1846 0.7720 0.6082
vn -0.4324 0.2094 0.8771
vn -0.1281 0.6438 0.7544
vn 0.0263 0.8891 0.4569
vn 0.3133 0.9135 0.2594
vn -0.9826 -0.1688 -0.0773
vn -0.8750 -0.4809 0.0559
vn -0.8214 -0.5461 0.1645
vn -0.5348 -0.7505 0.3883
vn 0.3119 0.9084 0.2784
vn 0.5838 -0.7427 0.3279
vn 0.6444 -0.5965 0.4786
vn -0.8752 -0.4802 -0.0588
vn -0.4678 -0.4020 -0.7871
vn 0.4185 0.8628 0.2837
vn 0.7287 -0.5142 0.4524
vn 0.8557 0.0293 0.5167
vn 0.1843 -0.9767 -0.1102
vn 0.5321 -0.8183 0.2175
vn -0.0207 -0.9979 -0.0618
vn 0.4338 0.8610 0.2654
vn -0.2988 0.9371 -0.1804
vn 0.8552 0.0170 0.5181
vn -0.9068 -0.3709 -0.2005
vn 0.1303 -0.6815 0.7201
vn -0.5876 0.0444 -0.8079
vn -0.2121 0.3331 -0.9187
vn -0.7798 0.3365 -0.5280
vn 0.6446 -0.6263 0.4384
vn -0.7360 0.4070 -0.5410
vn 0.7220 0.5369 0.4364
vn 0.7974 -0.2538 0.5475
vn -0.8744 0.0312 -0.4843
vn -0.3869 0.6952 0.6058
vn 0.0113 0.7367 0.6762
vn -0.3606 0.5968 0.7168
vn 0.2792 0.9110 0.3035
vn 0.5845 0.7362 -0.3411
vn -0.3997 0.2814 0.8724
vn -0.4094 0.2406 0.8801
vn 0.4379 -0.6425 0.6289
vn 0.6440 0.5056 -0.5742
vn 0.5279 0.0662 -0.8468
vn 0.5854 0.7440 -0.3221
vn 0.6776 0.6410 -0.3605
vn 0.3870 -0.7181 0.5783
vn 0.7568 -0.4535 0.4706
vn 0.1153 -0.8345 0.5389
vn 0.0476 -0.8460 0.5311
vn 0.6203 -0.6407 0.4525
vn 0.6173 -0.6222 0.4814
vn -0.0366 0.9163 0.3987
vn 0.4251 0.8360 -0.3469
vn 0.4151 0.7832 -0.4630
vn 0.4749 -0.0781 -0.8766
vn 0.2930 0.5562 -0.7777
vn 0.0385 0.8100 -0.5852
vn 0.6861 -0.4300 0.5869
vn 0.8401 -0.1752 0.5133
vn 0.8664 -0.1458 0.4776
vn 0.7806 -0.0384 0.6239
vn 0.9340 0.3033 0.1887
vn 0.4805 0.5667 -0.6693
vn 0.8977 0.4389 0.0385
vn 0.9451 0.2477 0.2130
vn -0.7910 0.3945 -0.4676
vn -0.6129 0.5422 -0.5748
vn 0.0124 0.8063 -0.5913
vn 0.9116 -0.1663 0.3759
vn 0.9600 0.2716 0.0675
vn 0.9613 0.2655 0.0732
vn -0.2772 0.6075 -0.7444
vn 0.6185 0.7280 -0.2959
vn 0.7701 -0.1553 0.6187
vn -0.4853 -0.2455 0.8392
vn -0.0201 -0.0895 0.9958
vn -0.1096 0.0587 0.9922
vn 0.3017 0.4659 0.8318
vn 0.2553 0.3586 0.8979
vn 0.4870 0.6615 0.5704
vn 0.5422 0.8361 0.0840
vn 0.2334 0.1424 0.9619
vn 0.7095 0.1938 0.6776
vn 0.7146 0.2527 0.6523
vn 0.6503 0.3121 0.6926
vn 0.7119 0.5141 0.4785
vn 0.3667 0.1501 0.9182
vn 0.6264 0.7506 0.2103
vn -0.1079 -0.0850 -0.9905
vn -0.1293 -0.0483 -0.9904
vn 0.0698 0.2309 -0.9705
vn -0.0992 -0.1906 -0.9767
vn 0.0627 0.1943 -0.9789
vn 0.3908 0.6381 -0.6635
vn 0.5665 0.8229 -0.0439
vn 0.3970 0.6795 -0.6170
vn 0.8131 0.5732 -0.1020
vn 0.4474 0.4430 -0.7769
vn 0.6908 0.6939 -0.2031
vn 0.6780 0.7350 -0.0107
vn 0.4623 0.5943 -0.6581
vn 0.8125 0.5743 -0.1002
vn 0.3435 -0.4372 0.8312
vn 0.6106 -0.7028 0.3651
vn -0.5512 0.2782 0.7866
vn 0.7046 -0.1837 -0.6854
vn -0.7389 0.5051 0.4459
vn -0.7211 0.6563 -0.2221
vn -0.2756 0.4246 0.8624
vn -0.5501 0.4922 -0.6747
vn -0.6149 0.6417 -0.4584
vn -0.6555 0.6755 -0.3376
vn -0.4784 0.2710 -0.8352
vn 0.5602 -0.3943 0.7285
vn 0.3864 0.0719 0.9195
vn 0.5210 -0.6078 -0.5993
vn -0.1291 -0.6420 -0.7558
vn -0.3198 -0.5832 -0.7468
vn 0.6805 -0.5455 0.4892
vn 0.4146 -0.8982 -0.1463
vn 0.0403 0.4939 0.8686
vn 0.0121 -0.4499 -0.8930
vn 0.4923 0.5346 0.6870
vn 0.4186 0.4701 0.7771
vn 0.4992 -0.3619 -0.7873
vn -0.3117 0.0314 0.9497
vn -0.3189 0.9478 0.0009
vn -0.2884 0.9416 0.1738
vn 0.0792 0.8436 0.5311
vn 0.2186 0.3090 -0.9256
vn 0.1271 0.3300 -0.9354
vn -0.0391 0.2151 -0.9758
vn 0.4548 -0.0952 -0.8855
vn -0.7310 -0.5930 -0.3376
vn -0.1850 -0.3787 -0.9068
vn -0.8162 -0.1467 -0.5588
vn -0.7507 -0.3997 -0.5260
vn -0.9369 -0.3047 -0.1713
vn -0.9544 -0.2292 0.1911
vn -0.9571 0.0665 -0.2822
vn -0.8324 0.5207 -0.1897
vn -0.9989 -0.0085 -0.0461
vn -0.3790 -0.8308 -0.4075
vn -0.6617 0.5800 -0.4751
vn 0.1005 0.9949 0.0071
vn -0.7906 0.4680 -0.3949
vn 0.0820 0.9939 -0.0741
vn -0.3201 0.8847 -0.3387
vn 0.4604 -0.8474 0.2645
vn 0.2596 -0.9041 0.3394
vn -0.3105 -0.9350 0.1713
vn 0.7950 -0.4721 0.3810
vn 0.6207 -0.7042 0.3448
vn 0.9700 -0.0936 0.2242
vn 0.9473 -0.1283 0.2936
vn 0.9566 0.2645 0.1227
vn -0.6264 -0.7546 0.1955
vn 0.7563 -0.6444 0.1126
vn 0.9952 0.0171 -0.0960
vn 0.9598 0.2797 0.0235
vn 0.9282 0.3711 -0.0276
vn 0.9972 0.0385 -0.0646
vn 0.2927 0.9425 -0.1614
vn 0.3417 0.9331 -0.1122
vn -0.1942 0.9486 -0.2500
vn 0.2513 -0.0958 -0.9631
vn -0.3479 -0.1031 -0.9319
vn -0.0595 -0.9966 -0.0565
vn 0.0811 -0.2991 0.9508
vn 0.4525 -0.6771 0.5803
vn 0.6600 -0.7313 -0.1719
vn -0.3122 0.2358 0.9203
vn 0.1391 -0.4853 0.8632
vn -0.2956 -0.2877 0.9110
vn 0.5585 -0.7018 0.4422
vn -0.3577 0.1464 0.9223
vn -0.6632 -0.2631 0.7007
vn -0.2800 -0.5594 0.7802
vn 0.7386 -0.6606 -0.1345
vn 0.7466 -0.3537 -0.5635
vn 0.8653 -0.4520 -0.2165
vn 0.8527 -0.3402 -0.3965
vn 0.3986 -0.4386 -0.8055
vn 0.2614 -0.2394 -0.9351
vn 0.5986 -0.4193 -0.6825
vn 0.6113 -0.3643 -0.7025
vn 0.4598 -0.1455 -0.8760
vn 0.6758 -0.0705 -0.7337
vn 0.8740 0.0894 -0.4776
vn -0.0445 -0.7023 -0.7105
vn 0.1699 -0.9230 -0.3452
vn 0.4255 -0.9041 -0.0385
vn -0.5404 0.5500 0.6367
vn -0.7432 0.1773 0.6451
vn -0.7018 -0.0865 0.7071
vn -0.8165 -0.2280 0.5303
vn -0.5233 -0.5926 0.6124
vn 0.2234 -0.8660 0.4473
vn 0.0325 -0.8531 0.5208
vn -0.9390 -0.0314 0.3426
vn -0.5743 0.7472 -0.3345
vn -0.7277 0.6797 -0.0922
vn -0.5602 0.8037 -0.2007
vn 0.0795 0.8599 -0.5043
vn 0.7423 0.0031 -0.6700
vn 0.8171 0.1533 -0.5557
vn 0.8174 -0.0457 -0.5743
vn 0.7602 0.1693 -0.6272
vn -0.1916 0.8662 -0.4616
vn 0.3396 0.5907 -0.7319
vn -0.9040 0.1467 0.4015
vn -0.5185 -0.1789 -0.8361
vn -0.5423 -0.3017 -0.7841
vn 0.0596 0.7996 0.5976
vn -0.5500 -0.0708 -0.8322
vn -0.5648 0.6324 -0.5302
vn 0.6286 -0.4937 0.6010
vn 0.6198 -0.1602 0.7682
vn 0.6124 0.0669 0.7877
vn 0.0635 -0.9530 -0.2964
vn 0.1028 0.8491 -0.5181
vn 0.0861 0.8501 -0.5196
vn 0.2914 0.3504 0.8901
vn 0.0341 0.4409 0.8969
vn -0.2961 -0.5504 -0.7806
vn -0.0839 -0.7997 -0.5945
vn -0.4556 -0.1516 -0.8772
vn -0.4906 0.1287 -0.8618
vn -0.4522 -0.0870 -0.8876
vn -0.5525 0.5800 -0.5986
vn -0.1884 0.3766 -0.9070
vn -0.5587 0.7688 -0.3112
vn 0.2025 0.4105 -0.8891
vn 0.4453 0.3414 -0.8277
vn 0.8803 -0.4716 -0.0520
vn 0.9292 -0.2528 -0.2697
vn 0.9267 -0.0721 -0.3689
vn 0.8659 0.2215 -0.4485
vn -0.3345 -0.3161 0.8878
vn 0.5073 -0.4484 0.7360
vn 0.5253 -0.1184 0.8427
vn 0.6068 -0.0017 0.7948
vn 0.1497 -0.9683 -0.2001
vn -0.2854 -0.7626 -0.5805
vn -0.2953 -0.9384 -0.1793
vn 0.0860 -0.9915 0.0980
vn -0.0328 -0.9988 0.0377
vn 0.4594 -0.1671 0.8724
vn 0.0811 -0.4292 0.8996
vn 0.2984 -0.2839 0.9113
vn 0.5609 0.2154 0.7994
vn 0.5643 0.2138 0.7974
vn -0.3693 -0.3384 0.8655
vn -0.9440 -0.3277 -0.0394
vn -0.8701 -0.2586 -0.4196
vn -0.8442 -0.2960 -0.4468
vn -0.5327 -0.3607 -0.7656
vn -0.7198 -0.5936 -0.3598
vn -0.5608 -0.2134 -0.8000
vn -0.3369 -0.1032 -0.9359
vn -0.2845 -0.9364 0.2056
vn -0.3859 0.9223 -0.0233
vn 0.5461 0.6549 -0.5223
vn 0.0886 -0.9937 0.0690
vn -0.7632 -0.4038 0.5045
vn -0.8492 -0.2746 0.4510
vn -0.6275 -0.6996 0.3417
vn -0.7931 0.4450 0.4159
vn -0.3985 -0.9160 -0.0462
vn -0.1860 0.4445 0.8762
vn -0.9394 0.3423 -0.0183
vn -0.5231 -0.7849 0.3320
vn -0.8846 0.4524 0.1131
vn -0.9547 0.2288 0.1901
vn 0.1522 -0.9525 0.2639
vn 0.6749 -0.7335 0.0805
vn 0.6827 -0.7272 0.0715
vn -0.9459 -0.1939 0.2600
vn -0.0843 0.9683 -0.2352
vn 0.6022 -0.7764 -0.1858
vn 0.8115 -0.5440 -0.2131
vn 0.6446 -0.6618 -0.3827
vn -0.6505 0.7588 0.0335
vn -0.3576 0.8840 0.3010
vn -0.1627 0.9837 -0.0761
vn 0.1585 0.9225 -0.3521
vn 0.0237 0.9977 -0.0638
vn 0.2030 0.9768 0.0676
vn 0.6603 0.6313 -0.4068
vn 0.0153 0.9974 -0.0699
vn -0.2165 0.9418 -0.2571
vn 0.4242 0.8918 0.1572
vn 0.2752 -0.7510 -0.6002
vn -0.7402 -0.6385 0.2106
vn 0.2011 0.9433 -0.2642
vn 0.6719 0.0538 0.7387
vn -0.7632 -0.5319 0.3669
vn -0.6582 -0.7524 0.0270
vn -0.6145 -0.1488 0.7748
vn -0.3501 -0.7383 -0.5765
vn -0.4454 -0.4483 -0.7750
vn -0.2948 -0.3876 -0.8734
vn -0.1489 -0.7472 -0.6477
vn 0.0377 -0.5736 -0.8182
vn 0.3044 0.3304 0.8934
vn 0.2634 0.5285 0.8071
vn -0.3707 -0.2565 -0.8926
vn 0.1918 -0.2541 -0.9480
vn 0.3580 -0.8398 -0.4081
vn 0.3626 -0.7412 -0.5649
vn 0.6790 -0.5627 -0.4715
vn 0.7069 0.0024 -0.7073
vn 0.6771 0.7181 0.1606
vn 0.7010 0.6246 -0.3444
vn 0.3104 0.9462 -0.0917
vn 0.7718 0.5209 -0.3647
vn 0.7676 0.4903 -0.4128
vn 0.4888 -0.0451 -0.8712
vn -0.1618 -0.4282 -0.8891
vn 0.6926 0.0051 0.7213
vn 0.8840 0.4589 0.0893
vn 0.8309 0.2353 0.5042
vn 0.9750 0.1887 0.1171
vn 0.7355 0.2925 -0.6111
vn 0.7238 0.2558 0.6409
vn 0.7026 0.2890 0.6502
vn 0.1865 0.1416 -0.9722
vn -0.0450 0.0734 -0.9963
vn 0.3464 0.2147 -0.9132
vn 0.9197 0.3323 -0.2090
vn -0.0985 0.1121 -0.9888
vn 0.9216 -0.3880 0.0122
vn 0.9830 -0.1817 -0.0245
vn 0.4879 0.8202 -0.2985
vn 0.9113 -0.3215 -0.2572
vn 0.5790 0.7507 -0.3182
vn 0.9248 0.0084 -0.3805
vn 0.9480 -0.3174 -0.0250
vn -0.4336 -0.8999 0.0462
vn 0.6304 0.1423 0.7631
vn 0.6361 0.1395 0.7589
vn 0.6557 0.2789 0.7016
vn 0.3338 -0.3126 -0.8893
vn 0.4704 -0.0928 -0.8775
vn 0.6001 0.7990 0.0368
vn 0.6759 0.3220 -0.6630
vn 0.6890 0.5181 -0.5068
vn 0.5590 -0.1814 -0.8091
vn 0.4898 -0.3169 -0.8122
vn -0.4575 0.8677 0.1945
vn -0.4284 0.8728 0.2338
vn -0.5893 -0.7024 0.3993
vn -0.5348 -0.7272 0.4303
vn -0.8698 0.2678 0.4144
vn 0.0969 0.4068 0.9084
vn -0.8669 0.2448 0.4343
vn -0.9999 -0.0040 -0.0101
vn 0.9954 0.0867 -0.0412
vn 0.9669 0.2338 0.1025
vn -0.8541 -0.4478 0.2648
vn -0.8485 -0.4318 -0.3059
vn -0.9947 0.0860 -0.0561
vn -0.3915 -0.4070 0.8253
vn 0.6779 0.6348 -0.3707
vn 0.6964 0.6614 -0.2785
vn -0.7895 -0.5181 0.3289
vn -0.8030 0.3449 -0.4860
vn -0.9881 0.0969 -0.1197
vn -0.7865 0.4999 -0.3627
vn -0.6243 0.5990 -0.5014
vn -0.8776 0.2215 -0.4251
vn -0.5414 0.5999 -0.5891
vn -0.9957 0.0695 0.0611
vn -0.8934 0.1860 -0.4091
vn -0.3277 0.5341 0.7793
vn -0.0009 -0.9998 0.0184
vn 0.0461 0.9655 0.2562
vn 0.3165 -0.9474 -0.0469
vn -0.0025 -0.9902 -0.1394
vn -0.7399 0.6671 0.0864
vn -0.1016 -0.9863 -0.1303
vn 0.0964 -0.9947 -0.0370
vn 0.0064 -0.9920 -0.1262
vn -0.7980 -0.3039 -0.5204
vn 0.8347 0.4242 -0.3513
vn 0.5965 0.7688 0.2304
vn -0.7779 0.2773 -0.5639
vn 0.0154 -0.9992 -0.0367
vn 0.7716 -0.0893 0.6298
vn -0.6345 -0.6584 -0.4049
vn -0.7151 0.5747 -0.3980
vn -0.6726 0.6193 -0.4051
vn 0.7924 0.4531 -0.4083
vn -0.7984 -0.1395 -0.5858
vn -0.7315 -0.1800 -0.6577
vn -0.7032 -0.0387 -0.7099
vn 0.7092 0.5813 0.3990
vn -0.3307 -0.9437 0.0042
vn 0.2509 0.9625 0.1034
vn -0.0163 0.9973 -0.0712
vn 0.8639 0.0076 0.5037
vn 0.7955 -0.1718 0.5811
vn 0.7512 -0.0593 0.6574
vn 0.3317 0.9326 0.1421
vn -0.5198 -0.7769 -0.3553
vn -0.5619 -0.6918 -0.4535
vn -0.2157 -0.9760 -0.0281
vn 0.0685 -0.9489 0.3080
vn -0.5125 0.5908 -0.6232
vn -0.2893 0.8840 -0.3672
vn -0.1916 0.9042 -0.3816
vn -0.3435 0.6426 -0.6849
vn -0.6991 0.4386 -0.5647
vn -0.4954 -0.6534 -0.5724
vn -0.4646 -0.0901 -0.8809
vn -0.3452 0.3988 -0.8496
vn -0.7359 0.3181 0.5977
vn 0.0411 -0.4345 0.8997
vn -0.1347 -0.1027 0.9856
vn 0.5417 -0.5404 0.6439
vn 0.6680 -0.1632 0.7261
vn 0.7554 -0.4003 0.5188
vn -0.7577 0.5161 -0.3995
vn 0.8076 -0.4434 0.3889
vn -0.7363 0.3506 -0.5787
vn -0.1817 0.7415 -0.6459
vn -0.4800 0.7014 -0.5269
vn 0.9705 0.2385 0.0363
vn 0.6344 0.0711 0.7697
vn 0.7681 0.2838 0.5741
vn 0.9354 0.0365 0.3516
vn 0.9680 -0.1306 0.2144
vn 0.7827 0.6030 -0.1542
vn 0.7847 0.6006 -0.1532
vn -0.3783 -0.7281 0.5716
vn 0.3665 0.7725 -0.5185
vn -0.5434 -0.7651 0.3455
vn 0.8798 0.1859 0.4376
vn -0.5901 0.6694 -0.4514
vn -0.0925 0.8684 -0.4871
vn 0.6314 0.7232 -0.2798
vn 0.5541 0.5832 0.5941
vn 0.5627 0.5683 0.6004
vn 0.3971 -0.6278 0.6694
vn -0.0024 -0.8059 0.5921
vn -0.0032 -0.8113 0.5847
vn 0.1814 -0.5566 0.8107
vn 0.1427 -0.5036 0.8521
vn -0.3473 -0.7835 0.5153
vn -0.1125 -0.4651 0.8781
vn -0.1270 -0.3748 0.9184
vn 0.2765 0.9422 0.1893
vn 0.0321 0.9721 -0.2323
vn 0.3602 0.0123 0.9328
vn 0.0516 0.9394 -0.3388
vn 0.7945 0.5662 -0.2196
vn -0.1579 -0.2133 0.9641
vn -0.1783 -0.2138 0.9605
vn 0.1832 -0.4260 0.8860
vn 0.3633 0.8678 0.3391
vn -0.6662 0.0594 -0.7434
vn -0.4173 0.4665 -0.7799
vn -0.2523 -0.9290 0.2709
vn -0.0419 0.4993 -0.8654
vn -0.1820 0.3093 -0.9334
vn 0.8164 0.3434 0.4643
vn -0.0216 0.3355 -0.9418
vn 0.6313 0.6146 -0.4730
vn 0.5572 0.6504 -0.5162
vn -0.3345 -0.8904 -0.3087
vn -0.1084 -0.6317 -0.7676
vn -0.6053 -0.7410 -0.2908
vn -0.5395 -0.7049 -0.4606
vn -0.0675 -0.0432 -0.9968
vn -0.1086 0.3306 -0.9375
vn -0.0244 0.3957 -0.9181
vn -0.1895 -0.2644 -0.9456
vn -0.2816 0.5848 -0.7607
vn -0.1372 0.6082 -0.7818
vn 0.0991 -0.0856 -0.9914
vn -0.0402 -0.2839 -0.9580
vn 0.2240 0.7810 -0.5829
vn 0.1432 0.5172 -0.8438
vn 0.8353 -0.3522 0.4222
vn 0.7912 0.5993 -0.1219
vn 0.9732 -0.2295 -0.0123
vn 0.6114 0.6113 -0.5026
vn 0.5521 0.6156 -0.5624
vn -0.1952 -0.3087 0.9309
vn -0.6850 -0.6743 0.2758
vn -0.0285 -0.9957 -0.0878
vn -0.5710 -0.7957 0.2022
vn -0.8904 -0.2037 0.4071
vn -0.7691 0.6289 0.1140
vn -0.7683 0.4897 0.4122
vn -0.8630 0.4979 0.0855
vn 0.0549 -0.8888 -0.4549
vn 0.1876 -0.8011 -0.5684
vn 0.6043 -0.2949 -0.7402
vn -0.7054 0.4291 0.5642
vn -0.3891 0.2455 0.8879
vn -0.1239 0.7936 0.5957
vn 0.7527 -0.1783 -0.6338
vn -0.0541 0.8774 0.4768
vn 0.7701 0.4661 -0.4356
vn -0.6688 0.2447 0.7020
vn 0.0670 -0.0582 0.9961
vn 0.2081 0.1595 0.9650
vn 0.3981 0.3423 0.8511
vn 0.6607 0.7429 0.1078
vn 0.4522 0.7595 0.4676
vn -0.6883 0.0569 0.7232
vn -0.3254 -0.8311 -0.4511
vn -0.3167 -0.7442 -0.5881
vn 0.1239 -0.1519 -0.9806
vn 0.1138 -0.1258 -0.9855
vn 0.2582 -0.4292 -0.8655
vn 0.4636 -0.2384 -0.8534
vn 0.4136 -0.1439 -0.8990
vn 0.0604 -0.3633 -0.9297
vn 0.1375 0.1590 -0.9777
vn 0.3178 0.4540 -0.8324
vn 0.5349 0.6515 -0.5380
vn -0.0114 -0.9981 -0.0600
vn 0.7751 -0.5081 -0.3756
vn 0.6966 0.6753 -0.2422
vn 0.0140 0.9463 -0.3231
vn 0.8640 0.4106 -0.2914
vn 0.4704 0.8489 -0.2411
vn 0.9370 -0.0585 -0.3443
vn 0.9564 0.1694 -0.2381
vn 0.8638 -0.1149 -0.4905
vn 0.5148 0.8523 -0.0927
vn 0.7980 -0.1564 -0.5820
vn 0.5703 0.8130 -0.1175
vn -0.5500 -0.7676 0.3292
vn -0.2889 -0.3521 -0.8903
vn 0.6245 0.5364 0.5678
vn -0.4737 -0.0008 -0.8807
vn 0.8253 -0.5364 0.1766
vn -0.1417 -0.9787 0.1484
vn 0.8014 0.5134 -0.3069
vn -0.7446 -0.2843 0.6039
vn -0.9335 0.2471 -0.2598
vn -0.3179 0.5610 -0.7643
vn 0.9948 -0.0082 -0.1015
vn -0.5412 0.8266 -0.1542
vn -0.4878 0.6876 -0.5378
vn -0.8986 0.1335 0.4180
vn -0.5609 -0.7089 0.4276
vn -0.6823 -0.6923 0.2347
vn -0.4248 -0.7402 0.5213
vn -0.2588 -0.8508 0.4572
vn -0.1320 -0.7431 0.6561
vn 0.5057 -0.8332 0.2239
vn -0.0872 -0.8771 0.4723
vn -0.3523 -0.8607 0.3674
vn -0.1636 -0.9660 0.2001
vn 0.2492 -0.9115 0.3271
vn 0.6786 -0.7343 0.0188
vn 0.7089 0.6574 -0.2555
vn 0.6285 -0.7028 0.3333
vn -0.6954 -0.1557 0.7015
vn -0.8100 -0.2400 0.5351
vn -0.8044 0.4902 -0.3355
vn -0.5596 0.7799 -0.2802
vn -0.6311 0.7534 -0.1847
vn -0.9812 0.1058 0.1611
vn -0.6769 0.2477 -0.6932
vn -0.7281 0.6556 0.2002
vn -0.9657 0.1045 0.2376
vn -0.9888 0.0415 0.1436
vn -0.0143 0.9999 -0.0073
vn 0.4653 0.8389 -0.2823
vn -0.1239 0.9923 -0.0055
vn -0.2425 -0.5353 0.8091
vn -0.5989 -0.1936 0.7770
vn -0.2609 -0.3846 0.8854
vn -0.1167 -0.5939 0.7960
vn 0.0977 -0.5279 0.8437
vn 0.0657 -0.5661 0.8217
vn -0.1101 -0.2534 0.9611
vn -0.1070 -0.0524 0.9929
vn -0.0224 0.0155 0.9996
vn 0.4593 -0.4476 0.7673
vn 0.7413 -0.4602 0.4885
vn 0.3573 -0.1963 0.9131
vn 0.0659 0.0186 0.9976
vn 0.3687 0.0064 0.9295
vn 0.8968 -0.1703 0.4083
vn -0.3471 0.0536 0.9363
vn -0.1842 0.0235 0.9826
vn -0.4140 0.2878 0.8636
vn -0.3584 0.2722 0.8930
vn -0.6990 0.4805 0.5296
vn -0.3124 0.3698 0.8750
vn -0.1024 -0.0110 0.9947
vn 0.4113 -0.2508 0.8763
vn 0.4771 -0.2869 0.8307
vn 0.0638 0.1368 0.9885
vn 0.1764 0.1027 0.9789
vn -0.3890 -0.6225 0.6791
vn 0.3783 0.7454 -0.5489
vn 0.2347 0.4788 -0.8460
vn 0.2105 0.5880 -0.7810
vn -0.2076 0.1374 -0.9685
vn -0.2228 0.5699 -0.7909
vn -0.5882 0.2794 -0.7589
vn 0.6150 0.7346 -0.2867
vn 0.9377 -0.2836 -0.2005
vn 0.6543 -0.1051 -0.7489
vn 0.9324 0.0432 -0.3588
vn 0.5712 0.2615 -0.7781
vn 0.2655 -0.1600 -0.9508
vn 0.9966 -0.0765 -0.0316
vn 0.7458 0.4013 -0.5317
vn -0.8307 0.0672 -0.5527
vn -0.8243 0.2249 -0.5196
vn -0.0789 -0.0449 -0.9959
vn 0.0978 -0.0627 -0.9932
vn -0.7725 0.2512 -0.5833
vn -0.8193 0.4759 0.3198
vn -0.8414 0.4979 0.2103
vn -0.2691 -0.0720 -0.9604
vn 0.4472 -0.0406 -0.8935
vn 0.2129 0.0189 -0.9769
vn 0.8420 -0.1241 -0.5250
vn 0.5812 -0.0357 -0.8130
vn -0.3050 -0.6216 -0.7215
vn 0.7117 -0.3684 -0.5981
vn -0.9902 -0.0337 0.1359
vn 0.2862 -0.2815 -0.9159
vn 0.4232 -0.3112 -0.8509
vn 0.2347 -0.6460 -0.7264
vn 0.2131 -0.5746 -0.7902
vn -0.9384 -0.3361 0.0798
vn -0.3413 -0.8727 -0.3491
vn -0.9195 0.1260 0.3724
vn -0.8373 0.0496 0.5445
vn -0.9894 0.0892 0.1146
vn 0.9258 -0.3498 -0.1433
vn -0.8205 -0.3031 0.4846
vn -0.5904 0.7931 -0.1494
vn -0.9457 0.2122 0.2462
vn -0.2542 -0.7604 0.5976
vn -0.6783 -0.4223 -0.6013
vn -0.8311 -0.5533 -0.0557
vn -0.5403 -0.0645 0.8390
vn 0.1655 -0.3105 0.9361
vn -0.0037 0.1275 0.9918
vn -0.5421 -0.1278 0.8306
vn 0.0138 0.1458 0.9892
vn -0.9582 -0.0859 -0.2729
vn -0.9992 -0.0291 -0.0283
vn -0.9707 -0.2311 0.0653
vn -0.8573 -0.1924 0.4776
vn -0.9079 -0.1712 0.3826
vn -0.7838 0.4813 -0.3925
vn -0.5432 0.1041 -0.8331
vn 0.5048 0.4529 0.7349
vn -0.6091 -0.5657 -0.5559
vn -0.9415 0.0044 0.3370
vn -0.6545 -0.7289 0.2007
vn -0.7934 -0.6038 0.0771
vn -0.9787 -0.0125 0.2051
vn -0.5590 -0.8216 -0.1121
vn -0.4654 0.8470 0.2571
vn 0.0268 -0.9942 0.1041
vn -0.2908 -0.9491 -0.1213
vn 0.5919 -0.7738 -0.2256
vn -0.3623 -0.9262 0.1039
vn 0.3378 0.9410 0.0192
vn 0.3214 0.9460 0.0413
vn -0.1681 0.8726 -0.4585
vn -0.2447 0.3296 -0.9119
vn -0.0230 0.7841 -0.6202
vn -0.5160 -0.3829 -0.7663
vn -0.4486 -0.4543 -0.7696
vn 0.1723 -0.6820 0.7108
vn 0.4280 -0.2959 0.8540
vn 0.0281 -0.8994 0.4362
vn 0.5513 -0.7122 0.4345
vn 0.4661 -0.6556 0.5941
vn 0.9402 -0.3402 0.0189
vn 0.5162 -0.0473 0.8551
vn 0.4805 0.0943 0.8719
vn 0.8240 0.0776 0.5613
vn 0.9638 -0.0718 0.2566
vn 0.9588 -0.0750 0.2740
vn 0.8550 0.1809 -0.4861
vn 0.9679 0.1576 -0.1959
vn 0.9306 0.3382 -0.1399
vn 0.6280 0.2914 -0.7216
vn 0.7794 0.4667 0.4180
vn 0.2557 -0.9619 0.0965
vn 0.3422 -0.8983 0.2758
vn 0.3984 -0.8761 0.2716
vn 0.1709 0.7392 -0.6514
vn 0.2967 0.7296 -0.6161
vn 0.5072 0.7682 -0.3906
vn 0.8148 -0.5762 -0.0633
vn 0.9427 -0.3336 -0.0047
vn 0.7830 0.3444 -0.5180
vn 0.9397 0.0037 -0.3419
vn 0.6046 -0.7871 -0.1222
vn 0.6476 -0.7307 -0.2163
vn 0.9178 -0.2754 -0.2859
vn 0.8863 0.3604 -0.2909
vn 0.6955 0.6515 -0.3031
vn 0.3551 0.9191 -0.1707
vn 0.9264 -0.2500 -0.2817
vn -0.1626 0.3864 -0.9079
vn 0.0541 -0.1769 -0.9827
vn 0.9396 0.2593 0.2233
vn 0.2135 -0.6601 0.7202
vn -0.1428 -0.4387 0.8872
vn -0.9301 0.3423 -0.1336
vn -0.8861 -0.3385 0.3165
vn -0.8395 -0.1007 0.5339
vn -0.2397 -0.0475 0.9697
vn -0.0884 0.0529 0.9947
vn -0.2807 0.3827 0.8802
vn -0.9242 -0.2733 -0.2669
vn -0.8167 0.0920 0.5696
vn 0.2415 0.4301 0.8699
vn 0.2900 0.4454 0.8471
vn 0.3640 0.2301 0.9025
vn 0.5419 0.2644 0.7977
vn 0.7480 -0.0866 0.6580
vn -0.7248 -0.4355 -0.5339
vn -0.6973 -0.4907 -0.5225
vn -0.4712 -0.4434 -0.7625
vn -0.4034 -0.2937 -0.8666
vn -0.3911 -0.4249 -0.8164
vn -0.5289 -0.2566 -0.8090
vn 0.0856 0.8429 0.5312
vn -0.6326 -0.6347 -0.4438
vn -0.2183 -0.8850 -0.4112
vn 0.3976 -0.6553 -0.6423
vn 0.7257 -0.6206 -0.2970
vn -0.1249 0.8650 0.4859
vn 0.1986 0.8659 0.4592
vn 0.1889 0.8432 0.5033
vn -0.1640 -0.9056 -0.3910
vn 0.4598 0.6684 0.5846
vn 0.4196 0.8166 0.3965
vn 0.3774 0.8942 -0.2409
vn 0.5664 0.8225 -0.0519
vn 0.3382 -0.6804 -0.6501
vn 0.1553 -0.0308 -0.9874
vn -0.3346 0.2097 -0.9187
vn 0.8978 0.3909 -0.2029
vn -0.3223 -0.3813 0.8665
vn 0.7782 0.1137 0.6176
vn 0.5437 0.1724 0.8214
vn 0.8064 -0.1235 0.5783
vn 0.4875 -0.6026 -0.6318
vn 0.6925 -0.1841 0.6975
vn 0.3203 -0.8217 -0.4713
vn 0.7295 -0.6290 0.2687
vn 0.4540 0.1687 0.8749
vn 0.4770 0.0497 0.8775
vn -0.3055 -0.3317 -0.8925
vn 0.6434 -0.3702 0.6701
vn 0.3913 0.2648 0.8814
vn 0.1163 -0.8390 -0.5316
vn -0.7778 0.3571 0.5172
vn 0.6350 -0.7588 0.1453
vn 0.6576 -0.7173 0.2303
vn 0.7229 -0.1237 0.6798
vn 0.7218 -0.3058 0.6208
vn -0.2223 0.9301 0.2924
vn 0.2131 0.7979 0.5638
vn 0.2347 0.4313 0.8712
vn 0.2572 0.3699 0.8928
vn 0.0903 0.6154 0.7830
vn -0.1251 0.8760 0.4658
vn -0.3988 0.9165 -0.0318
vn -0.3242 0.9408 0.0989
vn -0.5737 0.5663 -0.5918
vn -0.4742 0.7858 -0.3971
vn -0.3861 0.0231 -0.9222
vn -0.0194 -0.5338 0.8454
vn -0.0149 -0.4690 0.8831
vn 0.5270 -0.4938 0.6917
vn 0.3646 0.4354 0.8231
vn -0.6323 0.0615 -0.7723
vn -0.5720 0.7499 -0.3325
vn -0.3277 0.9437 0.0454
vn 0.9421 -0.3200 -0.1005
vn -0.2714 -0.4050 -0.8731
vn -0.4172 0.5443 0.7278
vn -0.8280 -0.5304 0.1821
vn -0.9058 -0.3467 0.2436
vn -0.6468 -0.4189 0.6374
vn -0.6711 -0.1195 0.7317
vn -0.7134 -0.6485 0.2657
vn -0.7958 -0.0320 0.6047
vn -0.3785 -0.8640 -0.3322
vn -0.3636 -0.5803 0.7287
vn -0.2959 -0.8027 0.5178
vn -0.2654 -0.4119 0.8717
vn -0.3714 -0.2200 0.9020
vn -0.7541 0.6131 0.2353
vn -0.3898 0.6102 0.6898
vn -0.2646 0.6494 0.7129
vn -0.4032 0.8071 0.4312
vn -0.0909 0.7688 0.6330
vn -0.1859 0.7545 0.6294
vn -0.6733 0.7203 0.1670
vn -0.6188 -0.2031 -0.7588
vn -0.8962 0.2620 -0.3581
vn -0.7362 -0.3045 -0.6044
vn 0.1194 -0.7590 -0.6400
vn -0.5542 -0.6229 -0.5521
vn -0.0353 -0.8491 -0.5270
vn -0.1886 -0.7190 -0.6690
vn -0.2191 -0.6830 -0.6968
vn -0.5260 0.8232 0.2137
vn 0.0517 -0.8862 -0.4604
vn 0.6635 -0.5236 -0.5344
vn 0.1086 -0.6883 -0.7173
vn 0.3970 -0.1010 -0.9122
vn 0.2944 -0.1034 -0.9501
vn 0.3925 -0.1105 -0.9131
vn -0.6713 0.4810 0.5639
vn -0.7645 0.3287 0.5545
vn -0.7509 0.3398 0.5663
vn -0.2622 0.2863 0.9216
vn 0.0229 0.7942 0.6072
vn 0.4310 0.8947 0.1173
vn 0.0398 0.7994 0.5994
vn 0.6394 0.7682 0.0319
vn -0.5373 0.2321 0.8109
vn -0.1698 0.8634 0.4751
vn -0.9126 0.2233 0.3426
vn -0.9525 -0.2992 -0.0566
vn -0.9529 -0.2982 -0.0555
vn -0.6319 0.7611 0.1465
vn -0.9549 0.2918 -0.0539
vn -0.9558 -0.2029 -0.2126
vn -0.9787 0.1390 -0.1510
vn -0.7039 0.7091 0.0421
vn 0.6698 -0.2756 -0.6895
vn 0.7163 -0.6968 -0.0360
vn 0.9838 -0.0923 -0.1535
vn 0.9967 -0.0625 -0.0527
vn 0.8556 0.4557 0.2454
vn 0.9683 -0.2401 0.0685
vn 0.7021 -0.7079 -0.0779
vn 0.5606 -0.8281 0.0066
vn 0.7826 -0.5855 0.2117
vn -0.4261 0.8983 -0.1077
vn 0.8864 -0.3737 0.2732
vn 0.9322 0.2793 0.2303
vn 0.7149 0.6649 0.2163
vn 0.8116 -0.0126 0.5840
vn 0.2984 0.4598 0.8364
vn 0.0985 -0.2955 0.9503
vn 0.0479 -0.5957 0.8017
vn -0.0168 -0.9648 0.2623
vn -0.0620 -0.9850 0.1612
vn 0.1323 -0.6635 0.7364
vn -0.3039 -0.7762 0.5523
vn 0.1778 -0.2283 0.9572
vn -0.0478 -0.5801 0.8131
vn 0.0160 -0.3078 0.9513
vn 0.1557 -0.2821 0.9467
vn 0.0205 0.7175 0.6963
vn 0.7394 0.3259 0.5891
vn 0.9376 -0.2215 0.2681
vn 0.4694 0.6415 0.6067
vn 0.0378 -0.8837 -0.4664
vn 0.2481 -0.8575 -0.4506
vn -0.0648 0.8633 0.5006
vn 0.0274 0.8695 0.4932
vn -0.5101 -0.4420 0.7378
vn -0.9728 -0.1749 0.1518
vn -0.9578 -0.2310 0.1709
vn -0.9904 -0.1386 0.0001
vn -0.3209 0.3897 -0.8632
vn -0.9956 0.0223 -0.0909
vn -0.9871 0.0587 0.1491
vn -0.7965 0.3792 -0.4710
vn -0.4803 -0.5174 0.7083
vn 0.8672 -0.4671 0.1727
vn 0.8739 0.1162 0.4720
vn -0.9928 -0.0729 0.0956
vn 0.8632 0.1718 0.4747
vn -0.2318 0.4495 -0.8627
vn 0.5495 0.6413 0.5355
vn -0.0996 -0.0685 -0.9927
vn -0.0812 0.3802 -0.9213
vn -0.3178 0.1689 -0.9330
vn -0.7534 -0.5199 0.4027
vn -0.6025 -0.6601 -0.4485
vn -0.9865 -0.0898 -0.1368
vn -0.9226 0.1822 -0.3401
vn -0.8822 -0.1834 -0.4337
vn 0.2336 0.7792 -0.5816
vn -0.3131 -0.5410 0.7806
vn -0.8802 -0.4747 -0.0005
vn -0.7092 -0.3891 -0.5880
vn -0.3681 0.2526 -0.8948
vn -0.0698 0.5189 -0.8520
vn -0.2299 0.3583 -0.9049
vn -0.1850 0.4657 -0.8654
vn -0.3922 0.1816 -0.9018
vn -0.4013 0.3850 -0.8311
vn 0.2381 -0.2260 0.9446
vn 0.4340 0.3531 0.8288
vn 0.4657 0.3969 0.7909
vn 0.3841 -0.2891 0.8768
vn 0.4082 0.8698 0.2772
vn 0.6351 0.3055 0.7095
vn 0.3398 -0.3476 0.8739
vn 0.1821 -0.3985 0.8989
vn 0.0484 -0.4687 0.8820
vn -0.3062 -0.3350 -0.8911
vn 0.7690 -0.4416 0.4623
vn 0.3467 -0.4018 0.8475
vn -0.0525 -0.5809 0.8123
vn 0.3346 -0.5226 0.7842
vn 0.3145 -0.5183 0.7953
vn -0.0231 0.3595 -0.9329
vn -0.0303 0.3746 -0.9267
vn 0.0166 0.3659 -0.9305
vn 0.6083 -0.3553 0.7098
vn 0.4833 -0.4932 0.7233
vn 0.9452 0.0032 -0.3264
vn -0.6991 -0.3520 0.6224
vn 0.9709 -0.2342 -0.0502
vn 0.9925 -0.1206 0.0217
vn 0.8267 -0.3546 0.4368
vn 0.4043 0.0805 -0.9111
vn 0.9438 -0.2147 -0.2513
vn 0.8702 0.0509 -0.4901
vn 0.8466 -0.4889 0.2101
vn -0.1192 0.5705 -0.8126
vn 0.0791 0.1392 -0.9871
vn 0.1738 -0.6354 0.7524
vn 0.2603 -0.6325 0.7295
vn 0.2760 -0.6248 0.7304
vn 0.5129 -0.6160 0.5979
vn 0.4724 -0.8364 0.2779
vn 0.3803 -0.7328 0.5643
vn -0.0242 0.8447 -0.5347
vn 0.1201 0.9763 -0.1799
vn -0.2223 0.8155 -0.5344
vn -0.5353 0.5061 -0.6762
vn 0.1617 0.9834 -0.0817
vn -0.3449 0.8788 -0.3297
vn -0.4651 0.6284 -0.6235
vn 0.4224 -0.7102 -0.5632
vn 0.0299 -0.1987 -0.9796
vn -0.6100 0.4942 -0.6194
vn -0.4693 0.4080 -0.7832
vn 0.3764 -0.7067 -0.5991
vn -0.6773 -0.4429 -0.5875
vn -0.2876 -0.9111 -0.2954
vn -0.8060 0.3862 -0.4486
vn -0.7034 0.5660 -0.4300
vn -0.1370 0.6295 -0.7648
vn -0.1522 0.6207 -0.7691
vn -0.0353 -0.5885 0.8078
vn 0.8612 -0.2387 -0.4488
vn 0.2624 0.8065 0.5298
vn 0.2236 0.9563 0.1881
vn 0.0640 0.5406 -0.8389
vn -0.0080 0.6374 -0.7705
vn -0.0155 0.9995 0.0258
vn -0.1214 0.9035 -0.4111
vn 0.1319 0.3114 0.9411
vn 0.0730 0.7221 -0.6879
vn 0.3481 0.9178 0.1911
vn -0.5271 -0.0023 0.8498
vn -0.6232 -0.0445 0.7808
vn -0.2253 -0.3840 0.8954
vn -0.1574 -0.2248 0.9616
vn -0.3856 -0.1389 0.9121
vn -0.2960 -0.1170 0.9480
vn -0.0008 0.1145 0.9934
vn -0.3329 0.2826 0.8996
vn -0.4234 0.5048 0.7523
vn -0.2242 0.6273 0.7458
vn 0.3783 0.8043 0.4583
vn 0.0372 0.5723 0.8192
vn 0.0417 0.6265 -0.7783
vn -0.9320 -0.1211 0.3417
vn -0.4511 -0.7405 -0.4982
vn -0.7125 0.2564 0.6532
vn 0.0118 -0.7470 -0.6647
vn -0.5849 -0.7699 -0.2553
vn -0.5669 -0.7209 -0.3987
vn -0.1810 -0.2915 -0.9393
vn -0.5793 -0.8136 -0.0495
vn -0.1906 -0.3721 -0.9084
vn 0.2756 -0.4763 -0.8350
vn 0.1294 -0.1888 -0.9735
vn 0.3640 0.0028 -0.9314
vn -0.9418 0.0769 0.3271
vn -0.7386 0.4708 0.4824
vn -0.4190 0.7315 0.5380
vn -0.9902 -0.0428 0.1330
vn -0.7193 0.6321 0.2883
vn -0.4726 0.8261 0.3069
vn -0.9837 -0.1700 0.0587
vn -0.9260 -0.3491 -0.1438
vn -0.1687 -0.9361 -0.3087
vn -0.8965 0.4198 0.1418
vn -0.2460 0.9255 0.2881
vn 0.2080 -0.9440 -0.2563
vn -0.4154 0.5202 0.7462
vn -0.0122 0.8843 0.4667
vn 0.6545 -0.5398 -0.5295
vn 0.8419 0.5292 0.1057
vn 0.9263 0.3766 -0.0119
vn 0.3885 -0.7381 -0.5517
vn 0.1180 0.9540 0.2754
vn 0.9056 0.4109 0.1049
vn 0.5544 0.7932 0.2520
vn 0.8519 -0.5093 -0.1220
vn 0.9935 -0.0213 0.1114
vn 0.9478 -0.2178 -0.2327
vn 0.0794 0.5911 0.8026
vn 0.0095 -0.6099 0.7925
vn 0.1445 -0.7907 -0.5950
vn 0.0706 -0.1678 0.9833
vn -0.8943 -0.4355 0.1024
vn -0.8329 -0.5519 0.0402
vn -0.8419 -0.5255 -0.1225
vn -0.7224 -0.6743 -0.1531
vn -0.3661 -0.8391 -0.4024
vn -0.6645 -0.7340 -0.1402
vn 0.1635 -0.9357 -0.3125
vn 0.2293 -0.9321 -0.2804
vn 0.9266 -0.3575 0.1165
vn 0.4240 -0.8629 -0.2751
vn 0.6285 -0.7523 0.1976
vn 0.8947 -0.4464 -0.0169
vn -0.3969 -0.9169 0.0429
vn -0.7742 0.5832 0.2460
vn 0.1943 0.9363 0.2924
vn 0.5567 0.8216 0.1225
vn -0.1384 0.9695 0.2023
vn 0.1356 0.9341 0.3301
vn -0.8735 -0.4612 -0.1561
vn -0.9519 0.3032 0.0439
vn -0.9027 0.2367 -0.3592
vn -0.7623 0.6471 -0.0161
vn -0.6755 0.7364 0.0383
vn 0.6429 0.6788 0.3547
vn -0.8559 -0.3058 -0.4171
vn -0.6450 -0.4808 -0.5939
vn -0.6800 -0.0334 -0.7324
vn -0.7936 -0.1823 -0.5805
vn -0.6518 0.4300 -0.6247
vn 0.7627 0.6358 -0.1188
vn 0.9079 0.4102 -0.0860
vn 0.9645 0.2171 0.1501
vn 0.8613 0.4965 0.1079
vn 0.9076 0.2920 0.3018
vn 0.9741 -0.1340 0.1819
vn 0.8258 0.2055 0.5252
vn 0.6453 0.5116 0.5673
vn -0.0752 0.0481 0.9960
vn -0.3468 -0.3195 0.8819
vn -0.1609 0.5499 0.8196
vn -0.9360 -0.3471 0.0586
vn -0.7416 -0.6527 -0.1553
vn -0.8586 0.3333 0.3895
vn -0.8860 0.1541 0.4374
vn -0.9360 -0.3504 0.0330
vn -0.3866 -0.8325 -0.3967
vn -0.6628 -0.6395 -0.3895
vn -0.6579 -0.6405 -0.3962
vn -0.2849 -0.7796 -0.5577
vn -0.4504 -0.5686 -0.6884
vn 0.7600 -0.0169 0.6497
vn 0.6957 -0.1856 0.6939
vn 0.1614 -0.4262 0.8901
vn 0.1418 -0.9393 -0.3124
vn 0.0962 -0.9663 -0.2388
vn 0.6306 -0.5881 0.5065
vn -0.0441 0.8945 0.4448
vn -0.0113 0.8713 0.4906
vn -0.0750 0.7591 -0.6467
vn -0.5195 0.7472 -0.4145
vn -0.0632 0.9352 -0.3484
vn -0.3217 -0.3575 -0.8768
vn -0.2390 0.2567 -0.9365
vn -0.1691 0.4268 -0.8884
vn 0.0845 -0.8295 0.5521
vn -0.0582 -0.5935 0.8028
vn 0.0091 -0.9890 -0.1475
vn 0.0839 -0.9670 -0.2407
vn -0.1367 -0.6556 0.7426
vn 0.1510 -0.9830 0.1045
vn -0.1133 -0.5839 0.8038
vn -0.3264 -0.6363 0.6990
vn -0.3086 -0.8440 0.4388
vn 0.1935 0.9620 -0.1926
vn -0.0179 0.4064 0.9135
vn 0.1165 0.5213 -0.8454
vn -0.4878 -0.8396 -0.2389
vn -0.9762 -0.2126 -0.0425
vn 0.0083 -0.9833 -0.1817
vn 0.0515 -0.9768 -0.2079
vn 0.4388 0.8405 0.3177
vn 0.6193 0.7675 0.1658
vn 0.5307 -0.8030 -0.2712
vn -0.5426 -0.6726 -0.5032
vn -0.6017 -0.5401 -0.5884
vn -0.3167 -0.8807 -0.3521
vn -0.3465 -0.7262 -0.5937
vn 0.0616 -0.9342 -0.3513
vn -0.6057 -0.5173 -0.6046
vn -0.4877 -0.8279 -0.2771
vn -0.6242 0.7761 0.0894
vn -0.6975 0.7153 0.0424
vn -0.6410 0.7632 0.0819
vn -0.8841 0.3419 -0.3185
vn -0.0641 0.9327 0.3550
vn 0.2633 0.7924 0.5503
vn 0.6104 0.6079 0.5078
vn 0.6147 0.5978 0.5146
vn 0.0522 0.9024 0.4277
vn -0.7653 -0.1259 -0.6313
vn 0.4886 0.4956 0.7181
vn 0.4356 0.3117 0.8444
vn 0.2484 0.6197 0.7445
vn -0.1563 0.7438 0.6499
vn -0.5738 0.8121 0.1055
vn -0.1846 0.7770 0.6018
vn -0.3183 -0.5136 -0.7968
vn -0.2719 -0.9616 -0.0374
vn 0.0093 -0.6958 -0.7182
vn -0.3808 -0.2462 -0.8913
vn -0.6915 0.5638 -0.4516
vn -0.5522 0.4892 -0.6750
vn -0.4036 0.1293 -0.9058
vn -0.0686 -0.9971 -0.0340
vn 0.2220 -0.7057 -0.6728
vn 0.9450 -0.3217 -0.0594
vn -0.1372 0.9865 0.0889
vn 0.9961 0.0887 0.0006
vn 0.9967 -0.0731 0.0353
vn -0.9799 0.0719 -0.1859
vn 0.9935 -0.0806 -0.0807
vn 0.9938 0.1085 -0.0226
vn 0.8844 0.4280 0.1860
vn 0.9251 0.2373 0.2963
vn 0.9332 -0.0506 0.3559
vn 0.6921 -0.7084 -0.1381
vn 0.7085 0.0650 0.7027
vn 0.6500 -0.0791 0.7558
vn 0.6467 -0.0777 0.7588
vn 0.5684 -0.7654 0.3019
vn 0.6070 -0.3698 0.7034
vn 0.4099 -0.8820 -0.2325
vn 0.3275 -0.1000 0.9395
vn -0.4422 0.8845 0.1489
vn 0.0428 -0.9990 -0.0112
vn -0.0568 -0.9482 0.3127
vn -0.0091 -0.9983 0.0574
vn -0.4046 -0.9082 0.1071
vn -0.0708 0.1515 0.9859
vn 0.0293 -0.0996 0.9946
vn 0.0236 -0.2670 0.9634
vn 0.3364 -0.8531 0.3989
vn -0.0633 0.2452 0.9674
vn -0.2563 0.6267 0.7359
vn -0.4866 0.8110 0.3248
vn -0.6246 0.7392 0.2518
vn -0.2511 0.5350 0.8067
vn -0.0101 -0.5991 -0.8006
vn 0.0798 -0.6772 -0.7315
vn -0.1698 -0.1865 -0.9677
vn -0.3528 0.8102 -0.4681
vn 0.3035 -0.8113 -0.4997
vn 0.2402 -0.4973 -0.8337
vn 0.5176 -0.8146 -0.2617
vn 0.1182 -0.1036 -0.9876
vn 0.3883 -0.4294 -0.8154
vn -0.2505 0.0812 -0.9647
vn 0.0074 -0.0077 -0.9999
vn -0.7641 0.2663 -0.5876
vn 0.6058 0.2253 -0.7631
vn -0.3556 0.3540 0.8650
vn -0.6922 0.6293 0.3533
vn -0.1730 -0.4633 0.8691
vn -0.3388 -0.2881 0.8957
vn -0.5008 0.0192 0.8653
vn -0.6180 0.7396 0.2665
vn -0.3041 -0.5205 0.7979
vn -0.1002 -0.5784 0.8096
vn 0.2068 0.8690 0.4496
vn -0.1336 -0.8577 -0.4965
vn 0.6436 -0.5495 -0.5327
vn 0.9095 -0.1198 -0.3981
vn 0.9495 0.2982 -0.0977
vn -0.9093 0.4140 -0.0416
vn 0.0220 -0.7204 -0.6932
vn 0.8800 -0.2282 -0.4164
vn 0.6563 -0.3973 -0.6414
vn -0.5362 -0.2887 0.7932
vn -0.9842 0.0142 0.1766
vn -0.6376 0.6032 -0.4792
vn -0.2337 -0.5603 0.7947
vn -0.3271 0.6230 -0.7105
vn 0.1622 0.4254 -0.8903
vn 0.1774 0.4300 -0.8852
vn -0.3240 -0.8506 0.4142
vn -0.3058 -0.8788 0.3663
vn 0.2647 0.6041 -0.7516
vn 0.0761 0.4327 -0.8983
vn -0.1821 0.8204 -0.5420
vn -0.7195 0.6787 0.1475
vn -0.0844 -0.6905 0.7184
vn 0.1096 0.6024 -0.7907
vn 0.1502 0.5722 -0.8063
vn 0.2844 0.6221 -0.7295
vn -0.6530 -0.4089 0.6375
vn -0.8112 0.0478 0.5828
vn -0.5559 0.0269 0.8308
vn 0.1044 0.1760 0.9788
vn -0.2739 -0.5727 0.7726
vn -0.2038 -0.7628 0.6137
vn -0.3435 -0.6694 0.6587
vn -0.7459 -0.4383 0.5015
vn 0.4124 0.5583 -0.7199
vn 0.4657 0.5186 -0.7170
vn -0.8740 -0.0702 0.4808
vn 0.8309 0.3947 -0.3922
vn -0.4528 0.7219 0.5232
vn 0.0100 0.9557 0.2941
vn 0.3421 0.9313 0.1250
vn 0.7677 0.5852 -0.2611
vn 0.6179 0.7682 -0.1674
vn 0.7603 0.4161 -0.4988
vn 0.5722 0.6592 -0.4878
vn 0.0941 -0.2880 0.9530
vn -0.0033 -0.4318 0.9020
vn 0.7542 -0.3617 0.5481
vn 0.1572 0.4980 -0.8528
vn 0.5059 0.4750 -0.7200
vn -0.4679 -0.1548 -0.8701
vn -0.4914 -0.1635 -0.8554
vn -0.5899 0.4397 -0.6772
vn 0.5644 0.1119 -0.8179
vn 0.6209 -0.4433 -0.6465
vn -0.6110 0.7809 -0.1300
vn -0.6648 0.6759 0.3181
vn -0.1848 0.8472 -0.4980
vn -0.7715 -0.5313 0.3501
vn -0.9198 -0.1329 0.3692
vn -0.8464 -0.1054 0.5221
vn -0.7529 -0.0142 0.6580
vn -0.9795 -0.1929 -0.0578
vn 0.1366 0.7932 0.5934
vn -0.8747 -0.2046 -0.4393
vn -0.5049 -0.7051 -0.4979
vn -0.6492 0.3223 0.6889
vn 0.3332 0.7378 0.5871
vn 0.4036 0.5400 0.7386
vn -0.0070 0.3184 0.9479
vn 0.4455 0.2170 0.8686
vn 0.4424 0.2201 0.8694
vn -0.6006 -0.4497 -0.6610
vn -0.9670 -0.2540 0.0218
vn -0.9668 0.1154 0.2280
vn -0.9642 0.1263 0.2334
vn -0.9217 0.0678 0.3819
vn 0.4263 -0.1142 0.8973
vn 0.0122 0.0142 0.9998
vn 0.0017 -0.2309 0.9730
vn 0.2066 -0.1453 0.9676
vn -0.3611 -0.4262 -0.8294
vn -0.3129 -0.5544 -0.7712
vn -0.2176 -0.5982 -0.7712
vn -0.2046 -0.0042 -0.9788
vn -0.8298 -0.0747 -0.5530
vn -0.7939 0.0848 -0.6021
vn -0.8792 0.1497 -0.4523
vn -0.4857 0.2971 -0.8221
vn -0.0202 -0.0312 -0.9993
vn 0.3093 0.0832 -0.9473
vn -0.0157 0.1981 -0.9801
vn 0.1713 0.2383 -0.9560
vn -0.4057 -0.5743 -0.7111
vn -0.6196 -0.7744 -0.1279
vn -0.0610 -0.9920 -0.1101
vn -0.4037 -0.8995 0.1673
vn -0.9234 0.3188 -0.2139
vn -0.6744 -0.7217 -0.1560
vn -0.4740 0.8295 -0.2954
vn -0.9889 -0.1228 -0.0836
vn -0.9779 -0.1990 -0.0639
vn -0.9716 -0.1740 0.1606
vn -0.9979 0.0053 -0.0647
vn -0.7395 -0.6541 0.1593
vn -0.9648 -0.0173 -0.2623
vn -0.7512 0.5890 -0.2981
vn -0.9900 0.0053 -0.1407
vn 0.9510 -0.2987 0.0803
vn -0.9844 -0.1075 0.1394
vn -0.9366 -0.1533 0.3149
vn -0.9415 -0.1306 0.3106
vn -0.6910 -0.2941 -0.6603
vn -0.9796 0.0899 -0.1799
vn -0.9899 0.0546 -0.1306
vn 0.1970 -0.9635 0.1811
vn 0.4828 -0.8493 0.2137
vn 0.2232 -0.8340 0.5046
vn 0.5391 -0.7297 0.4206
vn 0.4864 -0.7757 0.4021
vn -0.1701 0.9252 -0.3393
vn 0.9026 -0.2853 0.3223
vn 0.0435 0.9922 -0.1170
vn 0.0783 0.9160 -0.3935
vn 0.6970 0.6992 -0.1590
vn 0.4961 0.8472 -0.1902
vn -0.3244 -0.8502 0.4146
vn -0.1408 0.6490 -0.7476
vn -0.1091 0.7076 -0.6981
vn 0.0895 -0.6320 0.7698
vn 0.2215 -0.5500 0.8053
vn -0.1486 0.7819 -0.6054
vn -0.3374 0.8054 -0.4874
vn 0.1064 0.8518 -0.5129
vn 0.4554 0.7453 -0.4870
vn -0.5868 0.3135 -0.7466
vn -0.1490 0.9296 0.3372
vn -0.0955 0.9328 0.3475
vn -0.5534 0.8240 0.1214
vn 0.0245 0.9207 0.3894
vn -0.0900 -0.9070 -0.4114
vn 0.6394 0.6103 0.4677
vn 0.9776 0.2105 0.0054
vn 0.7699 0.4491 0.4534
vn 0.6927 0.3404 0.6358
vn -0.1945 -0.7332 -0.6516
vn 0.5897 -0.8074 -0.0181
vn 0.8532 -0.3740 0.3635
vn 0.7061 0.3821 0.5961
vn 0.7252 -0.6553 0.2113
vn 0.2995 0.0369 0.9534
vn -0.0047 -0.8832 -0.4689
vn 0.1351 -0.9601 -0.2450
vn -0.3630 0.8957 0.2570
vn 0.7957 0.1039 0.5967
vn 0.8432 -0.1050 0.5272
vn -0.8944 0.0124 -0.4472
vn -0.8750 0.4759 -0.0887
vn 0.9495 -0.1522 0.2745
vn -0.3330 0.8120 0.4794
vn -0.5870 0.6311 0.5070
vn -0.5222 0.5684 0.6358
vn 0.7738 -0.1619 0.6124
vn -0.9612 0.0262 -0.2744
vn 0.9972 -0.0749 0.0057
vn 0.9944 0.0057 -0.1051
vn 0.9988 0.0474 -0.0076
vn -0.3658 0.5377 0.7597
vn -0.1172 0.7854 0.6078
vn -0.5300 0.5657 0.6317
vn -0.4102 0.4772 0.7772
vn 0.5644 -0.3080 -0.7659
vn 0.0684 -0.2493 -0.9660
vn 0.8275 0.0710 -0.5569
vn 0.3234 0.1147 -0.9393
vn 0.9181 -0.1684 -0.3589
vn 0.4704 -0.1030 -0.8764
vn 0.7208 -0.1001 -0.6858
vn -0.2316 -0.5099 -0.8285
vn 0.8055 0.0810 -0.5870
vn 0.1199 -0.5448 -0.8299
vn -0.4056 -0.1751 -0.8971
vn -0.0193 -0.3793 -0.9251
vn -0.8557 0.5013 0.1286
vn -0.4617 0.0476 -0.8857
vn -0.5800 0.4271 0.6937
vn -0.8555 0.5095 0.0922
vn 0.1482 -0.3754 -0.9149
vn 0.0662 0.5610 -0.8252
vn 0.9087 0.1207 -0.3997
vn -0.4429 -0.2728 0.8541
vn -0.2603 0.2584 0.9303
vn -0.5912 -0.3334 0.7344
vn -0.3026 0.0159 0.9530
vn 0.3013 -0.9508 -0.0728
vn -0.1958 -0.9212 -0.3362
vn -0.1392 -0.9762 -0.1665
vn 0.2960 -0.7282 -0.6181
vn 0.0366 -0.5096 -0.8596
vn 0.1952 -0.5609 -0.8045
vn -0.6622 -0.7435 0.0933
vn -0.5054 -0.8619 0.0418
vn -0.5745 -0.8174 -0.0425
vn 0.0241 -0.6984 -0.7153
vn 0.1728 -0.4030 -0.8987
vn -0.2882 0.3036 0.9082
vn -0.2503 0.5367 0.8058
vn -0.3415 0.4697 0.8141
vn 0.3547 -0.5341 -0.7674
vn -0.3872 0.4647 0.7963
vn -0.2187 0.4711 0.8546
vn -0.2478 0.2836 0.9264
vn 0.0285 0.6150 0.7880
vn 0.2752 0.7637 0.5840
vn 0.6627 0.7486 0.0205
vn 0.7351 0.3140 -0.6008
vn 0.5798 -0.0590 -0.8126
vn 0.4537 -0.1832 -0.8721
vn 0.8062 0.5413 0.2388
vn 0.2935 0.6172 0.7300
vn 0.8201 0.5569 0.1314
vn 0.7752 0.1396 -0.6162
vn 0.9404 -0.2517 -0.2287
vn 0.7961 0.5550 0.2413
vn 0.8493 0.5237 0.0672
vn 0.3547 -0.5276 -0.7719
vn 0.3862 -0.4521 -0.8040
vn 0.4605 -0.3744 -0.8049
vn 0.4167 -0.4142 -0.8092
vn 0.9975 -0.0050 -0.0710
vn 0.5640 -0.2792 -0.7772
vn 0.8612 -0.2586 -0.4375
vn -0.4475 0.3721 0.8132
vn 0.9795 -0.0291 0.1994
vn 0.9915 0.1282 0.0213
vn 0.8175 -0.4654 0.3391
vn 0.7556 0.4841 -0.4412
vn 0.8349 0.3410 -0.4321
vn 0.3009 0.3836 -0.8731
vn 0.7360 0.3240 -0.5944
vn -0.5518 0.4169 -0.7223
vn -0.0686 -0.0254 -0.9973
vn 0.5088 0.2165 0.8332
vn -0.0427 0.4382 0.8978
vn -0.3455 0.5876 0.7317
vn 0.8643 -0.0617 0.4991
vn 0.8829 -0.4565 0.1098
vn 0.1531 0.1014 0.9830
vn -0.2248 -0.7900 0.5704
vn -0.0793 -0.0156 0.9967
vn 0.1705 -0.1100 0.9792
vn 0.0161 -0.1380 0.9903
vn -0.1374 0.4904 -0.8606
vn 0.3432 -0.1309 0.9301
vn -0.0065 -0.0831 0.9965
vn -0.1939 -0.2240 0.9551
vn 0.2688 0.4706 -0.8404
vn 0.1568 -0.2849 0.9457
vn 0.0242 -0.2157 0.9762
vn -0.1681 -0.1271 0.9775
vn -0.7223 -0.6438 -0.2529
vn -0.9820 -0.1032 -0.1584
vn -0.6857 -0.7060 -0.1771
vn -0.2305 -0.9725 0.0321
vn 0.0144 -0.9998 -0.0129
vn -0.8135 0.5779 -0.0657
vn -0.7796 0.6235 -0.0593
vn -0.9544 -0.1374 -0.2651
vn -0.5756 0.7608 -0.2997
vn -0.5127 -0.8476 -0.1368
vn -0.5854 -0.7787 0.2254
vn -0.8789 -0.4734 -0.0589
vn -0.5348 -0.8127 0.2311
vn -0.7440 0.5266 -0.4112
vn -0.3766 0.8948 -0.2398
vn 0.8552 0.4684 0.2217
vn 0.9381 -0.2357 0.2540
vn 0.1129 0.9861 0.1220
vn 0.2932 0.9510 0.0976
vn 0.2688 0.9632 -0.0092
vn -0.1175 -0.8608 0.4952
vn 0.4715 -0.7661 0.4368
vn 0.3046 -0.8975 0.3190
vn 0.1893 0.9277 -0.3218
vn 0.6772 0.7358 0.0062
vn 0.4236 0.9030 -0.0725
vn -0.0181 0.9754 -0.2195
vn -0.5157 0.6673 0.5374
vn -0.0721 -0.2119 -0.9746
vn -0.7147 0.5153 0.4729
vn -0.8324 0.5529 -0.0369
vn -0.5303 0.5161 0.6726
vn -0.4862 0.4088 0.7724
vn -0.9084 0.2701 0.3191
vn -0.9143 0.2691 0.3027
vn -0.2900 0.1090 -0.9508
vn -0.3547 0.0794 -0.9316
vn -0.3651 0.0810 -0.9274
vn 0.8068 -0.5702 -0.1550
vn 0.4900 -0.6160 -0.6168
vn 0.8737 -0.4646 0.1443
vn -0.1637 0.4452 0.8804
vn -0.1041 -0.0115 0.9945
vn 0.4350 -0.4291 -0.7916
vn 0.6745 -0.3817 0.6320
vn 0.6719 -0.4863 -0.5586
vn 0.4453 0.1539 -0.8821
vn 0.4759 0.2572 -0.8410
vn -0.8489 -0.5276 0.0325
vn -0.6049 0.5193 -0.6036
vn -0.3006 0.6919 -0.6565
vn 0.3000 0.6990 -0.6492
vn 0.2871 0.7102 -0.6428
vn -0.2261 0.6888 -0.6888
vn -0.6750 0.7280 0.1201
vn -0.9911 -0.0816 -0.1053
vn 0.5392 0.1892 -0.8206
vn 0.4851 0.6781 -0.5522
vn -0.4135 -0.6033 0.6820
vn -0.5160 -0.7336 0.4423
vn -0.0894 -0.9958 -0.0188
vn -0.3980 -0.9000 0.1777
vn -0.0411 -0.9973 0.0603
vn 0.0204 0.9761 0.2162
vn -0.1609 -0.9821 0.0982
vn 0.2144 -0.9526 -0.2161
vn 0.4940 -0.7088 -0.5036
vn -0.2950 -0.8291 0.4749
vn 0.5993 -0.1760 -0.7809
vn 0.0008 -0.9979 -0.0640
vn 0.4256 -0.6215 -0.6577
vn 0.4428 -0.1280 -0.8874
vn 0.5676 -0.2363 -0.7887
vn -0.1511 -0.6958 0.7022
vn 0.0486 -0.4655 0.8837
vn 0.1811 -0.6503 0.7377
vn 0.1556 -0.9094 -0.3857
vn 0.1589 -0.2516 -0.9547
vn 0.1859 -0.3410 -0.9215
vn 0.4042 -0.9103 -0.0893
vn -0.4660 0.5029 0.7279
vn -0.3934 -0.1493 0.9072
vn -0.3821 -0.2733 0.8828
vn -0.2312 -0.4849 0.8435
vn -0.2109 -0.4922 0.8445
vn -0.6879 -0.2062 0.6959
vn -0.6293 -0.4335 0.6450
vn -0.1890 0.9535 0.2349
vn -0.5244 0.6831 0.5083
vn 0.2400 -0.9661 -0.0949
vn -0.1911 0.9311 0.3107
vn 0.1053 -0.9691 -0.2229
vn -0.1520 0.9503 0.2717
vn -0.1434 0.9662 0.2144
vn -0.5503 0.5713 0.6089
vn -0.1112 0.9685 0.2227
vn 0.7809 0.0616 -0.6216
vn 0.5983 -0.5367 0.5949
vn 0.5059 -0.7792 0.3700
vn -0.4720 -0.5134 0.7167
vn 0.5782 0.4536 -0.6782
vn 0.5927 0.6071 -0.5293
vn 0.3377 0.3692 -0.8658
vn 0.0619 0.9954 -0.0730
vn 0.2126 0.7233 -0.6570
vn -0.8102 -0.2473 0.5315
vn -0.6489 -0.5894 0.4812
vn -0.1058 -0.8744 0.4735
vn -0.8798 -0.2971 0.3710
vn 0.4941 -0.1390 0.8582
vn 0.4267 0.1952 0.8831
vn 0.3015 0.4705 0.8293
vn 0.3181 0.5031 0.8035
vn -0.9159 -0.1163 0.3843
vn -0.7066 0.0447 0.7061
vn -0.6637 0.1384 0.7351
vn -0.6647 -0.2703 0.6965
vn -0.6128 -0.3829 0.6913
vn -0.9672 0.2387 0.0868
vn -0.8223 0.5218 -0.2271
vn -0.5691 0.5958 -0.5667
vn -0.6334 -0.2305 -0.7387
vn -0.4802 0.7988 -0.3625
vn 0.6036 0.6366 -0.4800
vn -0.9228 0.2432 -0.2988
vn -0.8322 -0.5136 -0.2091
vn -0.3670 -0.6239 -0.6900
vn 0.1314 -0.3279 -0.9355
vn 0.1216 -0.0824 -0.9892
vn -0.4116 -0.6751 -0.6122
vn -0.4864 0.5543 -0.6754
vn 0.0895 0.1572 0.9835
vn -0.0066 -0.2971 0.9548
vn -0.0982 0.9211 0.3767
vn -0.1267 -0.7142 0.6884
vn -0.2661 -0.6318 0.7280
vn 0.0283 0.4455 0.8948
vn 0.0455 0.4203 0.9063
vn -0.0190 -0.1971 0.9802
vn -0.0142 -0.0117 0.9998
vn -0.1886 0.3157 0.9299
vn -0.5069 0.0592 0.8600
vn -0.5665 0.2189 0.7945
vn 0.6305 -0.7706 0.0929
vn 0.4493 -0.7615 0.4671
vn 0.6531 -0.7560 0.0446
vn 0.6878 -0.5751 -0.4430
vn 0.0555 -0.2496 0.9668
vn -0.3533 0.1964 0.9147
vn -0.0212 0.3068 -0.9515
vn 0.4949 0.3531 -0.7940
vn -0.0964 0.3260 -0.9404
vn -0.2102 0.2914 -0.9332
vn 0.0883 -0.8548 0.5113
vn 0.5754 -0.7747 0.2623
vn 0.6069 -0.7637 0.2200
vn 0.7868 -0.5561 -0.2680
vn 0.7295 -0.0945 -0.6774
vn 0.9055 0.1200 -0.4070
vn 0.9168 -0.0579 -0.3950
vn 0.7806 -0.1148 -0.6144
vn 0.9134 -0.3986 -0.0820
vn 0.4110 -0.8604 0.3014
vn 0.8628 0.3327 -0.3805
vn 0.9337 0.1252 -0.3355
vn -0.0408 0.1283 -0.9909
vn 0.1132 -0.0272 -0.9932
vn 0.1918 -0.3190 -0.9281
vn 0.8114 -0.4907 -0.3176
vn -0.3471 0.9241 -0.1601
vn -0.5737 0.1718 0.8008
vn 0.5869 0.3518 -0.7292
vn 0.5663 -0.1850 -0.8031
vn 0.7031 -0.3692 -0.6077
vn 0.4657 -0.1296 -0.8754
vn 0.4799 -0.3228 -0.8158
vn -0.0861 -0.8775 0.4718
vn -0.1608 0.9341 -0.3186
vn -0.6496 -0.0684 0.7572
vn -0.3411 -0.3445 0.8746
vn 0.3556 -0.5160 0.7793
vn 0.4327 0.0756 0.8984
vn 0.3668 0.1642 0.9157
vn 0.3797 0.4844 0.7881
vn 0.2811 0.6251 0.7282
vn 0.6320 0.1368 0.7628
vn 0.4533 -0.5878 0.6701
vn 0.7070 -0.6923 0.1444
vn 0.0857 -0.1973 0.9766
vn 0.1119 -0.2003 0.9733
vn 0.5614 -0.3878 -0.7311
vn 0.8829 -0.4654 0.0621
vn 0.7563 -0.2851 -0.5888
vn 0.4366 -0.8466 -0.3042
vn -0.2860 0.1879 -0.9396
vn -0.3855 0.4712 -0.7933
vn -0.2210 0.7057 -0.6732
vn -0.1357 0.7366 0.6626
vn -0.8451 -0.0781 -0.5288
vn -0.5569 0.6234 -0.5489
vn 0.7045 -0.2891 0.6482
vn 0.6909 -0.3114 0.6525
vn -0.2242 -0.8996 -0.3749
vn -0.2475 -0.9688 0.0136
vn 0.8359 -0.3361 0.4339
vn 0.7455 0.0217 0.6662
vn 0.6021 0.5533 0.5756
vn 0.7466 0.4221 0.5143
vn 0.7553 0.4407 0.4851
vn -0.1388 -0.9815 0.1319
vn -0.8790 -0.4767 0.0128
vn -0.9802 -0.1578 0.1198
vn -0.1683 -0.9857 0.0116
vn -0.8946 0.0142 -0.4466
vn -0.8095 0.3676 -0.4578
vn -0.9324 0.1149 -0.3428
vn -0.9644 0.1276 -0.2318
vn -0.8020 0.4988 -0.3285
vn 0.6003 0.7687 0.2208
vn -0.0206 0.9779 -0.2082
vn 0.4222 -0.8824 0.2078
vn 0.2565 0.9546 0.1515
vn 0.9280 -0.2277 0.2948
vn 0.9114 -0.3781 0.1626
vn 0.9125 0.0950 0.3980
vn 0.9894 -0.0477 0.1374
vn 0.4138 -0.8883 0.1992
vn 0.7908 0.0135 -0.6119
vn 0.6913 -0.0945 0.7164
vn 0.6487 -0.2384 0.7228
vn -0.7951 -0.6030 -0.0658
vn -0.5640 -0.3918 0.7269
vn -0.6388 -0.6675 0.3826
vn -0.5825 -0.6511 0.4865
vn 0.5203 -0.1269 0.8445
vn 0.5652 0.0159 0.8248
vn 0.5212 -0.0059 0.8534
vn -0.6351 -0.1469 0.7584
vn -0.7156 -0.5673 0.4076
vn -0.6976 -0.2523 0.6706
vn -0.5710 -0.8192 -0.0540
vn -0.4690 0.2576 0.8448
vn -0.4720 0.3366 0.8148
vn -0.2117 -0.8350 -0.5078
vn 0.0193 -0.6703 -0.7419
vn -0.3172 0.3529 0.8802
vn -0.4315 0.0985 0.8967
vn 0.6823 0.0001 -0.7310
vn 0.4030 -0.1577 -0.9015
vn 0.6965 0.0098 -0.7175
vn -0.2935 0.5877 0.7540
vn -0.2770 0.6401 0.7166
vn 0.4262 0.9017 0.0730
vn -0.8923 0.2421 -0.3809
vn -0.2776 -0.8393 0.4674
vn 0.7106 -0.5484 0.4407
vn -0.7539 -0.2279 -0.6162
vn -0.3802 -0.3697 -0.8478
vn 0.6117 -0.7290 0.3072
vn -0.0504 -0.9961 -0.0726
vn 0.7100 -0.6084 0.3546
vn -0.5295 0.7972 -0.2902
vn -0.0459 0.9989 -0.0135
vn -0.5435 -0.7231 0.4264
vn -0.8357 -0.2475 -0.4903
vn -0.7529 0.0070 -0.6581
vn -0.0875 -0.7518 0.6535
vn -0.6281 0.1244 -0.7681
vn -0.7065 0.1556 -0.6904
vn -0.3243 0.1701 -0.9306
vn -0.9609 -0.0930 -0.2609
vn 0.6434 -0.6486 0.4066
vn -0.7681 0.2462 -0.5910
vn 0.5218 0.7946 0.3104
vn -0.4038 0.4973 -0.7679
vn 0.7996 0.3692 0.4736
vn 0.8032 -0.3652 0.4706
vn -0.4130 0.6505 0.6374
vn -0.6471 0.2233 0.7290
vn -0.8007 0.4755 0.3645
vn -0.7397 0.6211 -0.2592
vn -0.7247 0.6293 -0.2806
vn 0.2799 0.9094 0.3076
vn 0.4939 -0.0906 -0.8648
vn 0.7984 -0.4279 0.4236
vn -0.3287 0.8952 0.3010
vn -0.3287 0.9291 -0.1696
vn 0.5129 0.2579 -0.8188
vn -0.4144 0.7353 -0.5363
vn 0.0236 0.7442 -0.6675
vn 0.3160 0.4419 -0.8396
vn 0.6921 -0.2302 0.6841
vn 0.7228 -0.4114 0.5552
vn 0.8278 0.0955 0.5529
vn 0.6272 0.6191 -0.4726
vn -0.1144 0.7991 -0.5902
vn 0.9626 -0.0460 0.2669
vn 0.1374 0.6956 -0.7052
vn 0.0873 0.6741 -0.7335
vn 0.6586 0.6955 -0.2874
vn 0.6533 -0.3224 0.6850
vn 0.0303 0.0309 0.9991
vn -0.0879 0.0926 0.9918
vn 0.1987 0.1871 0.9620
vn 0.2598 0.2142 0.9416
vn 0.5986 0.5861 0.5461
vn 0.6669 0.5952 0.4483
vn -0.5869 -0.7277 -0.3550
vn -0.3028 -0.4662 -0.8312
vn -0.3248 -0.4739 -0.8185
vn -0.0789 0.0059 -0.9969
vn 0.6759 0.4982 -0.5432
vn -0.3448 -0.1203 -0.9309
vn -0.0495 0.1575 -0.9863
vn 0.3782 0.4434 -0.8126
vn 0.8819 0.4691 0.0477
vn -0.3139 0.0314 0.9489
vn -0.1394 -0.0496 0.9890
vn 0.4315 -0.4864 0.7598
vn -0.0970 0.0835 0.9918
vn -0.3305 0.3663 0.8698
vn -0.6506 0.2038 0.7316
vn -0.5303 0.2747 0.8020
vn 0.6717 -0.1763 -0.7196
vn 0.5022 -0.3519 -0.7899
vn -0.7279 0.5854 0.3571
vn -0.7851 0.4674 0.4063
vn -0.2606 0.4785 -0.8385
vn -0.5383 0.6923 0.4806
vn 0.2244 0.1626 0.9608
vn 0.6309 -0.7049 0.3240
vn 0.6121 -0.7900 -0.0350
vn 0.7514 -0.6161 -0.2365
vn 0.6178 -0.5698 0.5419
vn -0.2159 -0.9720 -0.0925
vn 0.0008 0.5059 0.8626
vn 0.6292 0.2068 0.7493
vn 0.5386 0.2623 0.8007
vn -0.4663 0.7772 0.4226
vn -0.0664 0.6633 0.7454
vn -0.4715 0.8448 0.2528
vn 0.2977 0.7846 0.5438
vn 0.3960 0.8685 0.2981
vn 0.5581 -0.0575 -0.8278
vn 0.4830 0.0976 -0.8702
vn 0.1487 -0.0654 -0.9867
vn -0.7582 -0.6505 -0.0458
vn -0.7426 -0.4077 -0.5313
vn -0.8007 -0.0138 -0.5989
vn -0.9368 -0.2986 -0.1824
vn -0.9573 0.0589 -0.2831
vn -0.9171 -0.3982 0.0186
vn -0.8964 -0.4328 0.0953
vn -0.8468 0.5015 -0.1770
vn -0.9864 -0.1322 0.0980
vn -0.9937 -0.0946 -0.0599
vn -0.6570 0.6157 -0.4350
vn -0.8015 0.4415 -0.4032
vn 0.7310 -0.3575 0.5812
vn 0.7962 -0.2665 0.5432
vn 0.8633 0.0755 0.4991
vn 0.7213 0.4326 0.5408
vn 0.7535 0.3159 0.5765
vn -0.1494 -0.9887 0.0108
vn 0.9245 0.1245 0.3604
vn 0.9073 0.3165 0.2768
vn 0.9158 0.3276 0.2323
vn -0.6072 -0.7588 0.2356
vn -0.2164 -0.9586 0.1851
vn 0.1211 -0.9723 0.2000
vn 0.1225 -0.9719 0.2010
vn 0.7966 -0.5733 0.1918
vn 0.9741 -0.1645 0.1550
vn 0.7493 -0.6526 0.1122
vn 0.9774 -0.1742 -0.1197
vn 0.9117 0.4034 -0.0781
vn 0.0578 -0.9594 0.2759
vn 0.7614 0.4785 0.4373
vn 0.6908 0.6317 0.3519
vn 0.7580 0.6438 0.1048
vn 0.7395 0.6696 0.0689
vn -0.2767 0.8963 -0.3465
vn 0.3916 0.8973 -0.2035
vn 0.3201 0.1481 0.9357
vn 0.6146 -0.6671 -0.4211
vn 0.7415 -0.4548 -0.4933
vn 0.6694 -0.7180 -0.1908
vn -0.3616 0.0065 0.9323
vn -0.1722 -0.0381 0.9843
vn -0.5866 0.1286 0.7996
vn 0.1374 -0.8319 0.5376
vn 0.4201 -0.7680 0.4834
vn 0.7407 -0.3694 -0.5612
vn 0.6371 -0.7491 0.1818
vn 0.7164 -0.6857 0.1286
vn -0.1408 -0.4760 0.8681
vn 0.5495 -0.7729 -0.3172
vn 0.1462 -0.1819 -0.9724
vn 0.4976 -0.1503 -0.8543
vn -0.7549 -0.0849 0.6504
vn -0.1857 -0.6119 -0.7688
vn -0.8312 -0.1639 0.5313
vn -0.9343 0.3462 0.0849
vn -0.5216 0.3057 0.7966
vn -0.7071 0.7049 -0.0561
vn -0.8513 0.2533 0.4594
vn -0.0837 0.7885 -0.6093
vn -0.1188 0.8028 -0.5843
vn -0.4691 -0.6532 0.5944
vn -0.8390 -0.2406 0.4880
vn -0.8406 -0.2287 0.4910
vn -0.0581 -0.8209 0.5680
vn 0.6623 -0.7393 0.1217
vn -0.9685 -0.0637 0.2405
vn 0.7207 0.5058 -0.4740
vn 0.5455 0.5916 -0.5936
vn 0.6879 0.4889 -0.5364
vn 0.7322 0.1307 -0.6684
vn 0.8493 0.0506 -0.5255
vn 0.5122 0.5381 -0.6694
vn 0.8331 0.2424 -0.4971
vn -0.3324 -0.2339 -0.9137
vn -0.2605 -0.7943 -0.5488
vn -0.3647 -0.6006 -0.7115
vn -0.3520 0.9098 0.2199
vn -0.6370 0.4491 -0.6265
vn -0.5422 0.0338 -0.8396
vn -0.5036 0.8144 -0.2884
vn 0.6299 -0.5034 0.5914
vn 0.3131 -0.9314 0.1858
vn -0.1426 0.5844 0.7988
vn 0.4721 -0.0092 0.8815
vn 0.4725 -0.0329 0.8807
vn 0.3336 0.0929 0.9381
vn 0.0634 -0.9530 -0.2962
vn -0.3343 -0.4439 -0.8314
vn -0.4700 0.0811 -0.8789
vn -0.4653 0.1534 -0.8717
vn -0.4826 0.1501 -0.8629
vn -0.2094 0.8081 0.5506
vn -0.7019 0.7081 -0.0768
vn 0.1827 0.1333 -0.9741
vn -0.2309 0.6329 -0.7390
vn -0.0602 0.5994 -0.7982
vn 0.2195 0.0731 -0.9729
vn 0.5182 0.2657 -0.8130
vn 0.9154 0.1084 -0.3878
vn 0.4470 -0.8492 0.2812
vn 0.5221 -0.0097 0.8528
vn 0.2252 -0.7729 0.5933
vn 0.4350 -0.7057 0.5593
vn 0.3211 -0.6848 0.6541
vn 0.2914 -0.4828 0.8258
vn 0.5246 0.1209 0.8427
vn -0.0374 -0.9982 0.0469
vn -0.5657 -0.7721 0.2894
vn 0.3569 -0.2911 0.8876
vn 0.5523 0.1541 0.8192
vn 0.5492 0.1524 0.8217
vn -0.3391 -0.7785 0.5281
vn -0.8074 -0.5291 -0.2611
vn -0.8577 -0.4428 0.2614
vn -0.7363 -0.4115 0.5372
vn -0.8893 -0.4401 -0.1246
vn -0.8836 -0.4360 0.1706
vn -0.6776 -0.2256 -0.6999
vn -0.6135 -0.1419 -0.7769
vn -0.4336 -0.6486 -0.6255
vn -0.5657 -0.1708 -0.8067
vn -0.5921 -0.0951 -0.8002
vn -0.7705 -0.1700 -0.6144
vn -0.7712 -0.6291 0.0972
vn -0.8108 -0.1350 -0.5695
vn -0.6658 -0.0683 -0.7430
vn -0.6691 -0.0673 -0.7401
vn -0.4372 -0.1240 -0.8908
vn -0.5308 -0.2147 -0.8199
vn 0.2911 -0.9567 0.0014
vn 0.6107 -0.7762 -0.1566
vn -0.5748 -0.6227 0.5309
vn -0.3160 -0.9172 0.2426
vn 0.2690 -0.9619 -0.0486
vn -0.0337 -0.9857 0.1654
vn -0.6032 0.2552 0.7556
vn -0.4279 -0.1078 0.8973
vn -0.8759 -0.3687 0.3113
vn -0.8484 0.0971 0.5204
vn -0.8531 0.1116 0.5097
vn -0.6402 0.4141 0.6470
vn -0.0547 0.4471 0.8928
vn 0.3452 -0.0136 0.9384
vn 0.2877 -0.1089 0.9515
vn -0.4594 -0.8531 0.2474
vn -0.9910 0.0859 -0.1030
vn -0.8836 -0.4019 0.2402
vn 0.8377 -0.5452 -0.0309
vn -0.9927 -0.0856 0.0855
vn -0.7633 0.5193 -0.3844
vn -0.0460 0.9777 -0.2051
vn -0.7853 0.6083 -0.1158
vn -0.8075 0.5841 -0.0821
vn -0.2869 0.9255 -0.2472
vn -0.9440 0.2229 0.2431
vn -0.8821 0.4506 0.1376
vn -0.7392 0.5944 0.3168
vn 0.2068 -0.9373 -0.2806
vn 0.4950 -0.8623 -0.1068
vn 0.6949 -0.5846 -0.4187
vn 0.8216 -0.5083 -0.2581
vn -0.7250 0.6702 0.1586
vn -0.5982 0.6322 0.4925
vn -0.7235 0.5542 0.4115
vn -0.1015 0.9866 -0.1277
vn 0.0599 0.9962 -0.0626
vn 0.2938 0.9430 -0.1566
vn -0.1609 0.9859 -0.0456
vn 0.1670 0.9546 -0.2467
vn 0.7061 0.4140 0.5745
vn 0.0709 0.9964 -0.0455
vn -0.0834 -0.9601 0.2669
vn -0.5019 -0.1236 -0.8561
vn 0.4836 0.8416 -0.2405
vn 0.1105 0.9103 0.3989
vn -0.6604 -0.2820 0.6959
vn -0.6402 -0.7558 -0.1374
vn -0.5338 -0.4231 -0.7321
vn -0.1061 -0.9670 -0.2315
vn -0.0183 -0.8423 -0.5387
vn 0.0076 0.1857 0.9826
vn -0.5824 -0.1411 -0.8006
vn -0.2853 0.6865 0.6688
vn -0.1373 -0.0640 -0.9885
vn 0.5319 0.3738 -0.7599
vn 0.4598 -0.6180 -0.6377
vn 0.2782 -0.5406 -0.7939
vn 0.4121 -0.5624 -0.7169
vn 0.7772 -0.2744 -0.5663
vn 0.1272 0.7886 0.6017
vn -0.3563 0.8855 0.2984
vn 0.1272 0.7887 0.6015
vn 0.7316 0.5353 0.4221
vn 0.2702 -0.2427 -0.9317
vn 0.7120 -0.2022 -0.6724
vn 0.7035 -0.0015 0.7106
vn -0.3381 0.0814 -0.9376
vn 0.9093 0.1717 0.3791
vn 0.8677 0.4634 0.1798
vn 0.6210 0.4354 -0.6517
vn 0.8210 0.4688 0.3257
vn 0.8815 0.3448 -0.3227
vn -0.2761 0.0748 -0.9582
vn 0.5033 0.3710 -0.7804
vn 0.5285 0.8441 -0.0905
vn 0.8957 0.4374 0.0796
vn 0.9476 0.2624 -0.1822
vn 0.9216 0.3145 -0.2276
vn 0.9190 0.0244 -0.3934
vn -0.1881 0.9599 -0.2078
vn 0.5967 -0.0617 -0.8001
vn 0.3560 -0.3086 -0.8820
vn 0.3834 -0.3548 -0.8527
vn 0.6266 -0.1772 -0.7589
vn 0.6915 -0.1360 -0.7095
vn 0.4840 0.0176 -0.8749
vn 0.5389 0.8347 0.1131
vn -0.9731 0.0937 0.2103
vn -0.9287 -0.3419 -0.1437
vn -0.9664 -0.0930 0.2397
vn -0.9809 -0.1907 0.0376
vn -0.9010 0.3301 -0.2814
vn -0.9040 0.2249 -0.3635
vn -0.2527 -0.9399 -0.2296
vn 0.0704 0.7852 0.6153
vn 0.0147 -0.9996 -0.0223
vn 0.1467 -0.9806 -0.1298
vn -0.2864 -0.8722 -0.3966
vn -0.0280 -0.9990 -0.0351
vn -0.5068 -0.8562 -0.1006
vn -0.8168 0.5749 -0.0491
vn 0.5351 -0.8413 0.0762
vn -0.0580 -0.8857 -0.4606
vn -0.3014 0.9378 0.1722
vn 0.7229 -0.6820 -0.1108
vn -0.1697 0.9789 0.1138
vn 0.8144 -0.5786 0.0439
vn -0.8452 -0.5320 -0.0517
vn 0.5698 0.7858 0.2405
vn -0.8253 0.2934 -0.4825
vn 0.8332 0.4290 -0.3489
vn 0.3695 -0.9069 0.2027
vn -0.0961 -0.9868 -0.1302
vn -0.0488 -0.9988 0.0045
vn -0.6239 0.6841 -0.3777
vn -0.6398 0.5876 -0.4953
vn -0.5700 -0.7457 -0.3450
vn 0.3076 -0.8620 0.4030
vn 0.5190 -0.6395 0.5672
vn 0.5785 -0.6128 0.5383
vn -0.1387 0.9767 -0.1639
vn 0.2256 0.9661 0.1257
vn -0.4534 0.6962 -0.5566
vn 0.0812 0.9957 0.0449
vn -0.7457 -0.4872 -0.4545
vn -0.4549 0.7662 -0.4539
vn 0.6802 0.5799 0.4483
vn 0.2180 -0.9300 0.2957
vn -0.1966 -0.9805 -0.0037
vn -0.5985 0.4353 -0.6726
vn -0.5948 0.4605 -0.6589
vn 0.3859 -0.6138 0.6887
vn -0.2777 -0.9589 -0.0580
vn -0.5354 0.6625 -0.5239
vn -0.4713 -0.0492 -0.8806
vn 0.4769 0.0629 0.8767
vn 0.6319 -0.6349 0.4446
vn 0.7561 -0.5315 0.3820
vn -0.6907 0.0956 -0.7168
vn 0.7452 -0.3894 0.5414
vn 0.6710 -0.0508 0.7398
vn 0.7361 -0.2214 0.6397
vn -0.7298 0.4844 -0.4825
vn 0.1134 0.8702 -0.4795
vn 0.0853 0.8167 -0.5707
vn 0.9371 -0.2472 0.2465
vn 0.6471 0.0621 0.7599
vn 0.7391 0.1618 0.6538
vn 0.8858 -0.0078 0.4640
vn 0.9285 0.3634 0.0762
vn -0.4068 -0.8999 -0.1573
vn -0.4456 -0.4526 0.7724
vn -0.5408 -0.7674 0.3445
vn -0.7380 0.3446 -0.5802
vn -0.4632 0.7361 -0.4936
vn 0.5882 -0.1414 0.7963
vn 0.5066 0.7001 0.5031
vn 0.3626 0.0080 0.9319
vn -0.0268 -0.3753 0.9265
vn 0.1812 -0.0791 0.9803
vn -0.0399 -0.1165 0.9924
vn 0.1654 -0.0414 0.9854
vn 0.3591 0.6678 0.6520
vn 0.1558 -0.0619 0.9858
vn 0.3340 0.5740 0.7476
vn 0.3738 0.8925 0.2524
vn 0.6249 -0.0792 0.7767
vn -0.5680 0.1580 -0.8077
vn -0.3572 0.5084 -0.7835
vn -0.3340 -0.8925 -0.3031
vn -0.3231 -0.8924 -0.3150
vn -0.3365 0.1987 -0.9205
vn 0.8211 0.5695 0.0375
vn 0.3834 0.4811 -0.7884
vn 0.4149 0.6673 -0.6185
vn -0.3544 -0.3978 -0.8463
vn -0.3675 -0.8131 -0.4514
vn -0.3459 0.4160 -0.8410
vn -0.2326 -0.1374 -0.9628
vn -0.0783 0.5650 -0.8214
vn 0.1074 0.1108 -0.9880
vn 0.0574 0.3494 -0.9352
vn 0.1764 0.6999 -0.6921
vn 0.2336 0.9135 -0.3330
vn -0.6489 -0.0275 -0.7603
vn -0.0641 -0.0216 -0.9977
vn 0.3576 -0.6536 0.6670
vn 0.9030 -0.2782 0.3275
vn 0.8004 -0.4247 0.4231
vn 0.6230 0.7073 -0.3339
vn 0.9739 0.0535 0.2207
vn 0.9801 0.1692 0.1042
vn 0.6759 -0.3769 0.6333
vn 0.9251 -0.3681 -0.0937
vn 0.7882 0.0581 -0.6127
vn 0.9661 0.1556 -0.2061
vn 0.9719 -0.0041 -0.2353
vn -0.5111 -0.1212 0.8509
vn -0.4304 -0.9017 -0.0408
vn -0.5749 -0.7014 0.4214
vn -0.3269 -0.5010 0.8014
vn -0.2211 -0.3205 0.9211
vn -0.0920 0.0538 0.9943
vn -0.0729 0.0538 0.9959
vn -0.8852 -0.2667 0.3812
vn -0.6318 -0.7173 0.2940
vn -0.9424 0.1124 0.3151
vn -0.9536 0.0712 0.2926
vn -0.8729 0.0864 0.4802
vn -0.7662 0.4166 0.4893
vn -0.4654 0.8842 -0.0401
vn -0.6695 -0.6117 0.4214
vn -0.7884 0.0009 0.6151
vn -0.7151 -0.3859 0.5828
vn -0.3457 -0.9381 -0.0236
vn -0.0267 -0.9415 -0.3360
vn 0.5383 -0.5527 -0.6362
vn 0.5800 -0.5660 -0.5859
vn -0.4551 -0.8636 0.2169
vn -0.4745 0.2378 0.8475
vn -0.1024 0.7996 0.5917
vn -0.1305 0.9882 0.0803
vn 0.0231 -0.9890 -0.1459
vn -0.5014 -0.1159 0.8574
vn 0.2729 0.5468 0.7916
vn 0.4572 0.4954 0.7386
vn 0.6092 0.7367 0.2935
vn 0.4874 0.8689 0.0864
vn -0.0965 0.5482 0.8308
vn 0.5177 0.8518 0.0798
vn 0.4237 0.0744 -0.9027
vn 0.6127 0.3524 -0.7074
vn 0.6226 0.3498 -0.7000
vn 0.1720 0.1092 -0.9790
vn -0.1792 -0.5552 -0.8122
vn 0.0834 0.1382 -0.9869
vn 0.5713 0.7391 -0.3569
vn 0.4633 0.8392 -0.2848
vn 0.5664 0.6386 -0.5209
vn 0.5643 -0.8206 -0.0907
vn 0.7873 -0.5498 -0.2791
vn 0.5635 -0.8213 -0.0890
vn 0.9408 -0.2517 -0.2272
vn -0.0728 0.9961 -0.0501
vn 0.7219 0.6634 -0.1969
vn 0.9642 0.1120 -0.2402
vn 0.5603 -0.6932 -0.4534
vn 0.8379 -0.2463 -0.4870
vn 0.8690 0.0730 -0.4894
vn 0.8521 0.2782 -0.4434
vn 0.9433 -0.0159 -0.3316
vn 0.4006 0.1701 -0.9003
vn 0.7526 -0.3427 -0.5623
vn 0.5942 0.2481 -0.7651
vn 0.4747 -0.8765 -0.0794
vn 0.9557 -0.1210 -0.2685
vn -0.6439 0.5052 0.5746
vn 0.2554 -0.5260 -0.8113
vn -0.4677 0.0109 -0.8838
vn 0.7527 0.5974 -0.2766
s 0
f 3//1 2//1 24//1
f 9//2 2//2 3//2
f 1//3 4//3 56//3
f 4//4 7//4 6//4
f 7//5 65//5 6//5
f 9//6 5//6 2//6
f 13//7 8//7 12//7
f 14//8 63//8 64//8
f 7//9 66//9 65//9
f 17//10 16//10 18//10
f 20//11 1//11 15//11
f 18//12 16//12 21//12
f 2//13 20//13 24//13
f 2//14 1//14 20//14
f 27//15 18//15 21//15
f 16//16 23//16 21//16
f 27//17 29//17 26//17
f 528//18 28//18 62//18
f 30//19 23//19 16//19
f 32//20 36//20 31//20
f 42//21 34//21 31//21
f 66//22 37//22 38//22
f 39//23 36//23 33//23
f 39//24 49//24 36//24
f 41//25 40//25 39//25
f 41//26 39//26 37//26
f 34//27 42//27 17//27
f 73//28 30//28 17//28
f 43//29 73//29 17//29
f 44//30 42//30 35//30
f 43//31 17//31 42//31
f 48//32 44//32 49//32
f 41//33 53//33 40//33
f 40//34 53//34 51//34
f 53//35 41//35 50//35
f 54//36 52//36 46//36
f 60//37 22//37 19//37
f 55//38 22//38 60//38
f 61//39 69//39 58//39
f 59//40 61//40 58//40
f 22//41 55//41 29//41
f 63//42 55//42 64//42
f 64//43 55//43 57//43
f 64//44 57//44 68//44
f 62//45 55//45 63//45
f 13//46 67//46 66//46
f 69//47 67//47 68//47
f 13//48 68//48 67//48
f 71//49 69//49 61//49
f 71//50 37//50 67//50
f 72//51 59//51 23//51
f 74//52 61//52 72//52
f 75//53 74//53 72//53
f 76//54 83//54 74//54
f 73//55 77//55 75//55
f 77//56 76//56 75//56
f 77//57 78//57 76//57
f 81//58 50//58 41//58
f 184//59 80//59 177//59
f 82//60 190//60 189//60
f 87//61 80//61 184//61
f 83//62 79//62 74//62
f 85//63 76//63 291//63
f 78//64 291//64 76//64
f 84//65 205//65 81//65
f 84//66 79//66 83//66
f 80//67 86//67 202//67
f 87//68 86//68 80//68
f 90//69 88//69 82//69
f 90//70 82//70 91//70
f 91//71 92//71 90//71
f 212//72 739//72 92//72
f 93//73 95//73 123//73
f 94//74 126//74 97//74
f 93//75 98//75 106//75
f 94//76 98//76 93//76
f 97//77 153//77 98//77
f 118//78 99//78 117//78
f 109//79 117//79 99//79
f 175//80 99//80 118//80
f 100//81 101//81 109//81
f 105//82 118//82 104//82
f 104//83 103//83 93//83
f 104//84 107//84 108//84
f 105//85 108//85 121//85
f 103//86 95//86 93//86
f 109//87 112//87 110//87
f 110//88 112//88 96//88
f 114//89 136//89 96//89
f 115//90 114//90 111//90
f 112//91 115//91 111//91
f 116//92 112//92 113//92
f 115//93 112//93 116//93
f 113//94 112//94 109//94
f 150//95 113//95 101//95
f 121//96 122//96 186//96
f 150//97 116//97 113//97
f 120//98 119//98 121//98
f 126//99 94//99 125//99
f 123//100 124//100 127//100
f 133//101 127//101 124//101
f 129//102 133//102 124//102
f 127//103 133//103 132//103
f 125//104 132//104 131//104
f 126//105 134//105 139//105
f 123//106 125//106 94//106
f 129//107 124//107 136//107
f 126//108 139//108 97//108
f 137//109 140//109 145//109
f 145//110 138//110 137//110
f 137//111 138//111 136//111
f 128//112 141//112 134//112
f 144//113 141//113 128//113
f 141//114 135//114 134//114
f 141//115 142//115 135//115
f 130//116 129//116 136//116
f 130//117 136//117 138//117
f 171//118 145//118 147//118
f 146//119 145//119 171//119
f 596//120 129//120 130//120
f 148//121 137//121 114//121
f 173//122 116//122 150//122
f 233//123 173//123 150//123
f 233//124 174//124 173//124
f 152//125 107//125 106//125
f 157//126 152//126 155//126
f 158//127 122//127 108//127
f 158//128 159//128 122//128
f 163//129 161//129 159//129
f 122//130 121//130 108//130
f 163//131 160//131 172//131
f 162//132 122//132 161//132
f 163//133 162//133 161//133
f 159//134 161//134 122//134
f 166//135 156//135 169//135
f 165//136 168//136 164//136
f 167//137 169//137 168//137
f 170//138 171//138 147//138
f 166//139 148//139 172//139
f 173//140 115//140 116//140
f 173//141 172//141 115//141
f 174//142 231//142 163//142
f 233//143 231//143 174//143
f 174//144 163//144 172//144
f 100//145 99//145 176//145
f 175//146 178//146 176//146
f 175//147 118//147 178//147
f 102//148 100//148 177//148
f 180//149 102//149 177//149
f 178//150 183//150 182//150
f 182//151 181//151 178//151
f 184//152 177//152 176//152
f 190//153 184//153 176//153
f 181//154 190//154 176//154
f 179//155 185//155 183//155
f 179//156 183//156 178//156
f 186//157 230//157 188//157
f 186//158 188//158 185//158
f 185//159 239//159 187//159
f 185//160 188//160 239//160
f 119//161 120//161 179//161
f 189//162 190//162 182//162
f 191//163 189//163 182//163
f 91//164 189//164 191//164
f 191//165 201//165 91//165
f 187//166 201//166 191//166
f 193//167 51//167 53//167
f 192//168 54//168 51//168
f 239//169 214//169 187//169
f 199//170 194//170 180//170
f 197//171 195//171 196//171
f 197//172 180//172 195//172
f 194//173 149//173 102//173
f 198//174 233//174 150//174
f 198//175 150//175 151//175
f 151//176 194//176 199//176
f 151//177 199//177 200//177
f 91//178 82//178 189//178
f 187//179 208//179 201//179
f 202//180 204//180 196//180
f 204//181 197//181 196//181
f 355//182 193//182 53//182
f 355//183 205//183 206//183
f 210//184 219//184 203//184
f 219//185 222//185 223//185
f 219//186 204//186 203//186
f 209//187 203//187 202//187
f 212//188 92//188 207//188
f 211//189 212//189 207//189
f 213//190 212//190 211//190
f 226//191 213//191 211//191
f 216//192 211//192 208//192
f 214//193 208//193 187//193
f 214//194 218//194 215//194
f 219//195 197//195 204//195
f 200//196 197//196 219//196
f 221//197 220//197 223//197
f 220//198 225//198 200//198
f 224//199 257//199 200//199
f 220//200 221//200 217//200
f 225//201 220//201 217//201
f 254//202 217//202 215//202
f 256//203 225//203 217//203
f 226//204 216//204 221//204
f 216//205 226//205 211//205
f 675//206 221//206 223//206
f 227//207 368//207 228//207
f 676//208 229//208 227//208
f 227//209 372//209 368//209
f 230//210 162//210 231//210
f 231//211 236//211 230//211
f 236//212 231//212 234//212
f 234//213 231//213 233//213
f 235//214 198//214 151//214
f 238//215 236//215 237//215
f 188//216 214//216 239//216
f 198//217 235//217 237//217
f 249//218 151//218 200//218
f 249//219 235//219 151//219
f 1001//220 246//220 242//220
f 243//221 232//221 238//221
f 971//222 242//222 973//222
f 242//223 245//223 973//223
f 242//224 246//224 245//224
f 237//225 248//225 238//225
f 252//226 248//226 235//226
f 267//227 244//227 240//227
f 710//228 709//228 247//228
f 253//229 710//229 1011//229
f 249//230 252//230 235//230
f 247//231 246//231 1001//231
f 256//232 217//232 254//232
f 225//233 256//233 224//233
f 241//234 200//234 257//234
f 255//235 258//235 218//235
f 224//236 259//236 257//236
f 680//237 261//237 260//237
f 229//238 405//238 372//238
f 261//239 407//239 260//239
f 260//240 407//240 405//240
f 262//241 407//241 263//241
f 264//242 1031//242 255//242
f 250//243 249//243 241//243
f 266//244 264//244 244//244
f 267//245 266//245 244//245
f 255//246 1031//246 258//246
f 269//247 52//247 54//247
f 278//248 272//248 279//248
f 284//249 276//249 271//249
f 280//250 283//250 278//250
f 278//251 279//251 280//251
f 283//252 345//252 277//252
f 282//253 302//253 312//253
f 286//254 77//254 73//254
f 286//255 287//255 77//255
f 285//256 47//256 288//256
f 741//257 286//257 285//257
f 290//258 285//258 288//258
f 291//259 78//259 77//259
f 292//260 293//260 291//260
f 741//261 292//261 287//261
f 289//262 297//262 290//262
f 298//263 275//263 272//263
f 331//264 302//264 301//264
f 303//265 317//265 270//265
f 305//266 274//266 271//266
f 306//267 307//267 304//267
f 276//268 306//268 305//268
f 305//269 304//269 274//269
f 313//270 312//270 310//270
f 448//271 310//271 309//271
f 313//272 282//272 312//272
f 302//273 311//273 312//273
f 312//274 311//274 314//274
f 310//275 312//275 314//275
f 316//276 307//276 306//276
f 303//277 322//277 317//277
f 317//278 320//278 318//278
f 318//279 320//279 319//279
f 322//280 320//280 317//280
f 332//281 331//281 300//281
f 322//282 303//282 321//282
f 321//283 303//283 307//283
f 334//284 330//284 321//284
f 275//285 298//285 326//285
f 326//286 298//286 299//286
f 326//287 299//287 325//287
f 323//288 325//288 299//288
f 300//289 275//289 326//289
f 326//290 327//290 300//290
f 327//291 332//291 300//291
f 322//292 324//292 320//292
f 330//293 329//293 324//293
f 332//294 311//294 331//294
f 332//295 333//295 311//295
f 334//296 321//296 316//296
f 316//297 335//297 334//297
f 335//298 343//298 334//298
f 315//299 335//299 316//299
f 334//300 339//300 330//300
f 343//301 339//301 334//301
f 343//302 778//302 339//302
f 336//303 341//303 335//303
f 327//304 337//304 332//304
f 333//305 338//305 315//305
f 270//306 318//306 298//306
f 315//307 316//307 314//307
f 356//308 344//308 192//308
f 280//309 279//309 346//309
f 381//310 346//310 279//310
f 283//311 348//311 345//311
f 346//312 387//312 388//312
f 350//313 348//313 388//313
f 392//314 391//314 350//314
f 348//315 350//315 351//315
f 348//316 351//316 347//316
f 358//317 193//317 355//317
f 206//318 361//318 355//318
f 355//319 361//319 358//319
f 344//320 359//320 353//320
f 361//321 367//321 358//321
f 362//322 367//322 361//322
f 359//323 363//323 353//323
f 390//324 365//324 364//324
f 366//325 392//325 390//325
f 367//326 356//326 358//326
f 368//327 370//327 369//327
f 364//328 374//328 369//328
f 370//329 371//329 369//329
f 371//330 228//330 368//330
f 368//331 372//331 366//331
f 376//332 378//332 375//332
f 374//333 375//333 371//333
f 371//334 378//334 817//334
f 375//335 378//335 371//335
f 378//336 379//336 818//336
f 354//337 361//337 206//337
f 281//338 381//338 279//338
f 381//339 384//339 346//339
f 383//340 381//340 380//340
f 384//341 387//341 346//341
f 381//342 383//342 384//342
f 382//343 385//343 380//343
f 382//344 393//344 385//344
f 390//345 386//345 365//345
f 365//346 386//346 374//346
f 376//347 375//347 389//347
f 390//348 392//348 350//348
f 393//349 394//349 385//349
f 395//350 396//350 394//350
f 376//351 397//351 378//351
f 425//352 352//352 391//352
f 352//353 398//353 349//353
f 425//354 399//354 352//354
f 433//355 401//355 430//355
f 400//356 399//356 401//356
f 366//357 405//357 406//357
f 408//358 407//358 262//358
f 415//359 865//359 410//359
f 415//360 410//360 412//360
f 429//361 403//361 413//361
f 421//362 429//362 413//362
f 415//363 420//363 416//363
f 420//364 417//364 416//364
f 417//365 415//365 416//365
f 262//366 417//366 416//366
f 420//367 414//367 417//367
f 419//368 413//368 414//368
f 420//369 419//369 414//369
f 1166//370 422//370 870//370
f 1166//371 423//371 422//371
f 424//372 879//372 423//372
f 423//373 879//373 422//373
f 414//374 408//374 262//374
f 426//375 396//375 395//375
f 412//376 409//376 411//376
f 437//377 411//377 396//377
f 396//378 438//378 437//378
f 428//379 433//379 430//379
f 429//380 440//380 432//380
f 431//381 428//381 429//381
f 437//382 436//382 412//382
f 437//383 441//383 436//383
f 439//384 441//384 437//384
f 439//385 888//385 441//385
f 421//386 440//386 429//386
f 438//387 434//387 442//387
f 276//388 444//388 308//388
f 445//389 308//389 444//389
f 444//390 451//390 445//390
f 446//391 447//391 310//391
f 447//392 313//392 310//392
f 448//393 309//393 445//393
f 349//394 451//394 444//394
f 451//395 450//395 448//395
f 451//396 448//396 445//396
f 449//397 393//397 447//397
f 450//398 449//398 446//398
f 398//399 452//399 451//399
f 452//400 450//400 451//400
f 454//401 395//401 393//401
f 400//402 453//402 452//402
f 450//403 454//403 449//403
f 453//404 454//404 450//404
f 456//405 468//405 475//405
f 456//406 455//406 468//406
f 459//407 456//407 475//407
f 458//408 456//408 459//408
f 1245//409 459//409 1185//409
f 458//410 459//410 1245//410
f 463//411 462//411 460//411
f 463//412 460//412 461//412
f 464//413 494//413 462//413
f 455//414 483//414 465//414
f 465//415 468//415 455//415
f 472//416 467//416 468//416
f 467//417 469//417 468//417
f 466//418 470//418 469//418
f 468//419 469//419 475//419
f 478//420 475//420 469//420
f 471//421 478//421 470//421
f 473//422 466//422 469//422
f 466//423 480//423 470//423
f 475//424 474//424 459//424
f 478//425 476//425 475//425
f 1257//426 476//426 477//426
f 478//427 471//427 479//427
f 471//428 480//428 481//428
f 482//429 1259//429 479//429
f 481//430 482//430 479//430
f 496//431 481//431 480//431
f 484//432 483//432 495//432
f 483//433 484//433 486//433
f 490//434 484//434 495//434
f 491//435 922//435 487//435
f 495//436 485//436 494//436
f 496//437 501//437 481//437
f 499//438 1256//438 500//438
f 499//439 498//439 1256//439
f 481//440 500//440 482//440
f 500//441 501//441 499//441
f 498//442 497//442 494//442
f 493//443 495//443 497//443
f 496//444 492//444 504//444
f 466//445 492//445 496//445
f 504//446 501//446 496//446
f 505//447 497//447 498//447
f 296//448 290//448 297//448
f 382//449 281//449 282//449
f 447//450 393//450 382//450
f 508//451 513//451 509//451
f 3//452 508//452 509//452
f 519//453 513//453 510//453
f 522//454 510//454 511//454
f 522//455 511//455 534//455
f 9//456 509//456 512//456
f 513//457 515//457 512//457
f 518//458 542//458 517//458
f 512//459 515//459 12//459
f 518//460 12//460 515//460
f 517//461 14//461 13//461
f 514//462 518//462 515//462
f 517//463 12//463 518//463
f 514//464 543//464 518//464
f 519//465 521//465 514//465
f 522//466 562//466 519//466
f 25//467 507//467 24//467
f 26//468 524//468 526//468
f 525//469 507//469 25//469
f 525//470 533//470 507//470
f 526//471 525//471 25//471
f 528//472 527//472 28//472
f 525//473 530//473 533//473
f 530//474 531//474 533//474
f 533//475 534//475 511//475
f 536//476 526//476 524//476
f 532//477 537//477 524//477
f 537//478 536//478 524//478
f 535//479 540//479 531//479
f 540//480 538//480 531//480
f 539//481 535//481 536//481
f 542//482 528//482 516//482
f 529//483 528//483 542//483
f 544//484 532//484 529//484
f 544//485 545//485 532//485
f 546//486 545//486 544//486
f 545//487 548//487 537//487
f 547//488 548//488 545//488
f 550//489 552//489 573//489
f 549//490 578//490 548//490
f 552//491 553//491 578//491
f 573//492 552//492 549//492
f 89//493 555//493 88//493
f 737//494 90//494 92//494
f 555//495 556//495 86//495
f 738//496 558//496 89//496
f 557//497 209//497 556//497
f 560//498 556//498 559//498
f 743//499 559//499 556//499
f 562//500 538//500 561//500
f 540//501 563//501 561//501
f 566//502 564//502 523//502
f 523//503 564//503 520//503
f 547//504 573//504 549//504
f 568//505 539//505 536//505
f 541//506 571//506 563//506
f 539//507 571//507 541//507
f 563//508 570//508 561//508
f 567//509 562//509 570//509
f 551//510 573//510 576//510
f 574//511 577//511 575//511
f 580//512 568//512 578//512
f 579//513 581//513 571//513
f 580//514 578//514 553//514
f 579//515 580//515 689//515
f 579//516 568//516 580//516
f 570//517 577//517 567//517
f 572//518 692//518 570//518
f 577//519 570//519 686//519
f 570//520 692//520 686//520
f 581//521 692//521 572//521
f 571//522 569//522 579//522
f 541//523 563//523 540//523
f 545//524 546//524 547//524
f 582//525 144//525 131//525
f 133//526 583//526 132//526
f 585//527 582//527 583//527
f 583//528 582//528 131//528
f 133//529 584//529 583//529
f 585//530 587//530 582//530
f 586//531 585//531 583//531
f 591//532 589//532 142//532
f 616//533 590//533 171//533
f 588//534 594//534 591//534
f 591//535 595//535 621//535
f 585//536 592//536 594//536
f 599//537 586//537 584//537
f 130//538 590//538 597//538
f 597//539 598//539 596//539
f 608//540 601//540 599//540
f 602//541 603//541 598//541
f 601//542 586//542 599//542
f 609//543 601//543 608//543
f 613//544 685//544 612//544
f 612//545 614//545 613//545
f 687//546 728//546 614//546
f 589//547 616//547 618//547
f 617//548 589//548 618//548
f 616//549 170//549 617//549
f 620//550 591//550 621//550
f 627//551 622//551 623//551
f 626//552 623//552 625//552
f 624//553 625//553 620//553
f 624//554 626//554 625//554
f 628//555 604//555 605//555
f 631//556 628//556 629//556
f 605//557 629//557 628//557
f 627//558 629//558 605//558
f 628//559 602//559 604//559
f 628//560 631//560 602//560
f 631//561 630//561 602//561
f 638//562 633//562 632//562
f 633//563 639//563 632//563
f 613//564 638//564 704//564
f 649//565 630//565 634//565
f 973//566 704//566 974//566
f 974//567 639//567 979//567
f 638//568 639//568 974//568
f 639//569 643//569 979//569
f 626//570 636//570 623//570
f 637//571 626//571 624//571
f 637//572 636//572 626//572
f 635//573 631//573 629//573
f 641//574 634//574 631//574
f 645//575 621//575 595//575
f 646//576 654//576 645//576
f 646//577 606//577 648//577
f 647//578 648//578 609//578
f 611//579 647//579 609//579
f 650//580 647//580 611//580
f 610//581 650//581 611//581
f 655//582 647//582 652//582
f 650//583 652//583 647//583
f 648//584 653//584 646//584
f 645//585 654//585 637//585
f 642//586 650//586 649//586
f 655//587 1340//587 653//587
f 650//588 656//588 652//588
f 656//589 1340//589 652//589
f 614//590 651//590 613//590
f 649//591 610//591 630//591
f 651//592 639//592 633//592
f 613//593 651//593 632//593
f 584//594 586//594 583//594
f 606//595 592//595 601//595
f 601//596 592//596 593//596
f 645//597 637//597 624//597
f 551//598 661//598 550//598
f 553//599 552//599 657//599
f 659//600 580//600 553//600
f 550//601 665//601 658//601
f 665//602 670//602 658//602
f 659//603 671//603 660//603
f 671//604 659//604 658//604
f 690//605 659//605 660//605
f 695//606 717//606 674//606
f 663//607 551//607 685//607
f 662//608 674//608 661//608
f 664//609 693//609 691//609
f 210//610 222//610 219//610
f 665//611 666//611 670//611
f 666//612 671//612 670//612
f 667//613 209//613 557//613
f 222//614 210//614 667//614
f 213//615 740//615 212//615
f 669//616 740//616 213//616
f 669//617 213//617 226//617
f 678//618 660//618 671//618
f 560//619 667//619 557//619
f 747//620 668//620 667//620
f 672//621 669//621 675//621
f 668//622 222//622 667//622
f 665//623 661//623 673//623
f 673//624 666//624 665//624
f 676//625 717//625 680//625
f 661//626 674//626 676//626
f 676//627 674//627 717//627
f 673//628 676//628 227//628
f 678//629 666//629 677//629
f 666//630 678//630 671//630
f 721//631 682//631 681//631
f 679//632 681//632 682//632
f 660//633 682//633 691//633
f 678//634 682//634 660//634
f 577//635 607//635 575//635
f 684//636 692//636 581//636
f 686//637 687//637 607//637
f 687//638 686//638 692//638
f 688//639 687//639 692//639
f 607//640 577//640 686//640
f 691//641 690//641 660//641
f 688//642 728//642 687//642
f 694//643 728//643 688//643
f 694//644 688//644 693//644
f 688//645 689//645 691//645
f 695//646 699//646 717//646
f 697//647 699//647 695//647
f 697//648 698//648 699//648
f 701//649 700//649 698//649
f 702//650 695//650 662//650
f 704//651 703//651 702//651
f 702//652 703//652 695//652
f 705//653 693//653 664//653
f 720//654 701//654 706//654
f 720//655 706//655 707//655
f 707//656 706//656 705//656
f 705//657 731//657 693//657
f 708//658 973//658 245//658
f 708//659 245//659 696//659
f 1010//660 1345//660 1344//660
f 246//661 709//661 696//661
f 698//662 709//662 710//662
f 706//663 701//663 698//663
f 250//664 252//664 249//664
f 704//665 708//665 703//665
f 644//666 643//666 711//666
f 732//667 643//667 639//667
f 1344//668 1343//668 644//668
f 711//669 1344//669 644//669
f 712//670 1344//670 711//670
f 712//671 716//671 715//671
f 716//672 706//672 715//672
f 699//673 680//673 717//673
f 263//674 261//674 718//674
f 719//675 262//675 263//675
f 718//676 699//676 700//676
f 719//677 718//677 700//677
f 700//678 701//678 720//678
f 720//679 719//679 700//679
f 722//680 719//680 720//680
f 722//681 262//681 719//681
f 865//682 722//682 723//682
f 865//683 723//683 683//683
f 683//684 721//684 864//684
f 865//685 683//685 864//685
f 724//686 705//686 664//686
f 724//687 664//687 683//687
f 724//688 723//688 707//688
f 683//689 723//689 724//689
f 259//690 725//690 265//690
f 1367//691 727//691 258//691
f 723//692 720//692 707//692
f 723//693 722//693 720//693
f 731//694 730//694 694//694
f 694//695 729//695 728//695
f 728//696 729//696 732//696
f 712//697 730//697 731//697
f 730//698 729//698 694//698
f 731//699 694//699 693//699
f 729//700 711//700 732//700
f 712//701 711//701 730//701
f 642//702 656//702 650//702
f 728//703 732//703 651//703
f 734//704 733//704 554//704
f 735//705 558//705 738//705
f 735//706 743//706 558//706
f 754//707 733//707 734//707
f 745//708 737//708 92//708
f 740//709 746//709 745//709
f 739//710 740//710 745//710
f 813//711 742//711 292//711
f 741//712 813//712 292//712
f 750//713 748//713 737//713
f 746//714 815//714 750//714
f 806//715 815//715 746//715
f 747//716 560//716 559//716
f 737//717 745//717 750//717
f 748//718 734//718 554//718
f 751//719 828//719 749//719
f 750//720 749//720 748//720
f 734//721 756//721 754//721
f 753//722 754//722 736//722
f 756//723 755//723 754//723
f 756//724 758//724 755//724
f 749//725 760//725 759//725
f 759//726 734//726 749//726
f 734//727 759//727 756//727
f 758//728 799//728 757//728
f 799//729 758//729 756//729
f 736//730 763//730 735//730
f 762//731 735//731 763//731
f 762//732 763//732 769//732
f 744//733 735//733 762//733
f 765//734 764//734 767//734
f 767//735 762//735 769//735
f 767//736 764//736 762//736
f 764//737 744//737 762//737
f 752//738 769//738 736//738
f 788//739 789//739 752//739
f 771//740 770//740 769//740
f 773//741 770//741 771//741
f 768//742 766//742 770//742
f 767//743 766//743 768//743
f 772//744 852//744 768//744
f 766//745 769//745 770//745
f 772//746 770//746 773//746
f 323//747 776//747 325//747
f 775//748 328//748 326//748
f 329//749 782//749 324//749
f 779//750 781//750 780//750
f 781//751 788//751 780//751
f 775//752 757//752 777//752
f 779//753 775//753 776//753
f 776//754 782//754 783//754
f 782//755 785//755 784//755
f 785//756 789//756 784//756
f 783//757 782//757 784//757
f 782//758 790//758 789//758
f 755//759 787//759 786//759
f 787//760 788//760 786//760
f 779//761 788//761 787//761
f 779//762 787//762 786//762
f 757//763 779//763 786//763
f 791//764 789//764 790//764
f 776//765 783//765 780//765
f 788//766 785//766 784//766
f 338//767 337//767 792//767
f 794//768 796//768 795//768
f 777//769 792//769 328//769
f 797//770 790//770 778//770
f 342//771 336//771 340//771
f 798//772 343//772 341//772
f 794//773 792//773 777//773
f 799//774 796//774 794//774
f 791//775 803//775 789//775
f 803//776 804//776 773//776
f 805//777 804//777 803//777
f 904//778 804//778 805//778
f 904//779 805//779 800//779
f 360//780 824//780 361//780
f 361//781 824//781 362//781
f 841//782 833//782 363//782
f 295//783 819//783 360//783
f 672//784 811//784 669//784
f 672//785 812//785 811//785
f 669//786 806//786 740//786
f 808//787 809//787 295//787
f 742//788 808//788 293//788
f 741//789 829//789 813//789
f 816//790 751//790 815//790
f 810//791 816//791 811//791
f 814//792 809//792 808//792
f 814//793 808//793 742//793
f 677//794 817//794 679//794
f 818//795 679//795 817//795
f 818//796 681//796 679//796
f 359//797 841//797 363//797
f 377//798 841//798 359//798
f 824//799 822//799 362//799
f 823//800 820//800 822//800
f 868//801 821//801 820//801
f 869//802 842//802 377//802
f 842//803 841//803 377//803
f 821//804 868//804 377//804
f 820//805 821//805 373//805
f 823//806 868//806 820//806
f 809//807 825//807 824//807
f 825//808 826//808 827//808
f 872//809 822//809 824//809
f 824//810 825//810 827//810
f 826//811 874//811 827//811
f 827//812 872//812 824//812
f 830//813 814//813 742//813
f 831//814 830//814 829//814
f 834//815 829//815 807//815
f 902//816 759//816 760//816
f 835//817 902//817 760//817
f 759//818 801//818 761//818
f 837//819 835//819 839//819
f 837//820 839//820 838//820
f 840//821 837//821 838//821
f 839//822 840//822 838//822
f 836//823 839//823 838//823
f 841//824 834//824 833//824
f 844//825 834//825 842//825
f 843//826 845//826 844//826
f 848//827 863//827 845//827
f 849//828 747//828 765//828
f 850//829 672//829 747//829
f 850//830 812//830 672//830
f 850//831 849//831 851//831
f 851//832 849//832 767//832
f 810//833 812//833 851//833
f 832//834 751//834 816//834
f 832//835 816//835 810//835
f 854//836 814//836 853//836
f 830//837 853//837 814//837
f 855//838 854//838 853//838
f 830//839 855//839 853//839
f 774//840 840//840 852//840
f 861//841 855//841 830//841
f 831//842 861//842 830//842
f 857//843 825//843 854//843
f 860//844 861//844 846//844
f 860//845 846//845 859//845
f 861//846 862//846 855//846
f 896//847 858//847 856//847
f 721//848 681//848 818//848
f 864//849 721//849 818//849
f 410//850 864//850 818//850
f 865//851 864//851 410//851
f 867//852 870//852 868//852
f 823//853 867//853 868//853
f 823//854 873//854 867//854
f 866//855 870//855 422//855
f 867//856 873//856 871//856
f 872//857 874//857 875//857
f 1167//858 1032//858 877//858
f 878//859 1167//859 877//859
f 879//860 866//860 422//860
f 880//861 1495//861 878//861
f 880//862 881//862 1495//862
f 878//863 877//863 875//863
f 880//864 878//864 875//864
f 875//865 877//865 873//865
f 887//866 885//866 883//866
f 884//867 876//867 874//867
f 876//868 884//868 882//868
f 885//869 848//869 847//869
f 882//870 881//870 880//870
f 885//871 889//871 886//871
f 894//872 895//872 908//872
f 892//873 894//873 891//873
f 858//874 897//874 882//874
f 836//875 835//875 832//875
f 882//876 892//876 891//876
f 903//877 901//877 899//877
f 901//878 342//878 900//878
f 901//879 900//879 899//879
f 900//880 903//880 899//880
f 902//881 900//881 899//881
f 342//882 795//882 902//882
f 341//883 342//883 901//883
f 795//884 796//884 902//884
f 903//885 902//885 837//885
f 902//886 796//886 801//886
f 802//887 901//887 903//887
f 863//888 859//888 846//888
f 906//889 896//889 856//889
f 906//890 862//890 905//890
f 860//891 905//891 861//891
f 907//892 905//892 860//892
f 886//893 848//893 885//893
f 909//894 910//894 848//894
f 912//895 960//895 909//895
f 912//896 909//896 908//896
f 916//897 918//897 917//897
f 917//898 958//898 916//898
f 913//899 958//899 917//899
f 919//900 921//900 920//900
f 958//901 921//901 919//901
f 920//902 958//902 919//902
f 940//903 939//903 921//903
f 915//904 921//904 914//904
f 490//905 923//905 491//905
f 924//906 490//906 493//906
f 932//907 923//907 490//907
f 932//908 490//908 924//908
f 925//909 927//909 488//909
f 930//910 925//910 922//910
f 927//911 966//911 928//911
f 931//912 929//912 932//912
f 492//913 933//913 504//913
f 933//914 492//914 935//914
f 933//915 506//915 504//915
f 505//916 506//916 934//916
f 936//917 506//917 933//917
f 935//918 936//918 933//918
f 937//919 938//919 934//919
f 943//920 932//920 924//920
f 505//921 938//921 503//921
f 489//922 926//922 935//922
f 926//923 939//923 935//923
f 942//924 931//924 941//924
f 910//925 944//925 863//925
f 953//926 906//926 905//926
f 946//927 897//927 896//927
f 948//928 907//928 949//928
f 948//929 953//929 905//929
f 951//930 914//930 928//930
f 950//931 951//931 949//931
f 960//932 914//932 951//932
f 952//933 955//933 948//933
f 945//934 946//934 896//934
f 954//935 946//935 945//935
f 955//936 956//936 954//936
f 911//937 913//937 912//937
f 958//938 913//938 911//938
f 957//939 959//939 895//939
f 960//940 950//940 909//940
f 1597//941 962//941 964//941
f 960//942 951//942 950//942
f 962//943 1597//943 1596//943
f 964//944 947//944 954//944
f 964//945 962//945 947//945
f 965//946 964//946 956//946
f 956//947 964//947 954//947
f 946//948 957//948 897//948
f 947//949 957//949 946//949
f 955//950 953//950 948//950
f 954//951 947//951 946//951
f 928//952 966//952 951//952
f 930//953 967//953 952//953
f 931//954 967//954 929//954
f 952//955 967//955 955//955
f 968//956 931//956 942//956
f 968//957 967//957 931//957
f 963//958 965//958 969//958
f 969//959 965//959 956//959
f 907//960 859//960 944//960
f 925//961 930//961 966//961
f 970//962 1002//962 980//962
f 972//963 973//963 974//963
f 1002//964 971//964 972//964
f 972//965 971//965 973//965
f 982//966 976//966 977//966
f 975//967 977//967 976//967
f 975//968 982//968 977//968
f 972//969 975//969 976//969
f 1343//970 978//970 979//970
f 980//971 982//971 981//971
f 983//972 1078//972 982//972
f 984//973 1078//973 983//973
f 986//974 981//974 987//974
f 990//975 987//975 981//975
f 993//976 982//976 991//976
f 993//977 988//977 990//977
f 990//978 988//978 987//978
f 1003//979 996//979 994//979
f 1051//980 997//980 996//980
f 997//981 998//981 996//981
f 999//982 1004//982 996//982
f 999//983 996//983 998//983
f 1000//984 999//984 998//984
f 994//985 1001//985 242//985
f 994//986 1004//986 1001//986
f 971//987 1003//987 242//987
f 1007//988 1004//988 1005//988
f 1000//989 1007//989 1006//989
f 1006//990 1007//990 1005//990
f 1000//991 1006//991 1005//991
f 1012//992 1011//992 1009//992
f 1004//993 1009//993 1008//993
f 1012//994 1009//994 1008//994
f 1012//995 1007//995 1018//995
f 1022//996 1012//996 1018//996
f 1009//997 1007//997 1008//997
f 1007//998 1012//998 1008//998
f 253//999 1022//999 1010//999
f 1010//1000 1022//1000 1345//1000
f 1022//1001 1021//1001 1345//1001
f 1013//1002 267//1002 251//1002
f 1022//1003 253//1003 1012//1003
f 253//1004 1011//1004 1012//1004
f 1015//1005 985//1005 1021//1005
f 1017//1006 1015//1006 1018//1006
f 984//1007 1015//1007 1017//1007
f 1018//1008 1007//1008 1017//1008
f 1016//1009 1077//1009 1017//1009
f 1020//1010 1355//1010 1019//1010
f 1025//1011 1037//1011 1024//1011
f 1020//1012 1025//1012 1026//1012
f 1002//1013 970//1013 1003//1013
f 1028//1014 266//1014 267//1014
f 1028//1015 1030//1015 1029//1015
f 1375//1016 1030//1016 1028//1016
f 1031//1017 1367//1017 258//1017
f 1032//1018 1047//1018 1046//1018
f 1030//1019 1369//1019 1031//1019
f 1025//1020 1034//1020 1037//1020
f 1095//1021 1034//1021 1025//1021
f 1027//1022 1035//1022 1168//1022
f 1035//1023 1172//1023 1168//1023
f 1034//1024 1035//1024 1038//1024
f 1172//1025 1035//1025 1034//1025
f 1357//1026 1356//1026 1374//1026
f 1044//1027 1374//1027 1039//1027
f 1039//1028 1045//1028 1042//1028
f 1041//1029 1044//1029 1042//1029
f 1046//1030 1047//1030 1045//1030
f 1032//1031 1048//1031 1047//1031
f 1033//1032 1049//1032 1048//1032
f 1049//1033 1043//1033 1040//1033
f 1050//1034 1043//1034 1049//1034
f 997//1035 986//1035 1058//1035
f 1053//1036 1056//1036 1000//1036
f 1057//1037 1058//1037 1052//1037
f 1100//1038 1052//1038 988//1038
f 1059//1039 1056//1039 1053//1039
f 1060//1040 1059//1040 1053//1040
f 1061//1041 1060//1041 1053//1041
f 1062//1042 1054//1042 1083//1042
f 1059//1043 1084//1043 1056//1043
f 1105//1044 1060//1044 1061//1044
f 1071//1045 1065//1045 1054//1045
f 1068//1046 1064//1046 1081//1046
f 1066//1047 1068//1047 1065//1047
f 1172//1048 1064//1048 1069//1048
f 1216//1049 1069//1049 1067//1049
f 1071//1050 1066//1050 1065//1050
f 1066//1051 1067//1051 1068//1051
f 1066//1052 1071//1052 1067//1052
f 1071//1053 1073//1053 1067//1053
f 1075//1054 1216//1054 1067//1054
f 1075//1055 1212//1055 1216//1055
f 1076//1056 1077//1056 1016//1056
f 1077//1057 984//1057 1017//1057
f 1078//1058 1080//1058 992//1058
f 1020//1059 1081//1059 1095//1059
f 1019//1060 1081//1060 1020//1060
f 1084//1061 1076//1061 1016//1061
f 1084//1062 1094//1062 1076//1062
f 1097//1063 1091//1063 1392//1063
f 1090//1064 1087//1064 1083//1064
f 1090//1065 1083//1065 1089//1065
f 1091//1066 1087//1066 1090//1066
f 1093//1067 992//1067 1079//1067
f 1094//1068 1079//1068 1076//1068
f 1059//1069 1094//1069 1084//1069
f 1122//1070 1093//1070 1079//1070
f 1094//1071 1122//1071 1079//1071
f 1096//1072 1086//1072 1088//1072
f 1098//1073 1086//1073 1096//1073
f 1098//1074 1072//1074 1086//1074
f 1098//1075 1099//1075 1072//1075
f 1088//1076 1097//1076 1096//1076
f 1097//1077 1088//1077 1091//1077
f 1098//1078 1096//1078 1043//1078
f 1226//1079 1099//1079 1043//1079
f 1289//1080 1117//1080 1072//1080
f 1096//1081 1042//1081 1043//1081
f 1041//1082 1042//1082 1096//1082
f 1056//1083 1084//1083 1000//1083
f 1100//1084 1057//1084 1052//1084
f 1057//1085 1101//1085 1058//1085
f 1102//1086 1103//1086 1100//1086
f 1104//1087 1101//1087 1057//1087
f 1103//1088 1104//1088 1057//1088
f 1101//1089 1061//1089 1058//1089
f 1101//1090 1105//1090 1061//1090
f 1063//1091 1059//1091 1106//1091
f 1106//1092 1059//1092 1060//1092
f 1105//1093 1106//1093 1060//1093
f 1116//1094 1110//1094 1070//1094
f 1111//1095 1074//1095 1109//1095
f 1117//1096 1116//1096 1072//1096
f 1116//1097 1111//1097 1110//1097
f 1113//1098 1112//1098 1111//1098
f 1116//1099 1115//1099 1114//1099
f 1116//1100 1114//1100 1111//1100
f 1111//1101 1112//1101 1074//1101
f 1108//1102 1075//1102 1073//1102
f 1092//1103 993//1103 991//1103
f 1092//1104 1120//1104 993//1104
f 989//1105 1120//1105 1118//1105
f 1124//1106 1092//1106 1093//1106
f 1124//1107 1119//1107 1092//1107
f 1100//1108 1118//1108 1102//1108
f 1132//1109 1120//1109 1119//1109
f 1121//1110 1132//1110 1119//1110
f 1119//1111 1120//1111 1092//1111
f 1125//1112 1124//1112 1122//1112
f 1123//1113 1122//1113 1063//1113
f 1106//1114 1123//1114 1063//1114
f 1119//1115 1124//1115 1121//1115
f 1124//1116 1127//1116 1121//1116
f 1125//1117 1127//1117 1124//1117
f 1150//1118 1126//1118 1123//1118
f 1125//1119 1128//1119 1127//1119
f 1130//1120 1129//1120 1102//1120
f 1130//1121 1102//1121 1118//1121
f 1132//1122 1130//1122 1118//1122
f 1134//1123 1132//1123 1121//1123
f 1135//1124 1129//1124 1136//1124
f 1103//1125 1102//1125 1129//1125
f 1138//1126 1137//1126 1107//1126
f 1137//1127 1123//1127 1106//1127
f 1131//1128 1140//1128 1138//1128
f 1135//1129 1140//1129 1131//1129
f 1139//1130 1140//1130 1135//1130
f 1142//1131 1133//1131 1132//1131
f 1142//1132 1132//1132 1134//1132
f 1144//1133 1146//1133 1129//1133
f 1146//1134 1136//1134 1129//1134
f 1145//1135 1146//1135 1144//1135
f 1147//1136 1136//1136 1146//1136
f 1145//1137 1144//1137 1431//1137
f 1433//1138 1431//1138 1133//1138
f 1149//1139 1148//1139 1128//1139
f 1126//1140 1150//1140 1149//1140
f 1438//1141 1149//1141 1150//1141
f 1128//1142 1134//1142 1127//1142
f 1141//1143 1153//1143 1152//1143
f 1152//1144 1123//1144 1137//1144
f 1153//1145 1150//1145 1123//1145
f 1139//1146 1136//1146 1155//1146
f 1139//1147 1154//1147 1141//1147
f 1439//1148 1153//1148 1154//1148
f 1154//1149 1139//1149 1491//1149
f 989//1150 1100//1150 988//1150
f 1185//1151 474//1151 1156//1151
f 1159//1152 1158//1152 1157//1152
f 1245//1153 1185//1153 1158//1153
f 1160//1154 1162//1154 1157//1154
f 1202//1155 1162//1155 1160//1155
f 1161//1156 1162//1156 1202//1156
f 1159//1157 1163//1157 1247//1157
f 1157//1158 1162//1158 1159//1158
f 1162//1159 1163//1159 1159//1159
f 1164//1160 1162//1160 1161//1160
f 871//1161 418//1161 1027//1161
f 1169//1162 423//1162 1166//1162
f 1170//1163 424//1163 1169//1163
f 1171//1164 1514//1164 424//1164
f 1171//1165 424//1165 1170//1165
f 1036//1166 1176//1166 1168//1166
f 1176//1167 1216//1167 1175//1167
f 1171//1168 1170//1168 1175//1168
f 1179//1169 1171//1169 1175//1169
f 1173//1170 1181//1170 1507//1170
f 1173//1171 1200//1171 1181//1171
f 1173//1172 1507//1172 1180//1172
f 1173//1173 1180//1173 1174//1173
f 1217//1174 1179//1174 1175//1174
f 432//1175 1182//1175 431//1175
f 1182//1176 433//1176 431//1176
f 1156//1177 1200//1177 1158//1177
f 474//1178 1187//1178 1156//1178
f 402//1179 1186//1179 400//1179
f 1183//1180 1184//1180 433//1180
f 1188//1181 1184//1181 1197//1181
f 1190//1182 432//1182 440//1182
f 1525//1183 1191//1183 432//1183
f 1193//1184 1525//1184 432//1184
f 1198//1185 1186//1185 402//1185
f 1195//1186 1196//1186 1194//1186
f 1197//1187 1210//1187 1188//1187
f 1158//1188 1200//1188 1173//1188
f 1201//1189 1202//1189 1160//1189
f 1204//1190 1205//1190 1206//1190
f 1264//1191 1242//1191 1205//1191
f 1199//1192 1209//1192 1208//1192
f 1207//1193 1183//1193 1191//1193
f 1199//1194 1211//1194 1209//1194
f 1537//1195 402//1195 1188//1195
f 1207//1196 1197//1196 1183//1196
f 1203//1197 1206//1197 1211//1197
f 1213//1198 1218//1198 1212//1198
f 1216//1199 1217//1199 1175//1199
f 1217//1200 1216//1200 1218//1200
f 1218//1201 1224//1201 1217//1201
f 1219//1202 1179//1202 1224//1202
f 1036//1203 1069//1203 1216//1203
f 1176//1204 1036//1204 1216//1204
f 1220//1205 1202//1205 1201//1205
f 1219//1206 1226//1206 1177//1206
f 1226//1207 1050//1207 1177//1207
f 1177//1208 1179//1208 1219//1208
f 1179//1209 1177//1209 1178//1209
f 1220//1210 1201//1210 1221//1210
f 1233//1211 1220//1211 1222//1211
f 1201//1212 1547//1212 1221//1212
f 1201//1213 1504//1213 1547//1213
f 1222//1214 1221//1214 1547//1214
f 1220//1215 1221//1215 1222//1215
f 1225//1216 1224//1216 1218//1216
f 1219//1217 1224//1217 1227//1217
f 1227//1218 1224//1218 1225//1218
f 1228//1219 1289//1219 1226//1219
f 1230//1220 1228//1220 1227//1220
f 1227//1221 1225//1221 1230//1221
f 1232//1222 1202//1222 1220//1222
f 1234//1223 1232//1223 1233//1223
f 1238//1224 1234//1224 1233//1224
f 1165//1225 1164//1225 1234//1225
f 1237//1226 1235//1226 1234//1226
f 1236//1227 1242//1227 1264//1227
f 1237//1228 1236//1228 1235//1228
f 1234//1229 1238//1229 1237//1229
f 1211//1230 1552//1230 1209//1230
f 1211//1231 1244//1231 1569//1231
f 1241//1232 1569//1232 1243//1232
f 1238//1233 1233//1233 1223//1233
f 1239//1234 1240//1234 1237//1234
f 1237//1235 1238//1235 1239//1235
f 1206//1236 1242//1236 1244//1236
f 1241//1237 1237//1237 1240//1237
f 1234//1238 1164//1238 1232//1238
f 1159//1239 1246//1239 1245//1239
f 1246//1240 1250//1240 461//1240
f 1247//1241 1246//1241 1159//1241
f 1255//1242 464//1242 463//1242
f 1249//1243 1255//1243 463//1243
f 1255//1244 1248//1244 464//1244
f 1248//1245 1256//1245 464//1245
f 1250//1246 1251//1246 1249//1246
f 1165//1247 1235//1247 1253//1247
f 1253//1248 1235//1248 1254//1248
f 1253//1249 1254//1249 1251//1249
f 1252//1250 1251//1250 1254//1250
f 1163//1251 1253//1251 1251//1251
f 1256//1252 498//1252 464//1252
f 1258//1253 1257//1253 477//1253
f 1264//1254 1258//1254 1259//1254
f 1261//1255 1264//1255 1259//1255
f 1258//1256 1189//1256 1257//1256
f 1261//1257 1259//1257 1260//1257
f 1262//1258 1261//1258 1260//1258
f 1262//1259 1256//1259 1248//1259
f 1262//1260 1260//1260 1256//1260
f 1252//1261 1254//1261 1263//1261
f 1263//1262 1236//1262 1264//1262
f 1263//1263 1262//1263 1252//1263
f 1262//1264 1248//1264 1252//1264
f 1261//1265 1262//1265 1263//1265
f 1263//1266 1254//1266 1236//1266
f 1112//1267 1265//1267 1108//1267
f 1113//1268 1266//1268 1112//1268
f 1270//1269 1215//1269 1214//1269
f 1269//1270 1115//1270 1117//1270
f 1270//1271 1272//1271 1215//1271
f 1272//1272 1271//1272 1291//1272
f 1267//1273 1273//1273 1270//1273
f 1296//1274 1231//1274 1291//1274
f 1274//1275 1296//1275 1291//1275
f 1271//1276 1274//1276 1291//1276
f 1284//1277 1292//1277 1296//1277
f 1266//1278 1275//1278 1265//1278
f 1275//1279 1283//1279 1265//1279
f 1114//1280 1276//1280 1277//1280
f 1279//1281 1278//1281 1276//1281
f 1278//1282 1281//1282 1276//1282
f 1277//1283 1275//1283 1266//1283
f 1281//1284 1277//1284 1276//1284
f 1283//1285 1282//1285 1267//1285
f 1278//1286 1279//1286 1284//1286
f 1285//1287 1286//1287 1282//1287
f 1285//1288 1282//1288 1283//1288
f 1276//1289 1269//1289 1279//1289
f 1108//1290 1214//1290 1075//1290
f 1288//1291 1304//1291 1274//1291
f 1274//1292 1287//1292 1288//1292
f 1282//1293 1288//1293 1287//1293
f 1228//1294 1230//1294 1231//1294
f 1290//1295 1228//1295 1231//1295
f 1292//1296 1290//1296 1231//1296
f 1292//1297 1269//1297 1290//1297
f 1294//1298 1293//1298 1281//1298
f 1284//1299 1279//1299 1292//1299
f 1296//1300 1297//1300 1284//1300
f 1297//1301 1294//1301 1278//1301
f 1298//1302 1295//1302 1297//1302
f 1301//1303 1302//1303 1303//1303
f 1299//1304 1298//1304 1297//1304
f 1604//1305 1307//1305 1607//1305
f 1298//1306 1604//1306 1302//1306
f 1294//1307 1281//1307 1278//1307
f 1304//1308 1300//1308 1296//1308
f 1306//1309 1304//1309 1288//1309
f 1307//1310 1300//1310 1304//1310
f 1306//1311 1305//1311 1304//1311
f 1305//1312 1307//1312 1304//1312
f 1308//1313 1280//1313 1277//1313
f 1312//1314 1280//1314 1308//1314
f 1301//1315 1308//1315 1293//1315
f 1313//1316 1310//1316 1280//1316
f 1313//1317 1280//1317 1312//1317
f 1314//1318 1316//1318 1313//1318
f 1316//1319 1310//1319 1313//1319
f 1317//1320 1316//1320 1314//1320
f 1308//1321 1301//1321 1318//1321
f 1320//1322 1312//1322 1643//1322
f 1323//1323 1320//1323 1321//1323
f 1323//1324 1317//1324 1314//1324
f 1324//1325 1317//1325 1323//1325
f 1323//1326 1314//1326 1320//1326
f 1324//1327 1305//1327 1306//1327
f 1325//1328 1305//1328 1324//1328
f 1307//1329 1325//1329 1607//1329
f 1296//1330 1292//1330 1231//1330
f 1189//1331 1205//1331 1204//1331
f 974//1332 979//1332 975//1332
f 1326//1333 635//1333 636//1333
f 1327//1334 1326//1334 636//1334
f 1327//1335 1328//1335 1333//1335
f 1329//1336 641//1336 640//1336
f 1326//1337 1331//1337 635//1337
f 1331//1338 1346//1338 1329//1338
f 1327//1339 1333//1339 1326//1339
f 1330//1340 641//1340 1329//1340
f 1346//1341 1331//1341 1353//1341
f 1353//1342 1331//1342 1332//1342
f 1335//1343 1338//1343 1333//1343
f 1336//1344 1338//1344 1335//1344
f 1338//1345 1362//1345 1391//1345
f 1338//1346 1337//1346 1362//1346
f 1341//1347 1328//1347 654//1347
f 1339//1348 1341//1348 653//1348
f 1341//1349 1335//1349 1328//1349
f 1336//1350 1335//1350 1341//1350
f 1341//1351 1342//1351 1336//1351
f 1360//1352 1337//1352 1336//1352
f 1345//1353 1343//1353 1344//1353
f 1348//1354 1349//1354 252//1354
f 252//1355 1349//1355 248//1355
f 1349//1356 1014//1356 248//1356
f 1330//1357 714//1357 713//1357
f 1350//1358 714//1358 1330//1358
f 1330//1359 1346//1359 1347//1359
f 1354//1360 1347//1360 1353//1360
f 1353//1361 1355//1361 1026//1361
f 1089//1362 1023//1362 1334//1362
f 1334//1363 1023//1363 1332//1363
f 1024//1364 1356//1364 1354//1364
f 1374//1365 1358//1365 1357//1365
f 1357//1366 1387//1366 1350//1366
f 1358//1367 1387//1367 1357//1367
f 1351//1368 1358//1368 1359//1368
f 1360//1369 1361//1369 1337//1369
f 1393//1370 1361//1370 1363//1370
f 1361//1371 1362//1371 1337//1371
f 1363//1372 1361//1372 1390//1372
f 1351//1373 1387//1373 1358//1373
f 1351//1374 1390//1374 1352//1374
f 1357//1375 1350//1375 1347//1375
f 1366//1376 1364//1376 726//1376
f 1364//1377 1348//1377 726//1377
f 1369//1378 1367//1378 1031//1378
f 1366//1379 726//1379 725//1379
f 727//1380 1384//1380 1370//1380
f 1372//1381 1014//1381 1373//1381
f 1372//1382 1028//1382 1013//1382
f 1372//1383 1375//1383 1028//1383
f 1365//1384 1377//1384 1349//1384
f 1359//1385 1044//1385 1041//1385
f 1044//1386 1359//1386 1358//1386
f 1030//1387 1371//1387 1369//1387
f 1030//1388 1379//1388 1371//1388
f 1380//1389 1365//1389 1364//1389
f 1380//1390 1381//1390 1365//1390
f 1366//1391 1382//1391 1364//1391
f 1385//1392 1366//1392 1383//1392
f 1385//1393 1382//1393 1366//1393
f 1384//1394 1386//1394 1370//1394
f 656//1395 1388//1395 1340//1395
f 1387//1396 1389//1396 656//1396
f 1352//1397 1342//1397 1388//1397
f 1390//1398 1342//1398 1352//1398
f 1090//1399 1089//1399 1391//1399
f 1362//1400 1090//1400 1391//1400
f 1393//1401 1090//1401 1362//1401
f 1394//1402 1392//1402 1393//1402
f 1396//1403 1428//1403 1395//1403
f 1372//1404 1373//1404 1376//1404
f 1376//1405 1378//1405 1372//1405
f 1378//1406 1397//1406 1550//1406
f 1381//1407 1398//1407 1377//1407
f 1399//1408 1381//1408 1380//1408
f 1402//1409 1399//1409 1380//1409
f 1381//1410 1399//1410 1398//1410
f 1399//1411 1400//1411 1398//1411
f 1401//1412 1378//1412 1376//1412
f 1395//1413 1401//1413 1400//1413
f 1403//1414 1395//1414 1429//1414
f 1404//1415 1484//1415 1405//1415
f 1404//1416 1405//1416 1397//1416
f 1457//1417 1428//1417 1396//1417
f 1407//1418 1406//1418 1414//1418
f 1410//1419 1407//1419 1414//1419
f 1407//1420 1410//1420 1408//1420
f 1415//1421 1380//1421 1382//1421
f 1414//1422 1406//1422 1402//1422
f 1416//1423 1415//1423 1412//1423
f 1417//1424 1488//1424 1416//1424
f 1423//1425 1421//1425 1419//1425
f 1145//1426 1420//1426 1419//1426
f 1420//1427 1436//1427 1419//1427
f 1421//1428 1436//1428 1420//1428
f 1456//1429 1426//1429 1455//1429
f 1432//1430 1426//1430 1456//1430
f 1423//1431 1432//1431 1456//1431
f 1427//1432 1425//1432 1434//1432
f 1456//1433 1421//1433 1423//1433
f 1424//1434 1466//1434 1430//1434
f 1142//1435 1151//1435 1435//1435
f 1423//1436 1145//1436 1432//1436
f 1143//1437 1435//1437 1441//1437
f 1441//1438 1434//1438 1433//1438
f 1145//1439 1436//1439 1146//1439
f 1436//1440 1147//1440 1146//1440
f 1147//1441 1436//1441 1437//1441
f 1433//1442 1434//1442 1431//1442
f 1439//1443 1440//1443 1438//1443
f 1422//1444 1443//1444 1437//1444
f 1443//1445 1489//1445 1437//1445
f 1422//1446 1472//1446 1443//1446
f 1445//1447 1442//1447 1446//1447
f 1445//1448 1466//1448 1442//1448
f 1447//1449 1445//1449 1440//1449
f 1452//1450 1451//1450 1450//1450
f 1450//1451 1447//1451 1448//1451
f 1475//1452 1445//1452 1451//1452
f 1478//1453 1451//1453 1493//1453
f 1452//1454 1448//1454 1453//1454
f 1447//1455 1453//1455 1449//1455
f 1451//1456 1454//1456 1450//1456
f 1454//1457 1452//1457 1450//1457
f 1448//1458 1454//1458 1450//1458
f 1451//1459 1449//1459 1453//1459
f 1483//1460 1484//1460 1403//1460
f 1456//1461 1457//1461 1409//1461
f 1409//1462 1459//1462 1456//1462
f 1457//1463 1455//1463 1428//1463
f 1462//1464 1459//1464 1458//1464
f 1464//1465 1462//1465 1458//1465
f 1465//1466 1462//1466 1464//1466
f 1462//1467 1460//1467 1459//1467
f 1463//1468 1460//1468 1462//1468
f 1430//1469 1469//1469 1467//1469
f 1468//1470 1467//1470 1469//1470
f 1465//1471 1464//1471 1470//1471
f 1471//1472 1463//1472 1465//1472
f 1461//1473 1472//1473 1422//1473
f 1461//1474 1460//1474 1472//1474
f 1472//1475 1474//1475 1444//1475
f 1478//1476 1473//1476 1479//1476
f 1476//1477 1477//1477 1475//1477
f 1479//1478 1477//1478 1476//1478
f 1476//1479 1475//1479 1451//1479
f 1451//1480 1478//1480 1476//1480
f 1476//1481 1478//1481 1479//1481
f 1479//1482 1473//1482 1471//1482
f 1463//1483 1462//1483 1465//1483
f 1429//1484 1483//1484 1403//1484
f 1482//1485 1477//1485 1479//1485
f 1477//1486 1480//1486 1468//1486
f 1482//1487 1485//1487 1480//1487
f 1482//1488 1481//1488 1631//1488
f 1484//1489 1483//1489 1485//1489
f 1485//1490 1486//1490 1484//1490
f 1481//1491 1488//1491 1418//1491
f 1418//1492 1488//1492 1417//1492
f 1631//1493 1481//1493 1418//1493
f 1487//1494 1485//1494 1482//1494
f 1471//1495 1470//1495 1488//1495
f 1489//1496 1155//1496 1147//1496
f 1492//1497 1490//1497 1155//1497
f 1491//1498 1451//1498 1439//1498
f 1489//1499 1444//1499 1492//1499
f 1493//1500 1451//1500 1491//1500
f 1493//1501 1492//1501 1444//1501
f 1492//1502 1155//1502 1489//1502
f 1459//1503 1421//1503 1456//1503
f 1480//1504 1429//1504 1467//1504
f 1468//1505 1480//1505 1467//1505
f 1405//1506 1484//1506 1486//1506
f 1496//1507 1494//1507 1495//1507
f 1495//1508 1505//1508 1496//1508
f 1171//1509 1498//1509 1514//1509
f 1506//1510 1505//1510 1499//1510
f 1499//1511 1498//1511 1506//1511
f 1505//1512 1050//1512 1496//1512
f 1496//1513 1050//1513 1033//1513
f 1367//1514 1509//1514 1368//1514
f 1509//1515 1367//1515 1379//1515
f 1180//1516 1504//1516 1201//1516
f 1500//1517 1504//1517 1180//1517
f 1501//1518 1509//1518 1379//1518
f 1549//1519 1379//1519 1030//1519
f 1501//1520 1510//1520 1509//1520
f 1507//1521 1510//1521 1503//1521
f 1507//1522 1503//1522 1502//1522
f 1503//1523 1510//1523 1502//1523
f 1500//1524 1507//1524 1502//1524
f 1501//1525 1503//1525 1502//1525
f 1507//1526 1511//1526 1510//1526
f 1501//1527 1504//1527 1500//1527
f 1506//1528 1178//1528 1177//1528
f 1506//1529 1498//1529 1178//1529
f 1500//1530 1180//1530 1507//1530
f 1208//1531 1209//1531 1552//1531
f 1181//1532 1208//1532 1511//1532
f 1508//1533 1208//1533 1552//1533
f 1509//1534 1384//1534 1368//1534
f 1511//1535 1512//1535 1386//1535
f 1509//1536 1386//1536 1384//1536
f 1511//1537 1386//1537 1510//1537
f 1511//1538 1508//1538 1512//1538
f 887//1539 879//1539 424//1539
f 1515//1540 1193//1540 1190//1540
f 1515//1541 1517//1541 1516//1541
f 1519//1542 1193//1542 1518//1542
f 1192//1543 1522//1543 1519//1543
f 1518//1544 1193//1544 1521//1544
f 1190//1545 1192//1545 1516//1545
f 1521//1546 1193//1546 1517//1546
f 1192//1547 1517//1547 1515//1547
f 888//1548 1513//1548 441//1548
f 1523//1549 1498//1549 1497//1549
f 1523//1550 889//1550 1514//1550
f 888//1551 1527//1551 1529//1551
f 1522//1552 1525//1552 1193//1552
f 1520//1553 1525//1553 1522//1553
f 441//1554 1513//1554 1190//1554
f 443//1555 1527//1555 442//1555
f 1527//1556 443//1556 1528//1556
f 890//1557 1523//1557 1497//1557
f 1529//1558 1513//1558 888//1558
f 1529//1559 1539//1559 1513//1559
f 1529//1560 1541//1560 1539//1560
f 1533//1561 1186//1561 1532//1561
f 1532//1562 1198//1562 1533//1562
f 1198//1563 1534//1563 1533//1563
f 1534//1564 1195//1564 1532//1564
f 1210//1565 1197//1565 1207//1565
f 1207//1566 1536//1566 1210//1566
f 1536//1567 1207//1567 1535//1567
f 1537//1568 1534//1568 1198//1568
f 1513//1569 1540//1569 1526//1569
f 1539//1570 1540//1570 1513//1570
f 1540//1571 1538//1571 1526//1571
f 1542//1572 1531//1572 1538//1572
f 1530//1573 1543//1573 1545//1573
f 1534//1574 1543//1574 1196//1574
f 1592//1575 1543//1575 1534//1575
f 1592//1576 1545//1576 1543//1576
f 1530//1577 1529//1577 1527//1577
f 1539//1578 1544//1578 1540//1578
f 1546//1579 1544//1579 1539//1579
f 1545//1580 1589//1580 1541//1580
f 1379//1581 1504//1581 1501//1581
f 1550//1582 1547//1582 1504//1582
f 1549//1583 1504//1583 1379//1583
f 1551//1584 1548//1584 1547//1584
f 1551//1585 1547//1585 1550//1585
f 1553//1586 1548//1586 1551//1586
f 1552//1587 1555//1587 1508//1587
f 1223//1588 1222//1588 1553//1588
f 1584//1589 1556//1589 1508//1589
f 1557//1590 1586//1590 1584//1590
f 1557//1591 1584//1591 1555//1591
f 1240//1592 1239//1592 1560//1592
f 1405//1593 1561//1593 1397//1593
f 1561//1594 1486//1594 1562//1594
f 1560//1595 1553//1595 1554//1595
f 1560//1596 1223//1596 1553//1596
f 1558//1597 1560//1597 1564//1597
f 1564//1598 1560//1598 1563//1598
f 1559//1599 1571//1599 1566//1599
f 1564//1600 1586//1600 1558//1600
f 1559//1601 1566//1601 1567//1601
f 1562//1602 1554//1602 1561//1602
f 1552//1603 1569//1603 1555//1603
f 1241//1604 1557//1604 1569//1604
f 1240//1605 1558//1605 1241//1605
f 1576//1606 1577//1606 1536//1606
f 1577//1607 1537//1607 1536//1607
f 1570//1608 1535//1608 1531//1608
f 1571//1609 1574//1609 1538//1609
f 1538//1610 1574//1610 1542//1610
f 1572//1611 1570//1611 1542//1611
f 1574//1612 1572//1612 1542//1612
f 1571//1613 1559//1613 1574//1613
f 1559//1614 1573//1614 1574//1614
f 1572//1615 1574//1615 1573//1615
f 1537//1616 1575//1616 1534//1616
f 1575//1617 1592//1617 1534//1617
f 1570//1618 1579//1618 1576//1618
f 1575//1619 1578//1619 1592//1619
f 1558//1620 1240//1620 1560//1620
f 1567//1621 1580//1621 1573//1621
f 1567//1622 1568//1622 1580//1622
f 1579//1623 1627//1623 1576//1623
f 1627//1624 1575//1624 1577//1624
f 1556//1625 1413//1625 1386//1625
f 1584//1626 1582//1626 1556//1626
f 1540//1627 1565//1627 1571//1627
f 1586//1628 1585//1628 1582//1628
f 1585//1629 1417//1629 1582//1629
f 1487//1630 1562//1630 1486//1630
f 1418//1631 1417//1631 1585//1631
f 1563//1632 1631//1632 1585//1632
f 1564//1633 1563//1633 1585//1633
f 1587//1634 1566//1634 1565//1634
f 1583//1635 1588//1635 1587//1635
f 1587//1636 1599//1636 1566//1636
f 1632//1637 1599//1637 1587//1637
f 1634//1638 1633//1638 1588//1638
f 1589//1639 1591//1639 1546//1639
f 1590//1640 1591//1640 1589//1640
f 1591//1641 1583//1641 1544//1641
f 1592//1642 1589//1642 1545//1642
f 1578//1643 1589//1643 1592//1643
f 1591//1644 1593//1644 1588//1644
f 1588//1645 1583//1645 1591//1645
f 1581//1646 1639//1646 1578//1646
f 1639//1647 1638//1647 1590//1647
f 1594//1648 940//1648 961//1648
f 941//1649 937//1649 1595//1649
f 1594//1650 961//1650 1596//1650
f 942//1651 1595//1651 1598//1651
f 1598//1652 963//1652 942//1652
f 1600//1653 1568//1653 1567//1653
f 1318//1654 1303//1654 1641//1654
f 1610//1655 1642//1655 1641//1655
f 1641//1656 1602//1656 1610//1656
f 1303//1657 1603//1657 1602//1657
f 1607//1658 1605//1658 1604//1658
f 1605//1659 1616//1659 1606//1659
f 1605//1660 1606//1660 1604//1660
f 1614//1661 1611//1661 1613//1661
f 1613//1662 1615//1662 1614//1662
f 1621//1663 1648//1663 1615//1663
f 1616//1664 1619//1664 1608//1664
f 1601//1665 1608//1665 1617//1665
f 1620//1666 1618//1666 1619//1666
f 1621//1667 1651//1667 1648//1667
f 1620//1668 1630//1668 1618//1668
f 1622//1669 1650//1669 1651//1669
f 1616//1670 1608//1670 1603//1670
f 1625//1671 1623//1671 1568//1671
f 1625//1672 1624//1672 1623//1672
f 1624//1673 1625//1673 1629//1673
f 1626//1674 1628//1674 1629//1674
f 1629//1675 1618//1675 1630//1675
f 1626//1676 1630//1676 1620//1676
f 1613//1677 1611//1677 1599//1677
f 1613//1678 1599//1678 1632//1678
f 1637//1679 1636//1679 1633//1679
f 1637//1680 1633//1680 1634//1680
f 1636//1681 1615//1681 1613//1681
f 1636//1682 1621//1682 1615//1682
f 1637//1683 1621//1683 1636//1683
f 1633//1684 1636//1684 1613//1684
f 1635//1685 1634//1685 1638//1685
f 1635//1686 1638//1686 1639//1686
f 1639//1687 1626//1687 1635//1687
f 1641//1688 1642//1688 1640//1688
f 1644//1689 1642//1689 1647//1689
f 1650//1690 1322//1690 1646//1690
f 1322//1691 1607//1691 1325//1691
f 1646//1692 1649//1692 1650//1692
f 1650//1693 1620//1693 1322//1693
f 1645//1694 1649//1694 1321//1694
f 1649//1695 1646//1695 1323//1695
f 1648//1696 1644//1696 1647//1696
f 1622//1697 1620//1697 1650//1697
f 1651//1698 1645//1698 1648//1698
f 1622//1699 1626//1699 1620//1699
f 1567//1700 1599//1700 1612//1700
f 1633//1701 1632//1701 1588//1701
f 1188//1702 402//1702 400//1702
f 726//1703 265//1703 725//1703
f 959//1704 961//1704 895//1704
f 9//1705 512//1705 11//1705
f 517//1706 516//1706 14//1706
f 227//1707 228//1707 673//1707
f 371//1708 677//1708 666//1708
f 817//1709 378//1709 818//1709
f 415//1710 262//1710 722//1710
f 330//1711 778//1711 329//1711
f 1211//1712 1569//1712 1552//1712
f 554//1713 738//1713 89//1713
f 1//1714 2//1714 5//1714
f 509//1715 9//1715 3//1715
f 1//1716 5//1716 4//1716
f 4//1717 5//1717 10//1717
f 56//1718 4//1718 6//1718
f 7//1719 11//1719 8//1719
f 4//1720 10//1720 7//1720
f 5//1721 9//1721 10//1721
f 9//1722 11//1722 10//1722
f 10//1723 11//1723 7//1723
f 12//1724 8//1724 11//1724
f 14//1725 516//1725 63//1725
f 8//1726 66//1726 7//1726
f 34//1727 18//1727 15//1727
f 15//1728 18//1728 20//1728
f 19//1729 22//1729 21//1729
f 22//1730 27//1730 21//1730
f 22//1731 29//1731 27//1731
f 20//1732 18//1732 27//1732
f 21//1733 23//1733 19//1733
f 20//1734 26//1734 25//1734
f 20//1735 25//1735 24//1735
f 20//1736 27//1736 26//1736
f 55//1737 28//1737 29//1737
f 62//1738 28//1738 55//1738
f 28//1739 26//1739 29//1739
f 15//1740 56//1740 32//1740
f 15//1741 31//1741 34//1741
f 32//1742 31//1742 15//1742
f 56//1743 6//1743 32//1743
f 32//1744 65//1744 33//1744
f 32//1745 6//1745 65//1745
f 32//1746 33//1746 36//1746
f 31//1747 36//1747 35//1747
f 35//1748 36//1748 44//1748
f 65//1749 38//1749 33//1749
f 65//1750 66//1750 38//1750
f 33//1751 38//1751 39//1751
f 36//1752 49//1752 44//1752
f 39//1753 40//1753 49//1753
f 37//1754 39//1754 38//1754
f 31//1755 35//1755 42//1755
f 42//1756 44//1756 46//1756
f 42//1757 45//1757 43//1757
f 42//1758 46//1758 45//1758
f 47//1759 43//1759 45//1759
f 46//1760 52//1760 45//1760
f 44//1761 48//1761 46//1761
f 40//1762 51//1762 49//1762
f 49//1763 51//1763 48//1763
f 48//1764 54//1764 46//1764
f 48//1765 51//1765 54//1765
f 1//1766 56//1766 15//1766
f 57//1767 55//1767 60//1767
f 58//1768 69//1768 60//1768
f 60//1769 69//1769 57//1769
f 59//1770 58//1770 19//1770
f 19//1771 58//1771 60//1771
f 19//1772 23//1772 59//1772
f 62//1773 63//1773 516//1773
f 67//1774 37//1774 66//1774
f 69//1775 71//1775 67//1775
f 14//1776 68//1776 13//1776
f 69//1777 68//1777 57//1777
f 61//1778 70//1778 71//1778
f 81//1779 41//1779 37//1779
f 64//1780 68//1780 14//1780
f 30//1781 72//1781 23//1781
f 30//1782 73//1782 72//1782
f 72//1783 61//1783 59//1783
f 74//1784 70//1784 61//1784
f 72//1785 73//1785 75//1785
f 43//1786 47//1786 73//1786
f 47//1787 286//1787 73//1787
f 75//1788 76//1788 74//1788
f 79//1789 71//1789 70//1789
f 79//1790 70//1790 74//1790
f 71//1791 81//1791 37//1791
f 79//1792 81//1792 71//1792
f 177//1793 80//1793 196//1793
f 50//1794 81//1794 205//1794
f 190//1795 82//1795 184//1795
f 83//1796 76//1796 84//1796
f 84//1797 81//1797 79//1797
f 76//1798 85//1798 206//1798
f 76//1799 206//1799 84//1799
f 184//1800 88//1800 87//1800
f 86//1801 209//1801 202//1801
f 184//1802 82//1802 88//1802
f 17//1803 18//1803 34//1803
f 16//1804 17//1804 30//1804
f 53//1805 50//1805 205//1805
f 94//1806 93//1806 123//1806
f 96//1807 136//1807 124//1807
f 96//1808 124//1808 123//1808
f 94//1809 97//1809 98//1809
f 102//1810 101//1810 100//1810
f 99//1811 100//1811 109//1811
f 104//1812 118//1812 103//1812
f 106//1813 107//1813 104//1813
f 105//1814 104//1814 108//1814
f 118//1815 105//1815 119//1815
f 119//1816 105//1816 121//1816
f 95//1817 117//1817 110//1817
f 95//1818 110//1818 96//1818
f 117//1819 109//1819 110//1819
f 95//1820 118//1820 117//1820
f 103//1821 118//1821 95//1821
f 96//1822 111//1822 114//1822
f 96//1823 112//1823 111//1823
f 120//1824 121//1824 186//1824
f 101//1825 113//1825 109//1825
f 123//1826 127//1826 125//1826
f 125//1827 128//1827 126//1827
f 125//1828 131//1828 128//1828
f 127//1829 132//1829 125//1829
f 131//1830 144//1830 128//1830
f 129//1831 596//1831 133//1831
f 135//1832 139//1832 134//1832
f 144//1833 588//1833 141//1833
f 135//1834 142//1834 143//1834
f 126//1835 128//1835 134//1835
f 138//1836 145//1836 130//1836
f 145//1837 146//1837 130//1837
f 114//1838 137//1838 136//1838
f 115//1839 148//1839 114//1839
f 148//1840 140//1840 137//1840
f 149//1841 101//1841 102//1841
f 101//1842 149//1842 150//1842
f 153//1843 152//1843 106//1843
f 152//1844 157//1844 107//1844
f 97//1845 139//1845 153//1845
f 153//1846 154//1846 155//1846
f 153//1847 155//1847 152//1847
f 156//1848 155//1848 154//1848
f 157//1849 158//1849 107//1849
f 107//1850 158//1850 108//1850
f 158//1851 157//1851 159//1851
f 155//1852 159//1852 157//1852
f 156//1853 159//1853 155//1853
f 166//1854 160//1854 156//1854
f 160//1855 159//1855 156//1855
f 160//1856 163//1856 159//1856
f 172//1857 160//1857 166//1857
f 122//1858 162//1858 186//1858
f 139//1859 135//1859 164//1859
f 139//1860 164//1860 153//1860
f 164//1861 154//1861 153//1861
f 167//1862 140//1862 148//1862
f 148//1863 166//1863 167//1863
f 167//1864 145//1864 140//1864
f 164//1865 168//1865 154//1865
f 168//1866 156//1866 154//1866
f 167//1867 166//1867 169//1867
f 168//1868 169//1868 156//1868
f 164//1869 135//1869 165//1869
f 143//1870 165//1870 135//1870
f 170//1871 168//1871 165//1871
f 170//1872 167//1872 168//1872
f 170//1873 147//1873 167//1873
f 167//1874 147//1874 145//1874
f 170//1875 165//1875 143//1875
f 115//1876 172//1876 148//1876
f 173//1877 174//1877 172//1877
f 162//1878 163//1878 231//1878
f 98//1879 153//1879 106//1879
f 93//1880 106//1880 104//1880
f 123//1881 95//1881 96//1881
f 175//1882 176//1882 99//1882
f 176//1883 178//1883 181//1883
f 118//1884 119//1884 178//1884
f 178//1885 119//1885 179//1885
f 183//1886 191//1886 182//1886
f 176//1887 177//1887 100//1887
f 182//1888 190//1888 181//1888
f 185//1889 191//1889 183//1889
f 191//1890 185//1890 187//1890
f 179//1891 120//1891 185//1891
f 185//1892 120//1892 186//1892
f 193//1893 192//1893 51//1893
f 195//1894 180//1894 177//1894
f 177//1895 196//1895 195//1895
f 197//1896 199//1896 180//1896
f 194//1897 151//1897 149//1897
f 200//1898 199//1898 197//1898
f 194//1899 102//1899 180//1899
f 201//1900 207//1900 91//1900
f 80//1901 202//1901 196//1901
f 203//1902 204//1902 202//1902
f 205//1903 84//1903 206//1903
f 205//1904 355//1904 53//1904
f 207//1905 92//1905 91//1905
f 207//1906 208//1906 211//1906
f 201//1907 208//1907 207//1907
f 209//1908 210//1908 203//1908
f 208//1909 214//1909 215//1909
f 215//1910 216//1910 208//1910
f 217//1911 216//1911 215//1911
f 217//1912 221//1912 216//1912
f 219//1913 223//1913 220//1913
f 220//1914 200//1914 219//1914
f 200//1915 225//1915 224//1915
f 675//1916 226//1916 221//1916
f 229//1917 372//1917 227//1917
f 186//1918 162//1918 230//1918
f 230//1919 232//1919 188//1919
f 236//1920 232//1920 230//1920
f 198//1921 234//1921 233//1921
f 238//1922 232//1922 236//1922
f 198//1923 237//1923 234//1923
f 234//1924 237//1924 236//1924
f 232//1925 240//1925 188//1925
f 240//1926 244//1926 188//1926
f 200//1927 241//1927 249//1927
f 243//1928 240//1928 232//1928
f 244//1929 264//1929 188//1929
f 235//1930 248//1930 237//1930
f 246//1931 247//1931 709//1931
f 248//1932 251//1932 238//1932
f 238//1933 251//1933 243//1933
f 240//1934 251//1934 267//1934
f 243//1935 251//1935 240//1935
f 1011//1936 710//1936 247//1936
f 215//1937 218//1937 254//1937
f 214//1938 264//1938 255//1938
f 188//1939 264//1939 214//1939
f 218//1940 214//1940 255//1940
f 218//1941 258//1941 254//1941
f 254//1942 268//1942 256//1942
f 258//1943 268//1943 254//1943
f 256//1944 259//1944 224//1944
f 268//1945 259//1945 256//1945
f 257//1946 259//1946 241//1946
f 229//1947 680//1947 260//1947
f 229//1948 260//1948 405//1948
f 261//1949 263//1949 407//1949
f 264//1950 266//1950 1031//1950
f 259//1951 265//1951 241//1951
f 268//1952 727//1952 259//1952
f 258//1953 727//1953 268//1953
f 13//1954 66//1954 8//1954
f 149//1955 151//1955 150//1955
f 52//1956 47//1956 45//1956
f 272//1957 273//1957 298//1957
f 270//1958 298//1958 273//1958
f 278//1959 271//1959 273//1959
f 273//1960 271//1960 274//1960
f 272//1961 278//1961 273//1961
f 274//1962 270//1962 273//1962
f 272//1963 275//1963 279//1963
f 278//1964 277//1964 271//1964
f 283//1965 277//1965 278//1965
f 271//1966 277//1966 284//1966
f 271//1967 276//1967 305//1967
f 47//1968 285//1968 286//1968
f 52//1969 288//1969 47//1969
f 269//1970 288//1970 52//1970
f 289//1971 290//1971 288//1971
f 269//1972 353//1972 289//1972
f 269//1973 289//1973 288//1973
f 290//1974 741//1974 285//1974
f 287//1975 291//1975 77//1975
f 286//1976 741//1976 287//1976
f 287//1977 292//1977 291//1977
f 85//1978 294//1978 354//1978
f 293//1979 295//1979 294//1979
f 294//1980 295//1980 360//1980
f 291//1981 294//1981 85//1981
f 293//1982 294//1982 291//1982
f 290//1983 296//1983 741//1983
f 275//1984 300//1984 301//1984
f 301//1985 300//1985 331//1985
f 275//1986 281//1986 279//1986
f 301//1987 281//1987 275//1987
f 302//1988 282//1988 281//1988
f 302//1989 281//1989 301//1989
f 304//1990 307//1990 303//1990
f 303//1991 270//1991 274//1991
f 304//1992 303//1992 274//1992
f 306//1993 276//1993 308//1993
f 308//1994 309//1994 316//1994
f 314//1995 309//1995 310//1995
f 306//1996 308//1996 316//1996
f 309//1997 314//1997 316//1997
f 305//1998 306//1998 304//1998
f 316//1999 321//1999 307//1999
f 270//2000 317//2000 318//2000
f 318//2001 319//2001 298//2001
f 319//2002 299//2002 298//2002
f 321//2003 330//2003 322//2003
f 320//2004 324//2004 319//2004
f 299//2005 319//2005 323//2005
f 319//2006 324//2006 323//2006
f 330//2007 324//2007 322//2007
f 302//2008 331//2008 311//2008
f 332//2009 338//2009 333//2009
f 311//2010 315//2010 314//2010
f 311//2011 333//2011 315//2011
f 336//2012 335//2012 315//2012
f 338//2013 336//2013 315//2013
f 337//2014 338//2014 332//2014
f 327//2015 328//2015 337//2015
f 338//2016 793//2016 340//2016
f 339//2017 778//2017 330//2017
f 338//2018 340//2018 336//2018
f 342//2019 341//2019 336//2019
f 341//2020 343//2020 335//2020
f 193//2021 356//2021 192//2021
f 54//2022 192//2022 344//2022
f 347//2023 444//2023 284//2023
f 345//2024 347//2024 284//2024
f 348//2025 283//2025 346//2025
f 280//2026 346//2026 283//2026
f 345//2027 348//2027 347//2027
f 346//2028 388//2028 348//2028
f 351//2029 444//2029 347//2029
f 350//2030 391//2030 352//2030
f 351//2031 352//2031 349//2031
f 351//2032 349//2032 444//2032
f 344//2033 353//2033 269//2033
f 356//2034 357//2034 344//2034
f 193//2035 358//2035 356//2035
f 344//2036 357//2036 359//2036
f 354//2037 294//2037 360//2037
f 354//2038 360//2038 361//2038
f 353//2039 297//2039 289//2039
f 353//2040 363//2040 297//2040
f 390//2041 364//2041 366//2041
f 364//2042 370//2042 368//2042
f 369//2043 370//2043 364//2043
f 368//2044 369//2044 371//2044
f 374//2045 370//2045 369//2045
f 370//2046 374//2046 371//2046
f 228//2047 371//2047 666//2047
f 371//2048 817//2048 677//2048
f 364//2049 368//2049 366//2049
f 373//2050 356//2050 367//2050
f 356//2051 373//2051 357//2051
f 365//2052 374//2052 364//2052
f 357//2053 373//2053 377//2053
f 378//2054 397//2054 379//2054
f 357//2055 377//2055 359//2055
f 380//2056 381//2056 281//2056
f 382//2057 380//2057 281//2057
f 385//2058 383//2058 380//2058
f 388//2059 387//2059 390//2059
f 387//2060 384//2060 389//2060
f 386//2061 389//2061 375//2061
f 375//2062 374//2062 386//2062
f 386//2063 387//2063 389//2063
f 396//2064 411//2064 397//2064
f 388//2065 390//2065 350//2065
f 387//2066 386//2066 390//2066
f 383//2067 389//2067 384//2067
f 397//2068 389//2068 383//2068
f 385//2069 394//2069 396//2069
f 385//2070 396//2070 397//2070
f 397//2071 411//2071 379//2071
f 385//2072 397//2072 383//2072
f 389//2073 397//2073 376//2073
f 399//2074 398//2074 352//2074
f 398//2075 399//2075 452//2075
f 452//2076 399//2076 400//2076
f 430//2077 401//2077 399//2077
f 400//2078 1186//2078 453//2078
f 401//2079 1188//2079 400//2079
f 430//2080 399//2080 425//2080
f 406//2081 404//2081 392//2081
f 392//2082 366//2082 406//2082
f 404//2083 391//2083 392//2083
f 406//2084 403//2084 404//2084
f 406//2085 408//2085 403//2085
f 366//2086 372//2086 405//2086
f 405//2087 407//2087 408//2087
f 405//2088 408//2088 406//2088
f 409//2089 410//2089 379//2089
f 379//2090 411//2090 409//2090
f 412//2091 410//2091 409//2091
f 413//2092 403//2092 408//2092
f 403//2093 429//2093 404//2093
f 415//2094 417//2094 262//2094
f 871//2095 1166//2095 870//2095
f 414//2096 416//2096 417//2096
f 262//2097 416//2097 414//2097
f 414//2098 413//2098 408//2098
f 412//2099 435//2099 420//2099
f 420//2100 435//2100 419//2100
f 415//2101 412//2101 420//2101
f 419//2102 421//2102 413//2102
f 395//2103 427//2103 426//2103
f 437//2104 412//2104 411//2104
f 391//2105 404//2105 425//2105
f 404//2106 428//2106 425//2106
f 428//2107 430//2107 425//2107
f 428//2108 431//2108 433//2108
f 429//2109 432//2109 431//2109
f 404//2110 429//2110 428//2110
f 395//2111 454//2111 427//2111
f 453//2112 1186//2112 454//2112
f 454//2113 1194//2113 434//2113
f 427//2114 454//2114 434//2114
f 1186//2115 1194//2115 454//2115
f 443//2116 434//2116 1194//2116
f 427//2117 434//2117 438//2117
f 435//2118 436//2118 421//2118
f 436//2119 435//2119 412//2119
f 437//2120 442//2120 439//2120
f 438//2121 442//2121 437//2121
f 421//2122 436//2122 440//2122
f 441//2123 1190//2123 436//2123
f 436//2124 1190//2124 440//2124
f 442//2125 1527//2125 439//2125
f 442//2126 434//2126 443//2126
f 426//2127 427//2127 438//2127
f 426//2128 438//2128 396//2128
f 352//2129 351//2129 350//2129
f 419//2130 435//2130 421//2130
f 308//2131 445//2131 309//2131
f 446//2132 310//2132 448//2132
f 447//2133 282//2133 313//2133
f 282//2134 447//2134 382//2134
f 450//2135 446//2135 448//2135
f 446//2136 449//2136 447//2136
f 349//2137 398//2137 451//2137
f 454//2138 393//2138 449//2138
f 453//2139 450//2139 452//2139
f 460//2140 457//2140 456//2140
f 456//2141 457//2141 455//2141
f 458//2142 1245//2142 1246//2142
f 458//2143 1246//2143 461//2143
f 456//2144 458//2144 460//2144
f 458//2145 461//2145 460//2145
f 1249//2146 463//2146 461//2146
f 460//2147 462//2147 457//2147
f 462//2148 483//2148 457//2148
f 494//2149 485//2149 462//2149
f 464//2150 498//2150 494//2150
f 464//2151 462//2151 463//2151
f 393//2152 395//2152 394//2152
f 465//2153 472//2153 468//2153
f 470//2154 478//2154 469//2154
f 455//2155 457//2155 483//2155
f 470//2156 480//2156 471//2156
f 473//2157 469//2157 467//2157
f 475//2158 476//2158 474//2158
f 477//2159 476//2159 478//2159
f 459//2160 474//2160 1185//2160
f 479//2161 477//2161 478//2161
f 479//2162 471//2162 481//2162
f 479//2163 1259//2163 477//2163
f 482//2164 1260//2164 1259//2164
f 465//2165 486//2165 472//2165
f 483//2166 486//2166 465//2166
f 495//2167 483//2167 485//2167
f 486//2168 487//2168 472//2168
f 484//2169 491//2169 486//2169
f 484//2170 490//2170 491//2170
f 487//2171 467//2171 472//2171
f 487//2172 488//2172 467//2172
f 489//2173 466//2173 473//2173
f 486//2174 491//2174 487//2174
f 493//2175 490//2175 495//2175
f 466//2176 489//2176 492//2176
f 462//2177 485//2177 483//2177
f 497//2178 495//2178 494//2178
f 481//2179 501//2179 500//2179
f 499//2180 505//2180 498//2180
f 499//2181 502//2181 505//2181
f 480//2182 466//2182 496//2182
f 497//2183 503//2183 493//2183
f 502//2184 506//2184 505//2184
f 497//2185 505//2185 503//2185
f 504//2186 506//2186 501//2186
f 501//2187 506//2187 502//2187
f 501//2188 502//2188 499//2188
f 54//2189 344//2189 269//2189
f 277//2190 345//2190 284//2190
f 206//2191 85//2191 354//2191
f 284//2192 444//2192 276//2192
f 3//2193 24//2193 507//2193
f 507//2194 508//2194 3//2194
f 507//2195 511//2195 508//2195
f 508//2196 511//2196 510//2196
f 522//2197 519//2197 510//2197
f 508//2198 510//2198 513//2198
f 513//2199 514//2199 515//2199
f 513//2200 519//2200 514//2200
f 514//2201 520//2201 543//2201
f 519//2202 562//2202 521//2202
f 521//2203 523//2203 520//2203
f 521//2204 520//2204 514//2204
f 509//2205 513//2205 512//2205
f 26//2206 526//2206 25//2206
f 527//2207 524//2207 26//2207
f 528//2208 529//2208 527//2208
f 527//2209 26//2209 28//2209
f 524//2210 527//2210 532//2210
f 507//2211 533//2211 511//2211
f 526//2212 530//2212 525//2212
f 530//2213 535//2213 531//2213
f 526//2214 535//2214 530//2214
f 526//2215 536//2215 535//2215
f 529//2216 532//2216 527//2216
f 533//2217 531//2217 534//2217
f 534//2218 538//2218 522//2218
f 540//2219 561//2219 538//2219
f 531//2220 538//2220 534//2220
f 535//2221 541//2221 540//2221
f 516//2222 528//2222 62//2222
f 517//2223 542//2223 516//2223
f 518//2224 543//2224 542//2224
f 542//2225 543//2225 529//2225
f 529//2226 543//2226 544//2226
f 520//2227 546//2227 543//2227
f 544//2228 543//2228 546//2228
f 532//2229 545//2229 537//2229
f 547//2230 549//2230 548//2230
f 551//2231 550//2231 573//2231
f 552//2232 578//2232 549//2232
f 88//2233 555//2233 87//2233
f 87//2234 555//2234 86//2234
f 88//2235 90//2235 89//2235
f 90//2236 554//2236 89//2236
f 89//2237 558//2237 555//2237
f 86//2238 556//2238 209//2238
f 558//2239 556//2239 555//2239
f 743//2240 556//2240 558//2240
f 556//2241 560//2241 557//2241
f 538//2242 562//2242 522//2242
f 520//2243 564//2243 546//2243
f 546//2244 564//2244 547//2244
f 564//2245 565//2245 547//2245
f 562//2246 566//2246 521//2246
f 566//2247 562//2247 567//2247
f 521//2248 566//2248 523//2248
f 537//2249 568//2249 536//2249
f 537//2250 578//2250 568//2250
f 569//2251 571//2251 539//2251
f 541//2252 535//2252 539//2252
f 568//2253 569//2253 539//2253
f 561//2254 570//2254 562//2254
f 563//2255 572//2255 570//2255
f 563//2256 571//2256 572//2256
f 566//2257 565//2257 564//2257
f 565//2258 573//2258 547//2258
f 567//2259 577//2259 574//2259
f 566//2260 567//2260 574//2260
f 566//2261 576//2261 565//2261
f 576//2262 566//2262 574//2262
f 565//2263 576//2263 573//2263
f 551//2264 576//2264 685//2264
f 576//2265 574//2265 575//2265
f 579//2266 569//2266 568//2266
f 578//2267 537//2267 548//2267
f 581//2268 572//2268 571//2268
f 582//2269 588//2269 144//2269
f 132//2270 583//2270 131//2270
f 141//2271 588//2271 142//2271
f 588//2272 591//2272 142//2272
f 146//2273 590//2273 130//2273
f 146//2274 171//2274 590//2274
f 142//2275 589//2275 143//2275
f 585//2276 594//2276 587//2276
f 586//2277 592//2277 585//2277
f 594//2278 588//2278 587//2278
f 592//2279 595//2279 594//2279
f 594//2280 595//2280 591//2280
f 586//2281 593//2281 592//2281
f 582//2282 587//2282 588//2282
f 596//2283 603//2283 133//2283
f 133//2284 603//2284 584//2284
f 596//2285 598//2285 603//2285
f 603//2286 599//2286 584//2286
f 596//2287 130//2287 597//2287
f 590//2288 600//2288 597//2288
f 590//2289 619//2289 600//2289
f 590//2290 616//2290 619//2290
f 597//2291 600//2291 598//2291
f 601//2292 593//2292 586//2292
f 627//2293 600//2293 619//2293
f 600//2294 627//2294 605//2294
f 600//2295 605//2295 604//2295
f 604//2296 602//2296 598//2296
f 602//2297 610//2297 603//2297
f 600//2298 604//2298 598//2298
f 606//2299 595//2299 592//2299
f 612//2300 575//2300 607//2300
f 607//2301 687//2301 614//2301
f 601//2302 609//2302 606//2302
f 603//2303 610//2303 608//2303
f 610//2304 611//2304 608//2304
f 609//2305 608//2305 611//2305
f 612//2306 607//2306 614//2306
f 728//2307 651//2307 614//2307
f 589//2308 170//2308 143//2308
f 589//2309 615//2309 170//2309
f 617//2310 618//2310 616//2310
f 589//2311 617//2311 615//2311
f 617//2312 618//2312 615//2312
f 615//2313 618//2313 170//2313
f 170//2314 618//2314 617//2314
f 170//2315 616//2315 171//2315
f 620//2316 619//2316 616//2316
f 589//2317 620//2317 616//2317
f 591//2318 620//2318 589//2318
f 622//2319 627//2319 619//2319
f 619//2320 620//2320 622//2320
f 620//2321 625//2321 622//2321
f 624//2322 620//2322 621//2322
f 625//2323 623//2323 622//2323
f 621//2324 645//2324 624//2324
f 627//2325 623//2325 629//2325
f 602//2326 630//2326 610//2326
f 638//2327 632//2327 639//2327
f 632//2328 633//2328 613//2328
f 613//2329 633//2329 638//2329
f 704//2330 638//2330 974//2330
f 635//2331 640//2331 631//2331
f 623//2332 636//2332 629//2332
f 636//2333 635//2333 629//2333
f 637//2334 1327//2334 636//2334
f 640//2335 641//2335 631//2335
f 634//2336 630//2336 631//2336
f 642//2337 649//2337 634//2337
f 713//2338 642//2338 634//2338
f 641//2339 713//2339 634//2339
f 595//2340 606//2340 646//2340
f 595//2341 646//2341 645//2341
f 648//2342 606//2342 609//2342
f 649//2343 650//2343 610//2343
f 639//2344 651//2344 732//2344
f 653//2345 654//2345 646//2345
f 1327//2346 637//2346 654//2346
f 655//2347 653//2347 648//2347
f 653//2348 1341//2348 654//2348
f 652//2349 1340//2349 655//2349
f 647//2350 655//2350 648//2350
f 599//2351 603//2351 608//2351
f 651//2352 633//2352 632//2352
f 550//2353 657//2353 552//2353
f 553//2354 657//2354 658//2354
f 551//2355 662//2355 661//2355
f 661//2356 665//2356 550//2356
f 657//2357 550//2357 658//2357
f 659//2358 553//2358 658//2358
f 674//2359 662//2359 695//2359
f 662//2360 551//2360 663//2360
f 212//2361 740//2361 739//2361
f 209//2362 667//2362 210//2362
f 222//2363 668//2363 223//2363
f 223//2364 668//2364 675//2364
f 675//2365 669//2365 226//2365
f 658//2366 670//2366 671//2366
f 747//2367 667//2367 560//2367
f 668//2368 672//2368 675//2368
f 747//2369 672//2369 668//2369
f 673//2370 661//2370 676//2370
f 673//2371 228//2371 666//2371
f 678//2372 677//2372 679//2372
f 676//2373 680//2373 229//2373
f 678//2374 679//2374 682//2374
f 683//2375 664//2375 682//2375
f 682//2376 664//2376 691//2376
f 575//2377 685//2377 576//2377
f 575//2378 612//2378 685//2378
f 581//2379 579//2379 684//2379
f 684//2380 688//2380 692//2380
f 690//2381 689//2381 580//2381
f 691//2382 689//2382 690//2382
f 685//2383 613//2383 663//2383
f 689//2384 688//2384 684//2384
f 693//2385 688//2385 691//2385
f 689//2386 684//2386 579//2386
f 708//2387 696//2387 695//2387
f 696//2388 709//2388 697//2388
f 695//2389 696//2389 697//2389
f 698//2390 700//2390 699//2390
f 662//2391 663//2391 702//2391
f 663//2392 613//2392 702//2392
f 702//2393 613//2393 704//2393
f 708//2394 695//2394 703//2394
f 731//2395 705//2395 716//2395
f 716//2396 712//2396 731//2396
f 245//2397 246//2397 696//2397
f 715//2398 1010//2398 1344//2398
f 698//2399 697//2399 709//2399
f 706//2400 698//2400 710//2400
f 253//2401 706//2401 710//2401
f 715//2402 253//2402 1010//2402
f 706//2403 253//2403 715//2403
f 712//2404 715//2404 1344//2404
f 706//2405 716//2405 705//2405
f 680//2406 699//2406 718//2406
f 680//2407 718//2407 261//2407
f 719//2408 263//2408 718//2408
f 683//2409 682//2409 721//2409
f 724//2410 707//2410 705//2410
f 265//2411 726//2411 250//2411
f 241//2412 265//2412 250//2412
f 259//2413 727//2413 725//2413
f 730//2414 711//2414 729//2414
f 732//2415 711//2415 643//2415
f 714//2416 656//2416 642//2416
f 714//2417 642//2417 713//2417
f 659//2418 690//2418 580//2418
f 704//2419 973//2419 708//2419
f 733//2420 738//2420 554//2420
f 733//2421 753//2421 738//2421
f 753//2422 733//2422 754//2422
f 753//2423 736//2423 735//2423
f 745//2424 92//2424 739//2424
f 742//2425 293//2425 292//2425
f 293//2426 808//2426 295//2426
f 737//2427 748//2427 554//2427
f 740//2428 806//2428 746//2428
f 750//2429 745//2429 746//2429
f 748//2430 749//2430 734//2430
f 751//2431 749//2431 750//2431
f 750//2432 815//2432 751//2432
f 735//2433 744//2433 743//2433
f 738//2434 753//2434 735//2434
f 754//2435 752//2435 736//2435
f 754//2436 755//2436 752//2436
f 755//2437 788//2437 752//2437
f 749//2438 828//2438 760//2438
f 756//2439 759//2439 761//2439
f 756//2440 761//2440 799//2440
f 799//2441 761//2441 801//2441
f 764//2442 765//2442 744//2442
f 744//2443 765//2443 559//2443
f 765//2444 747//2444 559//2444
f 766//2445 767//2445 769//2445
f 736//2446 769//2446 763//2446
f 752//2447 771//2447 769//2447
f 752//2448 789//2448 771//2448
f 771//2449 803//2449 773//2449
f 770//2450 772//2450 768//2450
f 774//2451 852//2451 772//2451
f 804//2452 772//2452 773//2452
f 804//2453 774//2453 772//2453
f 743//2454 744//2454 559//2454
f 325//2455 775//2455 326//2455
f 326//2456 328//2456 327//2456
f 775//2457 777//2457 328//2457
f 323//2458 324//2458 782//2458
f 775//2459 325//2459 776//2459
f 778//2460 790//2460 329//2460
f 779//2461 776//2461 781//2461
f 780//2462 781//2462 776//2462
f 779//2463 780//2463 788//2463
f 781//2464 783//2464 788//2464
f 775//2465 779//2465 757//2465
f 323//2466 782//2466 776//2466
f 782//2467 329//2467 790//2467
f 785//2468 782//2468 789//2468
f 783//2469 784//2469 785//2469
f 755//2470 786//2470 788//2470
f 755//2471 757//2471 787//2471
f 757//2472 786//2472 787//2472
f 783//2473 781//2473 780//2473
f 788//2474 784//2474 789//2474
f 788//2475 783//2475 785//2475
f 328//2476 792//2476 337//2476
f 792//2477 793//2477 338//2477
f 794//2478 793//2478 792//2478
f 793//2479 794//2479 795//2479
f 795//2480 340//2480 793//2480
f 778//2481 798//2481 797//2481
f 795//2482 342//2482 340//2482
f 343//2483 798//2483 778//2483
f 798//2484 802//2484 797//2484
f 802//2485 341//2485 901//2485
f 341//2486 802//2486 798//2486
f 777//2487 757//2487 799//2487
f 791//2488 805//2488 803//2488
f 791//2489 800//2489 805//2489
f 777//2490 799//2490 794//2490
f 799//2491 801//2491 796//2491
f 791//2492 797//2492 800//2492
f 797//2493 791//2493 790//2493
f 802//2494 800//2494 797//2494
f 903//2495 800//2495 802//2495
f 789//2496 803//2496 771//2496
f 807//2497 296//2497 297//2497
f 833//2498 807//2498 297//2498
f 807//2499 741//2499 296//2499
f 363//2500 833//2500 297//2500
f 809//2501 819//2501 295//2501
f 806//2502 669//2502 811//2502
f 812//2503 810//2503 811//2503
f 806//2504 811//2504 815//2504
f 811//2505 816//2505 815//2505
f 814//2506 825//2506 809//2506
f 362//2507 820//2507 367//2507
f 820//2508 373//2508 367//2508
f 373//2509 821//2509 377//2509
f 362//2510 822//2510 820//2510
f 377//2511 868//2511 869//2511
f 819//2512 809//2512 824//2512
f 819//2513 824//2513 360//2513
f 807//2514 829//2514 741//2514
f 832//2515 828//2515 751//2515
f 828//2516 835//2516 760//2516
f 813//2517 830//2517 742//2517
f 829//2518 830//2518 813//2518
f 832//2519 835//2519 828//2519
f 834//2520 807//2520 833//2520
f 844//2521 829//2521 834//2521
f 829//2522 844//2522 846//2522
f 902//2523 801//2523 759//2523
f 835//2524 838//2524 839//2524
f 836//2525 838//2525 835//2525
f 840//2526 839//2526 836//2526
f 837//2527 902//2527 835//2527
f 843//2528 844//2528 842//2528
f 842//2529 834//2529 841//2529
f 845//2530 846//2530 844//2530
f 847//2531 845//2531 843//2531
f 849//2532 850//2532 747//2532
f 767//2533 849//2533 765//2533
f 850//2534 851//2534 812//2534
f 767//2535 768//2535 851//2535
f 832//2536 810//2536 836//2536
f 768//2537 852//2537 810//2537
f 852//2538 836//2538 810//2538
f 854//2539 825//2539 814//2539
f 840//2540 836//2540 852//2540
f 857//2541 826//2541 825//2541
f 855//2542 856//2542 854//2542
f 854//2543 856//2543 857//2543
f 846//2544 861//2544 831//2544
f 855//2545 862//2545 856//2545
f 845//2546 863//2546 846//2546
f 829//2547 846//2547 831//2547
f 856//2548 858//2548 857//2548
f 379//2549 410//2549 818//2549
f 865//2550 415//2550 722//2550
f 868//2551 870//2551 869//2551
f 866//2552 883//2552 869//2552
f 867//2553 871//2553 870//2553
f 870//2554 866//2554 869//2554
f 822//2555 872//2555 823//2555
f 823//2556 875//2556 873//2556
f 872//2557 875//2557 823//2557
f 872//2558 827//2558 874//2558
f 880//2559 875//2559 876//2559
f 874//2560 876//2560 875//2560
f 418//2561 871//2561 877//2561
f 871//2562 873//2562 877//2562
f 418//2563 877//2563 1032//2563
f 878//2564 1494//2564 1167//2564
f 876//2565 882//2565 880//2565
f 869//2566 883//2566 842//2566
f 842//2567 883//2567 843//2567
f 883//2568 885//2568 847//2568
f 874//2569 826//2569 884//2569
f 883//2570 847//2570 843//2570
f 879//2571 887//2571 883//2571
f 866//2572 879//2572 883//2572
f 1514//2573 885//2573 887//2573
f 885//2574 1514//2574 889//2574
f 890//2575 889//2575 1523//2575
f 1497//2576 891//2576 890//2576
f 891//2577 1497//2577 881//2577
f 882//2578 891//2578 881//2578
f 889//2579 893//2579 908//2579
f 886//2580 889//2580 908//2580
f 893//2581 890//2581 894//2581
f 894//2582 890//2582 891//2582
f 892//2583 895//2583 894//2583
f 890//2584 893//2584 889//2584
f 893//2585 894//2585 908//2585
f 857//2586 884//2586 826//2586
f 857//2587 858//2587 884//2587
f 858//2588 896//2588 897//2588
f 858//2589 882//2589 884//2589
f 882//2590 898//2590 892//2590
f 897//2591 898//2591 882//2591
f 892//2592 898//2592 895//2592
f 847//2593 848//2593 845//2593
f 902//2594 899//2594 342//2594
f 903//2595 900//2595 902//2595
f 899//2596 900//2596 342//2596
f 837//2597 904//2597 903//2597
f 904//2598 837//2598 840//2598
f 904//2599 774//2599 804//2599
f 774//2600 904//2600 840//2600
f 861//2601 905//2601 862//2601
f 862//2602 906//2602 856//2602
f 908//2603 909//2603 886//2603
f 886//2604 909//2604 848//2604
f 848//2605 910//2605 863//2605
f 908//2606 911//2606 912//2606
f 895//2607 911//2607 908//2607
f 912//2608 913//2608 960//2608
f 939//2609 914//2609 921//2609
f 960//2610 918//2610 915//2610
f 916//2611 958//2611 918//2611
f 960//2612 917//2612 918//2612
f 916//2613 917//2613 960//2613
f 917//2614 916//2614 913//2614
f 913//2615 916//2615 960//2615
f 915//2616 920//2616 921//2616
f 919//2617 920//2617 915//2617
f 920//2618 918//2618 958//2618
f 920//2619 919//2619 918//2619
f 918//2620 919//2620 915//2620
f 488//2621 473//2621 467//2621
f 487//2622 922//2622 488//2622
f 488//2623 927//2623 473//2623
f 473//2624 926//2624 489//2624
f 492//2625 489//2625 935//2625
f 491//2626 930//2626 922//2626
f 491//2627 923//2627 930//2627
f 922//2628 925//2628 488//2628
f 930//2629 923//2629 929//2629
f 927//2630 926//2630 473//2630
f 927//2631 928//2631 926//2631
f 925//2632 966//2632 927//2632
f 914//2633 926//2633 928//2633
f 930//2634 929//2634 967//2634
f 932//2635 929//2635 923//2635
f 505//2636 934//2636 938//2636
f 934//2637 506//2637 936//2637
f 503//2638 924//2638 493//2638
f 503//2639 938//2639 924//2639
f 938//2640 943//2640 924//2640
f 926//2641 914//2641 939//2641
f 935//2642 940//2642 936//2642
f 939//2643 940//2643 935//2643
f 941//2644 931//2644 943//2644
f 937//2645 941//2645 938//2645
f 941//2646 943//2646 938//2646
f 943//2647 931//2647 932//2647
f 863//2648 944//2648 859//2648
f 906//2649 945//2649 896//2649
f 944//2650 949//2650 907//2650
f 905//2651 907//2651 948//2651
f 950//2652 949//2652 944//2652
f 910//2653 950//2653 944//2653
f 949//2654 952//2654 948//2654
f 951//2655 952//2655 949//2655
f 906//2656 953//2656 945//2656
f 953//2657 955//2657 945//2657
f 955//2658 954//2658 945//2658
f 895//2659 898//2659 957//2659
f 897//2660 957//2660 898//2660
f 895//2661 958//2661 911//2661
f 909//2662 950//2662 910//2662
f 960//2663 915//2663 914//2663
f 947//2664 962//2664 957//2664
f 961//2665 958//2665 895//2665
f 957//2666 962//2666 959//2666
f 1597//2667 964//2667 965//2667
f 965//2668 963//2668 1597//2668
f 966//2669 930//2669 952//2669
f 967//2670 956//2670 955//2670
f 968//2671 969//2671 956//2671
f 969//2672 942//2672 963//2672
f 942//2673 969//2673 968//2673
f 968//2674 956//2674 967//2674
f 907//2675 860//2675 859//2675
f 951//2676 966//2676 952//2676
f 810//2677 851//2677 768//2677
f 904//2678 800//2678 903//2678
f 758//2679 757//2679 755//2679
f 1002//2680 972//2680 980//2680
f 972//2681 974//2681 975//2681
f 980//2682 977//2682 976//2682
f 980//2683 976//2683 982//2683
f 972//2684 976//2684 977//2684
f 972//2685 977//2685 980//2685
f 975//2686 979//2686 978//2686
f 978//2687 1343//2687 983//2687
f 970//2688 980//2688 981//2688
f 982//2689 975//2689 978//2689
f 981//2690 982//2690 990//2690
f 978//2691 983//2691 982//2691
f 983//2692 985//2692 984//2692
f 1021//2693 985//2693 983//2693
f 986//2694 970//2694 981//2694
f 1052//2695 986//2695 987//2695
f 988//2696 1052//2696 987//2696
f 990//2697 982//2697 993//2697
f 982//2698 1078//2698 992//2698
f 982//2699 992//2699 991//2699
f 988//2700 993//2700 989//2700
f 996//2701 1004//2701 994//2701
f 996//2702 1003//2702 1051//2702
f 995//2703 1051//2703 1003//2703
f 995//2704 970//2704 1051//2704
f 970//2705 986//2705 1051//2705
f 242//2706 1003//2706 994//2706
f 971//2707 1002//2707 1003//2707
f 1011//2708 247//2708 1004//2708
f 1004//2709 247//2709 1001//2709
f 1004//2710 1006//2710 1005//2710
f 999//2711 1006//2711 1004//2711
f 1005//2712 1006//2712 999//2712
f 1000//2713 1005//2713 999//2713
f 1004//2714 1008//2714 1011//2714
f 1011//2715 1008//2715 1009//2715
f 1007//2716 1009//2716 1004//2716
f 1345//2717 1021//2717 1343//2717
f 251//2718 1014//2718 1013//2718
f 248//2719 1014//2719 251//2719
f 1003//2720 970//2720 995//2720
f 1022//2721 1015//2721 1021//2721
f 1018//2722 1015//2722 1022//2722
f 984//2723 985//2723 1015//2723
f 1016//2724 1007//2724 1000//2724
f 1007//2725 1016//2725 1017//2725
f 1020//2726 1095//2726 1025//2726
f 1026//2727 1355//2727 1020//2727
f 1019//2728 1355//2728 1023//2728
f 1026//2729 1025//2729 1024//2729
f 267//2730 1013//2730 1028//2730
f 266//2731 1028//2731 1029//2731
f 266//2732 1029//2732 1031//2732
f 1029//2733 1030//2733 1031//2733
f 1034//2734 1038//2734 1037//2734
f 1064//2735 1034//2735 1095//2735
f 1064//2736 1172//2736 1034//2736
f 1046//2737 1038//2737 1035//2737
f 1027//2738 1046//2738 1035//2738
f 1039//2739 1356//2739 1037//2739
f 1356//2740 1039//2740 1374//2740
f 1044//2741 1039//2741 1042//2741
f 1045//2742 1040//2742 1042//2742
f 1044//2743 1358//2743 1374//2743
f 1041//2744 1097//2744 1359//2744
f 1038//2745 1045//2745 1039//2745
f 1038//2746 1046//2746 1045//2746
f 1045//2747 1047//2747 1040//2747
f 1048//2748 1049//2748 1040//2748
f 1042//2749 1040//2749 1043//2749
f 1048//2750 1040//2750 1047//2750
f 1037//2751 1038//2751 1039//2751
f 1058//2752 1055//2752 997//2752
f 1051//2753 986//2753 997//2753
f 998//2754 1053//2754 1000//2754
f 1065//2755 1019//2755 1054//2755
f 1081//2756 1019//2756 1065//2756
f 997//2757 1053//2757 998//2757
f 997//2758 1055//2758 1053//2758
f 1058//2759 986//2759 1052//2759
f 1058//2760 1061//2760 1055//2760
f 1055//2761 1061//2761 1053//2761
f 1068//2762 1067//2762 1064//2762
f 1067//2763 1069//2763 1064//2763
f 1062//2764 1109//2764 1054//2764
f 1054//2765 1109//2765 1071//2765
f 1062//2766 1110//2766 1109//2766
f 1110//2767 1062//2767 1070//2767
f 1071//2768 1074//2768 1073//2768
f 1073//2769 1075//2769 1067//2769
f 1077//2770 1076//2770 1078//2770
f 1077//2771 1078//2771 984//2771
f 1080//2772 1078//2772 1076//2772
f 1076//2773 1079//2773 1080//2773
f 1019//2774 1082//2774 1054//2774
f 1089//2775 1083//2775 1082//2775
f 1083//2776 1054//2776 1082//2776
f 1062//2777 1085//2777 1070//2777
f 1085//2778 1086//2778 1070//2778
f 1091//2779 1088//2779 1085//2779
f 1091//2780 1085//2780 1087//2780
f 1085//2781 1088//2781 1086//2781
f 1087//2782 1085//2782 1083//2782
f 1023//2783 1089//2783 1082//2783
f 1394//2784 1097//2784 1392//2784
f 1392//2785 1091//2785 1090//2785
f 1079//2786 992//2786 1080//2786
f 992//2787 1093//2787 1092//2787
f 992//2788 1092//2788 991//2788
f 1083//2789 1085//2789 1062//2789
f 1063//2790 1094//2790 1059//2790
f 1172//2791 1069//2791 1036//2791
f 1041//2792 1096//2792 1097//2792
f 1043//2793 1099//2793 1098//2793
f 1086//2794 1072//2794 1070//2794
f 1099//2795 1226//2795 1289//2795
f 1099//2796 1289//2796 1072//2796
f 1019//2797 1023//2797 1082//2797
f 1000//2798 1084//2798 1016//2798
f 1095//2799 1081//2799 1064//2799
f 1081//2800 1065//2800 1068//2800
f 1103//2801 1057//2801 1100//2801
f 1101//2802 1104//2802 1107//2802
f 1101//2803 1107//2803 1105//2803
f 1105//2804 1107//2804 1137//2804
f 1105//2805 1137//2805 1106//2805
f 1104//2806 1138//2806 1107//2806
f 1071//2807 1109//2807 1074//2807
f 1109//2808 1110//2808 1111//2808
f 1074//2809 1108//2809 1073//2809
f 1074//2810 1112//2810 1108//2810
f 1070//2811 1072//2811 1116//2811
f 1114//2812 1113//2812 1111//2812
f 1117//2813 1115//2813 1116//2813
f 989//2814 993//2814 1120//2814
f 1122//2815 1124//2815 1093//2815
f 1122//2816 1123//2816 1125//2816
f 1094//2817 1063//2817 1122//2817
f 1123//2818 1126//2818 1125//2818
f 1121//2819 1127//2819 1134//2819
f 1125//2820 1126//2820 1128//2820
f 1129//2821 1104//2821 1103//2821
f 1129//2822 1131//2822 1104//2822
f 1120//2823 1132//2823 1118//2823
f 1132//2824 1133//2824 1130//2824
f 1129//2825 1135//2825 1131//2825
f 1131//2826 1138//2826 1104//2826
f 1137//2827 1138//2827 1152//2827
f 1140//2828 1152//2828 1138//2828
f 1152//2829 1140//2829 1141//2829
f 1144//2830 1133//2830 1431//2830
f 1133//2831 1142//2831 1143//2831
f 1143//2832 1433//2832 1133//2832
f 1133//2833 1144//2833 1130//2833
f 1128//2834 1148//2834 1134//2834
f 1126//2835 1149//2835 1128//2835
f 1142//2836 1134//2836 1148//2836
f 1142//2837 1148//2837 1151//2837
f 1148//2838 1149//2838 1151//2838
f 1141//2839 1154//2839 1153//2839
f 1153//2840 1438//2840 1150//2840
f 1130//2841 1144//2841 1129//2841
f 1152//2842 1153//2842 1123//2842
f 1139//2843 1135//2843 1136//2843
f 1147//2844 1155//2844 1136//2844
f 1141//2845 1140//2845 1139//2845
f 1490//2846 1139//2846 1155//2846
f 989//2847 1118//2847 1100//2847
f 983//2848 1343//2848 1021//2848
f 1188//2849 401//2849 1184//2849
f 1184//2850 401//2850 433//2850
f 1185//2851 1156//2851 1158//2851
f 1158//2852 1159//2852 1245//2852
f 1160//2853 1158//2853 1173//2853
f 1157//2854 1158//2854 1160//2854
f 1162//2855 1164//2855 1163//2855
f 1163//2856 1164//2856 1253//2856
f 1165//2857 1253//2857 1164//2857
f 1027//2858 1168//2858 1166//2858
f 1027//2859 418//2859 1046//2859
f 1027//2860 1166//2860 871//2860
f 1046//2861 418//2861 1032//2861
f 1168//2862 1176//2862 1166//2862
f 1176//2863 1169//2863 1166//2863
f 1167//2864 1048//2864 1032//2864
f 1048//2865 1167//2865 1494//2865
f 1169//2866 424//2866 423//2866
f 1036//2867 1168//2867 1172//2867
f 1050//2868 1505//2868 1506//2868
f 1033//2869 1050//2869 1049//2869
f 1506//2870 1177//2870 1050//2870
f 1175//2871 1170//2871 1169//2871
f 1176//2872 1175//2872 1169//2872
f 1179//2873 1178//2873 1171//2873
f 1200//2874 1208//2874 1181//2874
f 1201//2875 1174//2875 1180//2875
f 1182//2876 1183//2876 433//2876
f 1189//2877 1204//2877 1156//2877
f 1156//2878 1187//2878 1189//2878
f 1191//2879 1182//2879 432//2879
f 1190//2880 1193//2880 432//2880
f 1182//2881 1191//2881 1183//2881
f 443//2882 1194//2882 1196//2882
f 1186//2883 1195//2883 1194//2883
f 1174//2884 1160//2884 1173//2884
f 1156//2885 1199//2885 1200//2885
f 1156//2886 1204//2886 1199//2886
f 1174//2887 1201//2887 1160//2887
f 1204//2888 1206//2888 1199//2888
f 1199//2889 1206//2889 1203//2889
f 1205//2890 1242//2890 1206//2890
f 1200//2891 1199//2891 1208//2891
f 1207//2892 1191//2892 1524//2892
f 1199//2893 1203//2893 1211//2893
f 402//2894 1537//2894 1198//2894
f 1206//2895 1244//2895 1211//2895
f 1210//2896 1537//2896 1188//2896
f 1183//2897 1197//2897 1184//2897
f 1212//2898 1218//2898 1216//2898
f 1214//2899 1215//2899 1212//2899
f 1212//2900 1272//2900 1213//2900
f 1213//2901 1272//2901 1229//2901
f 1272//2902 1291//2902 1229//2902
f 1224//2903 1179//2903 1217//2903
f 1043//2904 1050//2904 1226//2904
f 1223//2905 1233//2905 1222//2905
f 1229//2906 1218//2906 1213//2906
f 1229//2907 1225//2907 1218//2907
f 1219//2908 1227//2908 1226//2908
f 1229//2909 1231//2909 1230//2909
f 1229//2910 1230//2910 1225//2910
f 1227//2911 1228//2911 1226//2911
f 1161//2912 1232//2912 1164//2912
f 1233//2913 1232//2913 1220//2913
f 1234//2914 1235//2914 1165//2914
f 1243//2915 1236//2915 1237//2915
f 1243//2916 1569//2916 1244//2916
f 1239//2917 1238//2917 1223//2917
f 1236//2918 1243//2918 1242//2918
f 1242//2919 1243//2919 1244//2919
f 1243//2920 1237//2920 1241//2920
f 1202//2921 1232//2921 1161//2921
f 461//2922 1250//2922 1249//2922
f 1247//2923 1250//2923 1246//2923
f 1250//2924 1247//2924 1251//2924
f 1249//2925 1251//2925 1255//2925
f 1251//2926 1248//2926 1255//2926
f 1251//2927 1252//2927 1248//2927
f 474//2928 476//2928 1187//2928
f 1257//2929 1187//2929 476//2929
f 1257//2930 1189//2930 1187//2930
f 477//2931 1259//2931 1258//2931
f 1256//2932 1260//2932 500//2932
f 1258//2933 1205//2933 1189//2933
f 1258//2934 1264//2934 1205//2934
f 1263//2935 1264//2935 1261//2935
f 1236//2936 1254//2936 1235//2936
f 1268//2937 1214//2937 1108//2937
f 1108//2938 1265//2938 1268//2938
f 1266//2939 1265//2939 1112//2939
f 1265//2940 1267//2940 1268//2940
f 1267//2941 1270//2941 1268//2941
f 1214//2942 1212//2942 1075//2942
f 1214//2943 1268//2943 1270//2943
f 1117//2944 1289//2944 1269//2944
f 1269//2945 1276//2945 1115//2945
f 1271//2946 1272//2946 1270//2946
f 1215//2947 1272//2947 1212//2947
f 1291//2948 1231//2948 1229//2948
f 1273//2949 1271//2949 1270//2949
f 1265//2950 1283//2950 1267//2950
f 1113//2951 1277//2951 1266//2951
f 1113//2952 1114//2952 1277//2952
f 1114//2953 1115//2953 1276//2953
f 1280//2954 1275//2954 1277//2954
f 1281//2955 1308//2955 1277//2955
f 1267//2956 1282//2956 1273//2956
f 1275//2957 1309//2957 1285//2957
f 1283//2958 1275//2958 1285//2958
f 1287//2959 1271//2959 1273//2959
f 1287//2960 1273//2960 1282//2960
f 1274//2961 1271//2961 1287//2961
f 1282//2962 1286//2962 1288//2962
f 1286//2963 1306//2963 1288//2963
f 1228//2964 1269//2964 1289//2964
f 1290//2965 1269//2965 1228//2965
f 1292//2966 1279//2966 1269//2966
f 1294//2967 1295//2967 1293//2967
f 1284//2968 1297//2968 1278//2968
f 1300//2969 1297//2969 1296//2969
f 1297//2970 1295//2970 1294//2970
f 1297//2971 1300//2971 1299//2971
f 1301//2972 1293//2972 1295//2972
f 1301//2973 1295//2973 1302//2973
f 1299//2974 1307//2974 1604//2974
f 1295//2975 1298//2975 1302//2975
f 1298//2976 1299//2976 1604//2976
f 1296//2977 1274//2977 1304//2977
f 1300//2978 1307//2978 1299//2978
f 1280//2979 1309//2979 1275//2979
f 1310//2980 1309//2980 1280//2980
f 1311//2981 1309//2981 1310//2981
f 1285//2982 1311//2982 1286//2982
f 1309//2983 1311//2983 1285//2983
f 1281//2984 1293//2984 1308//2984
f 1310//2985 1316//2985 1311//2985
f 1316//2986 1315//2986 1311//2986
f 1316//2987 1317//2987 1315//2987
f 1318//2988 1301//2988 1303//2988
f 1318//2989 1641//2989 1640//2989
f 1318//2990 1319//2990 1312//2990
f 1318//2991 1640//2991 1319//2991
f 1320//2992 1313//2992 1312//2992
f 1320//2993 1314//2993 1313//2993
f 1319//2994 1643//2994 1312//2994
f 1643//2995 1321//2995 1320//2995
f 1646//2996 1324//2996 1323//2996
f 1318//2997 1312//2997 1308//2997
f 1311//2998 1315//2998 1286//2998
f 1315//2999 1306//2999 1286//2999
f 1317//3000 1306//3000 1315//3000
f 1324//3001 1306//3001 1317//3001
f 1305//3002 1325//3002 1307//3002
f 1322//3003 1325//3003 1324//3003
f 1247//3004 1163//3004 1251//3004
f 979//3005 643//3005 1343//3005
f 644//3006 1343//3006 643//3006
f 1328//3007 1335//3007 1333//3007
f 1331//3008 1329//3008 635//3008
f 635//3009 1329//3009 640//3009
f 1346//3010 1330//3010 1329//3010
f 1331//3011 1334//3011 1332//3011
f 1326//3012 1333//3012 1334//3012
f 1338//3013 1336//3013 1337//3013
f 1334//3014 1338//3014 1391//3014
f 1333//3015 1338//3015 1334//3015
f 1326//3016 1334//3016 1331//3016
f 654//3017 1328//3017 1327//3017
f 1340//3018 1339//3018 653//3018
f 1339//3019 1342//3019 1341//3019
f 1353//3020 1347//3020 1346//3020
f 250//3021 1348//3021 252//3021
f 1354//3022 1356//3022 1347//3022
f 1356//3023 1357//3023 1347//3023
f 641//3024 1330//3024 713//3024
f 1350//3025 1387//3025 714//3025
f 1330//3026 1347//3026 1350//3026
f 1351//3027 1352//3027 1389//3027
f 1387//3028 1351//3028 1389//3028
f 1332//3029 1355//3029 1353//3029
f 1353//3030 1026//3030 1354//3030
f 1354//3031 1026//3031 1024//3031
f 1355//3032 1332//3032 1023//3032
f 1391//3033 1089//3033 1334//3033
f 1024//3034 1037//3034 1356//3034
f 1359//3035 1097//3035 1394//3035
f 1351//3036 1359//3036 1363//3036
f 1363//3037 1359//3037 1394//3037
f 1390//3038 1361//3038 1360//3038
f 1361//3039 1393//3039 1362//3039
f 1390//3040 1351//3040 1363//3040
f 1363//3041 1394//3041 1393//3041
f 726//3042 1348//3042 250//3042
f 1348//3043 1365//3043 1349//3043
f 1348//3044 1364//3044 1365//3044
f 1367//3045 1368//3045 727//3045
f 727//3046 1370//3046 725//3046
f 725//3047 1370//3047 1366//3047
f 727//3048 1368//3048 1384//3048
f 1372//3049 1013//3049 1014//3049
f 1349//3050 1377//3050 1373//3050
f 1371//3051 1379//3051 1367//3051
f 1372//3052 1378//3052 1375//3052
f 1378//3053 1549//3053 1375//3053
f 1375//3054 1549//3054 1030//3054
f 1365//3055 1381//3055 1377//3055
f 1364//3056 1382//3056 1380//3056
f 1370//3057 1383//3057 1366//3057
f 1370//3058 1386//3058 1383//3058
f 1383//3059 1386//3059 1385//3059
f 1369//3060 1371//3060 1367//3060
f 714//3061 1387//3061 656//3061
f 1388//3062 1342//3062 1340//3062
f 656//3063 1389//3063 1388//3063
f 1352//3064 1388//3064 1389//3064
f 1340//3065 1342//3065 1339//3065
f 1390//3066 1360//3066 1342//3066
f 1393//3067 1392//3067 1090//3067
f 1373//3068 1377//3068 1376//3068
f 1378//3069 1550//3069 1549//3069
f 1400//3070 1376//3070 1398//3070
f 1377//3071 1398//3071 1376//3071
f 1401//3072 1376//3072 1400//3072
f 1401//3073 1403//3073 1378//3073
f 1403//3074 1397//3074 1378//3074
f 1400//3075 1399//3075 1402//3075
f 1406//3076 1396//3076 1400//3076
f 1403//3077 1401//3077 1395//3077
f 1403//3078 1404//3078 1397//3078
f 1484//3079 1404//3079 1403//3079
f 1396//3080 1395//3080 1400//3080
f 1409//3081 1408//3081 1458//3081
f 1457//3082 1406//3082 1409//3082
f 1396//3083 1406//3083 1457//3083
f 1407//3084 1408//3084 1409//3084
f 1406//3085 1407//3085 1409//3085
f 1464//3086 1408//3086 1410//3086
f 1411//3087 1464//3087 1410//3087
f 1380//3088 1415//3088 1402//3088
f 1412//3089 1382//3089 1385//3089
f 1413//3090 1412//3090 1385//3090
f 1415//3091 1414//3091 1402//3091
f 1400//3092 1402//3092 1406//3092
f 1415//3093 1410//3093 1414//3093
f 1410//3094 1415//3094 1416//3094
f 1416//3095 1411//3095 1410//3095
f 1417//3096 1416//3096 1412//3096
f 1412//3097 1415//3097 1382//3097
f 1349//3098 1373//3098 1014//3098
f 1421//3099 1420//3099 1419//3099
f 1419//3100 1420//3100 1423//3100
f 1423//3101 1420//3101 1145//3101
f 1436//3102 1421//3102 1422//3102
f 1145//3103 1419//3103 1436//3103
f 1455//3104 1426//3104 1424//3104
f 1455//3105 1424//3105 1428//3105
f 1432//3106 1434//3106 1425//3106
f 1432//3107 1425//3107 1426//3107
f 1425//3108 1424//3108 1426//3108
f 1427//3109 1424//3109 1425//3109
f 1424//3110 1430//3110 1428//3110
f 1395//3111 1428//3111 1467//3111
f 1467//3112 1429//3112 1395//3112
f 1432//3113 1145//3113 1431//3113
f 1143//3114 1142//3114 1435//3114
f 1432//3115 1431//3115 1434//3115
f 1437//3116 1489//3116 1147//3116
f 1143//3117 1441//3117 1433//3117
f 1151//3118 1149//3118 1438//3118
f 1153//3119 1439//3119 1438//3119
f 1435//3120 1438//3120 1446//3120
f 1435//3121 1151//3121 1438//3121
f 1438//3122 1440//3122 1446//3122
f 1441//3123 1427//3123 1434//3123
f 1435//3124 1442//3124 1441//3124
f 1441//3125 1442//3125 1427//3125
f 1421//3126 1461//3126 1422//3126
f 1436//3127 1422//3127 1437//3127
f 1472//3128 1444//3128 1443//3128
f 1443//3129 1444//3129 1489//3129
f 1442//3130 1435//3130 1446//3130
f 1427//3131 1466//3131 1424//3131
f 1427//3132 1442//3132 1466//3132
f 1445//3133 1446//3133 1440//3133
f 1447//3134 1449//3134 1448//3134
f 1451//3135 1452//3135 1449//3135
f 1450//3136 1445//3136 1447//3136
f 1451//3137 1447//3137 1440//3137
f 1451//3138 1453//3138 1447//3138
f 1452//3139 1454//3139 1448//3139
f 1448//3140 1449//3140 1453//3140
f 1451//3141 1445//3141 1454//3141
f 1452//3142 1453//3142 1449//3142
f 1445//3143 1450//3143 1454//3143
f 1457//3144 1456//3144 1455//3144
f 1459//3145 1409//3145 1458//3145
f 1464//3146 1458//3146 1408//3146
f 1421//3147 1459//3147 1461//3147
f 1459//3148 1460//3148 1461//3148
f 1428//3149 1430//3149 1467//3149
f 1411//3150 1470//3150 1464//3150
f 1430//3151 1466//3151 1469//3151
f 1471//3152 1465//3152 1470//3152
f 1481//3153 1479//3153 1471//3153
f 1460//3154 1474//3154 1472//3154
f 1460//3155 1463//3155 1473//3155
f 1460//3156 1473//3156 1474//3156
f 1478//3157 1444//3157 1474//3157
f 1475//3158 1469//3158 1466//3158
f 1445//3159 1475//3159 1466//3159
f 1475//3160 1477//3160 1469//3160
f 1477//3161 1468//3161 1469//3161
f 1463//3162 1471//3162 1473//3162
f 1473//3163 1478//3163 1474//3163
f 1480//3164 1483//3164 1429//3164
f 1488//3165 1411//3165 1416//3165
f 1480//3166 1485//3166 1483//3166
f 1477//3167 1482//3167 1480//3167
f 1481//3168 1482//3168 1479//3168
f 1485//3169 1487//3169 1486//3169
f 1487//3170 1482//3170 1631//3170
f 1488//3171 1470//3171 1411//3171
f 1481//3172 1471//3172 1488//3172
f 1491//3173 1439//3173 1154//3173
f 1491//3174 1139//3174 1490//3174
f 1490//3175 1492//3175 1491//3175
f 1493//3176 1491//3176 1492//3176
f 1444//3177 1478//3177 1493//3177
f 1440//3178 1439//3178 1451//3178
f 1336//3179 1342//3179 1360//3179
f 878//3180 1495//3180 1494//3180
f 1494//3181 1496//3181 1033//3181
f 1495//3182 881//3182 1497//3182
f 1495//3183 1497//3183 1499//3183
f 1499//3184 1505//3184 1495//3184
f 1498//3185 1171//3185 1178//3185
f 1500//3186 1502//3186 1503//3186
f 1501//3187 1502//3187 1510//3187
f 1501//3188 1500//3188 1503//3188
f 1507//3189 1181//3189 1511//3189
f 1511//3190 1208//3190 1508//3190
f 1510//3191 1386//3191 1509//3191
f 1190//3192 1513//3192 1192//3192
f 424//3193 1514//3193 887//3193
f 1193//3194 1516//3194 1517//3194
f 1515//3195 1516//3195 1193//3195
f 1190//3196 1516//3196 1515//3196
f 1519//3197 1520//3197 1193//3197
f 1192//3198 1519//3198 1521//3198
f 1518//3199 1521//3199 1519//3199
f 1520//3200 1522//3200 1193//3200
f 1519//3201 1522//3201 1520//3201
f 1520//3202 1522//3202 1192//3202
f 1192//3203 1521//3203 1518//3203
f 1515//3204 1516//3204 1192//3204
f 1518//3205 1521//3205 1517//3205
f 1192//3206 1518//3206 1517//3206
f 1498//3207 1523//3207 1514//3207
f 439//3208 1527//3208 888//3208
f 1497//3209 1498//3209 1499//3209
f 1191//3210 1525//3210 1524//3210
f 1520//3211 1192//3211 1525//3211
f 1192//3212 1526//3212 1525//3212
f 443//3213 1196//3213 1528//3213
f 1527//3214 1528//3214 1530//3214
f 1192//3215 1513//3215 1526//3215
f 1525//3216 1531//3216 1524//3216
f 1531//3217 1535//3217 1207//3217
f 1531//3218 1207//3218 1524//3218
f 1195//3219 1534//3219 1196//3219
f 1198//3220 1532//3220 1186//3220
f 1533//3221 1532//3221 1195//3221
f 1186//3222 1533//3222 1195//3222
f 1532//3223 1533//3223 1534//3223
f 1196//3224 1543//3224 1528//3224
f 1210//3225 1536//3225 1537//3225
f 1525//3226 1538//3226 1531//3226
f 1526//3227 1538//3227 1525//3227
f 1529//3228 1530//3228 1545//3228
f 1541//3229 1529//3229 1545//3229
f 1570//3230 1531//3230 1542//3230
f 1540//3231 1571//3231 1538//3231
f 1528//3232 1543//3232 1530//3232
f 1541//3233 1546//3233 1539//3233
f 1549//3234 1550//3234 1504//3234
f 1547//3235 1548//3235 1222//3235
f 1553//3236 1222//3236 1548//3236
f 1512//3237 1556//3237 1386//3237
f 1551//3238 1554//3238 1553//3238
f 1550//3239 1561//3239 1554//3239
f 1550//3240 1554//3240 1551//3240
f 1508//3241 1555//3241 1584//3241
f 1558//3242 1557//3242 1241//3242
f 1557//3243 1558//3243 1586//3243
f 1560//3244 1239//3244 1223//3244
f 1561//3245 1550//3245 1397//3245
f 1561//3246 1405//3246 1486//3246
f 1562//3247 1560//3247 1554//3247
f 1563//3248 1560//3248 1562//3248
f 1566//3249 1571//3249 1565//3249
f 1559//3250 1567//3250 1573//3250
f 1567//3251 1566//3251 1599//3251
f 1512//3252 1508//3252 1556//3252
f 1555//3253 1569//3253 1557//3253
f 1570//3254 1536//3254 1535//3254
f 1577//3255 1575//3255 1537//3255
f 1570//3256 1572//3256 1579//3256
f 1573//3257 1580//3257 1572//3257
f 1580//3258 1623//3258 1572//3258
f 1580//3259 1568//3259 1623//3259
f 1572//3260 1623//3260 1579//3260
f 1576//3261 1627//3261 1577//3261
f 1623//3262 1624//3262 1579//3262
f 1579//3263 1624//3263 1627//3263
f 1627//3264 1581//3264 1575//3264
f 1570//3265 1576//3265 1536//3265
f 1556//3266 1582//3266 1413//3266
f 1584//3267 1586//3267 1582//3267
f 1583//3268 1587//3268 1565//3268
f 1583//3269 1565//3269 1540//3269
f 1582//3270 1417//3270 1413//3270
f 1562//3271 1487//3271 1563//3271
f 1585//3272 1631//3272 1418//3272
f 1564//3273 1585//3273 1586//3273
f 1588//3274 1632//3274 1587//3274
f 1540//3275 1544//3275 1583//3275
f 1541//3276 1589//3276 1546//3276
f 1546//3277 1591//3277 1544//3277
f 1589//3278 1578//3278 1590//3278
f 1593//3279 1591//3279 1638//3279
f 1638//3280 1591//3280 1590//3280
f 1578//3281 1639//3281 1590//3281
f 1575//3282 1581//3282 1578//3282
f 1385//3283 1386//3283 1413//3283
f 1593//3284 1634//3284 1588//3284
f 921//3285 961//3285 940//3285
f 934//3286 936//3286 940//3286
f 1594//3287 934//3287 940//3287
f 1595//3288 942//3288 941//3288
f 1594//3289 937//3289 934//3289
f 1595//3290 937//3290 1594//3290
f 958//3291 961//3291 921//3291
f 959//3292 1596//3292 961//3292
f 1597//3293 1598//3293 1596//3293
f 1598//3294 1595//3294 1594//3294
f 1598//3295 1594//3295 1596//3295
f 1609//3296 1601//3296 1600//3296
f 1612//3297 1599//3297 1611//3297
f 1600//3298 1612//3298 1609//3298
f 1600//3299 1567//3299 1612//3299
f 1600//3300 1601//3300 1568//3300
f 1601//3301 1625//3301 1568//3301
f 1601//3302 1617//3302 1625//3302
f 1303//3303 1302//3303 1603//3303
f 1303//3304 1602//3304 1641//3304
f 1302//3305 1606//3305 1603//3305
f 1302//3306 1604//3306 1606//3306
f 1606//3307 1616//3307 1603//3307
f 1605//3308 1619//3308 1616//3308
f 1605//3309 1607//3309 1620//3309
f 1602//3310 1609//3310 1612//3310
f 1603//3311 1608//3311 1609//3311
f 1602//3312 1603//3312 1609//3312
f 1612//3313 1611//3313 1610//3313
f 1610//3314 1611//3314 1614//3314
f 1615//3315 1648//3315 1614//3315
f 1648//3316 1647//3316 1614//3316
f 1602//3317 1612//3317 1610//3317
f 1608//3318 1619//3318 1617//3318
f 1618//3319 1617//3319 1619//3319
f 1620//3320 1619//3320 1605//3320
f 1610//3321 1614//3321 1642//3321
f 1608//3322 1601//3322 1609//3322
f 1625//3323 1617//3323 1629//3323
f 1624//3324 1629//3324 1627//3324
f 1629//3325 1628//3325 1627//3325
f 1627//3326 1628//3326 1581//3326
f 1618//3327 1629//3327 1617//3327
f 1630//3328 1626//3328 1629//3328
f 1637//3329 1635//3329 1621//3329
f 1635//3330 1622//3330 1621//3330
f 1622//3331 1651//3331 1621//3331
f 1635//3332 1637//3332 1634//3332
f 1633//3333 1613//3333 1632//3333
f 1638//3334 1634//3334 1593//3334
f 1639//3335 1628//3335 1626//3335
f 1639//3336 1581//3336 1628//3336
f 1635//3337 1626//3337 1622//3337
f 1642//3338 1643//3338 1640//3338
f 1642//3339 1644//3339 1643//3339
f 1643//3340 1319//3340 1640//3340
f 1644//3341 1321//3341 1643//3341
f 1322//3342 1620//3342 1607//3342
f 1322//3343 1324//3343 1646//3343
f 1649//3344 1323//3344 1321//3344
f 1614//3345 1647//3345 1642//3345
f 1648//3346 1645//3346 1644//3346
f 1651//3347 1649//3347 1645//3347
f 1651//3348 1650//3348 1649//3348
f 1644//3349 1645//3349 1321//3349
f 500//3350 1260//3350 482//3350
f 959//3351 962//3351 1596//3351
f 1598//3352 1597//3352 963//3352
f 12//3353 11//3353 512//3353
f 517//3354 13//3354 12//3354
f 90//3355 737//3355 554//3355
f 1048//3356 1494//3356 1033//3356
f 1413//3357 1417//3357 1412//3357
f 1631//3358 1563//3358 1487//3358
