# Blender 4.5.3 LTS
# www.blender.org
o Sponge
v -0.945918 -0.946418 0.937353
v -0.954041 -0.889410 0.954935
v -0.955555 -0.955370 0.840860
v -0.976947 -0.903283 0.907757
v -0.983258 -0.839639 0.852976
v -0.889410 -0.954935 0.954041
v -0.903283 -0.907757 0.976947
v -0.839639 -0.852975 0.983258
v -0.907757 -0.976947 0.903283
v -0.852975 -0.983258 0.839639
v -0.957172 -0.367935 0.958148
v -0.980057 -0.582517 0.870961
v -0.980887 -0.497993 0.915648
v -0.918777 -0.559402 0.977556
v -0.873058 -0.747768 0.977048
v -0.851136 -0.503533 0.989550
v -0.977048 -0.873058 0.747767
v -0.977556 -0.918777 0.559403
v -0.957965 -0.957346 0.367423
v -0.989550 -0.851136 0.503534
v -0.870961 -0.980057 0.582517
v -0.915648 -0.980887 0.497993
v -0.963700 -0.793102 0.793102
v -0.959754 -0.690565 0.824138
v -0.958765 -0.823077 0.693056
v -0.965015 -0.583617 0.793121
v -0.962512 -0.545733 0.693767
v -0.965015 -0.793121 0.583617
v -0.961790 -0.690548 0.545822
v -0.966374 -0.583621 0.583621
v -0.918996 -0.766625 0.766625
v -0.918405 -0.689810 0.794287
v -0.918856 -0.794240 0.691019
v -0.862364 -0.765943 0.765943
v -0.864686 -0.688621 0.796097
v -0.864705 -0.796080 0.688478
v -0.896506 -0.608799 0.760013
v -0.900675 -0.580888 0.716685
v -0.919224 -0.766586 0.604664
v -0.899580 -0.716181 0.581032
v -0.862127 -0.765709 0.603503
v -0.895856 -0.581437 0.658452
v -0.894042 -0.658192 0.581204
v -0.896762 -0.609857 0.608881
v -0.582516 -0.870961 0.980057
v -0.747768 -0.977048 0.873058
v -0.559401 -0.977556 0.918777
v -0.367934 -0.958148 0.957172
v -0.497994 -0.915648 0.980887
v -0.503533 -0.989550 0.851135
v -0.793102 -0.793102 0.963700
v -0.823077 -0.693056 0.958765
v -0.690565 -0.824138 0.959754
v -0.793121 -0.583617 0.965015
v -0.690548 -0.545822 0.961790
v -0.766625 -0.766625 0.918996
v -0.794240 -0.691019 0.918856
v -0.765943 -0.765943 0.862364
v -0.796080 -0.688478 0.864705
v -0.689810 -0.794287 0.918405
v -0.688621 -0.796097 0.864686
v -0.766586 -0.604664 0.919224
v -0.765709 -0.603503 0.862127
v -0.716181 -0.581031 0.899580
v -0.583617 -0.793121 0.965015
v -0.545733 -0.693767 0.962512
v -0.583621 -0.583621 0.966374
v -0.608799 -0.760013 0.896506
v -0.580888 -0.716685 0.900676
v -0.658192 -0.581204 0.894042
v -0.581437 -0.658452 0.895856
v -0.609857 -0.608881 0.896762
v -0.793102 -0.963700 0.793102
v -0.824138 -0.959754 0.690565
v -0.693056 -0.958765 0.823077
v -0.766625 -0.918996 0.766625
v -0.765943 -0.862364 0.765943
v -0.794287 -0.918405 0.689810
v -0.796097 -0.864686 0.688621
v -0.691019 -0.918856 0.794240
v -0.688478 -0.864705 0.796080
v -0.793121 -0.965015 0.583617
v -0.693767 -0.962512 0.545733
v -0.760013 -0.896506 0.608799
v -0.716685 -0.900676 0.580888
v -0.583617 -0.965015 0.793121
v -0.545822 -0.961790 0.690548
v -0.604664 -0.919224 0.766586
v -0.603503 -0.862127 0.765708
v -0.581032 -0.899580 0.716181
v -0.583621 -0.966374 0.583621
v -0.658452 -0.895856 0.581437
v -0.581204 -0.894042 0.658192
v -0.608881 -0.896762 0.609857
v -0.791158 -0.791158 0.791158
v -0.815533 -0.720190 0.815533
v -0.815533 -0.815533 0.720190
v -0.720190 -0.815533 0.815533
v -0.815349 -0.654395 0.815349
v -0.789989 -0.579235 0.789989
v -0.813419 -0.552682 0.719481
v -0.719481 -0.552682 0.813419
v -0.815349 -0.815349 0.654395
v -0.789989 -0.789989 0.579235
v -0.813419 -0.719481 0.552682
v -0.719481 -0.813419 0.552682
v -0.813234 -0.552756 0.654435
v -0.813234 -0.654435 0.552756
v -0.788820 -0.579726 0.579726
v -0.718772 -0.553601 0.553601
v -0.654395 -0.815348 0.815348
v -0.579235 -0.789989 0.789989
v -0.552682 -0.719481 0.813419
v -0.552682 -0.813419 0.719481
v -0.654435 -0.552756 0.813234
v -0.552756 -0.654435 0.813234
v -0.579726 -0.579726 0.788820
v -0.553601 -0.553601 0.718772
v -0.654435 -0.813234 0.552756
v -0.552756 -0.813234 0.654435
v -0.579726 -0.788820 0.579726
v -0.553601 -0.718772 0.553601
v -0.656252 -0.542402 0.566103
v -0.542402 -0.566103 0.656252
v -0.566103 -0.656252 0.542402
v -0.580216 -0.580216 0.580216
v -0.994043 -0.434414 0.851603
v -0.917606 -0.165805 0.979231
v -0.837486 -0.290856 0.996902
v -0.976961 -0.076231 0.918904
v -0.978667 -0.065924 0.874184
v -0.867434 -0.095432 0.980539
v -0.985897 -0.495858 0.686381
v -0.997829 -0.296515 0.821119
v -0.998841 -0.282078 0.560528
v -0.985395 -0.183559 0.780513
v -0.965021 -0.105635 0.793123
v -0.959788 0.001123 0.824089
v -0.960475 -0.139119 0.693318
v -0.990186 -0.185850 0.557833
v -0.966063 -0.105634 0.584123
v -0.961374 0.001068 0.546538
v -0.919226 -0.081205 0.766587
v -0.918422 -0.000000 0.794279
v -0.918950 -0.111811 0.691318
v -0.862125 -0.081411 0.765706
v -0.864742 -0.000002 0.796061
v -0.863366 -0.114487 0.688935
v -0.896633 -0.075097 0.608911
v -0.893949 -0.029122 0.581280
v -0.691974 -0.495921 0.986070
v -0.455844 -0.436734 0.999036
v -0.522867 -0.533951 0.992134
v -0.745162 -0.189272 0.984139
v -0.546291 -0.257385 0.997095
v -0.793123 -0.105635 0.965021
v -0.822964 -0.001771 0.958775
v -0.690550 -0.140403 0.961750
v -0.766587 -0.081205 0.919226
v -0.794230 -0.001322 0.918958
v -0.765706 -0.081411 0.862125
v -0.796018 0.000431 0.864619
v -0.689751 -0.111869 0.918352
v -0.688552 -0.114454 0.863221
v -0.462148 -0.106567 0.989258
v -0.584123 -0.105634 0.966063
v -0.546547 -0.002351 0.962028
v -0.608915 -0.075343 0.896376
v -0.581302 -0.029749 0.894721
v -0.754863 -0.495943 0.754863
v -0.774942 -0.489347 0.710648
v -0.710648 -0.489346 0.774942
v -0.742557 -0.347159 0.742572
v -0.764977 -0.347376 0.687668
v -0.687612 -0.347312 0.764993
v -0.773448 -0.485056 0.660227
v -0.755172 -0.495765 0.611327
v -0.711172 -0.492432 0.583572
v -0.742279 -0.347785 0.618609
v -0.710626 -0.225698 0.592117
v -0.659592 -0.483070 0.772971
v -0.611475 -0.494631 0.754841
v -0.583572 -0.492432 0.711172
v -0.618779 -0.346008 0.742384
v -0.591929 -0.224120 0.710079
v -0.662176 -0.411015 0.593045
v -0.590814 -0.466085 0.661432
v -0.611009 -0.496510 0.609996
v -0.618995 -0.346385 0.619117
v -0.754989 -0.194616 0.754617
v -0.774765 -0.201298 0.710872
v -0.710704 -0.200748 0.774916
v -0.789986 -0.106641 0.789986
v -0.815310 -0.033005 0.815310
v -0.813425 -0.132395 0.719491
v -0.719491 -0.132395 0.813425
v -0.773043 -0.206978 0.659691
v -0.754749 -0.195712 0.611470
v -0.813280 -0.132291 0.654504
v -0.789096 -0.105994 0.580144
v -0.813708 -0.032717 0.553366
v -0.713908 -0.114086 0.536155
v -0.659715 -0.207046 0.773037
v -0.610293 -0.194003 0.754709
v -0.654504 -0.132291 0.813280
v -0.580144 -0.105994 0.789096
v -0.553366 -0.032717 0.813708
v -0.536027 -0.113908 0.714305
v -0.660125 -0.200451 0.584560
v -0.584557 -0.200414 0.660116
v -0.610319 -0.192947 0.610319
v -0.654544 -0.131114 0.554248
v -0.554248 -0.131114 0.654544
v -0.580532 -0.105347 0.580532
v -0.554086 -0.032429 0.554086
v -0.979231 -0.917606 0.165806
v -0.996902 -0.837485 0.290859
v -0.851603 -0.994043 0.434416
v -0.986070 -0.691975 0.495921
v -0.999036 -0.455844 0.436734
v -0.992134 -0.522867 0.533951
v -0.980539 -0.867434 0.095432
v -0.918904 -0.976961 0.076229
v -0.874184 -0.978667 0.065923
v -0.997095 -0.546291 0.257384
v -0.984139 -0.745162 0.189272
v -0.989258 -0.462148 0.106567
v -0.965021 -0.793123 0.105635
v -0.961750 -0.690550 0.140403
v -0.958775 -0.822964 0.001771
v -0.966063 -0.584123 0.105634
v -0.962028 -0.546547 0.002351
v -0.919226 -0.766587 0.081205
v -0.918352 -0.689751 0.111869
v -0.918958 -0.794230 0.001322
v -0.862125 -0.765706 0.081411
v -0.863221 -0.688552 0.114454
v -0.864619 -0.796018 -0.000431
v -0.896376 -0.608915 0.075343
v -0.894721 -0.581302 0.029749
v -0.686381 -0.985897 0.495859
v -0.821120 -0.997829 0.296512
v -0.560527 -0.998841 0.282080
v -0.754864 -0.754863 0.495943
v -0.774942 -0.710648 0.489347
v -0.710648 -0.774942 0.489347
v -0.772971 -0.659592 0.483070
v -0.754841 -0.611475 0.494630
v -0.711172 -0.583572 0.492432
v -0.742572 -0.742557 0.347159
v -0.764993 -0.687612 0.347312
v -0.687669 -0.764977 0.347374
v -0.742384 -0.618779 0.346008
v -0.710079 -0.591929 0.224120
v -0.660227 -0.773448 0.485056
v -0.611327 -0.755172 0.495765
v -0.583572 -0.711172 0.492432
v -0.661432 -0.590815 0.466085
v -0.609996 -0.611009 0.496511
v -0.593045 -0.662176 0.411015
v -0.618609 -0.742279 0.347784
v -0.592117 -0.710626 0.225698
v -0.619117 -0.618995 0.346385
v -0.780513 -0.985395 0.183559
v -0.793123 -0.965021 0.105635
v -0.824089 -0.959788 -0.001123
v -0.693318 -0.960475 0.139119
v -0.766587 -0.919226 0.081205
v -0.765706 -0.862125 0.081411
v -0.794279 -0.918422 0.000000
v -0.796061 -0.864743 0.000002
v -0.691318 -0.918950 0.111811
v -0.688935 -0.863366 0.114487
v -0.557833 -0.990186 0.185850
v -0.584123 -0.966063 0.105634
v -0.546538 -0.961374 -0.001067
v -0.608910 -0.896633 0.075097
v -0.581280 -0.893948 0.029122
v -0.754617 -0.754988 0.194616
v -0.774916 -0.710704 0.200747
v -0.710873 -0.774765 0.201298
v -0.773037 -0.659714 0.207046
v -0.754709 -0.610293 0.194003
v -0.789986 -0.789986 0.106641
v -0.813425 -0.719491 0.132395
v -0.815310 -0.815310 0.033005
v -0.719491 -0.813425 0.132395
v -0.813280 -0.654504 0.132291
v -0.789096 -0.580144 0.105994
v -0.813708 -0.553366 0.032717
v -0.714305 -0.536027 0.113908
v -0.659692 -0.773043 0.206978
v -0.611470 -0.754749 0.195712
v -0.660116 -0.584557 0.200414
v -0.584560 -0.660125 0.200451
v -0.610319 -0.610319 0.192946
v -0.654504 -0.813280 0.132291
v -0.580144 -0.789096 0.105994
v -0.536155 -0.713908 0.114086
v -0.553366 -0.813708 0.032717
v -0.654544 -0.554248 0.131114
v -0.554248 -0.654544 0.131114
v -0.580532 -0.580532 0.105347
v -0.554086 -0.554086 0.032429
v -0.986458 -0.398788 0.309828
v -0.983722 -0.227372 0.403344
v -0.962343 -0.331045 0.294175
v -0.912166 -0.276585 0.301309
v -0.843294 -0.279359 0.279896
v -0.987979 -0.003210 0.480444
v -0.959448 -0.212758 0.361139
v -0.982100 0.204109 0.404820
v -0.958272 0.196533 0.365929
v -0.917217 -0.157356 0.344084
v -0.839243 -0.226954 0.314944
v -0.917708 0.126895 0.350006
v -0.866646 -0.090716 0.347427
v -0.957210 -0.368213 0.127648
v -0.982129 -0.502641 0.000054
v -0.982020 -0.404858 -0.202954
v -0.917186 -0.338138 0.204304
v -0.825953 -0.309300 0.236010
v -0.851575 -0.341663 0.137784
v -0.917127 -0.349667 -0.126217
v -0.868774 -0.350479 -0.017652
v -0.485407 -0.278268 0.278237
v -0.753068 -0.070120 0.484215
v -0.775797 -0.025741 0.482564
v -0.713501 -0.096209 0.417339
v -0.766131 -0.121686 0.361742
v -0.506072 -0.237203 0.306516
v -0.762418 -0.077505 0.402870
v -0.791228 -0.000884 0.401534
v -0.821024 -0.001432 0.367727
v -0.662301 -0.095373 0.481501
v -0.613137 -0.071959 0.488184
v -0.584420 -0.026113 0.485742
v -0.517817 -0.123624 0.342442
v -0.658214 -0.113338 0.376689
v -0.607512 -0.077495 0.402705
v -0.571842 -0.001444 0.400966
v -0.584695 -0.103864 0.359395
v -0.547664 -0.002371 0.365194
v -0.790760 -0.361557 0.102140
v -0.752807 -0.484414 0.070494
v -0.775725 -0.482248 0.025633
v -0.714384 -0.418915 0.095885
v -0.762418 -0.402870 0.077505
v -0.791216 -0.401219 0.000000
v -0.821293 -0.367183 -0.001188
v -0.693777 -0.363953 0.136292
v -0.510048 -0.307297 0.234461
v -0.517817 -0.342442 0.123624
v -0.662439 -0.480382 0.095264
v -0.613676 -0.486838 0.072084
v -0.584588 -0.484804 0.025817
v -0.624495 -0.404875 0.092642
v -0.584695 -0.359395 0.103864
v -0.579612 -0.403692 0.027796
v -0.549136 -0.366456 -0.001074
v -0.434416 -0.851603 0.994043
v -0.165806 -0.979231 0.917606
v -0.290856 -0.996902 0.837487
v -0.495858 -0.686381 0.985897
v -0.296512 -0.821120 0.997829
v -0.282079 -0.560529 0.998841
v -0.495921 -0.986070 0.691975
v -0.436734 -0.999036 0.455843
v -0.533952 -0.992134 0.522867
v -0.495943 -0.754863 0.754863
v -0.489346 -0.710648 0.774942
v -0.489346 -0.774942 0.710648
v -0.485056 -0.660227 0.773448
v -0.495765 -0.611327 0.755172
v -0.492432 -0.583572 0.711172
v -0.483070 -0.772971 0.659592
v -0.494631 -0.754841 0.611476
v -0.492433 -0.711172 0.583572
v -0.466084 -0.661432 0.590815
v -0.496510 -0.609996 0.611009
v -0.411015 -0.593045 0.662177
v -0.347159 -0.742572 0.742557
v -0.347373 -0.687669 0.764977
v -0.347311 -0.764993 0.687612
v -0.347785 -0.618609 0.742279
v -0.225698 -0.592117 0.710626
v -0.346008 -0.742384 0.618779
v -0.224119 -0.710079 0.591929
v -0.346385 -0.619117 0.618995
v -0.076229 -0.918904 0.976961
v -0.065924 -0.874184 0.978668
v -0.095433 -0.980539 0.867434
v -0.183559 -0.780513 0.985395
v -0.185850 -0.557833 0.990186
v -0.105635 -0.793123 0.965021
v -0.139119 -0.693319 0.960475
v 0.001123 -0.824089 0.959788
v -0.105634 -0.584123 0.966063
v 0.001068 -0.546538 0.961374
v -0.081205 -0.766587 0.919226
v -0.111811 -0.691318 0.918950
v -0.081411 -0.765706 0.862125
v -0.114487 -0.688935 0.863366
v -0.000001 -0.794279 0.918422
v -0.000002 -0.796061 0.864743
v -0.075097 -0.608911 0.896633
v -0.030892 -0.582249 0.896870
v -0.257384 -0.997095 0.546291
v -0.189272 -0.984139 0.745162
v -0.106566 -0.989258 0.462149
v -0.105635 -0.965021 0.793123
v -0.140403 -0.961750 0.690550
v -0.001771 -0.958775 0.822964
v -0.081205 -0.919226 0.766587
v -0.081411 -0.862125 0.765706
v -0.111869 -0.918352 0.689752
v -0.114454 -0.863221 0.688552
v -0.001322 -0.918958 0.794230
v 0.000431 -0.864619 0.796018
v -0.105634 -0.966063 0.584123
v -0.002351 -0.962028 0.546547
v -0.075343 -0.896376 0.608915
v -0.029749 -0.894721 0.581302
v -0.194617 -0.754617 0.754989
v -0.201298 -0.710872 0.774765
v -0.200747 -0.774916 0.710704
v -0.206978 -0.659692 0.773043
v -0.195712 -0.611470 0.754749
v -0.207046 -0.773037 0.659715
v -0.194003 -0.754709 0.610293
v -0.200451 -0.584559 0.660125
v -0.200414 -0.660116 0.584557
v -0.192946 -0.610318 0.610319
v -0.106641 -0.789986 0.789986
v -0.132395 -0.719491 0.813425
v -0.132395 -0.813425 0.719491
v -0.033005 -0.815310 0.815310
v -0.132291 -0.654504 0.813280
v -0.105994 -0.580144 0.789096
v -0.114086 -0.536155 0.713908
v -0.032717 -0.553366 0.813708
v -0.132291 -0.813280 0.654504
v -0.105994 -0.789096 0.580144
v -0.113908 -0.714305 0.536027
v -0.032717 -0.813708 0.553366
v -0.131114 -0.554248 0.654544
v -0.131114 -0.654544 0.554248
v -0.105347 -0.580532 0.580532
v -0.032429 -0.554086 0.554086
v -0.398788 -0.309828 0.986458
v -0.227371 -0.403344 0.983722
v -0.331045 -0.294174 0.962343
v -0.276585 -0.301309 0.912166
v -0.279359 -0.279896 0.843294
v -0.502641 -0.000055 0.982129
v -0.368213 -0.127649 0.957210
v -0.404858 0.202954 0.982020
v -0.338138 -0.204304 0.917186
v -0.309300 -0.236010 0.825952
v -0.341663 -0.137784 0.851575
v -0.349667 0.126218 0.917127
v -0.350479 0.017651 0.868774
v -0.278268 -0.278237 0.485407
v -0.484414 -0.070494 0.752807
v -0.482248 -0.025633 0.775724
v -0.418915 -0.095885 0.714384
v -0.480382 -0.095264 0.662439
v -0.486838 -0.072084 0.613676
v -0.484803 -0.025817 0.584588
v -0.361557 -0.102140 0.790760
v -0.404472 -0.062885 0.775492
v -0.367183 0.001188 0.821293
v -0.363953 -0.136292 0.693777
v -0.307297 -0.234461 0.510049
v -0.342442 -0.123624 0.517817
v -0.404875 -0.092642 0.624495
v -0.400541 -0.000000 0.571969
v -0.359395 -0.103864 0.584695
v -0.366456 0.001074 0.549136
v -0.003209 -0.480445 0.987979
v -0.212759 -0.361139 0.959448
v -0.226954 -0.314944 0.839243
v -0.157355 -0.344084 0.917217
v 0.204107 -0.404820 0.982100
v 0.196533 -0.365929 0.958272
v -0.090715 -0.347427 0.866646
v 0.126894 -0.350006 0.917708
v -0.237203 -0.306516 0.506070
v -0.121686 -0.361742 0.766130
v -0.123624 -0.342442 0.517817
v -0.070120 -0.484215 0.753068
v -0.096209 -0.417339 0.713501
v -0.025741 -0.482563 0.775797
v -0.077505 -0.402870 0.762418
v -0.000884 -0.401534 0.791228
v -0.001432 -0.367727 0.821024
v -0.095373 -0.481501 0.662301
v -0.071959 -0.488184 0.613137
v -0.026113 -0.485742 0.584420
v -0.113338 -0.376689 0.658214
v -0.077495 -0.402705 0.607512
v -0.103864 -0.359395 0.584695
v -0.027796 -0.403692 0.579612
v -0.002371 -0.365194 0.547664
v -0.401319 -0.988373 0.322526
v -0.294175 -0.962343 0.331045
v -0.301309 -0.912166 0.276585
v -0.279896 -0.843294 0.279359
v -0.278237 -0.485407 0.278268
v -0.480444 -0.987979 0.003211
v -0.361139 -0.959448 0.212759
v -0.314944 -0.839243 0.226954
v -0.344084 -0.917217 0.157356
v -0.404820 -0.982100 -0.204109
v -0.365929 -0.958272 -0.196533
v -0.347427 -0.866646 0.090715
v -0.350006 -0.917708 -0.126895
v -0.484215 -0.753068 0.070120
v -0.482563 -0.775797 0.025741
v -0.417339 -0.713501 0.096209
v -0.481501 -0.662301 0.095373
v -0.488184 -0.613137 0.071959
v -0.488521 -0.584572 0.027149
v -0.306516 -0.506071 0.237203
v -0.361742 -0.766130 0.121686
v -0.342442 -0.517817 0.123624
v -0.402870 -0.762418 0.077505
v -0.401534 -0.791228 0.000884
v -0.367727 -0.821024 0.001432
v -0.376689 -0.658214 0.113338
v -0.402705 -0.607512 0.077495
v -0.400966 -0.571841 0.001444
v -0.359395 -0.584695 0.103864
v -0.365194 -0.547664 0.002371
v -0.202990 -0.982018 0.404848
v -0.127649 -0.957210 0.368213
v -0.204304 -0.917186 0.338138
v -0.236010 -0.825952 0.309300
v -0.137783 -0.851575 0.341663
v -0.000056 -0.982129 0.502641
v 0.126218 -0.917127 0.349667
v 0.017652 -0.868775 0.350479
v -0.102140 -0.790761 0.361557
v -0.234461 -0.510049 0.307297
v -0.123624 -0.517817 0.342442
v -0.070494 -0.752807 0.484414
v -0.095885 -0.714384 0.418915
v -0.025633 -0.775724 0.482248
v -0.095264 -0.662439 0.480382
v -0.072084 -0.613676 0.486838
v -0.025817 -0.584588 0.484803
v -0.077505 -0.762418 0.402870
v -0.136292 -0.693777 0.363953
v -0.000000 -0.791216 0.401219
v 0.001188 -0.821293 0.367183
v -0.092642 -0.624495 0.404875
v -0.103864 -0.584695 0.359395
v -0.027796 -0.579612 0.403692
v 0.001074 -0.549136 0.366456
v -0.404838 -0.304707 0.271296
v -0.304707 -0.271296 0.404838
v -0.305367 -0.348394 0.304122
v -0.421312 -0.157052 0.336211
v -0.457552 0.111557 0.340385
v -0.335922 -0.159240 0.421152
v -0.366690 -0.230003 0.340441
v -0.367903 -0.133012 0.367963
v -0.404979 0.072163 0.348084
v -0.348148 0.071538 0.404887
v -0.421152 -0.335922 0.159240
v -0.336211 -0.421312 0.157051
v -0.340441 -0.366690 0.230003
v -0.367963 -0.367903 0.133012
v -0.340385 -0.457552 -0.111557
v -0.404886 -0.348148 -0.071538
v -0.348084 -0.404979 -0.072162
v -0.120250 -0.341137 0.420194
v -0.159240 -0.421152 0.335922
v -0.217848 -0.331108 0.402528
v -0.229751 -0.367236 0.340135
v -0.133012 -0.367963 0.367903
v 0.111557 -0.340385 0.457552
v 0.071538 -0.404886 0.348148
v -0.957233 0.296700 0.957676
v -0.983522 0.237880 0.912203
v -0.988094 0.173362 0.852945
v -0.904102 0.203040 0.985915
v -0.868626 0.095019 0.980620
v -0.994561 0.369365 0.843254
v -0.976383 0.541018 0.920172
v -0.978660 0.546608 0.868600
v -0.915102 0.467505 0.980455
v -0.834085 0.360846 0.995495
v -0.864603 0.525861 0.981029
v -0.965015 0.105637 0.793122
v -0.962480 0.140624 0.693594
v -0.989480 0.192573 0.568172
v -0.994292 0.225931 0.470343
v -0.966057 0.105636 0.584121
v -0.919225 0.081205 0.766587
v -0.918948 0.111810 0.691317
v -0.862126 0.081410 0.765708
v -0.863371 0.114486 0.688935
v -0.899747 0.028748 0.581094
v -0.896632 0.075096 0.608911
v -0.997975 0.401108 0.442479
v -0.984773 0.449032 0.782252
v -0.959171 0.546550 0.802157
v -0.960540 0.498273 0.692746
v -0.990103 0.443900 0.557565
v -0.962093 0.549667 0.568092
v -0.918006 0.566872 0.780856
v -0.919216 0.530241 0.690703
v -0.862526 0.557323 0.766700
v -0.864888 0.528879 0.687897
v -0.919553 0.556231 0.602826
v -0.862285 0.557597 0.601806
v -0.793122 0.105637 0.965015
v -0.690551 0.140402 0.961733
v -0.744965 0.189271 0.984061
v -0.766587 0.081205 0.919225
v -0.765708 0.081410 0.862126
v -0.689751 0.111869 0.918351
v -0.688553 0.114454 0.863226
v -0.584121 0.105636 0.966057
v -0.521530 0.155856 0.990709
v -0.581070 0.027960 0.901346
v -0.609887 0.075975 0.896881
v -0.449012 0.397941 0.996664
v -0.746244 0.445385 0.982856
v -0.801535 0.543172 0.960700
v -0.690441 0.497212 0.961573
v -0.780882 0.566923 0.917978
v -0.779665 0.571721 0.870081
v -0.689882 0.530198 0.918909
v -0.688504 0.528836 0.865102
v -0.484905 0.257442 0.997449
v -0.511142 0.487303 0.990122
v -0.567678 0.550343 0.962168
v -0.602826 0.556231 0.919553
v -0.601806 0.557597 0.862285
v -0.815311 0.033005 0.815311
v -0.789994 0.106644 0.789994
v -0.800405 0.144180 0.714131
v -0.719496 0.132398 0.813440
v -0.754544 0.195619 0.754544
v -0.763441 0.270933 0.710158
v -0.710625 0.202075 0.774565
v -0.813295 0.132294 0.654504
v -0.813708 0.032717 0.553366
v -0.789104 0.105997 0.580140
v -0.713905 0.114095 0.536169
v -0.773112 0.206778 0.660291
v -0.754774 0.195637 0.611401
v -0.711135 0.198727 0.583960
v -0.654504 0.132294 0.813295
v -0.538894 0.029685 0.796245
v -0.592752 0.128840 0.777156
v -0.564272 0.143969 0.713454
v -0.659748 0.208461 0.772746
v -0.617436 0.271192 0.744659
v -0.591898 0.269415 0.709274
v -0.654543 0.131117 0.554242
v -0.554242 0.131117 0.654543
v -0.554086 0.032429 0.554086
v -0.580529 0.105349 0.580529
v -0.661259 0.214927 0.588180
v -0.588335 0.216017 0.660838
v -0.615991 0.216387 0.615646
v -0.744811 0.355591 0.744874
v -0.774557 0.429317 0.710573
v -0.710147 0.355515 0.763362
v -0.777878 0.507742 0.777741
v -0.818890 0.501005 0.687861
v -0.713792 0.494997 0.801595
v -0.767729 0.405167 0.660755
v -0.744508 0.355689 0.617255
v -0.709421 0.358320 0.591879
v -0.777385 0.507322 0.593230
v -0.713449 0.495864 0.563131
v -0.660744 0.405216 0.767757
v -0.610315 0.436587 0.754530
v -0.583320 0.435659 0.710504
v -0.654208 0.506740 0.813391
v -0.562356 0.562593 0.805608
v -0.553352 0.508974 0.718863
v -0.660326 0.430842 0.584594
v -0.584592 0.430899 0.660312
v -0.610313 0.438012 0.610313
v -0.654241 0.509190 0.553424
v -0.553424 0.509190 0.654241
v -0.579229 0.533406 0.579229
v -0.955922 0.835761 0.955789
v -0.977474 0.902596 0.902984
v -0.908990 0.905826 0.977157
v -0.863688 0.826485 0.981088
v -0.946388 0.937179 0.946080
v -0.956036 0.954557 0.875849
v -0.889409 0.954935 0.954041
v -0.907758 0.976946 0.903282
v -0.852975 0.983257 0.839639
v -0.958643 0.701615 0.827104
v -0.963632 0.793356 0.793781
v -0.960389 0.824367 0.693319
v -0.960554 0.698620 0.539425
v -0.964947 0.793375 0.582371
v -0.919223 0.696869 0.799654
v -0.868209 0.626570 0.801022
v -0.919091 0.766874 0.767615
v -0.918876 0.794259 0.691034
v -0.870350 0.752242 0.779263
v -0.864824 0.796079 0.688429
v -0.919628 0.604008 0.569929
v -0.897878 0.660708 0.563428
v -0.838073 0.611732 0.559515
v -0.919560 0.717798 0.569924
v -0.896581 0.760102 0.606709
v -0.837381 0.710000 0.558987
v -0.980860 0.852546 0.847352
v -0.981778 0.914954 0.422975
v -0.982708 0.866734 0.568471
v -0.870961 0.980055 0.582514
v -0.915648 0.980885 0.498001
v -0.827006 0.698606 0.958239
v -0.793781 0.793356 0.963632
v -0.690649 0.824087 0.959735
v -0.799911 0.695009 0.920076
v -0.801037 0.695226 0.868117
v -0.767615 0.766874 0.919091
v -0.766936 0.766255 0.862763
v -0.689874 0.794302 0.918458
v -0.688638 0.796096 0.864852
v -0.538657 0.694936 0.961219
v -0.582371 0.793375 0.964947
v -0.575907 0.602969 0.897642
v -0.560891 0.690425 0.920743
v -0.558585 0.691463 0.864861
v -0.602812 0.766835 0.919318
v -0.601721 0.766019 0.862521
v -0.660426 0.869706 0.978160
v -0.747768 0.977047 0.873059
v -0.559401 0.977554 0.918777
v -0.497876 0.915658 0.980883
v -0.489011 0.847587 0.990619
v -0.367393 0.957965 0.957345
v -0.503537 0.989548 0.851138
v -0.818591 0.599926 0.818591
v -0.825865 0.694701 0.826200
v -0.791760 0.791498 0.791760
v -0.815677 0.815623 0.720280
v -0.720280 0.815623 0.815677
v -0.823318 0.660797 0.539515
v -0.815491 0.815437 0.654168
v -0.790579 0.790319 0.578266
v -0.719567 0.813503 0.552439
v -0.538814 0.692477 0.823365
v -0.654168 0.815437 0.815491
v -0.578266 0.790319 0.790579
v -0.552439 0.813503 0.719567
v -0.548928 0.601685 0.548928
v -0.540131 0.691419 0.539588
v -0.654201 0.813317 0.552511
v -0.552511 0.813317 0.654201
v -0.578741 0.789140 0.578740
v -0.766057 0.862433 0.766057
v -0.766645 0.919008 0.766645
v -0.796080 0.864532 0.689047
v -0.794208 0.919485 0.689497
v -0.688625 0.864764 0.796112
v -0.691059 0.918861 0.794244
v -0.793104 0.963701 0.793104
v -0.823211 0.959363 0.689812
v -0.693051 0.958766 0.823078
v -0.765821 0.862194 0.603309
v -0.766606 0.919236 0.604629
v -0.716708 0.900630 0.580868
v -0.793123 0.965015 0.583612
v -0.693759 0.962513 0.545732
v -0.603309 0.862194 0.765821
v -0.604629 0.919236 0.766606
v -0.580867 0.902296 0.716034
v -0.583612 0.965015 0.793123
v -0.547218 0.961014 0.689811
v -0.658570 0.895637 0.581400
v -0.581435 0.896338 0.657856
v -0.609122 0.897817 0.609588
v -0.583616 0.966374 0.583616
v -0.864206 0.091430 0.347547
v -0.912163 0.276550 0.301333
v -0.839245 0.226951 0.314946
v -0.983238 0.652495 0.492843
v -0.997646 0.424297 0.357694
v -0.965796 0.316735 0.316709
v -0.981964 0.409290 0.188129
v -0.990635 0.479088 0.179009
v -0.843314 0.279350 0.279911
v -0.958757 0.361389 0.209866
v -0.980303 0.456272 0.095979
v -0.958078 0.366612 -0.188667
v -0.959404 0.550375 0.117386
v -0.958803 0.501076 0.001520
v -0.917700 0.338298 0.203775
v -0.824940 0.309299 0.235915
v -0.851710 0.341887 0.137251
v -0.917979 0.350101 -0.123128
v -0.869144 0.350581 -0.017994
v -0.917770 0.569087 0.098550
v -0.919038 0.531007 0.001053
v -0.870422 0.573670 0.097840
v -0.865169 0.529688 -0.000902
v -0.773829 0.029974 0.481862
v -0.753178 0.069884 0.483327
v -0.713501 0.096208 0.417340
v -0.762418 0.077504 0.402870
v -0.766961 0.121255 0.361886
v -0.662302 0.095373 0.481505
v -0.585846 0.027532 0.485492
v -0.613210 0.071884 0.487749
v -0.658214 0.113337 0.376690
v -0.607512 0.077495 0.402705
v -0.584695 0.103864 0.359395
v -0.506059 0.237206 0.306516
v -0.755558 0.569510 0.495487
v -0.710468 0.551666 0.488682
v -0.755158 0.592733 0.347148
v -0.687824 0.563482 0.348016
v -0.659863 0.553300 0.484267
v -0.609891 0.569281 0.494901
v -0.485383 0.278257 0.278249
v -0.615994 0.583750 0.348300
v -0.791360 0.361861 0.103294
v -0.755428 0.570016 0.195763
v -0.711248 0.552434 0.202864
v -0.766608 0.404920 0.081033
v -0.823795 0.367172 -0.001066
v -0.794283 0.405868 0.000001
v -0.691535 0.404923 0.111540
v -0.765819 0.461335 0.081528
v -0.790576 0.533732 0.107427
v -0.796072 0.459072 0.000002
v -0.815453 0.509172 0.033163
v -0.689125 0.460463 0.114482
v -0.719577 0.511315 0.132582
v -0.554730 0.311536 0.230216
v -0.693993 0.360489 0.140162
v -0.517584 0.342521 0.123871
v -0.658731 0.554257 0.208838
v -0.609794 0.570426 0.197474
v -0.584121 0.359846 0.104659
v -0.608911 0.426745 0.075157
v -0.546785 0.365997 -0.000985
v -0.581284 0.429042 0.028996
v -0.654271 0.511483 0.132478
v -0.562869 0.565343 0.122897
v -0.553121 0.511001 0.032876
v -0.997402 0.821130 0.413559
v -0.851603 0.994041 0.434413
v -0.994108 0.851294 0.246868
v -0.983870 0.692375 0.194667
v -0.978535 0.913560 0.079860
v -0.960536 0.700162 0.145022
v -0.964953 0.793377 0.106599
v -0.960388 0.824250 0.001759
v -0.919227 0.694844 0.119447
v -0.866457 0.692991 0.121575
v -0.919321 0.766835 0.082627
v -0.918983 0.794249 0.001290
v -0.862520 0.766017 0.082800
v -0.864737 0.796015 -0.000525
v -0.956253 0.955581 -0.035420
v -0.977171 0.871233 0.000070
v -0.918905 0.976960 0.076234
v -0.874185 0.978666 0.065924
v -0.779084 0.612150 0.488209
v -0.783846 0.661512 0.480706
v -0.778582 0.711086 0.486779
v -0.756046 0.754695 0.494780
v -0.710737 0.774984 0.489131
v -0.769577 0.691251 0.347315
v -0.743498 0.742572 0.347122
v -0.687746 0.764924 0.347356
v -0.577295 0.610801 0.489882
v -0.567499 0.660959 0.486241
v -0.659753 0.773482 0.484839
v -0.584946 0.709792 0.466039
v -0.608070 0.755114 0.496253
v -0.585524 0.612558 0.228229
v -0.575600 0.660795 0.285180
v -0.616521 0.742389 0.347720
v -0.686381 0.985896 0.495858
v -0.821121 0.997827 0.296511
v -0.560527 0.998839 0.282076
v -0.778966 0.612069 0.201926
v -0.784553 0.692620 0.205374
v -0.755741 0.754912 0.195628
v -0.711019 0.774774 0.201595
v -0.823795 0.628292 0.144412
v -0.803797 0.764111 0.122142
v -0.815453 0.815398 0.033164
v -0.719577 0.813510 0.132590
v -0.551580 0.661117 0.153144
v -0.659116 0.773026 0.207390
v -0.576390 0.711170 0.197500
v -0.608248 0.754785 0.194819
v -0.654271 0.813363 0.132486
v -0.562952 0.760452 0.121538
v -0.553121 0.813792 0.032878
v -0.780511 0.985393 0.183561
v -0.765819 0.862193 0.081565
v -0.766606 0.919238 0.081232
v -0.796023 0.864536 0.000000
v -0.794192 0.919468 0.000001
v -0.689073 0.863391 0.114530
v -0.691363 0.918957 0.111819
v -0.793125 0.965021 0.105639
v -0.823149 0.959378 -0.001247
v -0.693312 0.960476 0.139121
v -0.557832 0.990185 0.185850
v -0.609138 0.897846 0.075368
v -0.582280 0.898896 0.030960
v -0.584118 0.966063 0.105638
v -0.547950 0.960588 -0.001197
v -0.360923 0.210319 0.959029
v -0.337173 0.156423 0.854830
v -0.302887 0.278172 0.916546
v -0.312663 0.233469 0.850886
v -0.345451 0.395216 0.990902
v -0.296543 0.327798 0.961737
v -0.189932 0.489304 0.991815
v -0.280266 0.279782 0.847301
v -0.484416 0.070493 0.752808
v -0.506639 0.102936 0.713988
v -0.418824 0.027118 0.776882
v -0.418915 0.095883 0.714384
v -0.480385 0.095264 0.662439
v -0.485151 0.028152 0.585924
v -0.486839 0.072083 0.613676
v -0.402870 0.077504 0.762418
v -0.364488 0.117035 0.765854
v -0.404875 0.092641 0.624495
v -0.356592 0.137286 0.661506
v -0.359395 0.103864 0.584695
v -0.309874 0.232279 0.482112
v -0.495487 0.569510 0.755558
v -0.488682 0.551666 0.710468
v -0.481448 0.554066 0.658490
v -0.493073 0.570022 0.609917
v -0.278878 0.277994 0.483061
v -0.346717 0.592728 0.755143
v -0.347615 0.563461 0.687632
v -0.345903 0.583592 0.616280
v -0.137975 0.368949 0.957277
v -0.068732 0.452675 0.977560
v -0.206160 0.336986 0.917207
v -0.227142 0.314843 0.838862
v -0.077182 0.405483 0.976713
v -0.116341 0.546938 0.960979
v 0.001217 0.500040 0.959748
v -0.091108 0.347516 0.866857
v 0.126039 0.350240 0.918082
v -0.098596 0.569162 0.917756
v -0.098068 0.574196 0.871073
v -0.000001 0.530957 0.918622
v -0.000002 0.529610 0.865449
v -0.237114 0.306504 0.507009
v -0.195138 0.570102 0.755941
v -0.201722 0.552062 0.710651
v -0.123871 0.342521 0.517584
v -0.208916 0.554264 0.658761
v -0.195126 0.570372 0.608239
v -0.120676 0.363096 0.766204
v -0.081033 0.404920 0.766608
v -0.111608 0.405610 0.689755
v -0.001386 0.368028 0.822815
v -0.001110 0.405455 0.794248
v -0.081528 0.461335 0.765819
v -0.122689 0.560847 0.804230
v -0.114439 0.460718 0.688547
v -0.132582 0.511315 0.719577
v 0.000223 0.459153 0.796052
v -0.033163 0.509172 0.815453
v -0.121201 0.362616 0.610324
v -0.075396 0.426957 0.608857
v -0.002026 0.365435 0.546790
v -0.029821 0.428071 0.581304
v -0.132478 0.511483 0.654271
v -0.106782 0.534753 0.579160
v -0.032876 0.511001 0.553121
v -0.497818 0.724812 0.985312
v -0.286350 0.830620 0.997534
v -0.165804 0.979230 0.917606
v -0.290855 0.996900 0.837488
v -0.488209 0.612149 0.779084
v -0.481596 0.661007 0.784010
v -0.488196 0.710615 0.779128
v -0.495291 0.754939 0.755957
v -0.489131 0.774984 0.710737
v -0.489882 0.610801 0.577295
v -0.486144 0.660999 0.567521
v -0.482649 0.772955 0.659015
v -0.490004 0.712025 0.577238
v -0.493498 0.754943 0.609689
v -0.347710 0.691244 0.769577
v -0.347236 0.742586 0.743490
v -0.347315 0.764942 0.687698
v -0.225761 0.613529 0.584946
v -0.282588 0.661142 0.575544
v -0.225404 0.709833 0.584938
v -0.345848 0.742347 0.616370
v -0.495920 0.986068 0.691974
v -0.436731 0.999034 0.455848
v -0.533950 0.992132 0.522867
v -0.257384 0.997093 0.546290
v -0.191435 0.711055 0.983742
v -0.144923 0.696792 0.960006
v -0.106599 0.793377 0.964953
v 0.001136 0.824039 0.959770
v -0.119832 0.692562 0.920546
v -0.121537 0.693119 0.866447
v -0.082627 0.766835 0.919321
v -0.082800 0.766017 0.862520
v -0.000001 0.794295 0.918476
v -0.000002 0.796062 0.864912
v -0.085653 0.913083 0.979383
v -0.095433 0.980538 0.867434
v -0.008855 0.870760 0.977425
v -0.202828 0.611988 0.778690
v -0.210126 0.661035 0.783674
v -0.202974 0.711010 0.778609
v -0.195327 0.754696 0.756002
v -0.200938 0.774957 0.710796
v -0.152938 0.660719 0.551449
v -0.207460 0.773020 0.659140
v -0.194819 0.754785 0.608248
v -0.144596 0.693250 0.823653
v -0.107431 0.790317 0.790576
v -0.132590 0.813510 0.719577
v -0.033164 0.815398 0.815453
v -0.120536 0.610615 0.530073
v -0.132486 0.813363 0.654271
v -0.121006 0.761085 0.563077
v -0.032878 0.813792 0.553121
v -0.189273 0.984137 0.745162
v -0.081565 0.862193 0.765819
v -0.081232 0.919238 0.766606
v -0.114565 0.863337 0.688903
v -0.111792 0.919753 0.689430
v 0.000299 0.864630 0.796050
v -0.001364 0.918963 0.794234
v -0.105639 0.965021 0.793125
v -0.139201 0.961140 0.689794
v -0.001765 0.958775 0.822965
v -0.074963 0.897026 0.608514
v -0.029777 0.894671 0.581269
v -0.105638 0.966063 0.584118
v -0.002343 0.962029 0.546545
v -0.523229 0.123305 0.343192
v -0.340972 0.025735 0.474081
v -0.331553 0.156629 0.495330
v -0.360016 0.209302 0.360016
v -0.402521 0.217835 0.331115
v -0.331115 0.217836 0.402521
v -0.415327 0.305255 0.262593
v -0.305033 0.305393 0.347510
v -0.281287 0.431206 0.280108
v -0.420984 0.335978 0.159161
v -0.474378 0.341001 -0.025723
v -0.505118 0.552078 0.061628
v -0.454249 0.570728 0.072200
v -0.453316 0.547771 -0.000025
v -0.354692 0.355566 0.226523
v -0.312340 0.428449 0.236805
v -0.343208 0.406633 0.156387
v -0.344195 0.464059 0.131775
v -0.405124 0.348184 -0.072259
v -0.369356 0.368988 0.073964
v -0.349856 0.406374 -0.122201
v -0.407512 0.575861 0.092502
v -0.401765 0.534808 0.000642
v -0.363917 0.550487 0.118128
v -0.367688 0.503241 0.001056
v -0.218030 0.331073 0.402540
v -0.229827 0.367687 0.340011
v -0.158805 0.364717 0.365250
v -0.154309 0.406097 0.343775
v -0.235925 0.498768 0.310457
v -0.184546 0.503610 0.328977
v 0.111606 0.340415 0.457553
v -0.072313 0.572079 0.483590
v -0.000000 0.535957 0.507868
v -0.000000 0.547813 0.453319
v -0.120024 0.341215 0.420044
v 0.072885 0.369095 0.369225
v 0.122975 0.405987 0.349665
v -0.078964 0.561369 0.402847
v -0.066553 0.456016 0.351141
v -0.113789 0.549507 0.364440
v -0.000000 0.534797 0.401518
v 0.001282 0.502851 0.367119
v -0.279415 0.840631 0.279236
v -0.275764 0.910870 0.301650
v -0.309828 0.986456 0.398788
v -0.403344 0.983721 0.227373
v -0.334978 0.963984 0.293012
v -0.482586 0.607267 0.098816
v -0.501304 0.660924 0.116623
v -0.420588 0.660836 0.109899
v -0.482848 0.715676 0.098851
v -0.483587 0.753163 0.071775
v -0.482386 0.775848 0.026048
v -0.311598 0.843286 0.234944
v -0.358153 0.658625 0.147313
v -0.337982 0.849839 0.156665
v -0.407644 0.747951 0.092216
v -0.401540 0.791194 0.000842
v -0.360718 0.777392 0.117847
v -0.366317 0.822390 0.001402
v -0.480445 0.987977 0.003208
v -0.338915 0.918805 0.202195
v -0.368382 0.957414 0.124979
v -0.350330 0.867710 0.000000
v -0.350987 0.917351 -0.059891
v -0.404820 0.982099 -0.204109
v -0.231945 0.839080 0.312017
v -0.122083 0.783412 0.357683
v -0.109944 0.661005 0.481883
v -0.098898 0.605941 0.422638
v -0.099032 0.714915 0.482315
v -0.072114 0.752828 0.483260
v -0.025945 0.775780 0.482092
v -0.117416 0.692594 0.399207
v -0.142473 0.695716 0.364191
v -0.063578 0.775391 0.405165
v 0.001194 0.821297 0.367176
v -0.106569 0.989256 0.462148
v -0.085260 0.862995 0.351147
v -0.155655 0.916617 0.344317
v -0.196598 0.957933 0.365607
v -0.000054 0.982127 0.502641
v 0.126275 0.917138 0.349670
v 0.202954 0.982019 0.404858
v -0.957844 -0.957072 -0.296275
v -0.980620 -0.868626 -0.095021
v -0.985915 -0.904102 -0.203041
v -0.912203 -0.983522 -0.237879
v -0.852945 -0.988094 -0.173361
v -0.965015 -0.793122 -0.105637
v -0.961733 -0.690551 -0.140402
v -0.966057 -0.584121 -0.105636
v -0.984061 -0.744965 -0.189271
v -0.990709 -0.521530 -0.155856
v -0.919225 -0.766587 -0.081205
v -0.918351 -0.689751 -0.111869
v -0.862127 -0.765707 -0.081410
v -0.863226 -0.688553 -0.114454
v -0.901346 -0.581070 -0.027960
v -0.896881 -0.609887 -0.075975
v -0.980455 -0.915102 -0.467504
v -0.995495 -0.834085 -0.360848
v -0.981029 -0.864602 -0.525861
v -0.843254 -0.994561 -0.369365
v -0.920172 -0.976383 -0.541019
v -0.868600 -0.978660 -0.546608
v -0.996664 -0.449010 -0.397943
v -0.997449 -0.484905 -0.257442
v -0.982856 -0.746244 -0.445384
v -0.960700 -0.801535 -0.543172
v -0.961573 -0.690441 -0.497212
v -0.990122 -0.511142 -0.487303
v -0.962168 -0.567678 -0.550343
v -0.917978 -0.780882 -0.566923
v -0.918909 -0.689882 -0.530198
v -0.870081 -0.779665 -0.571721
v -0.865102 -0.688504 -0.528836
v -0.919553 -0.602826 -0.556231
v -0.862285 -0.601806 -0.557597
v -0.793122 -0.965015 -0.105637
v -0.693594 -0.962480 -0.140624
v -0.766587 -0.919225 -0.081205
v -0.765707 -0.862127 -0.081410
v -0.691317 -0.918948 -0.111810
v -0.688935 -0.863371 -0.114487
v -0.568172 -0.989480 -0.192572
v -0.470342 -0.994292 -0.225929
v -0.584121 -0.966057 -0.105636
v -0.581094 -0.899747 -0.028748
v -0.608911 -0.896632 -0.075096
v -0.815311 -0.815311 -0.033005
v -0.789994 -0.789994 -0.106644
v -0.813440 -0.719496 -0.132398
v -0.714131 -0.800405 -0.144180
v -0.813708 -0.553366 -0.032717
v -0.813295 -0.654504 -0.132294
v -0.777156 -0.592752 -0.128841
v -0.713454 -0.564272 -0.143969
v -0.754544 -0.754545 -0.195619
v -0.774565 -0.710626 -0.202075
v -0.710158 -0.763441 -0.270933
v -0.772746 -0.659748 -0.208461
v -0.744659 -0.617436 -0.271192
v -0.709274 -0.591898 -0.269416
v -0.654504 -0.813295 -0.132294
v -0.553366 -0.813708 -0.032717
v -0.580141 -0.789103 -0.105997
v -0.536169 -0.713905 -0.114095
v -0.654543 -0.554242 -0.131117
v -0.567350 -0.541544 -0.030150
v -0.554242 -0.654543 -0.131117
v -0.580528 -0.580529 -0.105349
v -0.660292 -0.773112 -0.206778
v -0.611401 -0.754774 -0.195637
v -0.583960 -0.711135 -0.198727
v -0.660838 -0.588334 -0.216016
v -0.588180 -0.661259 -0.214927
v -0.615646 -0.615991 -0.216387
v -0.442479 -0.997975 -0.401108
v -0.782254 -0.984773 -0.449032
v -0.802157 -0.959171 -0.546550
v -0.692747 -0.960540 -0.498273
v -0.780856 -0.918006 -0.566872
v -0.766700 -0.862526 -0.557323
v -0.690704 -0.919216 -0.530241
v -0.687897 -0.864888 -0.528879
v -0.557565 -0.990103 -0.443900
v -0.568092 -0.962093 -0.549666
v -0.602826 -0.919553 -0.556231
v -0.601806 -0.862285 -0.557597
v -0.744874 -0.744811 -0.355592
v -0.763362 -0.710147 -0.355515
v -0.710573 -0.774557 -0.429317
v -0.767757 -0.660744 -0.405216
v -0.754530 -0.610315 -0.436587
v -0.710504 -0.583320 -0.435660
v -0.777741 -0.777878 -0.507742
v -0.801595 -0.713792 -0.494997
v -0.687861 -0.818890 -0.501005
v -0.813391 -0.654208 -0.506740
v -0.805608 -0.562356 -0.562593
v -0.718863 -0.553352 -0.508974
v -0.660755 -0.767729 -0.405167
v -0.617255 -0.744508 -0.355689
v -0.591879 -0.709421 -0.358319
v -0.660312 -0.584592 -0.430899
v -0.584594 -0.660326 -0.430842
v -0.610313 -0.610313 -0.438012
v -0.593229 -0.777385 -0.507322
v -0.563131 -0.713449 -0.495864
v -0.654241 -0.553424 -0.509190
v -0.553424 -0.654241 -0.509190
v -0.579229 -0.579229 -0.533406
v -0.959029 -0.360923 -0.210319
v -0.854830 -0.337173 -0.156423
v -0.916546 -0.302888 -0.278172
v -0.850886 -0.312663 -0.233469
v -0.990902 -0.345451 -0.395216
v -0.961736 -0.296543 -0.327798
v -0.991815 -0.189932 -0.489304
v -0.847301 -0.280266 -0.279782
v -0.957278 -0.137977 -0.368949
v -0.976713 -0.077183 -0.405482
v -0.977560 -0.068732 -0.452675
v -0.960979 -0.116341 -0.546938
v -0.959748 0.001217 -0.500040
v -0.917207 -0.206160 -0.336986
v -0.838862 -0.227142 -0.314843
v -0.918082 0.126040 -0.350240
v -0.866857 -0.091109 -0.347516
v -0.917756 -0.098596 -0.569162
v -0.918622 -0.000001 -0.530957
v -0.871073 -0.098068 -0.574196
v -0.865448 -0.000002 -0.529610
v -0.773930 -0.482647 -0.029570
v -0.752808 -0.484416 -0.070493
v -0.713988 -0.506639 -0.102936
v -0.714384 -0.418915 -0.095883
v -0.762418 -0.402870 -0.077504
v -0.765854 -0.364488 -0.117035
v -0.662439 -0.480385 -0.095264
v -0.584377 -0.415325 -0.026352
v -0.613676 -0.486839 -0.072083
v -0.624495 -0.404875 -0.092641
v -0.661506 -0.356592 -0.137286
v -0.584695 -0.359395 -0.103864
v -0.482112 -0.309875 -0.232279
v -0.483061 -0.278878 -0.277994
v -0.755558 -0.495487 -0.569510
v -0.710468 -0.488682 -0.551666
v -0.755143 -0.346717 -0.592728
v -0.687632 -0.347615 -0.563461
v -0.658490 -0.481449 -0.554066
v -0.609917 -0.493073 -0.570022
v -0.616280 -0.345903 -0.583592
v -0.507009 -0.237114 -0.306504
v -0.766204 -0.120676 -0.363096
v -0.822815 -0.001386 -0.368028
v -0.766608 -0.081033 -0.404920
v -0.794248 -0.001110 -0.405455
v -0.689755 -0.111608 -0.405610
v -0.755941 -0.195139 -0.570102
v -0.710651 -0.201723 -0.552062
v -0.765819 -0.081528 -0.461335
v -0.796052 0.000223 -0.459153
v -0.804230 -0.122689 -0.560847
v -0.815453 -0.033163 -0.509172
v -0.688547 -0.114439 -0.460718
v -0.719577 -0.132582 -0.511315
v -0.517584 -0.123871 -0.342521
v -0.610324 -0.121201 -0.362616
v -0.546790 -0.002026 -0.365435
v -0.608857 -0.075396 -0.426956
v -0.581304 -0.029821 -0.428071
v -0.658761 -0.208916 -0.554264
v -0.608239 -0.195127 -0.570372
v -0.654271 -0.132478 -0.511483
v -0.579160 -0.106782 -0.534753
v -0.553121 -0.032876 -0.511001
v -0.955789 -0.955922 -0.835762
v -0.977157 -0.908990 -0.905826
v -0.981087 -0.863688 -0.826486
v -0.902984 -0.977474 -0.902597
v -0.958239 -0.827006 -0.698606
v -0.961219 -0.538657 -0.694936
v -0.963632 -0.793781 -0.793356
v -0.959735 -0.690648 -0.824087
v -0.964947 -0.582371 -0.793375
v -0.920076 -0.799911 -0.695009
v -0.868118 -0.801037 -0.695226
v -0.897642 -0.575907 -0.602969
v -0.920743 -0.560891 -0.690425
v -0.864861 -0.558585 -0.691462
v -0.919091 -0.767615 -0.766874
v -0.918458 -0.689874 -0.794302
v -0.862763 -0.766936 -0.766255
v -0.864852 -0.688638 -0.796096
v -0.919319 -0.602812 -0.766835
v -0.862521 -0.601721 -0.766019
v -0.946080 -0.946388 -0.937179
v -0.954041 -0.889410 -0.954935
v -0.875851 -0.956036 -0.954557
v -0.903282 -0.907758 -0.976946
v -0.839639 -0.852976 -0.983256
v -0.978161 -0.660425 -0.869706
v -0.990619 -0.489011 -0.847587
v -0.980883 -0.497875 -0.915658
v -0.957244 -0.367897 -0.958026
v -0.918777 -0.559403 -0.977554
v -0.873059 -0.747769 -0.977047
v -0.851137 -0.503535 -0.989548
v -0.827104 -0.958644 -0.701615
v -0.801022 -0.868209 -0.626570
v -0.799654 -0.919223 -0.696869
v -0.793781 -0.963632 -0.793356
v -0.693319 -0.960389 -0.824367
v -0.779263 -0.870350 -0.752242
v -0.767615 -0.919091 -0.766874
v -0.691034 -0.918876 -0.794259
v -0.688429 -0.864824 -0.796079
v -0.539425 -0.960554 -0.698620
v -0.569929 -0.919628 -0.604008
v -0.559514 -0.838073 -0.611732
v -0.563428 -0.897878 -0.660708
v -0.582371 -0.964947 -0.793375
v -0.569924 -0.919560 -0.717798
v -0.558987 -0.837381 -0.710000
v -0.606709 -0.896581 -0.760102
v -0.818591 -0.818591 -0.599926
v -0.826200 -0.825865 -0.694702
v -0.823365 -0.538814 -0.692477
v -0.791760 -0.791760 -0.791498
v -0.815677 -0.720280 -0.815623
v -0.720280 -0.815678 -0.815623
v -0.815491 -0.654168 -0.815437
v -0.790579 -0.578266 -0.790319
v -0.719567 -0.552439 -0.813503
v -0.539515 -0.823318 -0.660797
v -0.548928 -0.548928 -0.601685
v -0.539588 -0.540131 -0.691418
v -0.654168 -0.815491 -0.815437
v -0.578266 -0.790579 -0.790320
v -0.552439 -0.719567 -0.813503
v -0.654201 -0.552511 -0.813317
v -0.552511 -0.654201 -0.813317
v -0.578741 -0.578741 -0.789140
v -0.847353 -0.980860 -0.852545
v -0.422979 -0.981778 -0.914954
v -0.582514 -0.870961 -0.980055
v -0.568471 -0.982708 -0.866734
v -0.498000 -0.915648 -0.980885
v -0.766057 -0.766057 -0.862433
v -0.796112 -0.688625 -0.864764
v -0.766645 -0.766645 -0.919008
v -0.794244 -0.691060 -0.918861
v -0.689047 -0.796080 -0.864532
v -0.689497 -0.794208 -0.919485
v -0.765821 -0.603309 -0.862194
v -0.766606 -0.604629 -0.919236
v -0.716034 -0.580867 -0.902297
v -0.793104 -0.793104 -0.963701
v -0.823078 -0.693051 -0.958766
v -0.689811 -0.823211 -0.959363
v -0.793123 -0.583612 -0.965015
v -0.689811 -0.547218 -0.961014
v -0.603309 -0.765821 -0.862194
v -0.580868 -0.716708 -0.900630
v -0.604629 -0.766606 -0.919236
v -0.657856 -0.581435 -0.896338
v -0.581400 -0.658570 -0.895637
v -0.609588 -0.609122 -0.897817
v -0.583612 -0.793123 -0.965015
v -0.545731 -0.693759 -0.962513
v -0.583616 -0.583616 -0.966374
v -0.985312 -0.497819 -0.724812
v -0.997534 -0.286350 -0.830620
v -0.983742 -0.191435 -0.711054
v -0.960006 -0.144923 -0.696792
v -0.964953 -0.106599 -0.793377
v -0.959770 0.001137 -0.824039
v -0.920546 -0.119832 -0.692562
v -0.866447 -0.121537 -0.693119
v -0.919321 -0.082627 -0.766835
v -0.918476 -0.000001 -0.794295
v -0.862520 -0.082800 -0.766017
v -0.864911 -0.000002 -0.796062
v -0.917606 -0.165805 -0.979230
v -0.837488 -0.290855 -0.996900
v -0.979383 -0.085652 -0.913083
v -0.977425 -0.008854 -0.870760
v -0.867267 -0.097723 -0.980868
v -0.779084 -0.488209 -0.612149
v -0.784010 -0.481596 -0.661007
v -0.769577 -0.347710 -0.691244
v -0.779128 -0.488196 -0.710615
v -0.755958 -0.495290 -0.754939
v -0.710737 -0.489132 -0.774984
v -0.743490 -0.347237 -0.742586
v -0.687698 -0.347315 -0.764942
v -0.577295 -0.489881 -0.610801
v -0.567521 -0.486144 -0.661000
v -0.584946 -0.225761 -0.613529
v -0.575544 -0.282588 -0.661142
v -0.659015 -0.482649 -0.772955
v -0.577238 -0.490004 -0.712025
v -0.609689 -0.493498 -0.754943
v -0.584938 -0.225404 -0.709833
v -0.616370 -0.345846 -0.742347
v -0.778690 -0.202828 -0.611988
v -0.783674 -0.210126 -0.661035
v -0.823653 -0.144596 -0.693250
v -0.778609 -0.202974 -0.711010
v -0.756002 -0.195327 -0.754695
v -0.710796 -0.200938 -0.774957
v -0.790576 -0.107431 -0.790317
v -0.815453 -0.033164 -0.815398
v -0.719577 -0.132590 -0.813510
v -0.551449 -0.152938 -0.660719
v -0.530073 -0.120536 -0.610615
v -0.659140 -0.207460 -0.773020
v -0.608248 -0.194819 -0.754785
v -0.654271 -0.132486 -0.813363
v -0.563077 -0.121006 -0.761085
v -0.553121 -0.032878 -0.813792
v -0.691974 -0.495920 -0.986068
v -0.455848 -0.436731 -0.999034
v -0.522866 -0.533950 -0.992132
v -0.546290 -0.257384 -0.997093
v -0.765819 -0.081565 -0.862193
v -0.796050 0.000298 -0.864630
v -0.766606 -0.081232 -0.919238
v -0.794234 -0.001365 -0.918963
v -0.688903 -0.114565 -0.863337
v -0.689430 -0.111792 -0.919753
v -0.745162 -0.189273 -0.984137
v -0.793125 -0.105639 -0.965021
v -0.822965 -0.001765 -0.958775
v -0.689794 -0.139201 -0.961140
v -0.608514 -0.074963 -0.897026
v -0.582189 -0.031448 -0.897474
v -0.584118 -0.105638 -0.966063
v -0.546545 -0.002343 -0.962029
v -0.347547 -0.864206 -0.091430
v -0.314946 -0.839246 -0.226951
v -0.301333 -0.912163 -0.276550
v -0.481862 -0.773829 -0.029974
v -0.483328 -0.753178 -0.069884
v -0.417340 -0.713501 -0.096208
v -0.482699 -0.585623 -0.026291
v -0.481505 -0.662302 -0.095373
v -0.487749 -0.613210 -0.071884
v -0.402870 -0.762418 -0.077504
v -0.361886 -0.766961 -0.121255
v -0.376690 -0.658214 -0.113337
v -0.402705 -0.607512 -0.077495
v -0.359395 -0.584695 -0.103864
v -0.306516 -0.506059 -0.237206
v -0.492843 -0.983238 -0.652494
v -0.357694 -0.997645 -0.424297
v -0.316709 -0.965796 -0.316735
v -0.188128 -0.981964 -0.409290
v -0.279911 -0.843314 -0.279350
v -0.179009 -0.990635 -0.479088
v -0.495487 -0.755558 -0.569510
v -0.488682 -0.710468 -0.551666
v -0.484267 -0.659863 -0.553300
v -0.494901 -0.609891 -0.569281
v -0.278249 -0.485383 -0.278257
v -0.347147 -0.755158 -0.592733
v -0.348016 -0.687824 -0.563482
v -0.348300 -0.615993 -0.583750
v -0.209866 -0.958757 -0.361389
v -0.203775 -0.917700 -0.338298
v -0.235915 -0.824940 -0.309299
v -0.137251 -0.851710 -0.341887
v -0.095979 -0.980303 -0.456272
v 0.188667 -0.958078 -0.366612
v 0.123128 -0.917979 -0.350101
v 0.017994 -0.869144 -0.350581
v -0.117386 -0.959404 -0.550376
v -0.001520 -0.958803 -0.501076
v -0.098551 -0.917770 -0.569087
v -0.097840 -0.870422 -0.573670
v -0.001053 -0.919038 -0.531007
v 0.000902 -0.865169 -0.529688
v -0.103294 -0.791360 -0.361861
v -0.230216 -0.554730 -0.311536
v -0.140162 -0.693993 -0.360489
v -0.123871 -0.517584 -0.342521
v -0.195763 -0.755428 -0.570017
v -0.202865 -0.711248 -0.552434
v -0.208838 -0.658731 -0.554257
v -0.197474 -0.609794 -0.570426
v -0.081033 -0.766608 -0.404920
v -0.111540 -0.691535 -0.404923
v 0.001066 -0.823795 -0.367172
v -0.000001 -0.794282 -0.405868
v -0.104659 -0.584122 -0.359847
v -0.075157 -0.608911 -0.426745
v 0.000985 -0.546785 -0.365996
v -0.028996 -0.581284 -0.429042
v -0.081528 -0.765819 -0.461335
v -0.114482 -0.689125 -0.460464
v -0.107427 -0.790576 -0.533732
v -0.132582 -0.719577 -0.511315
v -0.000002 -0.796072 -0.459073
v -0.033163 -0.815453 -0.509172
v -0.132478 -0.654271 -0.511483
v -0.122897 -0.562869 -0.565343
v -0.032876 -0.553121 -0.511001
v -0.474081 -0.340972 -0.025734
v -0.495330 -0.331553 -0.156629
v -0.343191 -0.523229 -0.123305
v -0.360016 -0.360016 -0.209302
v -0.402521 -0.331115 -0.217835
v -0.331115 -0.402521 -0.217835
v -0.347510 -0.305033 -0.305393
v -0.262593 -0.415327 -0.305255
v -0.280108 -0.281287 -0.431206
v -0.457553 0.111606 -0.340415
v -0.483590 -0.072313 -0.572079
v -0.507868 -0.000000 -0.535957
v -0.453319 -0.000000 -0.547813
v -0.402540 -0.218030 -0.331073
v -0.340010 -0.229827 -0.367687
v -0.365250 -0.158805 -0.364717
v -0.343775 -0.154309 -0.406097
v -0.420044 -0.120023 -0.341215
v -0.369225 0.072885 -0.369095
v -0.349665 0.122976 -0.405986
v -0.310457 -0.235925 -0.498768
v -0.328977 -0.184546 -0.503610
v -0.402847 -0.078964 -0.561369
v -0.401518 -0.000000 -0.534797
v -0.351141 -0.066554 -0.456016
v -0.364440 -0.113789 -0.549507
v -0.367119 0.001282 -0.502851
v -0.159162 -0.420984 -0.335977
v -0.226523 -0.354692 -0.355566
v -0.236805 -0.312340 -0.428449
v -0.156387 -0.343208 -0.406633
v -0.131775 -0.344195 -0.464059
v 0.025723 -0.474378 -0.341001
v -0.073962 -0.369356 -0.368988
v 0.072260 -0.405124 -0.348184
v 0.122201 -0.349856 -0.406374
v -0.061628 -0.505118 -0.552078
v -0.072200 -0.454249 -0.570728
v 0.000025 -0.453316 -0.547771
v -0.092502 -0.407512 -0.575860
v -0.118128 -0.363917 -0.550486
v -0.000641 -0.401765 -0.534808
v -0.001055 -0.367688 -0.503241
v -0.413559 -0.997402 -0.821128
v -0.488209 -0.779084 -0.612149
v -0.480706 -0.783846 -0.661512
v -0.489881 -0.577296 -0.610801
v -0.486242 -0.567499 -0.660959
v -0.486779 -0.778582 -0.711086
v -0.494780 -0.756046 -0.754695
v -0.489132 -0.710737 -0.774984
v -0.466038 -0.584946 -0.709792
v -0.484839 -0.659753 -0.773482
v -0.496253 -0.608070 -0.755113
v -0.347316 -0.769577 -0.691251
v -0.228229 -0.585524 -0.612558
v -0.285179 -0.575600 -0.660795
v -0.347122 -0.743499 -0.742572
v -0.347355 -0.687745 -0.764924
v -0.347721 -0.616520 -0.742389
v -0.434414 -0.851603 -0.994041
v -0.495858 -0.686381 -0.985896
v -0.296511 -0.821120 -0.997827
v -0.282077 -0.560529 -0.998839
v -0.246869 -0.994108 -0.851294
v -0.194667 -0.983870 -0.692376
v -0.079860 -0.978535 -0.913560
v -0.145022 -0.960536 -0.700162
v -0.119447 -0.919227 -0.694844
v -0.121575 -0.866457 -0.692991
v -0.106599 -0.964953 -0.793377
v -0.001759 -0.960388 -0.824250
v -0.082627 -0.919321 -0.766835
v -0.082800 -0.862520 -0.766017
v -0.001290 -0.918983 -0.794249
v 0.000525 -0.864737 -0.796015
v -0.201927 -0.778966 -0.612069
v -0.205374 -0.784553 -0.692620
v -0.153144 -0.551580 -0.661117
v -0.195629 -0.755741 -0.754912
v -0.201595 -0.711019 -0.774774
v -0.197500 -0.576390 -0.711170
v -0.207390 -0.659116 -0.773026
v -0.194819 -0.608248 -0.754785
v -0.144412 -0.823795 -0.628292
v -0.122142 -0.803797 -0.764111
v -0.132590 -0.719577 -0.813510
v -0.033164 -0.815453 -0.815398
v -0.121539 -0.562952 -0.760452
v -0.132486 -0.654271 -0.813363
v -0.032878 -0.553121 -0.813792
v 0.035425 -0.956253 -0.955581
v -0.076236 -0.918905 -0.976960
v -0.065924 -0.874185 -0.978666
v -0.000070 -0.977171 -0.871233
v -0.183561 -0.780511 -0.985393
v -0.185850 -0.557831 -0.990185
v -0.081565 -0.765819 -0.862193
v -0.114530 -0.689073 -0.863391
v -0.081232 -0.766606 -0.919238
v -0.111819 -0.691363 -0.918957
v -0.000000 -0.796023 -0.864535
v -0.000001 -0.794192 -0.919467
v -0.075368 -0.609138 -0.897846
v -0.029585 -0.581532 -0.896701
v -0.105639 -0.793125 -0.965021
v -0.139121 -0.693312 -0.960476
v 0.001248 -0.823149 -0.959378
v -0.105638 -0.584118 -0.966063
v 0.001197 -0.547950 -0.960588
v -0.279236 -0.279415 -0.840631
v -0.481883 -0.109944 -0.661005
v -0.422638 -0.098898 -0.605941
v -0.482315 -0.099032 -0.714915
v -0.483260 -0.072114 -0.752828
v -0.482092 -0.025945 -0.775780
v -0.399207 -0.117416 -0.692594
v -0.364191 -0.142473 -0.695716
v -0.312017 -0.231945 -0.839079
v -0.357683 -0.122082 -0.783412
v -0.405165 -0.063577 -0.775391
v -0.367176 0.001194 -0.821297
v -0.301650 -0.275764 -0.910870
v -0.398787 -0.309829 -0.986456
v -0.227373 -0.403344 -0.983720
v -0.293012 -0.334977 -0.963984
v -0.462149 -0.106569 -0.989256
v -0.502641 -0.000055 -0.982127
v -0.351147 -0.085261 -0.862996
v -0.344317 -0.155655 -0.916617
v -0.349670 0.126275 -0.917137
v -0.365607 -0.196597 -0.957933
v -0.404858 0.202955 -0.982018
v -0.234944 -0.311598 -0.843286
v -0.147313 -0.358153 -0.658625
v -0.156665 -0.337982 -0.849839
v -0.098816 -0.482586 -0.607267
v -0.116623 -0.501304 -0.660924
v -0.109899 -0.420588 -0.660836
v -0.098851 -0.482848 -0.715676
v -0.071775 -0.483587 -0.753163
v -0.026048 -0.482386 -0.775848
v -0.092216 -0.407644 -0.747951
v -0.117847 -0.360718 -0.777392
v -0.000842 -0.401540 -0.791194
v -0.001402 -0.366317 -0.822390
v -0.202195 -0.338915 -0.918805
v -0.124978 -0.368382 -0.957414
v -0.000000 -0.350330 -0.867710
v 0.059890 -0.350987 -0.917351
v -0.003209 -0.480445 -0.987977
v 0.204108 -0.404820 -0.982099
v -0.981712 0.408276 -0.187627
v -0.959301 0.549501 -0.116876
v -0.984732 0.457469 -0.140110
v -0.917429 0.569072 -0.098430
v -0.870132 0.573811 -0.098006
v -0.895571 0.315878 -0.230814
v -0.958098 0.211266 -0.360442
v -0.984987 0.278411 -0.400290
v -0.961183 0.118891 -0.549767
v -0.988346 0.170189 -0.469064
v -0.864424 0.091892 -0.347635
v -0.887887 0.231635 -0.314567
v -0.917756 0.098595 -0.569161
v -0.871074 0.098066 -0.574193
v -0.965714 0.316755 -0.316755
v -0.996454 0.388635 -0.421725
v -0.996982 0.487294 -0.367857
v -0.983499 0.551974 -0.448390
v -0.960661 0.545786 -0.518462
v -0.895702 0.283027 -0.282280
v -0.918555 0.566033 -0.543242
v -0.868977 0.544549 -0.571305
v -0.767542 0.364639 -0.118442
v -0.766608 0.404920 -0.081033
v -0.691535 0.404922 -0.111539
v -0.815454 0.509171 -0.033163
v -0.765820 0.461334 -0.081528
v -0.790584 0.533723 -0.107429
v -0.689124 0.460458 -0.114481
v -0.714043 0.525423 -0.145087
v -0.854826 0.337211 -0.156645
v -0.755387 0.570243 -0.196375
v -0.710681 0.564275 -0.271437
v -0.661375 0.356946 -0.137861
v -0.581048 0.423440 -0.028546
v -0.584121 0.359847 -0.104659
v -0.608912 0.426748 -0.075157
v -0.654270 0.511465 -0.132481
v -0.538258 0.529666 -0.031298
v -0.563963 0.565158 -0.123920
v -0.482150 0.309861 -0.232310
v -0.659937 0.553971 -0.207944
v -0.609735 0.570124 -0.196805
v -0.766979 0.120235 -0.363253
v -0.766608 0.081033 -0.404920
v -0.689755 0.111607 -0.405609
v -0.765820 0.081528 -0.461334
v -0.815454 0.033163 -0.509171
v -0.777975 0.130969 -0.546402
v -0.688547 0.114439 -0.460712
v -0.719582 0.132585 -0.511297
v -0.745928 0.271454 -0.580849
v -0.710570 0.203114 -0.552435
v -0.608853 0.120789 -0.362599
v -0.581018 0.027838 -0.422098
v -0.609815 0.076001 -0.426664
v -0.506997 0.237117 -0.306503
v -0.654270 0.132481 -0.511465
v -0.553120 0.032876 -0.511000
v -0.579157 0.106784 -0.534744
v -0.626128 0.188776 -0.552780
v -0.660390 0.271425 -0.563430
v -0.615005 0.272136 -0.581091
v -0.483024 0.278878 -0.278001
v -0.745913 0.580907 -0.355098
v -0.710917 0.552381 -0.427890
v -0.764332 0.429870 -0.578927
v -0.710630 0.355318 -0.564309
v -0.770429 0.581534 -0.437876
v -0.804765 0.560277 -0.516039
v -0.710753 0.491325 -0.524313
v -0.660472 0.563503 -0.354982
v -0.614688 0.581274 -0.354986
v -0.658905 0.421253 -0.554222
v -0.608292 0.435691 -0.570374
v -0.624638 0.552602 -0.444949
v -0.654007 0.509052 -0.509052
v -0.578250 0.532895 -0.532895
v -0.960522 0.700161 -0.145020
v -0.964947 0.793376 -0.106600
v -0.983762 0.692214 -0.194593
v -0.995462 0.842862 -0.263702
v -0.985655 0.863791 -0.142706
v -0.919226 0.694844 -0.119447
v -0.866462 0.692993 -0.121575
v -0.919320 0.766835 -0.082626
v -0.862521 0.766018 -0.082800
v -0.981469 0.915372 -0.328572
v -0.912203 0.983521 -0.237880
v -0.852945 0.988092 -0.173361
v -0.960390 0.702221 -0.495035
v -0.960693 0.804289 -0.546708
v -0.919644 0.697807 -0.525870
v -0.868475 0.625899 -0.524874
v -0.918078 0.781294 -0.566936
v -0.869542 0.752857 -0.544981
v -0.955898 0.955954 -0.820179
v -0.987937 0.850913 -0.455585
v -0.843253 0.994559 -0.369366
v -0.920172 0.976382 -0.541018
v -0.868600 0.978658 -0.546607
v -0.823814 0.628282 -0.144412
v -0.815454 0.815399 -0.033164
v -0.803545 0.764050 -0.122438
v -0.719582 0.813525 -0.132593
v -0.778594 0.612178 -0.203269
v -0.783494 0.661431 -0.210730
v -0.778289 0.710865 -0.204261
v -0.755748 0.754411 -0.196609
v -0.710719 0.774603 -0.202273
v -0.528229 0.661128 -0.126998
v -0.654270 0.813379 -0.132489
v -0.553121 0.813792 -0.032877
v -0.558550 0.713609 -0.149546
v -0.579157 0.789426 -0.106788
v -0.577685 0.610989 -0.201442
v -0.570925 0.660736 -0.216303
v -0.659816 0.773146 -0.206972
v -0.608293 0.754785 -0.194992
v -0.584661 0.708750 -0.267194
v -0.765820 0.862194 -0.081565
v -0.766606 0.919237 -0.081232
v -0.689073 0.863396 -0.114530
v -0.691362 0.918956 -0.111818
v -0.793125 0.965016 -0.105641
v -0.693588 0.962481 -0.140626
v -0.568172 0.989478 -0.192573
v -0.470343 0.994290 -0.225930
v -0.580277 0.900030 -0.027247
v -0.609138 0.897845 -0.075367
v -0.584117 0.966057 -0.105639
v -0.766551 0.612753 -0.355064
v -0.773064 0.691588 -0.354775
v -0.745803 0.744899 -0.355616
v -0.710173 0.763405 -0.355960
v -0.793306 0.693407 -0.447393
v -0.823428 0.694219 -0.496422
v -0.778561 0.777813 -0.506521
v -0.688007 0.788285 -0.449578
v -0.687935 0.818934 -0.500976
v -0.584930 0.613797 -0.356627
v -0.567810 0.660744 -0.427791
v -0.660732 0.764158 -0.355868
v -0.615222 0.744726 -0.356211
v -0.576352 0.710726 -0.434496
v -0.558236 0.607572 -0.491254
v -0.539443 0.691594 -0.500008
v -0.589683 0.777088 -0.507711
v -0.442480 0.997973 -0.401109
v -0.779562 0.870281 -0.571420
v -0.767595 0.919333 -0.556163
v -0.688030 0.864896 -0.528856
v -0.690743 0.919219 -0.530238
v -0.794694 0.972240 -0.510055
v -0.692742 0.960541 -0.498272
v -0.601613 0.862351 -0.557501
v -0.602792 0.919565 -0.556214
v -0.557563 0.990101 -0.443900
v -0.582373 0.966296 -0.526769
v -0.961069 0.145731 -0.696618
v -0.985307 0.197032 -0.695315
v -0.964947 0.106600 -0.793376
v -0.920544 0.119831 -0.692563
v -0.866452 0.121536 -0.693121
v -0.919320 0.082626 -0.766835
v -0.862521 0.082800 -0.766018
v -0.993681 0.386433 -0.848950
v -0.971043 0.494832 -0.573507
v -0.983869 0.444684 -0.765322
v -0.959973 0.495193 -0.699438
v -0.959119 0.545464 -0.802067
v -0.919649 0.531357 -0.603846
v -0.920241 0.525699 -0.696309
v -0.868288 0.524902 -0.696175
v -0.917779 0.566797 -0.781116
v -0.862916 0.556508 -0.767024
v -0.995210 0.248575 -0.832439
v -0.983519 0.237986 -0.912212
v -0.957166 0.296778 -0.957788
v -0.904102 0.203039 -0.985913
v -0.868564 0.093359 -0.980359
v -0.978659 0.546279 -0.868603
v -0.976386 0.540837 -0.920169
v -0.915102 0.467503 -0.980454
v -0.864603 0.525861 -0.981027
v -0.816633 0.136416 -0.601123
v -0.823547 0.144608 -0.693492
v -0.778593 0.203269 -0.612177
v -0.783611 0.209991 -0.661019
v -0.815454 0.033164 -0.815399
v -0.790584 0.107433 -0.790325
v -0.719582 0.132593 -0.813525
v -0.778627 0.203186 -0.710656
v -0.755603 0.196274 -0.754613
v -0.710719 0.202273 -0.774603
v -0.559202 0.149888 -0.608171
v -0.541048 0.142894 -0.660892
v -0.584974 0.271662 -0.613974
v -0.570985 0.216905 -0.661054
v -0.654270 0.132489 -0.813379
v -0.558959 0.149476 -0.714133
v -0.538504 0.029917 -0.796258
v -0.591455 0.130521 -0.776859
v -0.659172 0.208874 -0.772732
v -0.584965 0.271229 -0.709323
v -0.615077 0.271647 -0.744649
v -0.766613 0.355492 -0.612958
v -0.773072 0.354603 -0.691519
v -0.823345 0.496490 -0.627440
v -0.793382 0.447253 -0.692989
v -0.745771 0.355360 -0.744921
v -0.710306 0.355451 -0.763375
v -0.816753 0.503569 -0.721464
v -0.778451 0.506118 -0.777513
v -0.688143 0.449748 -0.788363
v -0.688540 0.501390 -0.819192
v -0.576365 0.434596 -0.612060
v -0.567728 0.428606 -0.660997
v -0.540187 0.499159 -0.630049
v -0.660687 0.356101 -0.764182
v -0.576352 0.434496 -0.710726
v -0.608264 0.435854 -0.754598
v -0.561928 0.518751 -0.761546
v -0.765820 0.081565 -0.862194
v -0.766606 0.081232 -0.919237
v -0.688903 0.114565 -0.863341
v -0.689430 0.111792 -0.919752
v -0.793125 0.105641 -0.965015
v -0.689795 0.139202 -0.961126
v -0.744964 0.189272 -0.984059
v -0.484905 0.257440 -0.997447
v -0.580336 0.026527 -0.898826
v -0.609544 0.075619 -0.897414
v -0.584116 0.105639 -0.966057
v -0.521530 0.155855 -0.990707
v -0.779562 0.571421 -0.870281
v -0.780749 0.566756 -0.917757
v -0.689042 0.528938 -0.864484
v -0.689499 0.530283 -0.919711
v -0.834083 0.360848 -0.995493
v -0.746244 0.445384 -0.982855
v -0.801109 0.542038 -0.960755
v -0.689599 0.497978 -0.961236
v -0.601612 0.557501 -0.862350
v -0.602792 0.556214 -0.919565
v -0.511141 0.487303 -0.990121
v -0.568089 0.549651 -0.962096
v -0.959013 0.827688 -0.698191
v -0.958631 0.701412 -0.827133
v -0.963563 0.794043 -0.794043
v -0.920076 0.799967 -0.694819
v -0.841904 0.804168 -0.614034
v -0.868224 0.801081 -0.695096
v -0.919240 0.696664 -0.799715
v -0.868315 0.626686 -0.801061
v -0.919185 0.767879 -0.767879
v -0.870254 0.752083 -0.779951
v -0.977146 0.872994 -0.654773
v -0.902984 0.977473 -0.902596
v -0.847353 0.980859 -0.852546
v -0.982208 0.845769 -0.855175
v -0.976902 0.904205 -0.904716
v -0.955922 0.835772 -0.955789
v -0.908990 0.905826 -0.977156
v -0.863689 0.826485 -0.981086
v -0.947416 0.942517 -0.942707
v -0.875855 0.956036 -0.954557
v -0.826223 0.825830 -0.695032
v -0.818715 0.599812 -0.818668
v -0.825926 0.694553 -0.826237
v -0.792358 0.792106 -0.792106
v -0.688801 0.821031 -0.821491
v -0.559906 0.837424 -0.609608
v -0.538391 0.822781 -0.693723
v -0.547838 0.600696 -0.816469
v -0.538698 0.692244 -0.823375
v -0.577304 0.790914 -0.790914
v -0.799737 0.920177 -0.625744
v -0.801098 0.867815 -0.695260
v -0.827202 0.958724 -0.621862
v -0.780813 0.918381 -0.756458
v -0.767049 0.862832 -0.766372
v -0.688563 0.864839 -0.796108
v -0.691075 0.918881 -0.794263
v -0.804335 0.962191 -0.779965
v -0.693313 0.960389 -0.824368
v -0.561162 0.921057 -0.629641
v -0.558710 0.865650 -0.692646
v -0.539385 0.960596 -0.625146
v -0.569908 0.919565 -0.717807
v -0.601530 0.862589 -0.766134
v -0.602778 0.919330 -0.766855
v -0.568467 0.963024 -0.777540
v -0.801075 0.695133 -0.868075
v -0.799914 0.694970 -0.920068
v -0.767049 0.766372 -0.862832
v -0.767634 0.766895 -0.919103
v -0.689111 0.796064 -0.864615
v -0.689521 0.794230 -0.919485
v -0.827006 0.698609 -0.958239
v -0.793784 0.793359 -0.963632
v -0.689846 0.823212 -0.959365
v -0.575882 0.602940 -0.897647
v -0.558526 0.691382 -0.864777
v -0.560886 0.690378 -0.920724
v -0.601530 0.766134 -0.862589
v -0.602778 0.766855 -0.919330
v -0.538658 0.694940 -0.961219
v -0.582366 0.793377 -0.964947
v -0.422978 0.981777 -0.914953
v -0.660423 0.869707 -0.978159
v -0.568469 0.982706 -0.866735
v -0.497880 0.915658 -0.980881
v -0.489009 0.847587 -0.990617
v -0.495803 0.331591 -0.156556
v -0.482117 0.571606 -0.071424
v -0.361252 0.359928 -0.207776
v -0.407686 0.575779 -0.092360
v -0.344268 0.470619 -0.133204
v -0.363999 0.549826 -0.117770
v -0.402533 0.331080 -0.218017
v -0.312341 0.428450 -0.236806
v -0.522881 0.123599 -0.343264
v -0.499691 0.093884 -0.582023
v -0.422920 0.072693 -0.570630
v -0.404392 0.155027 -0.343003
v -0.402522 0.271942 -0.305529
v -0.355525 0.225169 -0.355456
v -0.315830 0.232171 -0.424818
v -0.337090 0.156750 -0.466266
v -0.360245 0.104874 -0.529959
v -0.495183 0.568987 -0.568987
v -0.305068 0.304062 -0.348986
v -0.281307 0.431143 -0.280096
v -0.279705 0.279622 -0.476890
v -0.347490 0.591552 -0.573015
v -0.229407 0.367805 -0.340301
v -0.236836 0.312326 -0.428303
v -0.156420 0.365570 -0.365656
v -0.154117 0.406134 -0.343878
v -0.156174 0.343316 -0.406658
v -0.219524 0.508802 -0.317045
v -0.131922 0.344313 -0.463905
v -0.196130 0.569443 -0.569303
v 0.078207 0.369604 -0.369423
v 0.123120 0.406164 -0.349722
v 0.122259 0.349933 -0.406445
v -0.067112 0.455541 -0.351254
v -0.115200 0.547344 -0.364446
v -0.082455 0.556759 -0.404826
v 0.001158 0.500351 -0.367204
v -0.000001 0.530958 -0.405685
v -0.105668 0.360669 -0.528833
v -0.082455 0.404826 -0.556759
v -0.001110 0.367997 -0.501237
v -0.000815 0.405386 -0.530994
v -0.082915 0.557986 -0.460989
v -0.082915 0.460989 -0.557986
v -0.122885 0.560830 -0.519688
v -0.000003 0.529605 -0.458371
v 0.000687 0.458611 -0.529660
v 0.000456 0.503310 -0.503795
v -0.482589 0.607267 -0.098815
v -0.420588 0.660836 -0.109897
v -0.481601 0.773872 -0.030470
v -0.482851 0.715676 -0.098850
v -0.482641 0.753321 -0.071470
v -0.358152 0.658624 -0.147313
v -0.407871 0.748096 -0.092017
v -0.360705 0.778455 -0.117444
v -0.311597 0.843292 -0.234949
v -0.337982 0.849840 -0.156664
v -0.360940 0.958938 -0.210020
v -0.332354 0.918667 -0.218406
v -0.487762 0.612735 -0.548065
v -0.484766 0.692812 -0.543438
v -0.494893 0.755560 -0.568530
v -0.281143 0.890275 -0.280743
v -0.348538 0.692543 -0.560413
v -0.347128 0.755466 -0.592922
v -0.492842 0.983236 -0.652492
v -0.357692 0.997644 -0.424300
v -0.316710 0.965795 -0.316736
v -0.191828 0.982099 -0.408654
v -0.179008 0.990633 -0.479087
v -0.225364 0.704512 -0.318207
v -0.122009 0.783712 -0.358327
v -0.204312 0.611660 -0.549321
v -0.207546 0.692951 -0.544312
v -0.196474 0.755498 -0.569242
v -0.143721 0.696496 -0.364380
v -0.105085 0.602325 -0.426219
v -0.119596 0.692323 -0.403240
v -0.082454 0.766857 -0.404825
v 0.001078 0.823744 -0.367185
v -0.000001 0.794298 -0.405819
v -0.121555 0.692967 -0.457790
v -0.144669 0.693301 -0.502008
v -0.082915 0.766133 -0.460988
v -0.108211 0.790912 -0.533232
v -0.000002 0.796072 -0.458910
v 0.000493 0.821398 -0.503760
v -0.236852 0.899612 -0.315858
v -0.085258 0.863505 -0.351288
v -0.156693 0.916063 -0.344208
v -0.209872 0.958757 -0.361389
v -0.095978 0.980301 -0.456272
v 0.123187 0.917988 -0.350103
v 0.188671 0.958078 -0.366612
v -0.097905 0.871401 -0.573847
v -0.098604 0.918731 -0.568558
v 0.000768 0.865176 -0.529662
v -0.001095 0.919042 -0.531004
v -0.106609 0.964970 -0.528815
v -0.001515 0.958803 -0.501075
v -0.481886 0.109943 -0.661004
v -0.422638 0.098896 -0.605941
v -0.482318 0.099031 -0.714916
v -0.483262 0.072113 -0.752828
v -0.418886 0.027502 -0.776901
v -0.399207 0.117415 -0.692594
v -0.356132 0.150410 -0.617642
v -0.362654 0.143718 -0.695787
v -0.312516 0.234294 -0.849768
v -0.402846 0.078962 -0.762586
v -0.360238 0.104871 -0.792368
v -0.336904 0.159380 -0.852451
v -0.487761 0.548066 -0.612735
v -0.482812 0.544048 -0.693689
v -0.493775 0.568919 -0.755373
v -0.347532 0.565450 -0.614261
v -0.347566 0.560417 -0.692670
v -0.279864 0.279108 -0.842554
v -0.346639 0.592908 -0.755446
v -0.302147 0.279110 -0.916018
v -0.360923 0.210323 -0.959029
v -0.449011 0.397942 -0.996662
v -0.345451 0.395217 -0.990900
v -0.316709 0.316736 -0.965795
v -0.189931 0.489304 -0.991813
v -0.235034 0.311584 -0.843356
v -0.144073 0.358924 -0.606203
v -0.202647 0.548609 -0.612398
v -0.207050 0.544378 -0.693715
v -0.157101 0.337994 -0.850135
v -0.196615 0.569524 -0.755876
v -0.105045 0.426894 -0.602660
v -0.143906 0.363681 -0.700262
v -0.119178 0.404721 -0.694808
v -0.144516 0.501890 -0.628506
v -0.121572 0.457824 -0.692929
v -0.105665 0.360662 -0.793390
v -0.082454 0.404825 -0.766857
v -0.001355 0.366633 -0.823981
v -0.001071 0.405433 -0.794267
v -0.122791 0.520665 -0.764374
v -0.082915 0.460988 -0.766133
v 0.000313 0.459043 -0.796049
v 0.000237 0.503980 -0.821461
v -0.202469 0.339121 -0.920207
v -0.189046 0.366687 -0.958110
v -0.068731 0.452675 -0.977559
v -0.000000 0.350430 -0.868081
v 0.061172 0.351034 -0.917102
v -0.082952 0.557986 -0.862588
v -0.082655 0.556757 -0.919335
v -0.000000 0.529722 -0.864927
v -0.000001 0.531048 -0.919439
v -0.077179 0.405483 -0.976711
v -0.115902 0.546012 -0.960974
v 0.001337 0.500811 -0.959420
v -0.488032 0.779125 -0.612035
v -0.480636 0.783859 -0.661521
v -0.488032 0.612035 -0.779125
v -0.481526 0.661023 -0.784023
v -0.486520 0.778598 -0.711308
v -0.488018 0.710792 -0.779168
v -0.494121 0.756189 -0.755734
v -0.347320 0.769605 -0.691071
v -0.347636 0.691078 -0.769604
v -0.347192 0.743526 -0.743538
v -0.413559 0.997400 -0.821128
v -0.497819 0.724814 -0.985310
v -0.286352 0.830618 -0.997532
v -0.246870 0.994106 -0.851294
v -0.202081 0.779005 -0.611946
v -0.205519 0.784579 -0.692452
v -0.203053 0.611845 -0.778713
v -0.205897 0.692034 -0.784601
v -0.196370 0.755879 -0.755879
v -0.144720 0.823484 -0.627719
v -0.136583 0.601021 -0.816692
v -0.144669 0.693087 -0.823695
v -0.122643 0.804904 -0.763126
v 0.000277 0.821018 -0.821313
v -0.194667 0.983869 -0.692377
v -0.079861 0.978534 -0.913560
v -0.121512 0.866566 -0.693804
v -0.119685 0.920698 -0.693300
v -0.145154 0.960563 -0.623723
v -0.082952 0.862587 -0.766132
v -0.082654 0.919333 -0.766856
v 0.000388 0.864747 -0.796047
v -0.001334 0.918987 -0.794253
v -0.118699 0.963030 -0.778298
v -0.001753 0.960388 -0.824250
v -0.191435 0.711056 -0.983740
v -0.085654 0.913083 -0.979382
v -0.105083 0.602311 -0.897250
v -0.121585 0.693029 -0.866385
v -0.119837 0.692517 -0.920533
v -0.082952 0.766132 -0.862587
v -0.082654 0.766856 -0.919333
v -0.000000 0.796017 -0.864602
v -0.000001 0.794214 -0.919465
v -0.144923 0.696796 -0.960005
v -0.106602 0.793380 -0.964953
v 0.001256 0.823151 -0.959382
v 0.035412 0.956253 -0.955581
v -0.000069 0.977169 -0.871233
v -0.008853 0.870761 -0.977424
v 0.296696 -0.957676 0.957233
v 0.237880 -0.912203 0.983522
v 0.095020 -0.980620 0.868626
v 0.203040 -0.985915 0.904102
v 0.173361 -0.852945 0.988094
v 0.105637 -0.793122 0.965015
v 0.140624 -0.693594 0.962480
v 0.105636 -0.584121 0.966057
v 0.081205 -0.766587 0.919225
v 0.111810 -0.691317 0.918948
v 0.081410 -0.765708 0.862127
v 0.114487 -0.688935 0.863371
v 0.027158 -0.580223 0.896864
v 0.075096 -0.608911 0.896632
v 0.192572 -0.568172 0.989480
v 0.225928 -0.470342 0.994291
v 0.105637 -0.965015 0.793122
v 0.140402 -0.961733 0.690551
v 0.081205 -0.919225 0.766587
v 0.081410 -0.862127 0.765708
v 0.111869 -0.918351 0.689751
v 0.114454 -0.863226 0.688553
v 0.105636 -0.966057 0.584121
v 0.027960 -0.901346 0.581070
v 0.075975 -0.896881 0.609888
v 0.189271 -0.984061 0.744965
v 0.155856 -0.990709 0.521531
v 0.033005 -0.815311 0.815311
v 0.106644 -0.789994 0.789994
v 0.144180 -0.714131 0.800405
v 0.132398 -0.813440 0.719496
v 0.032717 -0.553366 0.813708
v 0.132294 -0.654504 0.813295
v 0.105997 -0.580140 0.789104
v 0.114095 -0.536169 0.713905
v 0.032717 -0.813708 0.553366
v 0.132294 -0.813295 0.654504
v 0.128841 -0.777156 0.592752
v 0.143969 -0.713454 0.564272
v 0.028259 -0.538944 0.567721
v 0.131117 -0.554242 0.654543
v 0.131117 -0.654543 0.554242
v 0.105349 -0.580528 0.580529
v 0.195620 -0.754544 0.754544
v 0.202075 -0.774565 0.710626
v 0.270934 -0.710158 0.763441
v 0.206778 -0.660292 0.773112
v 0.195637 -0.611401 0.754774
v 0.198727 -0.583960 0.711134
v 0.208461 -0.772746 0.659748
v 0.271192 -0.744658 0.617436
v 0.269415 -0.709274 0.591898
v 0.214926 -0.588180 0.661259
v 0.216017 -0.660838 0.588335
v 0.216387 -0.615646 0.615991
v 0.369365 -0.843254 0.994561
v 0.467505 -0.980455 0.915102
v 0.360846 -0.995495 0.834085
v 0.541020 -0.920172 0.976383
v 0.546608 -0.868600 0.978660
v 0.525861 -0.981029 0.864602
v 0.401108 -0.442479 0.997975
v 0.449032 -0.782252 0.984773
v 0.546549 -0.802157 0.959171
v 0.498273 -0.692746 0.960540
v 0.443900 -0.557565 0.990103
v 0.549667 -0.568092 0.962093
v 0.566872 -0.780856 0.918006
v 0.530241 -0.690703 0.919216
v 0.557323 -0.766700 0.862526
v 0.528879 -0.687897 0.864888
v 0.556231 -0.602826 0.919553
v 0.557597 -0.601806 0.862285
v 0.397941 -0.996664 0.449012
v 0.257442 -0.997449 0.484905
v 0.445384 -0.982856 0.746244
v 0.543172 -0.960700 0.801535
v 0.497212 -0.961573 0.690440
v 0.566923 -0.917978 0.780882
v 0.571721 -0.870081 0.779665
v 0.530198 -0.918909 0.689882
v 0.528836 -0.865102 0.688504
v 0.487303 -0.990122 0.511142
v 0.550343 -0.962168 0.567678
v 0.556231 -0.919553 0.602826
v 0.557597 -0.862285 0.601806
v 0.355591 -0.744874 0.744811
v 0.355515 -0.763362 0.710147
v 0.429318 -0.710573 0.774557
v 0.405167 -0.660755 0.767729
v 0.355688 -0.617255 0.744508
v 0.358319 -0.591879 0.709421
v 0.405216 -0.767757 0.660744
v 0.436587 -0.754530 0.610315
v 0.435660 -0.710504 0.583320
v 0.430842 -0.584594 0.660326
v 0.430899 -0.660312 0.584592
v 0.438012 -0.610313 0.610313
v 0.507742 -0.777741 0.777878
v 0.494997 -0.801595 0.713792
v 0.501005 -0.687861 0.818890
v 0.507322 -0.593229 0.777385
v 0.495864 -0.563131 0.713449
v 0.506740 -0.813391 0.654208
v 0.562593 -0.805608 0.562356
v 0.508974 -0.718863 0.553352
v 0.509190 -0.553424 0.654241
v 0.509190 -0.654241 0.553424
v 0.533406 -0.579229 0.579229
v 0.091430 -0.347547 0.864206
v 0.226951 -0.314946 0.839245
v 0.276550 -0.301333 0.912163
v 0.029974 -0.481861 0.773829
v 0.069884 -0.483327 0.753178
v 0.096208 -0.417340 0.713501
v 0.077504 -0.402870 0.762418
v 0.121255 -0.361886 0.766961
v 0.026033 -0.416025 0.584559
v 0.095373 -0.481505 0.662302
v 0.071884 -0.487749 0.613210
v 0.113337 -0.376690 0.658214
v 0.077495 -0.402705 0.607512
v 0.103864 -0.359395 0.584695
v 0.237206 -0.306516 0.506059
v 0.424297 -0.357693 0.997645
v 0.316735 -0.316709 0.965796
v 0.409290 -0.188127 0.981964
v 0.279350 -0.279911 0.843314
v 0.652494 -0.492843 0.983238
v 0.479088 -0.179009 0.990635
v 0.361389 -0.209866 0.958757
v 0.366612 0.188667 0.958078
v 0.338298 -0.203775 0.917700
v 0.309299 -0.235915 0.824940
v 0.341887 -0.137251 0.851710
v 0.350101 0.123128 0.917979
v 0.350581 0.017994 0.869145
v 0.456272 -0.095979 0.980303
v 0.550376 -0.117386 0.959404
v 0.501076 -0.001520 0.958803
v 0.569087 -0.098551 0.917770
v 0.531007 -0.001053 0.919038
v 0.573670 -0.097840 0.870422
v 0.529688 0.000902 0.865169
v 0.278257 -0.278249 0.485383
v 0.569510 -0.495488 0.755558
v 0.551666 -0.488682 0.710468
v 0.592733 -0.347147 0.755158
v 0.563482 -0.348016 0.687824
v 0.553300 -0.484267 0.659863
v 0.569281 -0.494901 0.609891
v 0.583750 -0.348301 0.615993
v 0.361861 -0.103294 0.791360
v 0.367172 0.001066 0.823795
v 0.404920 -0.081033 0.766608
v 0.405868 -0.000001 0.794283
v 0.404923 -0.111540 0.691535
v 0.311536 -0.230216 0.554731
v 0.360489 -0.140162 0.693993
v 0.342521 -0.123871 0.517584
v 0.359847 -0.104659 0.584121
v 0.365996 0.000985 0.546785
v 0.426745 -0.075157 0.608911
v 0.429042 -0.028996 0.581284
v 0.570016 -0.195763 0.755428
v 0.552434 -0.202864 0.711248
v 0.461335 -0.081528 0.765819
v 0.459072 -0.000002 0.796072
v 0.460463 -0.114482 0.689125
v 0.533732 -0.107427 0.790576
v 0.509172 -0.033163 0.815453
v 0.511315 -0.132582 0.719577
v 0.554257 -0.208838 0.658731
v 0.570426 -0.197474 0.609793
v 0.511483 -0.132478 0.654271
v 0.565343 -0.122897 0.562869
v 0.511001 -0.032876 0.553121
v 0.225601 -0.982989 0.402236
v 0.210319 -0.959029 0.360923
v 0.156423 -0.854830 0.337173
v 0.278172 -0.916546 0.302888
v 0.233469 -0.850886 0.312663
v 0.029570 -0.773930 0.482646
v 0.070493 -0.752808 0.484416
v 0.102936 -0.713988 0.506639
v 0.095883 -0.714384 0.418915
v 0.027677 -0.578536 0.506648
v 0.026352 -0.584377 0.415325
v 0.095264 -0.662439 0.480385
v 0.072083 -0.613676 0.486839
v 0.077504 -0.762418 0.402870
v 0.117035 -0.765854 0.364488
v 0.092641 -0.624495 0.404875
v 0.137286 -0.661506 0.356592
v 0.103864 -0.584695 0.359395
v 0.232280 -0.482112 0.309874
v 0.395216 -0.990902 0.345451
v 0.327798 -0.961736 0.296542
v 0.279782 -0.847301 0.280266
v 0.489305 -0.991815 0.189932
v 0.277994 -0.483061 0.278878
v 0.569510 -0.755558 0.495487
v 0.551666 -0.710468 0.488682
v 0.554066 -0.658490 0.481449
v 0.570022 -0.609917 0.493073
v 0.592728 -0.755143 0.346716
v 0.563461 -0.687632 0.347615
v 0.583592 -0.616280 0.345903
v 0.368949 -0.957278 0.137977
v 0.336986 -0.917207 0.206160
v 0.314843 -0.838862 0.227142
v 0.405483 -0.976713 0.077185
v 0.347516 -0.866857 0.091108
v 0.350240 -0.918082 -0.126040
v 0.452675 -0.977560 0.068732
v 0.546938 -0.960979 0.116341
v 0.500040 -0.959748 -0.001218
v 0.569162 -0.917756 0.098596
v 0.574196 -0.871073 0.098068
v 0.530957 -0.918622 0.000001
v 0.529610 -0.865449 0.000002
v 0.306504 -0.507009 0.237114
v 0.342521 -0.517584 0.123871
v 0.363096 -0.766204 0.120676
v 0.368028 -0.822815 0.001386
v 0.404920 -0.766608 0.081033
v 0.405610 -0.689755 0.111608
v 0.405455 -0.794248 0.001110
v 0.362616 -0.610324 0.121201
v 0.365435 -0.546789 0.002026
v 0.426957 -0.608857 0.075396
v 0.428071 -0.581304 0.029821
v 0.570102 -0.755941 0.195139
v 0.552062 -0.710651 0.201723
v 0.554264 -0.658761 0.208916
v 0.570372 -0.608239 0.195126
v 0.461335 -0.765819 0.081528
v 0.460718 -0.688547 0.114439
v 0.459153 -0.796052 -0.000223
v 0.560847 -0.804230 0.122689
v 0.511315 -0.719577 0.132582
v 0.509172 -0.815453 0.033163
v 0.511483 -0.654271 0.132478
v 0.534753 -0.579160 0.106782
v 0.511001 -0.553121 0.032876
v 0.123305 -0.343192 0.523229
v 0.025735 -0.474081 0.340972
v 0.156629 -0.495330 0.331552
v 0.151814 -0.353272 0.376874
v 0.217835 -0.402521 0.331114
v 0.230127 -0.340389 0.366672
v 0.305255 -0.262593 0.415327
v 0.305393 -0.347510 0.305033
v 0.431206 -0.280108 0.281287
v 0.335978 -0.159162 0.420984
v 0.341001 0.025723 0.474378
v 0.355566 -0.226523 0.354692
v 0.428449 -0.236805 0.312340
v 0.406634 -0.156387 0.343208
v 0.348184 0.072259 0.405125
v 0.368988 -0.073963 0.369356
v 0.406374 0.122201 0.349856
v 0.552078 -0.061628 0.505118
v 0.570728 -0.072200 0.454249
v 0.547771 0.000025 0.453316
v 0.469435 -0.135537 0.343416
v 0.575860 -0.092502 0.407512
v 0.534808 -0.000642 0.401765
v 0.550487 -0.118128 0.363917
v 0.503241 -0.001056 0.367688
v 0.331073 -0.402540 0.218030
v 0.367687 -0.340010 0.229827
v 0.364717 -0.365250 0.158805
v 0.406097 -0.343775 0.154309
v 0.340415 -0.457553 -0.111606
v 0.341215 -0.420044 0.120023
v 0.369095 -0.369225 -0.072884
v 0.405987 -0.349665 -0.122976
v 0.498768 -0.310457 0.235925
v 0.503610 -0.328977 0.184546
v 0.572079 -0.483590 0.072313
v 0.535958 -0.507868 0.000000
v 0.547813 -0.453319 0.000000
v 0.456016 -0.351141 0.066553
v 0.561369 -0.402847 0.078964
v 0.549507 -0.364440 0.113789
v 0.534797 -0.401518 0.000000
v 0.502851 -0.367119 -0.001282
v 0.835762 -0.955789 0.955922
v 0.905826 -0.977157 0.908990
v 0.826485 -0.981087 0.863688
v 0.902597 -0.902984 0.977474
v 0.701615 -0.827104 0.958644
v 0.698620 -0.539425 0.960554
v 0.626570 -0.801022 0.868209
v 0.696869 -0.799654 0.919223
v 0.604008 -0.569929 0.919628
v 0.611732 -0.559515 0.838073
v 0.660708 -0.563428 0.897878
v 0.793356 -0.793781 0.963632
v 0.824367 -0.693319 0.960389
v 0.793375 -0.582371 0.964947
v 0.752242 -0.779263 0.870350
v 0.766874 -0.767615 0.919091
v 0.794259 -0.691034 0.918876
v 0.796079 -0.688429 0.864824
v 0.717798 -0.569924 0.919560
v 0.710000 -0.558987 0.837381
v 0.760102 -0.606709 0.896581
v 0.698606 -0.958239 0.827006
v 0.695009 -0.920076 0.799911
v 0.695226 -0.868117 0.801037
v 0.694936 -0.961219 0.538657
v 0.602969 -0.897642 0.575907
v 0.690425 -0.920743 0.560891
v 0.691462 -0.864861 0.558585
v 0.793356 -0.963632 0.793781
v 0.824086 -0.959735 0.690648
v 0.766874 -0.919091 0.767615
v 0.766255 -0.862763 0.766936
v 0.794302 -0.918458 0.689874
v 0.796096 -0.864852 0.688638
v 0.793375 -0.964947 0.582371
v 0.766835 -0.919318 0.602812
v 0.766019 -0.862521 0.601721
v 0.599926 -0.818591 0.818591
v 0.694702 -0.826200 0.825865
v 0.660797 -0.539515 0.823318
v 0.692477 -0.823365 0.538814
v 0.601685 -0.548928 0.548928
v 0.691419 -0.539588 0.540131
v 0.791498 -0.791760 0.791760
v 0.815623 -0.720280 0.815678
v 0.815623 -0.815678 0.720280
v 0.815437 -0.654168 0.815491
v 0.790319 -0.578266 0.790579
v 0.813503 -0.552439 0.719567
v 0.815437 -0.815491 0.654168
v 0.790320 -0.790579 0.578266
v 0.813503 -0.719567 0.552439
v 0.813317 -0.552511 0.654201
v 0.813317 -0.654201 0.552511
v 0.789140 -0.578740 0.578740
v 0.937179 -0.946080 0.946388
v 0.954557 -0.875850 0.956036
v 0.954935 -0.954041 0.889410
v 0.976946 -0.903282 0.907758
v 0.983256 -0.839638 0.852976
v 0.852546 -0.847352 0.980860
v 0.914954 -0.422968 0.981778
v 0.866734 -0.568470 0.982708
v 0.980055 -0.582514 0.870961
v 0.980885 -0.497999 0.915648
v 0.869706 -0.978160 0.660426
v 0.847587 -0.990619 0.489011
v 0.915657 -0.980883 0.497874
v 0.977047 -0.873059 0.747768
v 0.977554 -0.918777 0.559402
v 0.958148 -0.957171 0.367910
v 0.989548 -0.851138 0.503537
v 0.862433 -0.766057 0.766057
v 0.864532 -0.689047 0.796080
v 0.864764 -0.796112 0.688625
v 0.919008 -0.766645 0.766645
v 0.919485 -0.689497 0.794208
v 0.918861 -0.794244 0.691060
v 0.862194 -0.603309 0.765821
v 0.900630 -0.580868 0.716708
v 0.919236 -0.604629 0.766606
v 0.862194 -0.765821 0.603309
v 0.902297 -0.716034 0.580867
v 0.919236 -0.766606 0.604629
v 0.895637 -0.581400 0.658570
v 0.896338 -0.657856 0.581435
v 0.897817 -0.609588 0.609122
v 0.963701 -0.793104 0.793104
v 0.959363 -0.689811 0.823211
v 0.958766 -0.823078 0.693051
v 0.965015 -0.583612 0.793123
v 0.962513 -0.545731 0.693760
v 0.965015 -0.793123 0.583612
v 0.961014 -0.689811 0.547218
v 0.966374 -0.583616 0.583616
v 0.821127 -0.413559 0.997402
v 0.851294 -0.246868 0.994108
v 0.692375 -0.194667 0.983870
v 0.700162 -0.145022 0.960536
v 0.694844 -0.119447 0.919227
v 0.692991 -0.121575 0.866457
v 0.913560 -0.079859 0.978535
v 0.793377 -0.106599 0.964953
v 0.824250 -0.001759 0.960388
v 0.766835 -0.082627 0.919321
v 0.794249 -0.001290 0.918983
v 0.766017 -0.082800 0.862520
v 0.796015 0.000525 0.864737
v 0.612149 -0.488209 0.779084
v 0.661512 -0.480706 0.783846
v 0.691251 -0.347318 0.769577
v 0.610801 -0.489882 0.577295
v 0.660959 -0.486241 0.567499
v 0.612558 -0.228229 0.585524
v 0.660795 -0.285178 0.575600
v 0.711086 -0.486780 0.778582
v 0.754696 -0.494780 0.756046
v 0.774984 -0.489131 0.710737
v 0.742572 -0.347122 0.743498
v 0.764924 -0.347355 0.687746
v 0.709792 -0.466039 0.584946
v 0.773482 -0.484839 0.659753
v 0.755114 -0.496254 0.608070
v 0.742389 -0.347720 0.616520
v 0.612069 -0.201926 0.778966
v 0.692620 -0.205374 0.784553
v 0.628292 -0.144412 0.823795
v 0.661117 -0.153144 0.551580
v 0.754912 -0.195629 0.755742
v 0.774774 -0.201595 0.711019
v 0.764111 -0.122142 0.803797
v 0.815398 -0.033164 0.815453
v 0.813510 -0.132590 0.719577
v 0.711170 -0.197500 0.576390
v 0.773026 -0.207390 0.659116
v 0.754785 -0.194819 0.608248
v 0.760452 -0.121539 0.562952
v 0.813363 -0.132486 0.654271
v 0.813792 -0.032878 0.553121
v 0.994041 -0.434415 0.851603
v 0.871233 -0.000071 0.977171
v 0.955581 0.035425 0.956253
v 0.976960 -0.076233 0.918905
v 0.978666 -0.065924 0.874185
v 0.985895 -0.495858 0.686381
v 0.997827 -0.296512 0.821119
v 0.998839 -0.282078 0.560529
v 0.862193 -0.081565 0.765819
v 0.864536 -0.000001 0.796023
v 0.863391 -0.114530 0.689073
v 0.919238 -0.081232 0.766606
v 0.919468 -0.000001 0.794192
v 0.918957 -0.111819 0.691363
v 0.897846 -0.075368 0.609138
v 0.898896 -0.030960 0.582280
v 0.985393 -0.183561 0.780511
v 0.965021 -0.105639 0.793125
v 0.959378 0.001247 0.823149
v 0.960476 -0.139121 0.693312
v 0.990185 -0.185850 0.557831
v 0.966063 -0.105638 0.584118
v 0.960588 0.001197 0.547950
v 0.724812 -0.985312 0.497818
v 0.830620 -0.997534 0.286351
v 0.612149 -0.779084 0.488209
v 0.661007 -0.784010 0.481595
v 0.610801 -0.577295 0.489881
v 0.661000 -0.567521 0.486144
v 0.691244 -0.769577 0.347711
v 0.613529 -0.584946 0.225761
v 0.661142 -0.575544 0.282588
v 0.710615 -0.779128 0.488196
v 0.754939 -0.755957 0.495290
v 0.774984 -0.710737 0.489131
v 0.712025 -0.577238 0.490004
v 0.772955 -0.659015 0.482648
v 0.754943 -0.609689 0.493498
v 0.742586 -0.743490 0.347236
v 0.764942 -0.687698 0.347314
v 0.709832 -0.584938 0.225404
v 0.742347 -0.616370 0.345844
v 0.711054 -0.983742 0.191435
v 0.696792 -0.960006 0.144923
v 0.692562 -0.920546 0.119832
v 0.693119 -0.866447 0.121537
v 0.793377 -0.964953 0.106599
v 0.824039 -0.959770 -0.001137
v 0.766835 -0.919321 0.082627
v 0.766017 -0.862520 0.082800
v 0.794295 -0.918476 0.000001
v 0.796062 -0.864912 0.000002
v 0.611987 -0.778690 0.202828
v 0.661035 -0.783674 0.210125
v 0.660719 -0.551449 0.152938
v 0.693250 -0.823653 0.144596
v 0.610615 -0.530074 0.120537
v 0.711010 -0.778609 0.202974
v 0.754696 -0.756002 0.195327
v 0.774957 -0.710796 0.200938
v 0.773020 -0.659140 0.207459
v 0.754785 -0.608248 0.194819
v 0.790317 -0.790576 0.107431
v 0.813510 -0.719577 0.132590
v 0.815398 -0.815453 0.033164
v 0.761085 -0.563077 0.121006
v 0.813363 -0.654271 0.132486
v 0.813792 -0.553121 0.032878
v 0.979230 -0.917606 0.165805
v 0.996900 -0.837488 0.290855
v 0.986068 -0.691974 0.495920
v 0.999034 -0.455848 0.436730
v 0.992132 -0.522867 0.533950
v 0.997093 -0.546291 0.257385
v 0.913083 -0.979383 0.085653
v 0.870760 -0.977425 0.008854
v 0.980538 -0.867434 0.095433
v 0.862193 -0.765819 0.081565
v 0.863337 -0.688903 0.114565
v 0.864630 -0.796051 -0.000299
v 0.919238 -0.766606 0.081232
v 0.919753 -0.689430 0.111792
v 0.918963 -0.794234 0.001364
v 0.897026 -0.608514 0.074963
v 0.897474 -0.582189 0.031448
v 0.984138 -0.745162 0.189273
v 0.965021 -0.793125 0.105639
v 0.961140 -0.689794 0.139201
v 0.958775 -0.822965 0.001765
v 0.966063 -0.584118 0.105638
v 0.962029 -0.546545 0.002343
v 0.840631 -0.279236 0.279415
v 0.607267 -0.098816 0.482586
v 0.660924 -0.116623 0.501304
v 0.660836 -0.109899 0.420588
v 0.843286 -0.234944 0.311597
v 0.658625 -0.147313 0.358153
v 0.715676 -0.098851 0.482848
v 0.753163 -0.071775 0.483587
v 0.775848 -0.026048 0.482386
v 0.849839 -0.156665 0.337982
v 0.747951 -0.092216 0.407644
v 0.777392 -0.117847 0.360718
v 0.791194 -0.000842 0.401540
v 0.822390 -0.001402 0.366317
v 0.605941 -0.422638 0.098898
v 0.661005 -0.481883 0.109944
v 0.692594 -0.399207 0.117416
v 0.695716 -0.364191 0.142473
v 0.839080 -0.312017 0.231945
v 0.783412 -0.357683 0.122083
v 0.714915 -0.482315 0.099032
v 0.752828 -0.483260 0.072114
v 0.775780 -0.482092 0.025945
v 0.775391 -0.405165 0.063577
v 0.821297 -0.367176 -0.001194
v 0.910870 -0.301650 0.275764
v 0.986457 -0.398787 0.309829
v 0.983721 -0.227373 0.403344
v 0.963984 -0.293012 0.334977
v 0.918805 -0.202195 0.338915
v 0.867710 0.000000 0.350330
v 0.917351 0.059890 0.350987
v 0.987977 -0.003208 0.480445
v 0.957414 -0.124977 0.368382
v 0.982099 0.204109 0.404820
v 0.862995 -0.351147 0.085261
v 0.916617 -0.344317 0.155655
v 0.917138 -0.349670 -0.126275
v 0.989256 -0.462148 0.106568
v 0.957933 -0.365607 0.196597
v 0.982127 -0.502641 0.000055
v 0.982018 -0.404858 -0.202954
v 0.211266 0.360442 0.958098
v 0.278411 0.400290 0.984987
v 0.118891 0.549767 0.961183
v 0.091892 0.347635 0.864424
v 0.098595 0.569161 0.917756
v 0.098066 0.574193 0.871073
v 0.170190 0.469064 0.988347
v 0.231635 0.314567 0.887887
v 0.120235 0.363253 0.766979
v 0.081033 0.404920 0.766608
v 0.111607 0.405609 0.689755
v 0.033163 0.509171 0.815454
v 0.081528 0.461334 0.765820
v 0.130969 0.546402 0.777975
v 0.114439 0.460712 0.688547
v 0.132585 0.511297 0.719582
v 0.027838 0.422099 0.581018
v 0.120789 0.362599 0.608853
v 0.076001 0.426664 0.609815
v 0.032876 0.511000 0.553121
v 0.132481 0.511465 0.654270
v 0.106784 0.534744 0.579157
v 0.203114 0.552435 0.710570
v 0.271454 0.580849 0.745928
v 0.237117 0.306503 0.506997
v 0.188776 0.552780 0.626128
v 0.271424 0.563430 0.660390
v 0.272135 0.581091 0.615005
v 0.408276 0.187627 0.981712
v 0.315878 0.230814 0.895571
v 0.549501 0.116876 0.959301
v 0.457469 0.140110 0.984732
v 0.569072 0.098430 0.917429
v 0.573811 0.098005 0.870132
v 0.316755 0.316755 0.965714
v 0.388635 0.421725 0.996454
v 0.283027 0.282280 0.895702
v 0.487294 0.367856 0.996982
v 0.551975 0.448390 0.983498
v 0.545787 0.518462 0.960661
v 0.566033 0.543242 0.918555
v 0.544548 0.571305 0.868977
v 0.364639 0.118442 0.767542
v 0.404920 0.081033 0.766608
v 0.404922 0.111539 0.691535
v 0.337212 0.156645 0.854826
v 0.356946 0.137861 0.661375
v 0.359847 0.104659 0.584121
v 0.423440 0.028546 0.581048
v 0.426748 0.075157 0.608912
v 0.309861 0.232310 0.482150
v 0.461334 0.081528 0.765820
v 0.460458 0.114481 0.689124
v 0.509171 0.033163 0.815454
v 0.533723 0.107429 0.790584
v 0.525423 0.145087 0.714043
v 0.570243 0.196375 0.755387
v 0.564275 0.271437 0.710681
v 0.511465 0.132481 0.654270
v 0.529666 0.031298 0.538257
v 0.565159 0.123920 0.563963
v 0.553971 0.207944 0.659937
v 0.570124 0.196805 0.609735
v 0.278878 0.278001 0.483024
v 0.355318 0.564309 0.710630
v 0.429870 0.578927 0.764332
v 0.421253 0.554222 0.658905
v 0.435691 0.570374 0.608292
v 0.580907 0.355099 0.745913
v 0.552381 0.427891 0.710917
v 0.491325 0.524313 0.710753
v 0.581534 0.437876 0.770429
v 0.560277 0.516039 0.804765
v 0.563503 0.354982 0.660472
v 0.581274 0.354986 0.614688
v 0.552602 0.444948 0.624638
v 0.509052 0.509052 0.654007
v 0.532895 0.532895 0.578250
v 0.145731 0.696618 0.961069
v 0.106600 0.793376 0.964947
v 0.119831 0.692563 0.920544
v 0.121536 0.693121 0.866452
v 0.082626 0.766835 0.919320
v 0.082800 0.766018 0.862521
v 0.197032 0.695315 0.985307
v 0.248574 0.832440 0.995210
v 0.237981 0.912212 0.983519
v 0.296292 0.957844 0.957072
v 0.095020 0.980618 0.868626
v 0.203042 0.985914 0.904101
v 0.136416 0.601123 0.816633
v 0.144608 0.693492 0.823547
v 0.033164 0.815399 0.815454
v 0.107433 0.790325 0.790584
v 0.132593 0.813525 0.719582
v 0.149888 0.608171 0.559202
v 0.142894 0.660892 0.541048
v 0.029917 0.796258 0.538504
v 0.132489 0.813379 0.654270
v 0.149476 0.714133 0.558959
v 0.130521 0.776859 0.591455
v 0.203269 0.612177 0.778593
v 0.209991 0.661019 0.783611
v 0.203186 0.710656 0.778627
v 0.196274 0.754613 0.755603
v 0.202273 0.774603 0.710719
v 0.216905 0.661054 0.570985
v 0.271662 0.613974 0.584974
v 0.208874 0.772732 0.659172
v 0.271229 0.709323 0.584965
v 0.271648 0.744649 0.615077
v 0.081565 0.862194 0.765820
v 0.081232 0.919237 0.766606
v 0.114565 0.863341 0.688903
v 0.111792 0.919752 0.689430
v 0.105641 0.965016 0.793125
v 0.139202 0.961126 0.689795
v 0.027890 0.901112 0.581075
v 0.075619 0.897414 0.609544
v 0.105639 0.966057 0.584116
v 0.189271 0.984059 0.744965
v 0.257441 0.997447 0.484905
v 0.155856 0.990707 0.521530
v 0.386433 0.848951 0.993681
v 0.444683 0.765321 0.983869
v 0.494831 0.573508 0.971043
v 0.495193 0.699439 0.959973
v 0.545464 0.802067 0.959119
v 0.531357 0.603846 0.919649
v 0.525699 0.696310 0.920241
v 0.524902 0.696175 0.868288
v 0.566797 0.781116 0.917779
v 0.556509 0.767024 0.862916
v 0.467506 0.980453 0.915103
v 0.546279 0.868603 0.978659
v 0.540836 0.920169 0.976386
v 0.525861 0.981027 0.864603
v 0.355491 0.612958 0.766612
v 0.354604 0.691519 0.773072
v 0.355362 0.744921 0.745771
v 0.355452 0.763375 0.710306
v 0.434595 0.612061 0.576365
v 0.428606 0.660997 0.567728
v 0.356100 0.764182 0.660687
v 0.434496 0.710726 0.576352
v 0.435855 0.754598 0.608264
v 0.447252 0.692989 0.793382
v 0.496489 0.627441 0.823345
v 0.506118 0.777513 0.778451
v 0.449748 0.788363 0.688143
v 0.503570 0.721464 0.816753
v 0.501390 0.819192 0.688540
v 0.499159 0.630049 0.540187
v 0.518751 0.761546 0.561928
v 0.360848 0.995493 0.834084
v 0.571420 0.870281 0.779562
v 0.566756 0.917757 0.780749
v 0.528938 0.864484 0.689042
v 0.530283 0.919711 0.689499
v 0.445384 0.982855 0.746244
v 0.542038 0.960755 0.801109
v 0.497978 0.961236 0.689599
v 0.557501 0.862350 0.601612
v 0.556214 0.919565 0.602792
v 0.487303 0.990120 0.511142
v 0.549651 0.962096 0.568089
v 0.123599 0.343264 0.522881
v 0.093884 0.582023 0.499691
v 0.072693 0.570630 0.422920
v 0.155027 0.343003 0.404392
v 0.156750 0.466266 0.337090
v 0.104874 0.529959 0.360245
v 0.225169 0.355456 0.355524
v 0.271942 0.305529 0.402522
v 0.232171 0.424819 0.315830
v 0.331591 0.156555 0.495803
v 0.359928 0.207776 0.361252
v 0.331080 0.218017 0.402533
v 0.428449 0.236806 0.312341
v 0.571606 0.071424 0.482117
v 0.465332 0.129847 0.344923
v 0.575779 0.092360 0.407686
v 0.549826 0.117770 0.363999
v 0.304062 0.348986 0.305068
v 0.431143 0.280096 0.281307
v 0.279622 0.476890 0.279705
v 0.568987 0.568987 0.495183
v 0.591551 0.573015 0.347490
v 0.367805 0.340301 0.229407
v 0.312326 0.428303 0.236836
v 0.365570 0.365656 0.156419
v 0.343316 0.406658 0.156174
v 0.406134 0.343877 0.154117
v 0.344313 0.463905 0.131922
v 0.369604 0.369423 -0.078208
v 0.349933 0.406445 -0.122259
v 0.406164 0.349721 -0.123121
v 0.360669 0.528833 0.105668
v 0.367997 0.501237 0.001111
v 0.404826 0.556759 0.082455
v 0.405386 0.530994 0.000815
v 0.508802 0.317045 0.219524
v 0.569443 0.569303 0.196130
v 0.455541 0.351254 0.067112
v 0.547344 0.364446 0.115200
v 0.556759 0.404826 0.082455
v 0.500351 0.367204 -0.001158
v 0.530958 0.405685 0.000001
v 0.460989 0.557986 0.082915
v 0.458610 0.529660 -0.000687
v 0.557986 0.460989 0.082915
v 0.560830 0.519688 0.122885
v 0.529605 0.458371 0.000003
v 0.503310 0.503795 -0.000456
v 0.109943 0.661004 0.481886
v 0.098897 0.605941 0.422638
v 0.027501 0.776901 0.418886
v 0.099031 0.714916 0.482318
v 0.072113 0.752828 0.483261
v 0.117415 0.692594 0.399207
v 0.150410 0.617642 0.356132
v 0.143718 0.695787 0.362653
v 0.078962 0.762586 0.402846
v 0.104871 0.792368 0.360238
v 0.234294 0.849769 0.312516
v 0.159380 0.852451 0.336904
v 0.210323 0.959029 0.360923
v 0.279110 0.916018 0.302147
v 0.279108 0.842554 0.279864
v 0.548066 0.612735 0.487762
v 0.544048 0.693689 0.482812
v 0.568919 0.755373 0.493775
v 0.565450 0.614261 0.347532
v 0.560417 0.692670 0.347566
v 0.592908 0.755446 0.346639
v 0.397942 0.996662 0.449012
v 0.395216 0.990900 0.345451
v 0.316736 0.965795 0.316710
v 0.489304 0.991813 0.189932
v 0.311584 0.843355 0.235034
v 0.358924 0.606203 0.144073
v 0.337994 0.850135 0.157101
v 0.363681 0.700262 0.143906
v 0.426894 0.602660 0.105045
v 0.404721 0.694808 0.119178
v 0.360662 0.793390 0.105665
v 0.366633 0.823981 0.001355
v 0.404825 0.766857 0.082454
v 0.405433 0.794267 0.001071
v 0.548609 0.612398 0.202647
v 0.544378 0.693715 0.207050
v 0.569525 0.755876 0.196616
v 0.457824 0.692929 0.121572
v 0.501890 0.628506 0.144516
v 0.460988 0.766133 0.082915
v 0.459043 0.796049 -0.000313
v 0.520664 0.764373 0.122791
v 0.503980 0.821460 -0.000237
v 0.339121 0.920207 0.202469
v 0.366687 0.958111 0.189046
v 0.350430 0.868081 0.000000
v 0.351034 0.917102 -0.061171
v 0.405482 0.976711 0.077179
v 0.452675 0.977559 0.068732
v 0.557986 0.862588 0.082952
v 0.556757 0.919335 0.082655
v 0.529722 0.864927 0.000000
v 0.531048 0.919439 0.000001
v 0.546012 0.960974 0.115902
v 0.500811 0.959420 -0.001337
v 0.700161 0.145020 0.960522
v 0.692215 0.194593 0.983762
v 0.842862 0.263702 0.995462
v 0.694844 0.119447 0.919226
v 0.692993 0.121575 0.866462
v 0.793376 0.106600 0.964947
v 0.863791 0.142705 0.985655
v 0.766835 0.082626 0.919320
v 0.766018 0.082800 0.862521
v 0.702222 0.495035 0.960390
v 0.625899 0.524874 0.868475
v 0.697807 0.525870 0.919644
v 0.804289 0.546708 0.960693
v 0.752857 0.544981 0.869542
v 0.781294 0.566936 0.918078
v 0.628282 0.144412 0.823814
v 0.612178 0.203269 0.778593
v 0.661431 0.210730 0.783494
v 0.661128 0.126998 0.528229
v 0.610989 0.201443 0.577685
v 0.660736 0.216303 0.570925
v 0.764050 0.122438 0.803545
v 0.815399 0.033164 0.815454
v 0.813525 0.132593 0.719582
v 0.710865 0.204261 0.778289
v 0.754411 0.196609 0.755748
v 0.774603 0.202273 0.710719
v 0.713609 0.149546 0.558550
v 0.813379 0.132489 0.654270
v 0.813792 0.032877 0.553121
v 0.789426 0.106788 0.579157
v 0.708750 0.267194 0.584661
v 0.773146 0.206972 0.659816
v 0.754785 0.194992 0.608293
v 0.612753 0.355063 0.766552
v 0.691588 0.354775 0.773064
v 0.693407 0.447393 0.793306
v 0.694219 0.496422 0.823428
v 0.613797 0.356628 0.584930
v 0.660744 0.427791 0.567810
v 0.607572 0.491254 0.558236
v 0.691594 0.500008 0.539443
v 0.744898 0.355616 0.745803
v 0.763405 0.355960 0.710173
v 0.777813 0.506521 0.778560
v 0.788285 0.449578 0.688007
v 0.818934 0.500976 0.687935
v 0.710726 0.434496 0.576352
v 0.764158 0.355868 0.660732
v 0.744726 0.356212 0.615222
v 0.777088 0.507712 0.589683
v 0.915372 0.328578 0.981469
v 0.983521 0.237875 0.912203
v 0.988092 0.173361 0.852945
v 0.850913 0.455585 0.987937
v 0.955954 0.820178 0.955898
v 0.994559 0.369365 0.843253
v 0.976382 0.541019 0.920172
v 0.978659 0.546607 0.868600
v 0.862194 0.081565 0.765820
v 0.863396 0.114530 0.689072
v 0.919237 0.081232 0.766606
v 0.918956 0.111818 0.691362
v 0.900030 0.027247 0.580277
v 0.897845 0.075367 0.609138
v 0.965015 0.105641 0.793125
v 0.962481 0.140626 0.693588
v 0.989478 0.192573 0.568172
v 0.994290 0.225931 0.470343
v 0.966057 0.105639 0.584117
v 0.870281 0.571421 0.779562
v 0.864896 0.528856 0.688030
v 0.919333 0.556163 0.767595
v 0.919219 0.530238 0.690744
v 0.862350 0.557501 0.601612
v 0.919565 0.556214 0.602792
v 0.997973 0.401107 0.442481
v 0.972240 0.510055 0.794694
v 0.960541 0.498272 0.692743
v 0.990102 0.443900 0.557562
v 0.966296 0.526769 0.582373
v 0.701412 0.827133 0.958631
v 0.626687 0.801061 0.868315
v 0.696664 0.799716 0.919240
v 0.827688 0.698192 0.959013
v 0.794043 0.794043 0.963563
v 0.799967 0.694819 0.920076
v 0.804168 0.614034 0.841904
v 0.801081 0.695096 0.868224
v 0.752083 0.779951 0.870253
v 0.767879 0.767879 0.919185
v 0.835771 0.955789 0.955922
v 0.905826 0.977156 0.908990
v 0.826485 0.981086 0.863689
v 0.845769 0.855175 0.982208
v 0.904205 0.904716 0.976902
v 0.599812 0.818668 0.818715
v 0.694553 0.826237 0.825926
v 0.600696 0.816469 0.547838
v 0.692244 0.823375 0.538698
v 0.825830 0.695032 0.826223
v 0.792106 0.792106 0.792358
v 0.821031 0.821491 0.688802
v 0.837423 0.609608 0.559905
v 0.822781 0.693723 0.538391
v 0.790915 0.790914 0.577304
v 0.695132 0.868075 0.801075
v 0.694969 0.920068 0.799915
v 0.698609 0.958239 0.827006
v 0.602940 0.897647 0.575882
v 0.691382 0.864777 0.558526
v 0.690378 0.920724 0.560886
v 0.694941 0.961219 0.538658
v 0.766373 0.862832 0.767049
v 0.766895 0.919103 0.767634
v 0.796064 0.864615 0.689111
v 0.794230 0.919485 0.689521
v 0.793359 0.963632 0.793784
v 0.823212 0.959365 0.689846
v 0.766134 0.862589 0.601530
v 0.766855 0.919330 0.602778
v 0.793377 0.964947 0.582366
v 0.872994 0.654774 0.977146
v 0.977473 0.902596 0.902984
v 0.980859 0.852546 0.847353
v 0.942517 0.942707 0.947416
v 0.956036 0.954557 0.875854
v 0.867815 0.695261 0.801098
v 0.920177 0.625743 0.799736
v 0.862832 0.766373 0.767049
v 0.864839 0.796108 0.688563
v 0.918381 0.756458 0.780813
v 0.918881 0.794263 0.691075
v 0.865650 0.692646 0.558710
v 0.921057 0.629640 0.561162
v 0.862589 0.766134 0.601530
v 0.919565 0.717807 0.569908
v 0.919330 0.766855 0.602778
v 0.958724 0.621863 0.827202
v 0.962191 0.779965 0.804335
v 0.960389 0.824368 0.693313
v 0.960596 0.625146 0.539385
v 0.963024 0.777540 0.568467
v 0.869707 0.978159 0.660424
v 0.847587 0.990617 0.489009
v 0.915658 0.980881 0.497879
v 0.981777 0.914953 0.422966
v 0.982706 0.866735 0.568469
v 0.607267 0.098815 0.482589
v 0.660836 0.109897 0.420588
v 0.658624 0.147313 0.358152
v 0.843292 0.234949 0.311597
v 0.715676 0.098850 0.482851
v 0.773872 0.030470 0.481601
v 0.753321 0.071471 0.482641
v 0.748096 0.092017 0.407871
v 0.778455 0.117444 0.360705
v 0.612734 0.548066 0.487761
v 0.692812 0.543438 0.484766
v 0.692543 0.560413 0.348538
v 0.755560 0.568530 0.494893
v 0.890275 0.280743 0.281143
v 0.755466 0.592922 0.347128
v 0.704512 0.318207 0.225364
v 0.611660 0.549321 0.204312
v 0.692951 0.544312 0.207546
v 0.602325 0.426219 0.105085
v 0.696496 0.364380 0.143721
v 0.692323 0.403240 0.119596
v 0.692967 0.457790 0.121555
v 0.693301 0.502008 0.144669
v 0.783712 0.358327 0.122009
v 0.755498 0.569242 0.196473
v 0.766857 0.404825 0.082454
v 0.823744 0.367185 -0.001078
v 0.794298 0.405818 0.000001
v 0.766133 0.460988 0.082915
v 0.790912 0.533232 0.108211
v 0.796072 0.458910 0.000003
v 0.821398 0.503760 -0.000493
v 0.849840 0.156664 0.337982
v 0.918667 0.218406 0.332354
v 0.958938 0.210020 0.360940
v 0.983236 0.652493 0.492842
v 0.997644 0.424299 0.357692
v 0.965795 0.316736 0.316709
v 0.981963 0.409290 0.188131
v 0.990633 0.479086 0.179007
v 0.899612 0.315858 0.236852
v 0.863505 0.351288 0.085258
v 0.916063 0.344208 0.156692
v 0.917987 0.350103 -0.123187
v 0.871401 0.573847 0.097905
v 0.865176 0.529662 -0.000768
v 0.918731 0.568558 0.098604
v 0.919042 0.531004 0.001095
v 0.958757 0.361389 0.209872
v 0.980301 0.456271 0.095977
v 0.958078 0.366612 -0.188671
v 0.964970 0.528815 0.106609
v 0.958803 0.501075 0.001516
v 0.612035 0.779125 0.488031
v 0.661024 0.784023 0.481525
v 0.691078 0.769604 0.347635
v 0.779125 0.612035 0.488032
v 0.783859 0.661521 0.480636
v 0.710792 0.779168 0.488018
v 0.778599 0.711308 0.486521
v 0.756189 0.755734 0.494121
v 0.769605 0.691071 0.347319
v 0.743526 0.743538 0.347192
v 0.724813 0.985310 0.497819
v 0.830618 0.997532 0.286351
v 0.611845 0.778713 0.203053
v 0.692035 0.784601 0.205897
v 0.601021 0.816692 0.136583
v 0.693087 0.823695 0.144669
v 0.779006 0.611946 0.202080
v 0.784579 0.692452 0.205518
v 0.755879 0.755879 0.196370
v 0.823484 0.627719 0.144720
v 0.804903 0.763126 0.122642
v 0.821018 0.821313 -0.000277
v 0.711056 0.983741 0.191435
v 0.602311 0.897250 0.105083
v 0.693029 0.866385 0.121585
v 0.692518 0.920533 0.119837
v 0.696796 0.960005 0.144923
v 0.913083 0.979382 0.085654
v 0.766132 0.862587 0.082952
v 0.766856 0.919333 0.082654
v 0.796017 0.864602 0.000000
v 0.794214 0.919465 0.000001
v 0.793379 0.964953 0.106602
v 0.823151 0.959382 -0.001256
v 0.997400 0.821128 0.413560
v 0.994106 0.851295 0.246868
v 0.866566 0.693804 0.121512
v 0.920698 0.693300 0.119685
v 0.862587 0.766132 0.082952
v 0.864747 0.796047 -0.000388
v 0.919333 0.766856 0.082654
v 0.918987 0.794253 0.001334
v 0.983869 0.692375 0.194667
v 0.978534 0.913560 0.079860
v 0.960563 0.623724 0.145154
v 0.963030 0.778298 0.118699
v 0.960388 0.824250 0.001754
v 0.870761 0.977424 0.008853
v 0.956253 0.955581 -0.035412
v 0.977169 0.871234 0.000070
v 0.187626 -0.981712 -0.408276
v 0.116876 -0.959301 -0.549501
v 0.098430 -0.917429 -0.569072
v 0.098005 -0.870132 -0.573811
v 0.230814 -0.895571 -0.315879
v 0.140110 -0.984732 -0.457469
v 0.118442 -0.767542 -0.364639
v 0.081033 -0.766608 -0.404920
v 0.111539 -0.691535 -0.404922
v 0.028546 -0.581048 -0.423440
v 0.137861 -0.661375 -0.356946
v 0.104659 -0.584121 -0.359847
v 0.075157 -0.608912 -0.426747
v 0.033163 -0.815454 -0.509171
v 0.081528 -0.765820 -0.461334
v 0.114481 -0.689124 -0.460458
v 0.107429 -0.790584 -0.533723
v 0.145087 -0.714043 -0.525423
v 0.031298 -0.538257 -0.529666
v 0.132481 -0.654270 -0.511465
v 0.123920 -0.563963 -0.565158
v 0.156645 -0.854826 -0.337211
v 0.232310 -0.482150 -0.309861
v 0.196375 -0.755387 -0.570243
v 0.271437 -0.710681 -0.564275
v 0.207944 -0.659937 -0.553971
v 0.196805 -0.609735 -0.570124
v 0.360442 -0.958098 -0.211266
v 0.400291 -0.984987 -0.278410
v 0.347635 -0.864424 -0.091892
v 0.314567 -0.887887 -0.231635
v 0.549767 -0.961183 -0.118891
v 0.569161 -0.917756 -0.098595
v 0.574193 -0.871074 -0.098066
v 0.469064 -0.988347 -0.170190
v 0.363253 -0.766979 -0.120235
v 0.404920 -0.766608 -0.081033
v 0.405609 -0.689755 -0.111607
v 0.362599 -0.608853 -0.120789
v 0.422099 -0.581018 -0.027838
v 0.426664 -0.609815 -0.076001
v 0.306503 -0.506997 -0.237117
v 0.461334 -0.765820 -0.081528
v 0.460712 -0.688547 -0.114439
v 0.509171 -0.815454 -0.033163
v 0.546402 -0.777975 -0.130969
v 0.511297 -0.719582 -0.132585
v 0.511000 -0.553121 -0.032876
v 0.511465 -0.654270 -0.132481
v 0.534744 -0.579157 -0.106784
v 0.552435 -0.710570 -0.203114
v 0.580849 -0.745928 -0.271454
v 0.552780 -0.626127 -0.188776
v 0.563430 -0.660390 -0.271423
v 0.581091 -0.615005 -0.272135
v 0.316755 -0.965714 -0.316755
v 0.421725 -0.996454 -0.388635
v 0.282280 -0.895702 -0.283026
v 0.367857 -0.996982 -0.487294
v 0.448390 -0.983499 -0.551974
v 0.518462 -0.960661 -0.545786
v 0.543242 -0.918555 -0.566033
v 0.571305 -0.868977 -0.544548
v 0.278001 -0.483025 -0.278878
v 0.355099 -0.745913 -0.580907
v 0.427890 -0.710917 -0.552381
v 0.354983 -0.660472 -0.563503
v 0.354987 -0.614688 -0.581274
v 0.564309 -0.710630 -0.355318
v 0.578927 -0.764332 -0.429870
v 0.554222 -0.658905 -0.421253
v 0.570374 -0.608292 -0.435691
v 0.437876 -0.770429 -0.581534
v 0.524313 -0.710753 -0.491325
v 0.516039 -0.804766 -0.560277
v 0.444948 -0.624638 -0.552602
v 0.509052 -0.654007 -0.509052
v 0.532895 -0.578250 -0.532895
v 0.156555 -0.495803 -0.331591
v 0.207775 -0.361252 -0.359928
v 0.071424 -0.482117 -0.571606
v 0.133204 -0.344268 -0.470619
v 0.092359 -0.407686 -0.575779
v 0.117770 -0.363999 -0.549826
v 0.218017 -0.402533 -0.331080
v 0.236806 -0.312341 -0.428450
v 0.343264 -0.522881 -0.123599
v 0.343003 -0.404392 -0.155027
v 0.355456 -0.355524 -0.225169
v 0.305529 -0.402522 -0.271942
v 0.424819 -0.315830 -0.232171
v 0.582023 -0.499691 -0.093884
v 0.570630 -0.422920 -0.072693
v 0.466267 -0.337090 -0.156750
v 0.529959 -0.360245 -0.104874
v 0.348986 -0.305068 -0.304062
v 0.280096 -0.281307 -0.431143
v 0.476890 -0.279705 -0.279622
v 0.568987 -0.495183 -0.568987
v 0.573015 -0.347490 -0.591552
v 0.340301 -0.229407 -0.367806
v 0.365656 -0.156419 -0.365570
v 0.343878 -0.154117 -0.406134
v 0.428302 -0.236836 -0.312326
v 0.406658 -0.156174 -0.343316
v 0.369423 0.078207 -0.369604
v 0.349721 0.123121 -0.406164
v 0.406445 0.122259 -0.349933
v 0.317045 -0.219524 -0.508802
v 0.351254 -0.067112 -0.455541
v 0.364446 -0.115200 -0.547344
v 0.367204 0.001158 -0.500351
v 0.404826 -0.082455 -0.556759
v 0.405685 -0.000001 -0.530958
v 0.463905 -0.131922 -0.344313
v 0.528833 -0.105668 -0.360669
v 0.501237 -0.001111 -0.367997
v 0.556759 -0.082455 -0.404826
v 0.530994 -0.000815 -0.405386
v 0.569303 -0.196130 -0.569443
v 0.460989 -0.082915 -0.557986
v 0.458370 -0.000003 -0.529605
v 0.557986 -0.082915 -0.460989
v 0.529660 0.000687 -0.458611
v 0.519688 -0.122885 -0.560830
v 0.503795 0.000456 -0.503310
v 0.145020 -0.960522 -0.700161
v 0.119447 -0.919226 -0.694845
v 0.121575 -0.866462 -0.692994
v 0.106600 -0.964947 -0.793376
v 0.082626 -0.919320 -0.766835
v 0.082800 -0.862521 -0.766018
v 0.194593 -0.983761 -0.692214
v 0.263701 -0.995462 -0.842861
v 0.142704 -0.985655 -0.863791
v 0.144412 -0.823814 -0.628282
v 0.126998 -0.528229 -0.661128
v 0.033164 -0.815453 -0.815399
v 0.122438 -0.803545 -0.764050
v 0.132593 -0.719582 -0.813525
v 0.032877 -0.553121 -0.813793
v 0.149546 -0.558550 -0.713610
v 0.132489 -0.654270 -0.813379
v 0.106788 -0.579157 -0.789426
v 0.203269 -0.778593 -0.612178
v 0.210730 -0.783494 -0.661431
v 0.201443 -0.577685 -0.610989
v 0.216303 -0.570925 -0.660736
v 0.204261 -0.778289 -0.710865
v 0.196609 -0.755748 -0.754411
v 0.202273 -0.710719 -0.774603
v 0.206972 -0.659816 -0.773146
v 0.194992 -0.608293 -0.754785
v 0.267193 -0.584661 -0.708750
v 0.237881 -0.912203 -0.983521
v 0.173361 -0.852945 -0.988092
v 0.328570 -0.981469 -0.915372
v 0.081565 -0.765820 -0.862194
v 0.114530 -0.689072 -0.863396
v 0.081232 -0.766606 -0.919237
v 0.111818 -0.691362 -0.918956
v 0.028467 -0.580941 -0.902156
v 0.075367 -0.609138 -0.897846
v 0.105641 -0.793125 -0.965015
v 0.140626 -0.693588 -0.962481
v 0.105639 -0.584117 -0.966057
v 0.192572 -0.568171 -0.989478
v 0.225931 -0.470343 -0.994290
v 0.495035 -0.960390 -0.702221
v 0.524874 -0.868475 -0.625899
v 0.525870 -0.919644 -0.697807
v 0.546708 -0.960693 -0.804289
v 0.544980 -0.869542 -0.752856
v 0.566936 -0.918078 -0.781294
v 0.355064 -0.766551 -0.612753
v 0.354775 -0.773064 -0.691588
v 0.356628 -0.584930 -0.613798
v 0.427791 -0.567810 -0.660744
v 0.355616 -0.745803 -0.744898
v 0.355959 -0.710173 -0.763405
v 0.355868 -0.660732 -0.764158
v 0.356212 -0.615222 -0.744726
v 0.434496 -0.576352 -0.710726
v 0.447393 -0.793306 -0.693407
v 0.496422 -0.823428 -0.694219
v 0.491254 -0.558236 -0.607572
v 0.500008 -0.539443 -0.691594
v 0.506521 -0.778560 -0.777813
v 0.449578 -0.688007 -0.788285
v 0.500976 -0.687935 -0.818934
v 0.507712 -0.589683 -0.777088
v 0.820177 -0.955898 -0.955954
v 0.369365 -0.843253 -0.994559
v 0.455585 -0.987937 -0.850913
v 0.541019 -0.920172 -0.976382
v 0.546608 -0.868600 -0.978659
v 0.401109 -0.442480 -0.997973
v 0.571420 -0.779562 -0.870281
v 0.528856 -0.688030 -0.864896
v 0.556163 -0.767595 -0.919333
v 0.530238 -0.690743 -0.919219
v 0.557501 -0.601613 -0.862350
v 0.556214 -0.602792 -0.919565
v 0.510054 -0.794694 -0.972240
v 0.498272 -0.692742 -0.960541
v 0.443900 -0.557562 -0.990101
v 0.526769 -0.582373 -0.966296
v 0.098815 -0.482589 -0.607267
v 0.109897 -0.420588 -0.660836
v 0.147313 -0.358152 -0.658624
v 0.030470 -0.481601 -0.773872
v 0.098850 -0.482851 -0.715676
v 0.071471 -0.482641 -0.753321
v 0.092017 -0.407871 -0.748096
v 0.117444 -0.360705 -0.778455
v 0.234949 -0.311597 -0.843292
v 0.156664 -0.337982 -0.849840
v 0.210019 -0.360940 -0.958938
v 0.218406 -0.332354 -0.918667
v 0.280743 -0.281143 -0.890275
v 0.548066 -0.487762 -0.612735
v 0.543438 -0.484766 -0.692812
v 0.560413 -0.348538 -0.692543
v 0.568530 -0.494893 -0.755559
v 0.592922 -0.347128 -0.755466
v 0.318207 -0.225364 -0.704513
v 0.364380 -0.143721 -0.696496
v 0.426219 -0.105085 -0.602325
v 0.403240 -0.119596 -0.692323
v 0.358327 -0.122009 -0.783712
v 0.367185 0.001078 -0.823744
v 0.404825 -0.082454 -0.766857
v 0.405818 -0.000000 -0.794298
v 0.549321 -0.204312 -0.611660
v 0.544312 -0.207546 -0.692951
v 0.457790 -0.121555 -0.692967
v 0.502008 -0.144669 -0.693301
v 0.569242 -0.196474 -0.755498
v 0.460988 -0.082915 -0.766133
v 0.458910 -0.000002 -0.796072
v 0.533232 -0.108211 -0.790912
v 0.503760 0.000494 -0.821398
v 0.424299 -0.357693 -0.997644
v 0.316736 -0.316710 -0.965795
v 0.408654 -0.191829 -0.982099
v 0.652492 -0.492842 -0.983236
v 0.479087 -0.179008 -0.990633
v 0.315858 -0.236852 -0.899612
v 0.351288 -0.085258 -0.863505
v 0.344208 -0.156693 -0.916063
v 0.350102 0.123188 -0.917987
v 0.361389 -0.209872 -0.958757
v 0.366612 0.188671 -0.958078
v 0.573847 -0.097905 -0.871401
v 0.529662 0.000768 -0.865176
v 0.568558 -0.098604 -0.918731
v 0.531004 -0.001094 -0.919042
v 0.456271 -0.095978 -0.980301
v 0.528815 -0.106609 -0.964970
v 0.501075 -0.001516 -0.958803
v 0.696618 -0.961069 -0.145731
v 0.692563 -0.920544 -0.119831
v 0.693121 -0.866452 -0.121536
v 0.695315 -0.985307 -0.197032
v 0.793376 -0.964947 -0.106600
v 0.766835 -0.919320 -0.082626
v 0.766018 -0.862521 -0.082800
v 0.601123 -0.816633 -0.136416
v 0.693492 -0.823547 -0.144608
v 0.608171 -0.559202 -0.149888
v 0.660892 -0.541048 -0.142894
v 0.612177 -0.778593 -0.203269
v 0.661019 -0.783611 -0.209991
v 0.613974 -0.584974 -0.271662
v 0.661054 -0.570985 -0.216905
v 0.815399 -0.815453 -0.033164
v 0.790325 -0.790584 -0.107433
v 0.813525 -0.719582 -0.132593
v 0.714133 -0.558959 -0.149476
v 0.796258 -0.538504 -0.029917
v 0.813379 -0.654270 -0.132489
v 0.776859 -0.591455 -0.130521
v 0.710656 -0.778628 -0.203186
v 0.754613 -0.755603 -0.196274
v 0.774603 -0.710719 -0.202273
v 0.709323 -0.584965 -0.271229
v 0.772732 -0.659172 -0.208874
v 0.744649 -0.615077 -0.271647
v 0.848951 -0.993681 -0.386434
v 0.573508 -0.971043 -0.494832
v 0.765323 -0.983869 -0.444684
v 0.699439 -0.959974 -0.495193
v 0.603846 -0.919649 -0.531357
v 0.696309 -0.920241 -0.525699
v 0.696175 -0.868288 -0.524902
v 0.802067 -0.959119 -0.545464
v 0.781116 -0.917779 -0.566797
v 0.767024 -0.862916 -0.556508
v 0.612958 -0.766613 -0.355492
v 0.691519 -0.773072 -0.354603
v 0.612061 -0.576365 -0.434595
v 0.660997 -0.567728 -0.428606
v 0.627440 -0.823345 -0.496490
v 0.692989 -0.793382 -0.447253
v 0.630049 -0.540187 -0.499159
v 0.744920 -0.745771 -0.355361
v 0.763375 -0.710306 -0.355451
v 0.710726 -0.576352 -0.434496
v 0.764182 -0.660687 -0.356101
v 0.754598 -0.608264 -0.435854
v 0.721464 -0.816753 -0.503569
v 0.777513 -0.778451 -0.506118
v 0.788363 -0.688143 -0.449748
v 0.819192 -0.688540 -0.501390
v 0.761547 -0.561928 -0.518751
v 0.832440 -0.995210 -0.248574
v 0.912212 -0.983519 -0.237982
v 0.957676 -0.957232 -0.296710
v 0.980618 -0.868626 -0.095021
v 0.985913 -0.904102 -0.203039
v 0.862194 -0.765820 -0.081565
v 0.863341 -0.688903 -0.114565
v 0.919237 -0.766606 -0.081232
v 0.919751 -0.689430 -0.111792
v 0.898826 -0.580336 -0.026527
v 0.897413 -0.609544 -0.075619
v 0.965015 -0.793125 -0.105641
v 0.961126 -0.689796 -0.139202
v 0.966057 -0.584117 -0.105639
v 0.984059 -0.744965 -0.189272
v 0.997447 -0.484905 -0.257441
v 0.990707 -0.521530 -0.155856
v 0.868603 -0.978659 -0.546280
v 0.920169 -0.976386 -0.540839
v 0.980454 -0.915102 -0.467503
v 0.981027 -0.864603 -0.525861
v 0.870281 -0.779562 -0.571421
v 0.864484 -0.689042 -0.528938
v 0.917757 -0.780749 -0.566756
v 0.919710 -0.689500 -0.530283
v 0.862350 -0.601612 -0.557501
v 0.919565 -0.602792 -0.556214
v 0.995493 -0.834083 -0.360848
v 0.982855 -0.746244 -0.445383
v 0.960755 -0.801109 -0.542038
v 0.961236 -0.689599 -0.497978
v 0.990120 -0.511142 -0.487303
v 0.962096 -0.568088 -0.549652
v 0.605941 -0.422638 -0.098896
v 0.661004 -0.481886 -0.109943
v 0.617642 -0.356132 -0.150410
v 0.692594 -0.399207 -0.117415
v 0.695787 -0.362653 -0.143718
v 0.849768 -0.312516 -0.234294
v 0.714916 -0.482318 -0.099031
v 0.776901 -0.418886 -0.027502
v 0.752828 -0.483261 -0.072113
v 0.762586 -0.402846 -0.078962
v 0.792368 -0.360238 -0.104871
v 0.852451 -0.336904 -0.159379
v 0.612734 -0.487761 -0.548066
v 0.693689 -0.482812 -0.544048
v 0.614261 -0.347532 -0.565449
v 0.692670 -0.347565 -0.560417
v 0.842554 -0.279864 -0.279108
v 0.755373 -0.493774 -0.568920
v 0.755446 -0.346638 -0.592908
v 0.843356 -0.235034 -0.311584
v 0.606203 -0.144073 -0.358924
v 0.602660 -0.105045 -0.426894
v 0.700262 -0.143906 -0.363681
v 0.694808 -0.119178 -0.404721
v 0.612398 -0.202647 -0.548609
v 0.693714 -0.207050 -0.544378
v 0.628506 -0.144516 -0.501890
v 0.692929 -0.121572 -0.457824
v 0.850135 -0.157101 -0.337994
v 0.793390 -0.105665 -0.360662
v 0.823981 -0.001355 -0.366633
v 0.766857 -0.082454 -0.404825
v 0.794267 -0.001071 -0.405433
v 0.755876 -0.196615 -0.569524
v 0.764373 -0.122791 -0.520665
v 0.766133 -0.082915 -0.460988
v 0.796049 0.000313 -0.459043
v 0.821460 0.000237 -0.503980
v 0.916018 -0.302147 -0.279110
v 0.959029 -0.360923 -0.210323
v 0.996662 -0.449012 -0.397941
v 0.990900 -0.345451 -0.395217
v 0.965795 -0.316710 -0.316736
v 0.991813 -0.189931 -0.489304
v 0.920207 -0.202469 -0.339121
v 0.868081 -0.000000 -0.350430
v 0.917102 0.061172 -0.351034
v 0.862588 -0.082952 -0.557986
v 0.864927 -0.000000 -0.529722
v 0.919335 -0.082655 -0.556757
v 0.919439 -0.000001 -0.531048
v 0.958110 -0.189046 -0.366687
v 0.976711 -0.077176 -0.405483
v 0.977559 -0.068731 -0.452675
v 0.960974 -0.115902 -0.546012
v 0.959420 0.001336 -0.500811
v 0.698191 -0.959013 -0.827688
v 0.614034 -0.841904 -0.804168
v 0.694819 -0.920076 -0.799967
v 0.695096 -0.868224 -0.801081
v 0.827133 -0.958631 -0.701412
v 0.801061 -0.868315 -0.626687
v 0.799716 -0.919240 -0.696664
v 0.794043 -0.963563 -0.794043
v 0.779951 -0.870253 -0.752083
v 0.767879 -0.919185 -0.767879
v 0.695032 -0.826223 -0.825830
v 0.609608 -0.559905 -0.837423
v 0.693723 -0.538391 -0.822781
v 0.818668 -0.818715 -0.599812
v 0.826237 -0.825926 -0.694553
v 0.816468 -0.547838 -0.600696
v 0.823375 -0.538698 -0.692244
v 0.792106 -0.792358 -0.792106
v 0.821491 -0.688802 -0.821031
v 0.790914 -0.577304 -0.790914
v 0.654772 -0.977146 -0.872994
v 0.852546 -0.847353 -0.980859
v 0.902596 -0.902984 -0.977473
v 0.625744 -0.799737 -0.920177
v 0.695260 -0.801098 -0.867815
v 0.629640 -0.561162 -0.921057
v 0.692646 -0.558710 -0.865650
v 0.621863 -0.827202 -0.958724
v 0.625145 -0.539385 -0.960596
v 0.756458 -0.780813 -0.918381
v 0.766372 -0.767049 -0.862832
v 0.796108 -0.688563 -0.864839
v 0.794263 -0.691075 -0.918881
v 0.717807 -0.569908 -0.919565
v 0.766134 -0.601530 -0.862589
v 0.766855 -0.602778 -0.919330
v 0.779965 -0.804335 -0.962191
v 0.824368 -0.693313 -0.960389
v 0.777540 -0.568467 -0.963024
v 0.855175 -0.982208 -0.845769
v 0.904716 -0.976902 -0.904205
v 0.955789 -0.955922 -0.835770
v 0.977156 -0.908990 -0.905826
v 0.981086 -0.863689 -0.826485
v 0.868075 -0.801075 -0.695133
v 0.920068 -0.799914 -0.694970
v 0.897647 -0.575882 -0.602940
v 0.864777 -0.558526 -0.691382
v 0.920724 -0.560886 -0.690378
v 0.862832 -0.767049 -0.766373
v 0.864615 -0.689111 -0.796064
v 0.919103 -0.767634 -0.766895
v 0.919485 -0.689522 -0.794230
v 0.862589 -0.601530 -0.766134
v 0.919330 -0.602778 -0.766855
v 0.958239 -0.827006 -0.698609
v 0.961219 -0.538658 -0.694940
v 0.963632 -0.793784 -0.793359
v 0.959365 -0.689846 -0.823212
v 0.964947 -0.582366 -0.793377
v 0.942707 -0.947416 -0.942517
v 0.954557 -0.875855 -0.956036
v 0.914953 -0.422976 -0.981776
v 0.866735 -0.568469 -0.982706
v 0.978159 -0.660423 -0.869706
v 0.990617 -0.489009 -0.847587
v 0.980881 -0.497875 -0.915657
v 0.612035 -0.488032 -0.779125
v 0.661522 -0.480636 -0.783859
v 0.691071 -0.347318 -0.769605
v 0.779124 -0.488032 -0.612035
v 0.784023 -0.481526 -0.661023
v 0.769604 -0.347635 -0.691078
v 0.711308 -0.486521 -0.778599
v 0.779168 -0.488018 -0.710792
v 0.755734 -0.494121 -0.756189
v 0.743538 -0.347192 -0.743526
v 0.611946 -0.202080 -0.779006
v 0.692452 -0.205519 -0.784579
v 0.627719 -0.144720 -0.823484
v 0.778713 -0.203053 -0.611845
v 0.784601 -0.205897 -0.692035
v 0.816692 -0.136583 -0.601021
v 0.823694 -0.144669 -0.693087
v 0.755879 -0.196371 -0.755879
v 0.763126 -0.122642 -0.804904
v 0.821313 0.000277 -0.821017
v 0.821127 -0.413561 -0.997400
v 0.693804 -0.121512 -0.866566
v 0.693300 -0.119685 -0.920698
v 0.692376 -0.194667 -0.983869
v 0.623723 -0.145154 -0.960563
v 0.766132 -0.082952 -0.862587
v 0.796047 0.000388 -0.864747
v 0.766856 -0.082654 -0.919333
v 0.794253 -0.001334 -0.918987
v 0.913560 -0.079861 -0.978534
v 0.778298 -0.118699 -0.963030
v 0.824250 -0.001754 -0.960388
v 0.985310 -0.497819 -0.724813
v 0.997532 -0.286350 -0.830619
v 0.897250 -0.105083 -0.602311
v 0.866385 -0.121585 -0.693029
v 0.920533 -0.119837 -0.692518
v 0.862587 -0.082952 -0.766132
v 0.864602 -0.000000 -0.796017
v 0.919333 -0.082654 -0.766856
v 0.919465 -0.000001 -0.794214
v 0.983741 -0.191435 -0.711056
v 0.960005 -0.144923 -0.696796
v 0.979382 -0.085654 -0.913083
v 0.964953 -0.106602 -0.793379
v 0.959382 0.001256 -0.823151
v 0.851293 -0.246868 -0.994106
v 0.871233 -0.000069 -0.977169
v 0.977424 -0.008853 -0.870761
v 0.955581 0.035419 -0.956253
v 0.105667 0.528833 -0.360669
v 0.082454 0.556759 -0.404826
v 0.133422 0.344379 -0.470405
v 0.105667 0.360669 -0.528833
v 0.082454 0.404826 -0.556759
v 0.082914 0.557985 -0.460987
v 0.082914 0.460987 -0.557985
v 0.122853 0.561257 -0.518948
v 0.226254 0.355076 -0.355548
v 0.232113 0.424736 -0.315879
v 0.236836 0.312327 -0.428303
v 0.156973 0.466239 -0.337126
v 0.196944 0.569574 -0.569574
v 0.344379 0.470405 -0.133422
v 0.360669 0.528833 -0.105667
v 0.404826 0.556759 -0.082454
v 0.355076 0.355548 -0.226254
v 0.312327 0.428303 -0.236836
v 0.424735 0.315879 -0.232113
v 0.528833 0.360669 -0.105667
v 0.556759 0.404826 -0.082454
v 0.460987 0.557985 -0.082914
v 0.557985 0.460987 -0.082914
v 0.561257 0.518947 -0.122853
v 0.466239 0.337126 -0.156973
v 0.569574 0.569574 -0.196944
v 0.355548 0.226255 -0.355076
v 0.315879 0.232113 -0.424735
v 0.428303 0.236836 -0.312327
v 0.360669 0.105667 -0.528833
v 0.404826 0.082454 -0.556759
v 0.337126 0.156974 -0.466239
v 0.470405 0.133423 -0.344379
v 0.528833 0.105667 -0.360669
v 0.556759 0.082454 -0.404826
v 0.460987 0.082914 -0.557985
v 0.557985 0.082914 -0.460987
v 0.518947 0.122853 -0.561258
v 0.569574 0.196944 -0.569574
v 0.305345 0.303801 -0.349033
v 0.280298 0.430363 -0.281536
v 0.430363 0.281536 -0.280298
v 0.279707 0.279630 -0.476857
v 0.353550 0.589457 -0.569978
v 0.589457 0.569978 -0.353550
v 0.569978 0.353550 -0.589457
v 0.440169 0.580295 -0.554895
v 0.580295 0.554895 -0.440169
v 0.554895 0.440169 -0.580295
v 0.532387 0.532387 -0.532387
v 0.151335 0.618464 -0.356235
v 0.144753 0.696432 -0.362947
v 0.105084 0.602325 -0.426225
v 0.119595 0.692323 -0.403239
v 0.105664 0.793390 -0.360662
v 0.082454 0.766857 -0.404825
v 0.121554 0.692969 -0.457784
v 0.144830 0.693342 -0.502317
v 0.082915 0.766134 -0.460987
v 0.108213 0.790920 -0.533223
v 0.230393 0.895093 -0.316006
v 0.204057 0.612505 -0.549018
v 0.186716 0.693625 -0.534263
v 0.243582 0.693100 -0.551248
v 0.196956 0.755418 -0.569342
v 0.159520 0.852480 -0.336965
v 0.184260 0.981610 -0.408915
v 0.098034 0.871163 -0.573947
v 0.098470 0.918413 -0.568507
v 0.140111 0.984730 -0.457469
v 0.106610 0.964964 -0.528816
v 0.358922 0.606204 -0.144074
v 0.363681 0.700262 -0.143905
v 0.426898 0.602660 -0.105043
v 0.404721 0.694809 -0.119177
v 0.360662 0.793390 -0.105664
v 0.404825 0.766857 -0.082454
v 0.311584 0.843365 -0.235039
v 0.337994 0.850136 -0.157100
v 0.457817 0.692931 -0.121571
v 0.501867 0.628494 -0.144516
v 0.460987 0.766134 -0.082915
v 0.508498 0.721471 -0.136578
v 0.546588 0.778792 -0.132088
v 0.549018 0.612505 -0.204057
v 0.544719 0.693664 -0.208397
v 0.580164 0.745984 -0.271674
v 0.361397 0.958235 -0.207724
v 0.400290 0.984986 -0.278411
v 0.332347 0.920611 -0.219598
v 0.557984 0.862589 -0.082951
v 0.556757 0.919334 -0.082654
v 0.469064 0.988345 -0.170190
v 0.548810 0.961083 -0.118358
v 0.280786 0.892225 -0.281795
v 0.353908 0.692756 -0.556419
v 0.354855 0.745999 -0.580270
v 0.562065 0.612130 -0.355088
v 0.556439 0.693052 -0.354412
v 0.447013 0.693491 -0.533927
v 0.541085 0.608411 -0.447166
v 0.534094 0.694364 -0.447221
v 0.499364 0.627784 -0.499751
v 0.438437 0.771245 -0.581740
v 0.517406 0.762344 -0.517382
v 0.316756 0.965713 -0.316756
v 0.421727 0.996452 -0.388635
v 0.367855 0.996980 -0.487295
v 0.544695 0.869160 -0.570893
v 0.565888 0.918296 -0.543365
v 0.448390 0.983497 -0.551975
v 0.530046 0.986011 -0.451162
v 0.540794 0.962210 -0.519590
v 0.144074 0.358922 -0.606204
v 0.105043 0.426898 -0.602660
v 0.143905 0.363681 -0.700262
v 0.119177 0.404721 -0.694809
v 0.144516 0.501867 -0.628494
v 0.121571 0.457817 -0.692932
v 0.105664 0.360662 -0.793390
v 0.082454 0.404825 -0.766858
v 0.136578 0.508498 -0.721471
v 0.082915 0.460987 -0.766134
v 0.132088 0.546588 -0.778792
v 0.235039 0.311584 -0.843365
v 0.204057 0.549018 -0.612505
v 0.208397 0.544719 -0.693664
v 0.157100 0.337994 -0.850136
v 0.271673 0.580164 -0.745984
v 0.082951 0.557984 -0.862589
v 0.082654 0.556757 -0.919334
v 0.207723 0.361397 -0.958235
v 0.278411 0.400290 -0.984986
v 0.170189 0.469064 -0.988345
v 0.118358 0.548810 -0.961083
v 0.219598 0.332347 -0.920611
v 0.356235 0.151335 -0.618464
v 0.362947 0.144753 -0.696432
v 0.426224 0.105084 -0.602325
v 0.403239 0.119595 -0.692324
v 0.316006 0.230393 -0.895093
v 0.360662 0.105664 -0.793390
v 0.404825 0.082454 -0.766858
v 0.457784 0.121554 -0.692969
v 0.502317 0.144830 -0.693342
v 0.549018 0.204057 -0.612506
v 0.534262 0.186716 -0.693625
v 0.551248 0.243582 -0.693100
v 0.460987 0.082915 -0.766134
v 0.533223 0.108213 -0.790920
v 0.569342 0.196956 -0.755417
v 0.355088 0.562065 -0.612130
v 0.354412 0.556439 -0.693052
v 0.281795 0.280786 -0.892225
v 0.556419 0.353908 -0.692757
v 0.447166 0.541085 -0.608411
v 0.447221 0.534094 -0.694365
v 0.499751 0.499364 -0.627783
v 0.533927 0.447013 -0.693492
v 0.580270 0.354855 -0.745999
v 0.517382 0.517406 -0.762343
v 0.581740 0.438438 -0.771245
v 0.336965 0.159520 -0.852480
v 0.408915 0.184261 -0.981610
v 0.573947 0.098034 -0.871163
v 0.568507 0.098470 -0.918413
v 0.457469 0.140111 -0.984730
v 0.528816 0.106610 -0.964964
v 0.316756 0.316756 -0.965713
v 0.388635 0.421728 -0.996452
v 0.544695 0.570893 -0.869160
v 0.543365 0.565888 -0.918296
v 0.487296 0.367855 -0.996980
v 0.451163 0.530044 -0.986011
v 0.551977 0.448390 -0.983497
v 0.519590 0.540794 -0.962210
v 0.144719 0.823505 -0.627709
v 0.136586 0.601014 -0.816708
v 0.144712 0.693270 -0.823556
v 0.122877 0.804677 -0.763153
v 0.203432 0.778630 -0.612056
v 0.210795 0.783506 -0.661440
v 0.203432 0.612056 -0.778630
v 0.210053 0.661036 -0.783623
v 0.204518 0.778300 -0.711088
v 0.203347 0.710842 -0.778665
v 0.197300 0.755875 -0.755411
v 0.121511 0.866571 -0.693805
v 0.119684 0.920696 -0.693301
v 0.145151 0.960547 -0.623721
v 0.082952 0.862588 -0.766133
v 0.082653 0.919332 -0.766856
v 0.118283 0.963115 -0.779557
v 0.194594 0.983760 -0.692212
v 0.263702 0.995460 -0.842861
v 0.142705 0.985653 -0.863791
v 0.105081 0.602311 -0.897248
v 0.121585 0.693031 -0.866390
v 0.119836 0.692519 -0.920531
v 0.082952 0.766133 -0.862588
v 0.082653 0.766856 -0.919332
v 0.145731 0.696621 -0.961069
v 0.106604 0.793379 -0.964947
v 0.197032 0.695313 -0.985306
v 0.248575 0.832440 -0.995208
v 0.237981 0.912212 -0.983517
v 0.328561 0.981467 -0.915371
v 0.354995 0.766563 -0.612566
v 0.354760 0.773099 -0.691389
v 0.355475 0.612796 -0.766631
v 0.354620 0.691337 -0.773108
v 0.355377 0.745867 -0.745890
v 0.447294 0.793338 -0.693246
v 0.503719 0.816609 -0.600576
v 0.496576 0.823540 -0.694365
v 0.429729 0.578974 -0.764856
v 0.447139 0.692826 -0.793407
v 0.496439 0.627481 -0.823364
v 0.504766 0.778206 -0.778407
v 0.503462 0.721603 -0.816828
v 0.455586 0.987935 -0.850914
v 0.525863 0.920277 -0.624671
v 0.524776 0.867722 -0.695631
v 0.494895 0.960494 -0.621292
v 0.543257 0.918754 -0.757353
v 0.571585 0.870159 -0.780177
v 0.516315 0.963680 -0.780825
v 0.386434 0.848951 -0.993679
v 0.524868 0.696073 -0.868253
v 0.525696 0.696269 -0.920235
v 0.571711 0.780272 -0.870045
v 0.555373 0.767859 -0.919426
v 0.444683 0.765319 -0.983868
v 0.495193 0.699441 -0.959973
v 0.526212 0.794064 -0.964879
v 0.820198 0.955898 -0.955954
v 0.546281 0.868603 -0.978657
v 0.540840 0.920169 -0.976385
v 0.618464 0.356235 -0.151335
v 0.602325 0.426224 -0.105084
v 0.696432 0.362947 -0.144754
v 0.692323 0.403239 -0.119595
v 0.692969 0.457784 -0.121554
v 0.693342 0.502317 -0.144830
v 0.895093 0.316006 -0.230393
v 0.612505 0.549018 -0.204057
v 0.693625 0.534263 -0.186717
v 0.693100 0.551248 -0.243582
v 0.793390 0.360662 -0.105664
v 0.766857 0.404825 -0.082454
v 0.766134 0.460987 -0.082915
v 0.790920 0.533223 -0.108213
v 0.755417 0.569342 -0.196956
v 0.606204 0.144074 -0.358922
v 0.602660 0.105043 -0.426898
v 0.700262 0.143905 -0.363681
v 0.694809 0.119177 -0.404721
v 0.843365 0.235039 -0.311584
v 0.628494 0.144516 -0.501867
v 0.692931 0.121571 -0.457817
v 0.612505 0.204057 -0.549018
v 0.693664 0.208397 -0.544719
v 0.793390 0.105664 -0.360662
v 0.766857 0.082454 -0.404825
v 0.850136 0.157100 -0.337994
v 0.721471 0.136578 -0.508498
v 0.766134 0.082915 -0.460987
v 0.778792 0.132088 -0.546588
v 0.745984 0.271674 -0.580165
v 0.692757 0.556419 -0.353907
v 0.612130 0.355088 -0.562065
v 0.693052 0.354412 -0.556439
v 0.608411 0.447166 -0.541085
v 0.627784 0.499751 -0.499364
v 0.693491 0.533927 -0.447013
v 0.694364 0.447221 -0.534094
v 0.892225 0.281795 -0.280786
v 0.745999 0.580270 -0.354855
v 0.762344 0.517382 -0.517406
v 0.771245 0.581740 -0.438437
v 0.852480 0.336965 -0.159520
v 0.871164 0.573947 -0.098034
v 0.918413 0.568507 -0.098470
v 0.981711 0.408276 -0.187629
v 0.984730 0.457470 -0.140112
v 0.964964 0.528816 -0.106610
v 0.920611 0.219598 -0.332347
v 0.862589 0.082951 -0.557984
v 0.919334 0.082654 -0.556757
v 0.958235 0.207724 -0.361397
v 0.984986 0.278412 -0.400290
v 0.988345 0.170190 -0.469064
v 0.961083 0.118358 -0.548810
v 0.869160 0.570893 -0.544695
v 0.918296 0.543365 -0.565888
v 0.965713 0.316756 -0.316756
v 0.996452 0.388635 -0.421728
v 0.996980 0.487296 -0.367855
v 0.983497 0.551976 -0.448390
v 0.986011 0.451162 -0.530045
v 0.962210 0.519590 -0.540794
v 0.601014 0.816708 -0.136586
v 0.693270 0.823556 -0.144712
v 0.612056 0.778630 -0.203432
v 0.661036 0.783623 -0.210053
v 0.823505 0.627709 -0.144719
v 0.804677 0.763153 -0.122877
v 0.778630 0.612056 -0.203432
v 0.783506 0.661440 -0.210796
v 0.710842 0.778665 -0.203347
v 0.778300 0.711088 -0.204518
v 0.755875 0.755411 -0.197300
v 0.602311 0.897248 -0.105081
v 0.693031 0.866390 -0.121584
v 0.692519 0.920531 -0.119836
v 0.696621 0.961069 -0.145731
v 0.695312 0.985306 -0.197032
v 0.766133 0.862588 -0.082952
v 0.766856 0.919332 -0.082653
v 0.793379 0.964947 -0.106604
v 0.612796 0.766631 -0.355475
v 0.691337 0.773108 -0.354620
v 0.578974 0.764856 -0.429729
v 0.627481 0.823364 -0.496439
v 0.692826 0.793406 -0.447139
v 0.766563 0.612566 -0.354995
v 0.773099 0.691390 -0.354760
v 0.745867 0.745890 -0.355377
v 0.793338 0.693246 -0.447294
v 0.816609 0.600576 -0.503719
v 0.823540 0.694366 -0.496576
v 0.721603 0.816828 -0.503462
v 0.778206 0.778407 -0.504766
v 0.848951 0.993679 -0.386433
v 0.605030 0.868211 -0.531962
v 0.696073 0.868253 -0.524868
v 0.696269 0.920235 -0.525696
v 0.765320 0.983868 -0.444683
v 0.699442 0.959973 -0.495193
v 0.780272 0.870045 -0.571711
v 0.767859 0.919426 -0.555373
v 0.794064 0.964879 -0.526212
v 0.866571 0.693805 -0.121511
v 0.920696 0.693301 -0.119684
v 0.862588 0.766133 -0.082952
v 0.919332 0.766856 -0.082653
v 0.960547 0.623721 -0.145151
v 0.963115 0.779557 -0.118283
v 0.983760 0.692212 -0.194594
v 0.995460 0.842862 -0.263701
v 0.985653 0.863791 -0.142705
v 0.832440 0.995208 -0.248575
v 0.912212 0.983517 -0.237982
v 0.981467 0.915372 -0.328565
v 0.867722 0.695631 -0.524776
v 0.920277 0.624671 -0.525863
v 0.870159 0.780177 -0.571585
v 0.918753 0.757353 -0.543257
v 0.987935 0.850914 -0.455586
v 0.960494 0.621292 -0.494895
v 0.963680 0.780824 -0.516314
v 0.868604 0.978657 -0.546281
v 0.920169 0.976385 -0.540842
v 0.955898 0.955954 -0.820197
v 0.627709 0.144719 -0.823505
v 0.612056 0.203432 -0.778629
v 0.661440 0.210796 -0.783506
v 0.816708 0.136586 -0.601014
v 0.823556 0.144712 -0.693270
v 0.778630 0.203432 -0.612056
v 0.783623 0.210053 -0.661036
v 0.763153 0.122877 -0.804677
v 0.711088 0.204518 -0.778300
v 0.778665 0.203347 -0.710842
v 0.755412 0.197300 -0.755875
v 0.612566 0.354995 -0.766563
v 0.691389 0.354760 -0.773099
v 0.615225 0.521499 -0.843748
v 0.693246 0.447294 -0.793338
v 0.694365 0.496576 -0.823540
v 0.766631 0.355475 -0.612797
v 0.773108 0.354620 -0.691337
v 0.764856 0.429729 -0.578974
v 0.823364 0.496439 -0.627481
v 0.793406 0.447139 -0.692826
v 0.745890 0.355377 -0.745867
v 0.816828 0.503462 -0.721603
v 0.778407 0.504766 -0.778206
v 0.693805 0.121511 -0.866571
v 0.693301 0.119684 -0.920696
v 0.623721 0.145152 -0.960547
v 0.692212 0.194594 -0.983760
v 0.842861 0.263702 -0.995460
v 0.766133 0.082952 -0.862588
v 0.766856 0.082653 -0.919332
v 0.779557 0.118283 -0.963115
v 0.863791 0.142705 -0.985653
v 0.624671 0.525863 -0.920277
v 0.695631 0.524776 -0.867722
v 0.621292 0.494895 -0.960494
v 0.757353 0.543257 -0.918753
v 0.780177 0.571585 -0.870159
v 0.850913 0.455585 -0.987935
v 0.780824 0.516314 -0.963680
v 0.897248 0.105081 -0.602311
v 0.866390 0.121585 -0.693031
v 0.920531 0.119836 -0.692519
v 0.862588 0.082952 -0.766133
v 0.919332 0.082653 -0.766856
v 0.961069 0.145731 -0.696621
v 0.985306 0.197032 -0.695313
v 0.964947 0.106604 -0.793379
v 0.868211 0.531962 -0.605030
v 0.868253 0.524868 -0.696073
v 0.920235 0.525696 -0.696269
v 0.870045 0.571711 -0.780272
v 0.919426 0.555373 -0.767859
v 0.993680 0.386434 -0.848951
v 0.983868 0.444683 -0.765320
v 0.959973 0.495193 -0.699441
v 0.964879 0.526212 -0.794064
v 0.915371 0.328564 -0.981467
v 0.995208 0.248575 -0.832440
v 0.983517 0.237982 -0.912212
v 0.978657 0.546281 -0.868603
v 0.976385 0.540843 -0.920169
v 0.955954 0.820197 -0.955898
v 0.599698 0.818793 -0.818793
v 0.694821 0.826236 -0.825918
v 0.818793 0.818793 -0.599698
v 0.826236 0.825917 -0.694821
v 0.818793 0.599698 -0.818793
v 0.825917 0.694821 -0.826236
v 0.792709 0.792709 -0.792709
v 0.603802 0.919383 -0.793643
v 0.694998 0.868181 -0.801119
v 0.694778 0.920067 -0.799970
v 0.649976 0.974716 -0.859309
v 0.698194 0.959012 -0.827688
v 0.799787 0.920183 -0.625884
v 0.801151 0.867883 -0.695055
v 0.827228 0.958716 -0.622005
v 0.781043 0.918128 -0.756726
v 0.767378 0.863227 -0.767378
v 0.804156 0.962196 -0.781731
v 0.625883 0.799787 -0.920183
v 0.695055 0.801151 -0.867883
v 0.622005 0.827228 -0.958716
v 0.801119 0.694999 -0.868181
v 0.793643 0.603802 -0.919383
v 0.799970 0.694777 -0.920067
v 0.756726 0.781043 -0.918128
v 0.767378 0.767378 -0.863227
v 0.859308 0.649976 -0.974715
v 0.827688 0.698194 -0.959012
v 0.781731 0.804156 -0.962196
v 0.855175 0.982207 -0.845770
v 0.904205 0.904716 -0.976901
v 0.868181 0.801119 -0.694998
v 0.919383 0.793643 -0.603802
v 0.920067 0.799970 -0.694777
v 0.867883 0.695055 -0.801151
v 0.920183 0.625883 -0.799787
v 0.863227 0.767378 -0.767378
v 0.918128 0.756726 -0.781043
v 0.974715 0.859308 -0.649976
v 0.959012 0.827688 -0.698194
v 0.958716 0.622005 -0.827228
v 0.962196 0.781731 -0.804156
v 0.904716 0.976901 -0.904205
v 0.982207 0.845769 -0.855175
v 0.845769 0.855175 -0.982207
v 0.976901 0.904205 -0.904716
v 0.944797 0.944797 -0.944797
vn -0.6406 -0.6280 0.4419
vn -0.9594 -0.1579 0.2339
vn -0.7046 -0.7092 0.0263
vn -0.1742 -0.2170 0.9605
vn -0.7002 -0.0455 0.7125
vn -0.1894 -0.9627 0.1931
vn -0.0445 -0.7097 0.7031
vn -0.9973 -0.0600 -0.0416
vn -1.0000 0.0083 0.0012
vn 0.0889 0.0134 0.9960
vn -0.3340 -0.0149 0.9424
vn -0.7142 0.0001 0.6999
vn -0.9274 -0.0138 0.3737
vn -0.9960 0.0889 -0.0134
vn -0.9459 -0.3243 0.0143
vn 0.0416 -0.9973 0.0600
vn -0.0012 -1.0000 -0.0083
vn -0.7003 -0.7138 -0.0004
vn -0.3618 -0.9321 0.0130
vn 0.3032 0.0065 -0.9529
vn -0.3953 0.6457 -0.6534
vn -0.3246 0.0155 -0.9457
vn 0.2710 0.9626 0.0041
vn 0.2808 0.6790 -0.6783
vn -0.0748 -0.6462 -0.7595
vn -0.3653 0.7160 0.5949
vn -0.2936 0.9559 -0.0020
vn -0.8348 0.0149 -0.5504
vn -0.9061 0.2941 -0.3042
vn -0.8652 0.5001 0.0371
vn -0.8149 -0.4367 -0.3812
vn -0.7437 -0.6684 -0.0090
vn -0.7813 -0.0151 0.6240
vn -0.9133 0.2691 0.3058
vn -0.0579 -0.7095 0.7024
vn -0.8217 -0.4227 0.3822
vn 0.0604 -0.9549 0.2906
vn -0.0600 0.0416 0.9973
vn 0.0083 -0.0012 1.0000
vn 0.0134 -0.9960 -0.0889
vn -0.0149 -0.9424 0.3340
vn -0.0138 -0.3737 0.9274
vn 0.0001 -0.6999 0.7142
vn 0.9626 -0.0041 -0.2710
vn 0.6457 0.6534 0.3953
vn 0.6790 0.6783 -0.2808
vn 0.0066 0.9529 -0.3032
vn 0.0155 0.9457 0.3246
vn 0.7160 -0.5949 0.3653
vn 0.9559 0.0020 0.2936
vn -0.6462 0.7595 0.0748
vn 0.5001 -0.0371 0.8652
vn 0.2941 0.3042 0.9061
vn 0.0149 0.5504 0.8348
vn -0.6684 0.0090 0.7437
vn -0.4367 0.3812 0.8149
vn -0.0151 -0.6240 0.7813
vn 0.2691 -0.3058 0.9133
vn -0.7095 -0.7024 0.0579
vn -0.9549 -0.2906 -0.0604
vn -0.4227 -0.3822 0.8217
vn 0.9529 0.3032 -0.0065
vn 0.6534 -0.3953 -0.6457
vn 0.9457 -0.3246 -0.0155
vn -0.0041 0.2710 -0.9626
vn 0.6783 0.2808 -0.6790
vn 0.7595 -0.0748 0.6462
vn -0.5949 -0.3653 -0.7160
vn 0.0020 -0.2936 -0.9559
vn 0.5504 -0.8348 -0.0149
vn 0.3042 -0.9061 -0.2941
vn -0.0371 -0.8652 -0.5001
vn 0.3812 -0.8149 0.4367
vn 0.0090 -0.7437 0.6684
vn -0.6240 -0.7813 0.0151
vn -0.3058 -0.9133 -0.2691
vn -0.7024 -0.0579 0.7095
vn -0.3822 -0.8217 0.4227
vn -0.2906 0.0604 0.9549
vn -0.0571 -0.0457 0.9973
vn 0.6747 0.2992 -0.6747
vn 0.6747 0.6747 -0.2992
vn 0.5773 0.5774 -0.5774
vn 0.6224 -0.2939 -0.7254
vn 0.5775 -0.7665 -0.2809
vn 0.5290 -0.6073 -0.5927
vn 0.2813 0.7409 0.6099
vn 0.6056 0.2781 0.7456
vn -0.0222 0.3033 0.9526
vn 0.7254 0.6224 0.2939
vn 0.5892 -0.2770 0.7591
vn 0.0568 -0.2835 0.9573
vn 0.5838 -0.7629 0.2778
vn -0.0021 -0.9560 -0.2933
vn -0.0457 -0.9973 0.0571
vn 0.2992 0.6747 -0.6747
vn -0.7665 0.2809 -0.5775
vn -0.6073 0.5927 -0.5290
vn -0.2939 0.7254 -0.6224
vn 0.7409 -0.6099 -0.2813
vn 0.2781 -0.7456 -0.6056
vn 0.3033 -0.9526 0.0222
vn -0.7629 -0.2778 -0.5838
vn -0.2770 -0.7591 -0.5892
vn -0.2835 -0.9573 -0.0568
vn -0.9560 0.2933 0.0021
vn -0.9973 -0.0571 0.0457
vn 0.2809 0.5775 0.7665
vn 0.5927 0.5290 0.6073
vn -0.6099 0.2813 -0.7409
vn -0.7456 0.6056 -0.2781
vn -0.9526 -0.0222 -0.3033
vn -0.7591 0.5892 0.2770
vn -0.9573 0.0568 0.2835
vn -0.2778 0.5838 0.7629
vn 0.2933 -0.0021 0.9560
vn -0.3677 0.0104 0.9299
vn -0.9442 0.0060 0.3293
vn -0.9971 0.0396 -0.0645
vn -0.9957 0.0186 0.0909
vn 0.2697 -0.0000 -0.9629
vn -0.3723 0.6333 -0.6785
vn -0.2987 0.0018 -0.9544
vn 0.3009 0.9537 -0.0020
vn 0.2743 0.6633 -0.6963
vn -0.0700 0.7402 0.6687
vn -0.2868 0.9579 -0.0145
vn -0.8606 -0.0343 -0.5081
vn -0.8664 0.3508 -0.3553
vn -0.8240 0.5664 0.0114
vn -0.8211 -0.0373 0.5696
vn -0.8420 0.3608 0.4010
vn -0.9882 0.1505 -0.0297
vn -0.9998 0.0203 -0.0056
vn -0.9824 0.1440 0.1187
vn 0.0049 0.0067 1.0000
vn -0.0622 0.0026 0.9981
vn 0.9631 -0.0040 -0.2693
vn 0.6699 0.6425 0.3721
vn 0.6963 0.6631 -0.2747
vn 0.0053 0.9538 -0.3005
vn 0.0158 0.9556 0.2941
vn -0.6676 0.7416 0.0658
vn 0.5118 0.0017 0.8591
vn 0.3395 0.3716 0.8641
vn -0.0906 0.6274 0.7734
vn -0.6835 0.0066 0.7299
vn -0.4018 0.4315 0.8077
vn 0.0018 0.1544 0.9880
vn 0.0205 0.0289 0.9994
vn -0.3040 -0.5804 0.7555
vn -0.6851 -0.2777 0.6734
vn -0.2637 -0.0547 0.9631
vn 0.9386 -0.2606 -0.2259
vn 0.7065 0.0001 -0.7077
vn 0.6697 -0.3210 -0.6697
vn 0.2251 -0.2628 -0.9382
vn 0.8252 -0.0125 0.5647
vn 0.9480 -0.2293 0.2207
vn 0.7244 -0.2870 0.6268
vn 0.2741 -0.1926 0.9422
vn -0.5677 -0.0110 -0.8232
vn -0.9483 -0.2113 -0.2367
vn -0.6300 -0.2844 -0.7226
vn -0.2218 -0.2244 -0.9489
vn 0.0091 -0.0007 -1.0000
vn -0.9568 -0.1275 0.2612
vn -0.7061 0.0207 0.7079
vn 1.0000 -0.0005 -0.0069
vn -0.9530 0.1311 -0.2733
vn 0.2860 0.1434 0.9475
vn 0.6764 0.6779 -0.2881
vn 0.6723 0.3074 -0.6735
vn 0.9421 0.2502 -0.2233
vn 0.2883 0.6783 -0.6758
vn 0.5725 0.5866 -0.5728
vn 0.7141 0.3118 0.6268
vn 0.6340 0.7177 0.2881
vn 0.9510 0.2165 0.2206
vn 0.2752 0.7472 0.6050
vn 0.5423 0.5837 0.6044
vn -0.6290 0.3170 -0.7099
vn -0.6032 0.7492 -0.2734
vn -0.2879 0.7189 -0.6326
vn -0.2228 0.2155 -0.9508
vn -0.7148 0.6367 0.2893
vn -0.6862 0.2409 0.6863
vn -0.9598 0.1633 0.2283
vn -0.2906 0.6320 0.7184
vn -0.2456 0.1844 0.9517
vn 0.2251 0.2517 -0.9413
vn 0.0584 0.0664 0.9961
vn 0.6744 0.2984 -0.6754
vn 0.6104 0.2829 0.7398
vn 0.0555 0.2880 0.9560
vn -0.9984 -0.0434 0.0373
vn -0.9795 -0.2007 0.0172
vn -0.7539 0.2980 -0.5856
vn -0.6036 0.5840 -0.5428
vn -0.9297 -0.3682 -0.0102
vn -1.0000 0.0049 -0.0067
vn -0.9981 -0.0622 -0.0026
vn -0.3289 -0.9443 -0.0062
vn 0.0646 -0.9971 -0.0396
vn -0.0909 -0.9957 -0.0186
vn 0.3005 0.0053 -0.9538
vn -0.3721 0.6699 -0.6425
vn -0.2941 0.0158 -0.9556
vn 0.2693 0.9631 0.0040
vn 0.2747 0.6963 -0.6631
vn -0.0658 -0.6676 -0.7416
vn -0.7734 -0.0906 -0.6274
vn -0.8641 0.3395 -0.3716
vn -0.8591 0.5118 -0.0017
vn -0.8077 -0.4018 -0.4315
vn -0.7299 -0.6835 -0.0066
vn -0.9880 0.0018 -0.1544
vn -0.9994 0.0205 -0.0289
vn -0.7555 -0.3040 0.5804
vn -0.6734 -0.6851 0.2777
vn -0.9631 -0.2637 0.0547
vn 0.7077 0.7065 -0.0001
vn 0.9382 0.2251 0.2628
vn 0.6697 0.6697 0.3210
vn 0.2259 0.9386 0.2606
vn -0.9422 0.2741 0.1926
vn -0.5647 0.8252 0.0125
vn -0.6268 0.7244 0.2870
vn -0.2207 0.9480 0.2293
vn 0.8232 -0.5677 0.0110
vn 0.9489 -0.2218 0.2244
vn 1.0000 0.0091 0.0007
vn 0.2367 -0.9483 0.2113
vn 0.7226 -0.6300 0.2844
vn -0.2612 -0.9568 0.1275
vn -0.7079 -0.7061 -0.0207
vn -0.9475 0.2860 -0.1434
vn 0.0069 1.0000 0.0005
vn 0.2733 -0.9530 -0.1311
vn 0.9630 0.2694 -0.0000
vn 0.6785 -0.3723 -0.6333
vn 0.9544 -0.2987 -0.0018
vn 0.0020 0.3009 -0.9537
vn 0.6963 0.2743 -0.6633
vn -0.6687 -0.0700 -0.7402
vn 0.0145 -0.2868 -0.9579
vn 0.0297 -0.9882 -0.1505
vn 0.0056 -0.9998 -0.0203
vn 0.5081 -0.8606 0.0343
vn 0.3553 -0.8664 -0.3508
vn -0.0114 -0.8240 -0.5664
vn -0.5696 -0.8211 0.0373
vn -0.4010 -0.8420 -0.3608
vn -0.1187 -0.9824 -0.1440
vn 0.6758 0.2883 -0.6783
vn 0.6735 0.6723 -0.3074
vn 0.5728 0.5725 -0.5865
vn 0.2881 0.6764 -0.6779
vn 0.2233 0.9421 -0.2502
vn -0.6268 0.7141 -0.3118
vn -0.6050 0.2752 -0.7472
vn -0.6044 0.5423 -0.5837
vn -0.2881 0.6340 -0.7177
vn -0.2206 0.9510 -0.2165
vn 0.6326 -0.2879 -0.7189
vn 0.7099 -0.6290 -0.3170
vn 0.9508 -0.2228 -0.2155
vn 0.2734 -0.6032 -0.7492
vn -0.6863 -0.6862 -0.2409
vn -0.7184 -0.2906 -0.6320
vn -0.9517 -0.2456 -0.1844
vn -0.2893 -0.7148 -0.6367
vn -0.2283 -0.9598 -0.1633
vn 0.9413 0.2251 -0.2517
vn -0.0373 -0.9984 0.0434
vn -0.0172 -0.9795 0.2007
vn 0.6754 0.6744 -0.2984
vn 0.6084 -0.7415 -0.2828
vn 0.5428 -0.6036 -0.5840
vn -0.9961 0.0584 -0.0664
vn -0.7398 0.6104 -0.2829
vn -0.9560 0.0555 -0.2880
vn -0.9703 0.0512 -0.2365
vn -0.9845 0.1586 -0.0745
vn -0.9998 -0.0006 0.0181
vn -0.7677 -0.0971 -0.6334
vn -0.7743 0.1155 -0.6222
vn -0.2856 0.1122 -0.9518
vn -0.0090 0.4323 -0.9017
vn -0.3381 0.5766 -0.7438
vn 0.0981 0.1076 -0.9893
vn -0.2843 -0.0679 -0.9563
vn -0.6949 0.7186 -0.0290
vn -0.9631 0.2672 0.0330
vn 0.1457 0.9893 -0.0073
vn -0.2822 0.9304 -0.2338
vn 0.0353 0.9851 -0.1682
vn -0.2533 0.9647 0.0724
vn 0.4308 0.0012 -0.9024
vn 0.7643 0.5175 -0.3847
vn 0.0935 0.4168 -0.9042
vn 0.2123 0.9561 -0.2020
vn -0.7088 0.6280 -0.3213
vn -0.6181 -0.0027 -0.7861
vn -0.3759 0.2580 -0.8900
vn 0.9218 0.0033 -0.3877
vn 0.7313 0.6503 0.2057
vn -0.6833 0.6929 0.2303
vn -0.9559 0.0026 -0.2936
vn -0.2482 0.9593 0.1347
vn -0.0436 0.6592 -0.7507
vn -0.1212 0.1392 -0.9828
vn 0.0121 0.4557 -0.8901
vn 0.4359 0.8999 0.0145
vn 0.6903 0.4399 -0.5744
vn 0.9214 0.3886 -0.0032
vn -0.0013 0.8675 -0.4974
vn 0.2630 0.9069 -0.3293
vn -0.4937 0.3696 -0.7872
vn -0.4322 0.9017 0.0095
vn -0.9123 0.1924 -0.3614
vn -0.2129 -0.1661 -0.9628
vn 0.1955 0.2118 -0.9576
vn -0.0099 0.8724 -0.4888
vn -0.1110 0.9767 -0.1839
vn -0.0097 0.9002 -0.4354
vn 0.7339 -0.2068 -0.6470
vn 0.9514 -0.2016 -0.2327
vn -0.6791 -0.2219 -0.6997
vn -0.9470 -0.1631 -0.2767
vn -0.0436 0.7086 -0.7043
vn 0.0637 0.6938 -0.7173
vn -0.8416 0.4142 -0.3466
vn 0.0104 -0.9299 0.3677
vn 0.0062 -1.0000 -0.0052
vn 0.0026 -0.9981 0.0622
vn -0.5804 -0.7555 0.3040
vn -0.2778 -0.6734 0.6851
vn -0.0547 -0.9631 0.2637
vn -0.2606 0.2259 -0.9386
vn 0.0001 0.7077 -0.7065
vn -0.3210 0.6697 -0.6697
vn -0.2628 0.9382 -0.2251
vn -0.0125 -0.5646 -0.8253
vn -0.2293 -0.2207 -0.9480
vn -0.2870 -0.6268 -0.7244
vn -0.1926 -0.9422 -0.2741
vn -0.0110 0.8232 0.5677
vn -0.2113 0.2367 0.9483
vn -0.2844 0.7226 0.6300
vn -0.2244 0.9489 0.2218
vn -0.0007 1.0000 -0.0091
vn -0.1275 -0.2612 0.9568
vn 0.0207 -0.7079 0.7061
vn -0.0005 0.0069 -1.0000
vn 0.1311 0.2733 0.9530
vn 0.1434 -0.9475 -0.2860
vn 0.0060 -0.3293 0.9442
vn 0.0396 0.0645 0.9971
vn 0.0186 -0.0909 0.9957
vn 0.9537 0.0020 -0.3009
vn 0.6333 0.6785 0.3723
vn 0.6633 0.6963 -0.2743
vn -0.0000 0.9631 -0.2692
vn 0.0018 0.9544 0.2987
vn 0.7421 -0.6668 0.0683
vn 0.9579 0.0145 0.2868
vn 0.5664 -0.0114 0.8240
vn 0.3508 0.3553 0.8664
vn -0.0343 0.5081 0.8606
vn -0.0390 -0.5696 0.8210
vn 0.3608 -0.4010 0.8420
vn 0.1505 0.0297 0.9882
vn 0.0203 0.0056 0.9998
vn 0.1440 -0.1187 0.9824
vn 0.9538 0.3005 -0.0053
vn 0.6425 -0.3721 -0.6699
vn 0.9556 -0.2941 -0.0158
vn -0.0040 0.2693 -0.9631
vn 0.6631 0.2747 -0.6963
vn 0.7416 -0.0658 0.6676
vn 0.1544 -0.9880 -0.0018
vn 0.6274 -0.7734 0.0906
vn 0.3716 -0.8641 -0.3395
vn 0.0268 -0.9990 -0.0368
vn 0.0017 -0.8591 -0.5118
vn 0.4315 -0.8077 0.4018
vn 0.0066 -0.7299 0.6835
vn 0.6779 0.2881 -0.6764
vn 0.3074 0.6735 -0.6723
vn 0.2502 0.2233 -0.9421
vn 0.6783 0.6758 -0.2883
vn 0.5865 0.5728 -0.5725
vn 0.3118 -0.6268 -0.7141
vn 0.7177 -0.2881 -0.6340
vn 0.2165 -0.2206 -0.9510
vn 0.7472 -0.6050 -0.2752
vn 0.5837 -0.6043 -0.5423
vn 0.3170 0.7099 0.6290
vn 0.7492 0.2734 0.6032
vn 0.7189 0.6326 0.2879
vn 0.2155 0.9508 0.2228
vn 0.6367 -0.2893 0.7148
vn 0.2409 -0.6863 0.6862
vn 0.1633 -0.2283 0.9598
vn 0.6320 -0.7184 0.2906
vn 0.1844 -0.9517 0.2456
vn 0.2517 0.9413 -0.2251
vn -0.0434 -0.0373 0.9984
vn 0.0664 -0.9961 -0.0584
vn 0.2983 0.6754 -0.6744
vn 0.2807 -0.7427 -0.6079
vn 0.3016 -0.9526 -0.0407
vn -0.2007 -0.0172 0.9795
vn 0.2828 0.6084 0.7415
vn 0.5840 0.5428 0.6036
vn 0.0512 0.2365 0.9703
vn 0.1586 0.0745 0.9845
vn 0.7186 0.0290 0.6949
vn 0.2672 -0.0330 0.9631
vn 0.9893 0.0073 -0.1457
vn 0.9304 0.2338 0.2822
vn 0.9851 0.1682 -0.0353
vn 0.9647 -0.0724 0.2533
vn 0.8669 0.4985 -0.0035
vn 0.4437 0.4789 -0.7575
vn 0.9052 0.3447 -0.2485
vn 0.3497 0.7572 0.5517
vn 0.9010 -0.0015 0.4338
vn 0.2723 0.0040 0.9622
vn -0.2071 0.6838 -0.6997
vn -0.1724 0.2092 -0.9626
vn 0.2041 0.9451 -0.2552
vn -0.2192 0.6743 0.7051
vn -0.1814 0.2965 0.9376
vn -0.1661 0.9628 0.2129
vn 0.8724 0.4888 0.0099
vn 0.9767 0.1839 0.1110
vn 0.9002 0.4354 0.0097
vn -0.0006 -0.0181 0.9998
vn 0.1122 0.9518 0.2856
vn 0.4323 0.9017 0.0090
vn 0.5766 0.7438 0.3381
vn -0.0971 0.6334 0.7677
vn 0.1155 0.6222 0.7743
vn 0.1075 0.9893 -0.0982
vn -0.0679 0.9563 0.2842
vn 0.4168 0.9042 -0.0935
vn 0.5175 0.3847 -0.7644
vn 0.9561 0.2020 -0.2123
vn 0.0012 0.9024 -0.4308
vn 0.6678 0.3369 0.6638
vn -0.0082 0.7854 0.6190
vn 0.2580 0.8900 0.3759
vn 0.6592 0.7507 0.0436
vn 0.1599 0.9802 0.1172
vn 0.4516 0.8922 0.0054
vn 0.0033 0.3877 -0.9218
vn 0.6503 -0.2057 -0.7313
vn 0.9593 -0.1347 0.2482
vn 0.7121 -0.2386 0.6603
vn 0.2840 0.2514 0.9253
vn 0.4142 0.3466 0.8416
vn 0.7086 0.7043 0.0436
vn 0.6854 0.7266 -0.0474
vn 0.8843 -0.0098 -0.4669
vn -0.0243 -0.9997 -0.0044
vn 0.9518 -0.2856 -0.1122
vn 0.9017 -0.0090 -0.4323
vn 0.7438 -0.3381 -0.5766
vn 0.1568 -0.9852 -0.0690
vn 0.6273 -0.7741 0.0849
vn 0.6227 -0.7783 -0.0809
vn 0.9893 0.0982 -0.1075
vn 0.9563 -0.2843 0.0679
vn 0.9042 0.0935 -0.4168
vn 0.3847 0.7644 -0.5175
vn 0.2020 0.2123 -0.9561
vn 0.9024 0.4308 -0.0012
vn 0.3213 -0.7088 -0.6280
vn 0.7861 -0.6181 0.0027
vn 0.8900 -0.3759 -0.2580
vn 0.3877 0.9218 -0.0033
vn -0.2057 0.7313 -0.6503
vn -0.1347 -0.2482 -0.9593
vn -0.2280 -0.6840 -0.6930
vn 0.2936 -0.9559 -0.0045
vn 0.7507 -0.0436 -0.6592
vn 0.9828 -0.1212 -0.1392
vn 0.8901 0.0121 -0.4557
vn 0.0073 0.1457 -0.9893
vn 0.2338 -0.2822 -0.9304
vn 0.1682 0.0353 -0.9851
vn -0.0724 -0.2533 -0.9647
vn 0.0244 -0.7187 -0.6949
vn 0.4974 -0.0013 -0.8675
vn 0.5744 0.6903 -0.4399
vn 0.3293 0.2630 -0.9069
vn -0.0145 0.4359 -0.8999
vn 0.0032 0.9214 -0.3886
vn 0.7872 -0.4937 -0.3696
vn -0.0095 -0.4322 -0.9017
vn 0.3614 -0.9123 -0.1924
vn 0.4888 -0.0099 -0.8724
vn 0.1839 -0.1110 -0.9767
vn 0.4454 0.0053 -0.8953
vn 0.9576 0.1955 -0.2118
vn 0.6470 0.7339 0.2068
vn 0.2327 0.9514 0.2016
vn 0.6997 -0.6791 0.2219
vn 0.2707 -0.9478 0.1687
vn 0.9628 -0.2129 0.1661
vn 0.3291 -0.8005 -0.5009
vn 0.0497 -0.9701 -0.2374
vn 0.7043 -0.0436 -0.7086
vn 0.7017 0.0915 -0.7066
vn 0.7105 0.0675 -0.7004
vn 0.7636 0.5487 -0.3403
vn 0.5543 0.3769 -0.7421
vn 0.1776 0.1028 -0.9787
vn 0.2757 -0.0152 -0.9611
vn 0.9662 0.1653 -0.1978
vn 0.7004 0.7105 -0.0675
vn 0.7841 0.5282 -0.3259
vn 0.9787 0.1776 -0.1028
vn 0.3273 0.7504 -0.5742
vn 0.9611 0.2756 0.0152
vn 0.1978 0.9662 -0.1653
vn 0.0487 0.7135 -0.6990
vn 0.3221 0.8817 -0.3447
vn 0.0531 0.9793 -0.1953
vn 0.1156 0.2084 -0.9712
vn 0.3755 0.5097 -0.7741
vn 0.6065 0.4962 -0.6213
vn -0.3224 -0.9466 -0.0017
vn -0.0796 -0.9928 0.0891
vn -0.5979 -0.5957 -0.5363
vn -0.6892 -0.6556 -0.3084
vn -0.6556 0.3084 0.6892
vn -0.5957 0.5363 0.5979
vn -0.5774 -0.5774 0.5774
vn -0.2729 -0.0328 0.9615
vn -0.6708 0.3061 0.6755
vn -0.5753 0.5790 0.5777
vn -0.5777 -0.5753 -0.5790
vn -0.6628 -0.6830 -0.3070
vn -0.3466 0.8707 -0.3491
vn -0.9466 0.0017 0.3224
vn -0.9928 -0.0891 0.0796
vn 0.3084 -0.6892 0.6556
vn 0.5363 -0.5979 0.5957
vn -0.0328 -0.9615 0.2729
vn 0.3037 -0.6798 0.6676
vn 0.5790 -0.5777 0.5753
vn 0.8707 0.3491 0.3466
vn 0.0017 -0.3224 0.9466
vn -0.0891 -0.0796 0.9928
vn -0.9615 -0.2729 0.0328
vn 0.3491 -0.3466 -0.8706
vn -0.9439 -0.0102 0.3299
vn 0.1063 -0.0529 0.9929
vn -0.2065 -0.0285 0.9780
vn -0.9450 0.0122 0.3269
vn -0.9985 0.0022 0.0554
vn -0.6933 0.0019 0.7206
vn -0.3729 -0.6366 -0.6750
vn 0.3301 -0.9437 -0.0216
vn 0.2892 -0.6707 -0.6830
vn -0.0642 -0.7442 0.6649
vn -0.2961 -0.9551 -0.0148
vn -0.9095 -0.2912 -0.2966
vn -0.8279 -0.5608 -0.0092
vn -0.8066 -0.4219 0.4139
vn -0.9983 -0.0558 0.0170
vn -0.9880 -0.1423 0.0595
vn 0.2801 0.9599 -0.0139
vn -0.3583 0.5357 -0.7646
vn 0.3164 0.7370 -0.5973
vn -0.2706 0.8207 0.5033
vn -0.3274 0.9431 -0.0581
vn -0.8757 0.4828 0.0037
vn -0.8792 0.2869 -0.3804
vn -0.9894 0.1327 0.0587
vn -0.9830 0.1818 -0.0270
vn -0.9999 -0.0072 0.0105
vn 0.6748 -0.6369 0.3728
vn 0.9563 0.0030 0.2923
vn 0.0093 -0.9538 -0.3003
vn 0.0187 -0.9557 0.2938
vn -0.6966 -0.7174 0.0084
vn -0.0443 -0.5840 0.8106
vn 0.3405 -0.3660 0.8661
vn -0.9509 -0.2952 -0.0931
vn -0.3967 -0.3758 0.8375
vn 0.0091 -0.1921 0.9813
vn -0.0800 -0.0898 0.9927
vn 0.0068 0.1809 0.9835
vn -0.0425 0.5249 0.8501
vn 0.3741 0.2969 0.8785
vn 0.0692 0.9421 -0.3282
vn 0.7649 0.5153 0.3865
vn 0.0576 0.9416 0.3319
vn -0.0926 0.0735 0.9930
vn -0.4628 0.8296 0.3123
vn 0.0360 -0.0202 0.9991
vn 0.0054 0.0001 1.0000
vn -0.0442 0.0028 0.9990
vn -0.4214 0.2952 0.8575
vn -0.6396 -0.0716 -0.7654
vn -0.8051 -0.5185 -0.2881
vn -0.6344 -0.5377 -0.5553
vn 0.9517 -0.2165 0.2175
vn 0.9711 -0.0741 -0.2267
vn 0.7539 -0.5978 -0.2724
vn -0.9607 -0.0392 -0.2747
vn -0.9436 -0.1335 0.3031
vn 0.6649 -0.2925 -0.6873
vn 0.5660 -0.6018 -0.5635
vn 0.2881 -0.6756 -0.6787
vn 0.7239 -0.2714 0.6343
vn 0.6243 -0.7275 0.2846
vn 0.5427 -0.5842 0.6034
vn 0.2832 -0.7697 0.5722
vn -0.2538 -0.7393 -0.6237
vn -0.2008 -0.2220 -0.9541
vn -0.7138 -0.6367 0.2919
vn -0.6987 -0.1361 0.7024
vn -0.5849 -0.5604 0.5863
vn -0.2969 -0.6253 0.7217
vn -0.2905 -0.1209 0.9492
vn 0.2116 -0.2406 -0.9473
vn 0.2710 -0.2373 0.9329
vn 0.9332 0.2830 -0.2214
vn 0.6972 0.1010 -0.7097
vn 0.7453 0.6664 0.0237
vn 0.5786 0.5652 -0.5880
vn 0.6250 0.5283 0.5747
vn 0.9571 0.1868 0.2217
vn -0.9466 0.1854 -0.2636
vn -0.6315 0.2976 -0.7160
vn -0.7549 0.5939 -0.2783
vn -0.2669 0.6168 -0.7405
vn -0.2152 0.1728 -0.9612
vn -0.9512 0.1352 0.2773
vn -0.2857 0.1489 0.9467
vn -0.7324 0.6250 0.2699
vn -0.6958 0.1786 0.6956
vn -0.2678 0.6303 0.7287
vn 0.2615 0.5455 -0.7963
vn 0.7767 0.0552 0.6275
vn 0.2722 0.5034 0.8200
vn 0.2174 0.0560 -0.9745
vn 0.2863 0.0521 0.9567
vn 0.6746 -0.2986 -0.6751
vn 0.6126 -0.2808 0.7388
vn 0.0118 -0.2898 0.9570
vn 0.2811 0.7591 0.5872
vn 0.6947 -0.6649 -0.2744
vn -0.6396 -0.3378 -0.6906
vn 0.7727 0.5704 -0.2785
vn -0.5220 0.8155 -0.2501
vn -0.9993 -0.0285 -0.0242
vn -0.9745 0.1783 0.1362
vn -1.0000 -0.0007 0.0040
vn -0.3569 0.0152 0.9340
vn 0.0047 -0.0023 1.0000
vn -0.1591 0.1941 0.9680
vn -0.6644 0.4555 0.5925
vn -0.7017 0.0219 0.7121
vn -0.2076 0.9608 0.1838
vn -0.0445 0.6998 0.7129
vn 0.2887 0.1349 -0.9479
vn -0.3260 -0.1008 -0.9400
vn -0.4049 -0.7029 -0.5848
vn 0.2705 -0.5783 -0.7697
vn 0.3136 -0.9489 -0.0351
vn 0.4721 -0.3834 0.7938
vn -0.0767 -0.7766 0.6253
vn -0.1555 -0.4225 0.8929
vn -0.3264 -0.9451 -0.0156
vn -0.7964 -0.0495 -0.6028
vn -0.9171 -0.2990 -0.2636
vn -0.8220 -0.5695 -0.0040
vn -0.1669 0.2988 0.9396
vn -0.7330 -0.1381 0.6661
vn -0.8563 0.2949 0.4240
vn -0.8155 -0.4432 0.3723
vn 0.0423 0.9973 0.0600
vn -0.0005 1.0000 -0.0084
vn -0.8990 0.4380 0.0067
vn -0.9970 -0.0307 0.0711
vn -0.4055 0.9141 0.0081
vn -0.7452 0.6659 0.0357
vn 0.9607 -0.0851 -0.2641
vn 0.6139 -0.6862 0.3903
vn 0.9529 -0.0651 0.2963
vn -0.0012 -0.9627 -0.2706
vn 0.0013 -0.9543 0.2988
vn -0.6012 -0.7247 0.3368
vn -0.9450 -0.2165 -0.2453
vn -0.9516 -0.1932 0.2391
vn 0.5706 -0.0237 0.8209
vn -0.6389 -0.0395 0.7682
vn -0.9610 0.2756 0.0236
vn 0.0193 -0.5231 0.8521
vn 0.2830 -0.3312 0.9001
vn -0.2954 -0.3085 0.9042
vn -0.0222 -0.1123 0.9934
vn 0.0134 0.9960 -0.0889
vn -0.0148 0.9421 0.3350
vn -0.0143 0.3670 0.9301
vn 0.0008 0.6949 0.7191
vn 0.9622 -0.2724 -0.0008
vn 0.6563 0.3926 -0.6443
vn 0.6769 -0.2857 -0.6784
vn -0.0036 -0.2728 -0.9621
vn 0.7199 0.3622 0.5921
vn 0.7421 -0.2862 0.6061
vn 0.2999 0.0270 0.9536
vn -0.5959 0.3638 -0.7159
vn -0.9550 0.0152 -0.2963
vn -0.6088 -0.2860 -0.7400
vn 0.0019 0.2934 -0.9560
vn 0.5286 0.8486 -0.0207
vn 0.9559 0.2936 -0.0004
vn -0.0371 0.8652 -0.5001
vn 0.3040 0.9065 -0.2931
vn -0.0005 0.7561 0.6544
vn 0.3200 0.8607 0.3960
vn -0.6179 0.7861 0.0165
vn -0.7012 0.0531 0.7109
vn -0.9564 -0.0655 0.2846
vn -0.2883 -0.0640 0.9554
vn 0.0740 0.0619 0.9953
vn 0.6659 -0.6805 -0.3059
vn 0.5700 -0.5900 -0.5718
vn 0.4929 0.4246 0.7594
vn 0.6460 0.0014 0.7634
vn -0.0055 0.0361 0.9993
vn 0.6210 -0.7292 0.2874
vn 0.6947 -0.1716 -0.6986
vn -0.9954 0.0596 -0.0754
vn 0.6727 0.3415 -0.6564
vn -0.7678 -0.1429 -0.6245
vn -0.6754 0.4863 -0.5543
vn 0.6647 -0.6903 -0.2857
vn 0.2940 -0.6782 -0.6735
vn -0.6397 -0.7197 -0.2698
vn -0.2874 -0.6805 -0.6740
vn -0.0457 0.9973 0.0571
vn -0.0522 0.0263 0.9983
vn 0.5350 -0.6067 0.5880
vn 0.2725 -0.6071 0.7465
vn -0.7488 -0.6040 -0.2730
vn -0.5967 -0.5691 -0.5658
vn -0.7607 -0.5904 0.2698
vn -0.5911 -0.5446 0.5949
vn -0.2706 -0.5869 0.7631
vn -0.0054 -0.4278 -0.9038
vn -0.3635 -0.5617 -0.7432
vn -0.9764 0.0149 0.2155
vn -0.7328 -0.6698 -0.1203
vn -0.9551 -0.2927 -0.0451
vn -0.7369 -0.6672 0.1088
vn -0.3320 -0.9209 -0.2044
vn 0.1418 -0.9899 -0.0075
vn 0.0381 -0.9849 -0.1688
vn 0.3030 0.9530 0.0064
vn -0.3445 0.5529 -0.7586
vn 0.2643 0.5902 -0.7628
vn -0.2890 -0.9566 0.0365
vn -0.8678 0.4969 0.0078
vn -0.8775 0.2286 -0.4216
vn 0.7686 -0.5093 -0.3871
vn 0.0950 -0.4161 -0.9044
vn 0.2127 -0.9562 -0.2012
vn -0.7177 -0.6168 -0.3232
vn 0.7301 -0.6525 0.2031
vn 0.9441 -0.2518 0.2128
vn -0.6870 -0.6895 0.2293
vn -0.9330 -0.3054 0.1905
vn -0.2480 -0.9593 0.1352
vn -0.1589 -0.1726 -0.9721
vn -0.0423 -0.6610 -0.7492
vn 0.0033 -0.4514 -0.8923
vn 0.2158 0.9268 0.3074
vn 0.8309 0.5564 0.0020
vn 0.6195 0.6891 0.3760
vn -0.4948 0.8689 0.0132
vn -0.1958 0.9480 0.2507
vn -0.5715 0.7647 0.2978
vn 0.0697 0.9976 0.0024
vn 0.4703 -0.8824 0.0140
vn 0.6754 -0.3601 -0.6436
vn 0.2691 -0.8963 -0.3524
vn -0.0039 -0.8660 -0.4999
vn 0.6710 0.6782 -0.2998
vn 0.6950 0.2803 -0.6621
vn 0.9623 0.2719 -0.0000
vn 0.2759 0.6755 -0.6838
vn 0.5589 0.5928 -0.5798
vn -0.6662 -0.0003 -0.7458
vn -0.5070 -0.8620 -0.0002
vn -0.3851 -0.7948 -0.4691
vn 0.0128 -0.2886 -0.9574
vn -0.8211 0.5098 -0.2567
vn -0.9522 0.0908 -0.2917
vn -0.2792 0.6013 -0.7487
vn 0.0019 0.3031 -0.9530
vn -0.0102 -0.8734 -0.4869
vn 0.6410 0.6953 -0.3251
vn 0.2126 0.9403 -0.2657
vn -0.5421 0.7891 -0.2888
vn -0.1958 0.9539 -0.2273
vn 0.9521 -0.3057 -0.0018
vn 0.0801 -0.1236 -0.9891
vn -0.8930 -0.3415 -0.2933
vn -0.0436 -0.7089 -0.7039
vn 0.0413 -0.6641 -0.7465
vn -0.9984 -0.0408 -0.0387
vn -0.9508 -0.0466 -0.3063
vn -0.9993 0.0272 0.0267
vn -0.9977 0.0544 -0.0395
vn 0.2349 -0.1383 -0.9621
vn -0.2635 -0.0816 -0.9612
vn -0.3655 -0.7109 -0.6008
vn 0.2686 -0.9632 0.0042
vn 0.2545 -0.7379 -0.6251
vn -0.8138 -0.1026 -0.5721
vn -0.8614 -0.3863 -0.3298
vn -0.8306 -0.5569 -0.0024
vn -0.9518 -0.0065 -0.3067
vn -0.9760 0.2156 -0.0318
vn 0.0660 0.9970 -0.0395
vn -0.3832 0.9236 -0.0041
vn -0.0909 0.9957 -0.0186
vn -0.7218 0.6921 0.0053
vn 0.9685 0.0328 0.2468
vn 0.8953 0.3182 0.3118
vn -0.9893 0.0171 0.1450
vn -0.8922 0.4276 -0.1457
vn -0.9059 0.3891 0.1670
vn 0.6772 -0.7358 0.0016
vn 0.8953 -0.3322 0.2968
vn 0.9961 -0.0874 0.0084
vn 0.2208 -0.9394 0.2622
vn 0.6414 -0.6878 0.3400
vn -0.2162 -0.9490 0.2296
vn -0.5355 -0.8445 -0.0111
vn -0.6213 -0.7158 0.3188
vn -0.8938 -0.4330 0.1170
vn -0.9995 0.0208 -0.0227
vn 0.0079 -1.0000 0.0006
vn -0.8284 0.0168 -0.5599
vn -0.6206 0.5116 -0.5942
vn 0.6080 -0.5112 -0.6075
vn 0.6842 -0.6643 -0.3011
vn 0.9482 -0.1675 -0.2701
vn 0.2989 -0.6559 -0.6932
vn 0.2182 -0.9429 -0.2515
vn -0.5894 -0.7653 -0.2587
vn -0.5849 -0.5358 -0.6089
vn -0.9003 -0.3942 -0.1845
vn -0.2837 -0.6021 -0.7463
vn -0.2162 -0.9521 -0.2162
vn 0.9626 -0.2708 -0.0000
vn 0.6808 0.3693 -0.6325
vn 0.6854 -0.3253 -0.6514
vn 0.0051 -0.3029 -0.9530
vn -0.6694 0.0022 -0.7429
vn 0.0129 0.2853 -0.9583
vn 0.0056 0.9998 -0.0203
vn 0.0297 0.9882 -0.1505
vn 0.5058 0.8620 0.0344
vn 0.9561 0.2931 -0.0020
vn -0.0110 0.8249 -0.5651
vn 0.3547 0.8671 -0.3499
vn -0.5645 0.8245 0.0390
vn -0.9522 -0.0544 -0.3006
vn -0.1187 0.9824 -0.1440
vn -0.0172 0.9795 0.2007
vn -0.0373 0.9984 0.0434
vn 0.6980 0.1554 -0.6990
vn 0.6927 -0.6532 -0.3058
vn 0.9315 0.2475 -0.2667
vn -0.9942 -0.1059 0.0182
vn -0.7677 -0.5785 -0.2758
vn 0.9004 -0.4348 0.0152
vn 0.9678 -0.2454 -0.0570
vn 0.6110 -0.1409 0.7790
vn 0.4076 -0.5380 -0.7379
vn 0.2292 -0.1723 -0.9580
vn 0.8779 -0.4783 0.0222
vn 0.3648 -0.7452 0.5582
vn -0.2238 -0.6444 -0.7312
vn 0.2908 -0.9444 -0.1533
vn -0.2190 -0.6757 0.7038
vn -0.1897 -0.3085 0.9321
vn -0.3645 -0.9087 -0.2036
vn -0.1676 -0.9668 0.1929
vn 0.8665 -0.4399 -0.2361
vn 0.0001 0.5716 -0.8205
vn -0.2888 0.9333 -0.2135
vn -0.3220 0.7293 -0.6037
vn -0.0113 0.8662 0.4996
vn -0.2435 0.9494 0.1986
vn -0.0025 0.9973 -0.0732
vn 0.0518 -0.6909 0.7211
vn 0.0983 -0.1410 0.9851
vn 0.2917 -0.3896 0.8735
vn 0.0386 0.0696 0.9968
vn -0.0353 0.4936 0.8690
vn 0.3810 0.2571 0.8881
vn 0.2280 -0.9271 0.2976
vn 0.1066 -0.9851 -0.1352
vn -0.0703 -0.9609 0.2679
vn -0.0000 0.9525 -0.3045
vn 0.7564 0.5520 0.3509
vn 0.0021 0.9470 0.3212
vn 0.0061 -0.2496 0.9683
vn 0.6132 -0.3004 -0.7306
vn 0.0008 -0.8879 -0.4599
vn 0.4236 -0.9008 -0.0951
vn 0.7021 0.6493 -0.2922
vn 0.6523 0.3269 -0.6838
vn 0.9530 0.3029 -0.0051
vn 0.3115 0.6547 -0.6887
vn 0.6375 0.4945 -0.5908
vn 0.0016 -0.7658 0.6431
vn 0.7175 -0.0265 0.6960
vn 0.4659 -0.8683 0.1704
vn 0.7228 0.6338 0.2755
vn 0.2838 0.5871 0.7582
vn 0.5746 0.5676 0.5897
vn 0.3061 0.7353 -0.6047
vn 0.1456 -0.9833 0.1092
vn 0.4558 -0.8901 -0.0039
vn 0.3182 0.7467 0.5841
vn 0.2255 0.9536 0.1994
vn 0.9744 -0.2248 0.0087
vn -0.0028 0.2716 -0.9624
vn 0.2691 0.9393 -0.2127
vn 0.6871 -0.7253 0.0420
vn 0.7563 -0.5529 0.3497
vn 0.4414 -0.8972 0.0137
vn 0.7968 0.5543 -0.2404
vn 0.7204 -0.6901 -0.0700
vn 0.8883 -0.4590 -0.0147
vn -0.3486 -0.0281 0.9369
vn 0.0117 0.0543 0.9985
vn 0.0102 0.9297 0.3682
vn -0.2434 0.0458 -0.9689
vn -0.3032 0.2864 -0.9089
vn -0.0002 -0.7427 -0.6696
vn -0.2550 -0.3428 -0.9041
vn -0.3334 -0.6711 -0.6622
vn -0.2641 -0.9391 -0.2197
vn 0.1598 0.4502 0.8785
vn -0.1079 0.0115 0.9941
vn -0.1661 0.3886 0.9063
vn -0.1329 -0.4088 0.9029
vn -0.0107 -0.8456 0.5337
vn -0.2946 -0.7287 0.6182
vn -0.2252 -0.9503 0.2150
vn -0.0008 -1.0000 -0.0093
vn -0.0020 -0.0973 -0.9953
vn 0.1478 -0.4079 0.9010
vn 0.0026 0.9981 0.0622
vn 0.0067 1.0000 -0.0049
vn 0.0622 -0.0161 0.9979
vn 0.2295 -0.0162 0.9732
vn 0.9629 -0.1004 -0.2506
vn 0.6042 -0.7079 0.3657
vn 0.9617 -0.0786 0.2624
vn -0.0000 -0.9632 -0.2688
vn 0.0018 -0.9545 0.2982
vn 0.5456 -0.0649 0.8355
vn 0.0202 0.2863 0.9579
vn -0.0372 -0.5052 0.8622
vn 0.3263 -0.3797 0.8656
vn 0.5395 -0.1231 0.8330
vn -0.0019 -0.0003 1.0000
vn 0.7034 -0.1371 -0.6975
vn 0.2864 0.2822 -0.9156
vn 0.2313 0.0443 -0.9719
vn 0.3186 -0.6743 -0.6662
vn 0.2440 -0.3417 -0.9076
vn 0.6776 -0.6788 -0.2831
vn 0.5899 -0.5696 -0.5724
vn 0.5956 -0.5255 0.6076
vn 0.2884 -0.7725 0.5658
vn 0.7440 -0.6041 0.2856
vn 0.2161 -0.9521 0.2165
vn 0.2529 -0.9422 -0.2197
vn 0.9537 -0.3008 -0.0049
vn 0.6455 0.3685 -0.6690
vn 0.6613 -0.2801 -0.6958
vn -0.0036 -0.2712 -0.9625
vn 0.6240 0.7760 0.0921
vn 0.1555 0.9878 -0.0018
vn 0.3714 0.8649 -0.3378
vn 0.0292 0.9994 -0.0204
vn 0.9582 0.2860 -0.0110
vn 0.0016 0.8591 -0.5118
vn 0.7421 -0.0014 0.6703
vn 0.0064 0.7306 0.6827
vn 0.4273 0.8104 0.4009
vn 0.6515 -0.7066 -0.2762
vn 0.2929 -0.6795 -0.6727
vn 0.0664 0.9961 -0.0584
vn -0.0303 -0.1474 0.9886
vn 0.2900 -0.5625 0.7743
vn 0.2912 -0.3223 -0.9007
vn 0.0295 -0.0727 -0.9969
vn 0.9097 -0.3020 -0.2849
vn 0.9815 -0.1863 0.0441
vn 0.6683 -0.2634 -0.6957
vn 0.9688 -0.0324 -0.2455
vn -0.0938 -0.9781 -0.1857
vn 0.2879 -0.7882 -0.5439
vn -0.0225 -0.8989 -0.4376
vn 0.8511 0.5250 0.0044
vn 0.4422 0.5576 -0.7025
vn 0.8520 0.2985 -0.4302
vn 0.4591 0.8880 0.0256
vn 0.0257 0.8491 -0.5275
vn 0.6984 -0.7152 -0.0255
vn 0.9623 -0.2413 -0.1252
vn 0.6524 -0.6601 -0.3723
vn 0.2038 -0.9679 -0.1468
vn 0.9840 0.0800 -0.1591
vn 0.9736 -0.2196 0.0630
vn -0.0899 -0.2554 -0.9626
vn 0.0899 -0.7212 -0.6869
vn 0.1075 -0.2516 -0.9618
vn -0.0370 0.4776 -0.8778
vn 0.0646 0.1268 -0.9898
vn 0.4403 0.2422 -0.8646
vn 0.4557 0.7956 -0.3992
vn 0.0330 0.8803 -0.4732
vn 0.3163 -0.8941 -0.3171
vn 0.0653 -0.9810 -0.1828
vn 0.5762 0.7866 0.2219
vn 0.0035 0.9999 -0.0113
vn 0.4889 -0.0202 -0.8721
vn 0.3640 -0.4805 -0.7979
vn 0.7298 -0.1534 -0.6662
vn 0.6170 -0.5760 -0.5362
vn 0.2157 0.9750 -0.0541
vn 0.0732 0.9837 -0.1640
vn 0.8647 -0.0010 -0.5023
vn 0.2587 -0.0036 -0.9660
vn 0.4003 -0.5909 -0.7004
vn 0.8902 -0.4557 -0.0030
vn 0.8803 -0.2816 -0.3817
vn -0.2072 -0.7917 -0.5747
vn -0.2352 -0.3548 -0.9049
vn 0.3948 -0.9188 -0.0049
vn -0.0197 0.9998 0.0009
vn 0.9277 0.2937 -0.2303
vn 0.8732 -0.0019 -0.4874
vn 0.9767 -0.0349 -0.2116
vn 0.6949 0.7185 -0.0297
vn 0.5000 0.7920 -0.3503
vn 0.9920 -0.1251 -0.0176
vn 0.9757 0.2164 0.0328
vn 0.9337 0.2901 -0.2097
vn 0.9786 0.0031 0.2056
vn 0.7185 0.4021 0.5675
vn 0.7450 -0.1263 -0.6550
vn 0.4880 -0.7680 -0.4147
vn 0.9181 -0.2295 -0.3231
vn 0.3115 0.0686 -0.9478
vn 0.6602 -0.7251 0.1958
vn 0.8857 -0.3908 0.2506
vn 0.2031 -0.9632 0.1762
vn 0.3868 -0.1061 -0.9160
vn 0.1240 0.3093 -0.9429
vn 0.4269 0.0125 -0.9042
vn 0.5728 0.3318 -0.7496
vn 0.0747 0.7510 -0.6561
vn -0.0305 0.9610 -0.2747
vn -0.0612 0.2397 -0.9689
vn 0.7214 0.0282 -0.6919
vn 0.0903 -0.1042 -0.9904
vn -0.0246 -0.5328 -0.8459
vn -0.6740 -0.2958 0.6769
vn -0.2938 0.7618 0.5774
vn -0.6903 -0.2862 0.6645
vn -0.6520 0.3810 0.6555
vn -0.3240 0.9461 -0.0019
vn -0.3059 0.9136 -0.2678
vn -0.0799 0.9928 0.0893
vn -0.3873 -0.2610 -0.8842
vn -0.3617 0.8324 -0.4198
vn -0.2559 0.3883 -0.8853
vn -0.3981 0.8455 -0.3559
vn -0.5719 0.5863 0.5737
vn 0.9969 -0.0039 0.0786
vn -0.3773 0.8251 0.4206
vn -0.0328 0.9615 0.2729
vn -0.9965 -0.0017 -0.0841
vn 0.8864 -0.0614 -0.4589
vn -0.9929 0.1063 0.0529
vn -0.9782 -0.2056 0.0286
vn -0.3308 -0.9437 0.0101
vn -0.3728 0.6748 0.6369
vn 0.3003 0.0093 0.9538
vn -0.2938 0.0187 0.9557
vn -0.2923 0.9563 -0.0030
vn -0.0391 -0.6946 0.7184
vn -0.8106 -0.0443 0.5840
vn -0.8661 0.3405 0.3660
vn -0.8375 -0.3967 0.3758
vn 0.0180 -0.9555 0.2943
vn -0.9813 0.0091 0.1921
vn -0.9927 -0.0800 0.0898
vn -0.3278 -0.9447 -0.0121
vn -0.0554 -0.9985 -0.0022
vn -0.7207 -0.6933 -0.0019
vn -0.9835 0.0068 -0.1809
vn -0.8501 -0.0425 -0.5249
vn -0.8785 0.3741 -0.2969
vn -0.9930 -0.0926 -0.0735
vn 0.3282 0.0692 -0.9421
vn -0.3865 0.7649 -0.5153
vn -0.3319 0.0576 -0.9416
vn -0.3123 -0.4628 -0.8296
vn -0.8575 -0.4214 -0.2952
vn -0.9991 0.0360 0.0202
vn -1.0000 0.0054 -0.0001
vn -0.9990 -0.0442 -0.0028
vn 0.6750 -0.3729 0.6366
vn 0.0216 0.3301 0.9437
vn 0.6830 0.2893 0.6707
vn -0.6649 -0.0642 0.7442
vn 0.0148 -0.2961 0.9551
vn -0.0170 -0.9983 0.0558
vn 0.0092 -0.8279 0.5608
vn 0.2966 -0.9095 0.2912
vn -0.0595 -0.9880 0.1423
vn -0.4139 -0.8066 0.4219
vn 0.7654 -0.6396 0.0716
vn 0.2881 -0.8051 0.5185
vn 0.5732 -0.6173 0.5390
vn -0.2175 0.9517 0.2165
vn 0.2267 0.9711 0.0741
vn 0.2724 0.7540 0.5978
vn 0.2747 -0.9607 0.0392
vn -0.3031 -0.9436 0.1335
vn 0.6873 0.6649 0.2925
vn 0.6787 0.2881 0.6756
vn 0.5634 0.5660 0.6018
vn -0.5722 0.2832 0.7697
vn -0.6343 0.7239 0.2714
vn -0.6035 0.5427 0.5842
vn -0.2846 0.6243 0.7275
vn 0.6237 -0.2538 0.7393
vn 0.9541 -0.2008 0.2220
vn -0.7217 -0.2969 0.6253
vn -0.7024 -0.6987 0.1361
vn -0.9492 -0.2905 0.1209
vn -0.2919 -0.7138 0.6367
vn -0.5766 -0.5979 0.5568
vn 0.9473 0.2116 0.2406
vn -0.9329 0.2710 0.2373
vn 0.0139 0.2801 -0.9599
vn 0.7646 -0.3583 -0.5357
vn 0.5973 0.3165 -0.7370
vn -0.5033 -0.2706 -0.8207
vn 0.0581 -0.3274 -0.9431
vn -0.0037 -0.8757 -0.4828
vn -0.0587 -0.9894 -0.1327
vn 0.0270 -0.9830 -0.1818
vn -0.0105 -0.9999 0.0073
vn 0.3804 -0.8792 -0.2869
vn 0.2214 0.9332 -0.2830
vn 0.7097 0.6972 -0.1010
vn 0.2636 -0.9466 -0.1854
vn -0.0237 0.7453 -0.6664
vn 0.5880 0.5786 -0.5652
vn 0.7405 -0.2669 -0.6168
vn 0.7160 -0.6315 -0.2976
vn 0.9612 -0.2152 -0.1728
vn 0.2783 -0.7549 -0.5939
vn -0.9467 -0.2857 -0.1489
vn -0.2773 -0.9512 -0.1352
vn -0.5747 0.6250 -0.5283
vn -0.2217 0.9571 -0.1868
vn -0.6956 -0.6958 -0.1786
vn -0.7287 -0.2678 -0.6303
vn -0.2699 -0.7324 -0.6250
vn 0.7963 0.2615 -0.5455
vn -0.6275 0.7767 -0.0552
vn -0.8200 0.2722 -0.5034
vn 0.9745 0.2174 -0.0560
vn -0.9567 0.2863 -0.0521
vn 0.2745 0.6947 0.6649
vn 0.6751 0.6746 0.2986
vn 0.5971 -0.7285 0.3358
vn 0.2785 0.7727 -0.5704
vn 0.2501 -0.5220 -0.8155
vn 0.0242 -0.9993 0.0285
vn -0.7388 0.6126 0.2808
vn -0.9570 0.0118 0.2898
vn -0.5872 0.2811 -0.7591
vn -0.0152 0.9004 0.4348
vn 0.0570 0.9678 0.2454
vn -0.7790 0.6110 0.1410
vn -0.7211 0.0517 0.6909
vn -0.9851 0.0983 0.1411
vn -0.8735 0.2917 0.3896
vn -0.9968 0.0386 -0.0696
vn -0.8690 -0.0353 -0.4936
vn -0.8881 0.3810 -0.2571
vn -0.2976 0.2280 0.9271
vn 0.1352 0.1066 0.9851
vn -0.2679 -0.0703 0.9609
vn 0.3045 -0.0000 -0.9525
vn -0.3509 0.7564 -0.5520
vn -0.3212 0.0021 -0.9470
vn -0.9683 0.0061 0.2496
vn 0.7739 0.3699 0.5141
vn -0.0222 0.8779 0.4783
vn -0.5033 0.3972 0.7674
vn -0.9261 0.1180 0.3583
vn 0.2036 -0.3645 0.9087
vn -0.1929 -0.1676 0.9668
vn 0.1533 0.2908 0.9444
vn 0.2361 0.8665 0.4399
vn 0.7423 -0.2447 0.6238
vn 0.9437 -0.2126 0.2535
vn 0.8205 0.0001 -0.5716
vn 0.2135 -0.2888 -0.9333
vn 0.6037 -0.3220 -0.7293
vn -0.4996 -0.0113 -0.8662
vn -0.1986 -0.2435 -0.9494
vn 0.0732 -0.0025 -0.9973
vn 0.7306 0.6132 0.3004
vn 0.4599 0.0008 0.8879
vn 0.0951 0.4236 0.9008
vn 0.6887 0.3115 -0.6547
vn 0.6838 0.6523 -0.3269
vn 0.5908 0.6375 -0.4945
vn 0.2922 0.7021 -0.6493
vn 0.0051 0.9530 -0.3029
vn -0.6431 0.0016 0.7658
vn -0.6960 0.7175 0.0265
vn -0.1704 0.4659 0.8683
vn -0.7582 0.2838 -0.5871
vn -0.5897 0.5746 -0.5676
vn -0.2755 0.7228 -0.6338
vn -0.0087 0.9744 0.2248
vn 0.9624 -0.0029 -0.2717
vn 0.6047 0.3061 -0.7353
vn -0.1092 0.1456 0.9833
vn 0.0039 0.4558 0.8901
vn -0.5841 0.3182 -0.7467
vn -0.1994 0.2255 -0.9536
vn 0.2127 0.2691 -0.9393
vn 0.2404 0.7968 -0.5543
vn -0.0138 0.4414 0.8972
vn -0.0420 0.6871 0.7253
vn -0.3497 0.7563 0.5529
vn 0.0700 0.7204 0.6901
vn 0.0147 0.8883 0.4590
vn -0.9343 -0.3561 -0.0153
vn -1.0000 0.0047 0.0023
vn -0.9680 -0.1591 -0.1941
vn -0.1362 -0.9745 -0.1783
vn -0.0040 -1.0000 0.0007
vn 0.2641 0.9607 0.0851
vn -0.3903 0.6139 0.6862
vn 0.2706 -0.0012 0.9627
vn -0.2988 0.0013 0.9543
vn -0.2963 0.9529 0.0651
vn -0.3367 -0.6012 0.7247
vn 0.2453 -0.9450 0.2165
vn -0.2391 -0.9516 0.1932
vn -0.8209 0.5706 0.0237
vn -0.7682 -0.6389 0.0395
vn -0.0236 -0.9610 -0.2756
vn -0.8521 0.0193 0.5231
vn -0.9001 0.2830 0.3312
vn -0.9042 -0.2954 0.3085
vn -0.5925 -0.6644 -0.4555
vn -0.7121 -0.7017 -0.0219
vn -0.1837 -0.2076 -0.9608
vn -0.7130 -0.0446 -0.6998
vn -0.9934 -0.0222 0.1123
vn 0.0889 0.0134 -0.9960
vn -0.3347 -0.0148 -0.9422
vn -0.7191 0.0009 -0.6950
vn -0.9299 -0.0142 -0.3675
vn 0.9479 0.2887 -0.1349
vn 0.9400 -0.3260 0.1008
vn 0.5848 -0.4049 0.7029
vn 0.7697 0.2705 0.5783
vn 0.0351 0.3135 0.9489
vn -0.7938 0.4721 0.3834
vn -0.6253 -0.0767 0.7766
vn -0.8929 -0.1555 0.4225
vn 0.0156 -0.3264 0.9451
vn 0.6028 -0.7964 0.0495
vn 0.2636 -0.9171 0.2990
vn 0.0040 -0.8220 0.5695
vn -0.9396 -0.1669 -0.2988
vn -0.6661 -0.7330 0.1381
vn -0.4240 -0.8563 -0.2949
vn -0.3723 -0.8155 0.4432
vn -0.0600 0.0423 -0.9973
vn 0.0084 -0.0005 -1.0000
vn -0.0067 -0.8990 -0.4380
vn -0.0711 -0.9970 0.0307
vn -0.0081 -0.4055 -0.9141
vn -0.0357 -0.7451 -0.6659
vn 0.6443 0.6563 -0.3926
vn 0.9621 -0.0036 0.2728
vn 0.6784 0.6769 0.2857
vn 0.0008 0.9622 0.2724
vn 0.7159 -0.5959 -0.3638
vn 0.9560 0.0019 -0.2934
vn 0.2963 -0.9550 -0.0152
vn 0.7400 -0.6088 0.2860
vn -0.9536 0.2999 -0.0270
vn -0.5921 0.7199 -0.3622
vn -0.6061 0.7421 0.2862
vn 0.5001 -0.0371 -0.8652
vn 0.2931 0.3040 -0.9065
vn 0.0207 0.5286 -0.8486
vn 0.0004 0.9559 -0.2937
vn -0.6544 -0.0005 -0.7561
vn -0.3960 0.3200 -0.8607
vn -0.0165 -0.6179 -0.7861
vn -0.7109 -0.7012 -0.0531
vn -0.9554 -0.2883 0.0640
vn -0.2846 -0.9564 0.0655
vn 0.0754 -0.9954 -0.0595
vn 0.6986 0.6947 0.1716
vn 0.6564 0.6727 -0.3415
vn 0.6245 -0.7678 0.1429
vn 0.5543 -0.6754 -0.4863
vn 0.2857 0.6647 0.6903
vn 0.6735 0.2940 0.6782
vn 0.6740 -0.2874 0.6805
vn 0.2698 -0.6397 0.7197
vn -0.0571 -0.0457 -0.9973
vn -0.9983 -0.0522 -0.0263
vn 0.5718 0.5699 0.5901
vn 0.3059 0.6659 0.6805
vn -0.7465 0.2725 0.6071
vn -0.5880 0.5350 0.6067
vn -0.2874 0.6210 0.7292
vn 0.2730 -0.7488 0.6040
vn 0.5658 -0.5967 0.5691
vn -0.7631 -0.2706 0.5869
vn -0.2698 -0.7607 0.5904
vn -0.5949 -0.5911 0.5446
vn -0.9953 0.0740 -0.0619
vn -0.7594 0.4929 -0.4246
vn -0.7634 0.6460 -0.0014
vn -0.9993 -0.0055 -0.0361
vn -0.9369 -0.3486 0.0280
vn -0.9985 0.0117 -0.0543
vn -0.9979 0.0622 0.0161
vn -0.9732 0.2295 0.0162
vn 0.2506 0.9629 0.1004
vn -0.3657 0.6042 0.7079
vn 0.2688 -0.0000 0.9632
vn -0.2982 0.0018 0.9545
vn -0.2624 0.9617 0.0786
vn -0.8356 0.5455 0.0655
vn -0.8622 -0.0372 0.5052
vn -0.8656 0.3263 0.3797
vn -0.9578 0.0200 -0.2867
vn -0.3691 0.0099 -0.9293
vn 0.9689 -0.2434 -0.0458
vn 0.9089 -0.3032 -0.2864
vn 0.6696 -0.0002 0.7427
vn 0.9041 -0.2550 0.3428
vn 0.6622 -0.3334 0.6711
vn 0.2197 -0.2641 0.9391
vn -0.8785 0.1598 -0.4502
vn -0.9941 -0.1079 -0.0115
vn -0.9063 -0.1661 -0.3886
vn -0.9029 -0.1329 0.4088
vn -0.5337 -0.0107 0.8456
vn -0.6182 -0.2946 0.7287
vn -0.2150 -0.2252 0.9503
vn 0.0093 -0.0008 1.0000
vn 0.9953 -0.0020 0.0973
vn -0.9010 0.1478 0.4079
vn -0.8330 0.5395 0.1231
vn -1.0000 -0.0019 0.0003
vn 0.6975 0.7034 0.1371
vn 0.9156 0.2864 -0.2822
vn 0.9719 0.2313 -0.0443
vn 0.6662 0.3186 0.6743
vn 0.9076 0.2440 0.3417
vn 0.2831 0.6776 0.6788
vn 0.5724 0.5899 0.5696
vn -0.6076 0.5956 0.5255
vn -0.5658 0.2884 0.7725
vn -0.2856 0.7440 0.6041
vn -0.2165 0.2161 0.9521
vn 0.2197 0.2529 0.9422
vn -0.0622 0.0024 -0.9981
vn 0.0049 0.0067 -1.0000
vn 0.6690 0.6455 -0.3685
vn 0.9625 -0.0035 0.2712
vn 0.6958 0.6613 0.2801
vn 0.0049 0.9537 0.3008
vn 0.5125 0.0030 -0.8587
vn 0.3354 0.3689 -0.8669
vn -0.0920 0.6240 -0.7760
vn 0.0110 0.9582 -0.2860
vn -0.6686 0.7436 0.0033
vn -0.6822 0.0041 -0.7312
vn -0.4009 0.4273 -0.8104
vn 0.0018 0.1557 -0.9878
vn 0.0204 0.0292 -0.9994
vn 0.2762 0.6515 0.7066
vn 0.6727 0.2929 0.6795
vn 0.0538 0.0680 -0.9962
vn -0.9886 -0.0303 0.1474
vn -0.7763 0.2896 0.5599
vn 0.9038 -0.0054 0.4278
vn 0.7432 -0.3635 0.5617
vn 0.3872 0.7686 0.5093
vn 0.9044 0.0950 0.4161
vn 0.2012 0.2127 0.9562
vn 0.3232 -0.7177 0.6168
vn -0.2031 0.7301 0.6525
vn -0.2128 0.9441 0.2518
vn -0.1352 -0.2480 0.9593
vn -0.2445 -0.6852 0.6861
vn -0.2237 -0.9266 0.3025
vn 0.9721 -0.1589 0.1726
vn 0.7492 -0.0423 0.6610
vn 0.8923 0.0033 0.4514
vn -0.2155 -0.9764 -0.0149
vn -0.3074 0.2158 -0.9268
vn -0.0020 0.8309 -0.5564
vn -0.3760 0.6195 -0.6891
vn -0.0133 -0.4948 -0.8689
vn -0.2507 -0.1958 -0.9480
vn -0.2978 -0.5715 -0.7647
vn -0.0024 0.0697 -0.9976
vn 0.1203 -0.7328 0.6698
vn 0.0451 -0.9551 0.2927
vn -0.1088 -0.7369 0.6672
vn 0.2044 -0.3320 0.9209
vn 0.0075 0.1418 0.9899
vn 0.1688 0.0381 0.9849
vn -0.0064 0.3030 -0.9530
vn 0.7586 -0.3445 -0.5529
vn 0.7628 0.2643 -0.5902
vn -0.0365 -0.2890 0.9566
vn -0.0078 -0.8678 -0.4969
vn 0.4216 -0.8775 -0.2286
vn 0.6436 0.6754 0.3601
vn 0.4999 -0.0039 0.8660
vn 0.3524 0.2691 0.8963
vn -0.0140 0.4703 0.8824
vn 0.7458 -0.6662 0.0003
vn 0.9574 0.0128 0.2886
vn 0.0002 -0.5070 0.8620
vn 0.4691 -0.3851 0.7948
vn 0.6838 0.2759 -0.6755
vn 0.6621 0.6950 -0.2803
vn 0.5798 0.5589 -0.5928
vn 0.2998 0.6710 -0.6782
vn -0.0000 0.9623 -0.2719
vn 0.7487 -0.2792 -0.6013
vn 0.9530 0.0019 -0.3031
vn 0.2567 -0.8211 -0.5098
vn 0.2917 -0.9522 -0.0908
vn 0.4869 -0.0102 0.8734
vn 0.3252 0.6409 -0.6953
vn 0.2657 0.2126 -0.9403
vn 0.2888 -0.5421 -0.7891
vn 0.2273 -0.1958 -0.9539
vn 0.0018 0.9521 0.3057
vn 0.2933 -0.8930 0.3415
vn 0.7039 -0.0436 0.7089
vn 0.7465 0.0413 0.6641
vn 0.0387 -0.9984 0.0408
vn 0.3109 -0.9497 0.0385
vn 0.9891 0.0801 0.1236
vn 0.2849 0.9097 0.3020
vn -0.0441 0.9815 0.1863
vn 0.9007 0.2912 0.3224
vn 0.6957 0.6683 0.2634
vn 0.2455 0.9688 0.0324
vn 0.9969 0.0295 0.0727
vn 0.9626 -0.0899 0.2554
vn 0.6869 0.0899 0.7212
vn 0.9618 0.1075 0.2516
vn 0.8778 -0.0370 -0.4776
vn 0.9898 0.0646 -0.1268
vn 0.8646 0.4403 -0.2422
vn 0.3992 0.4557 -0.7956
vn 0.4732 0.0330 -0.8803
vn 0.3171 0.3163 0.8941
vn 0.1828 0.0653 0.9810
vn -0.2219 0.5762 -0.7866
vn 0.0113 0.0035 -0.9999
vn 0.8721 0.4889 0.0202
vn 0.7979 0.3640 0.4805
vn 0.1857 -0.0938 0.9781
vn 0.5439 0.2879 0.7882
vn 0.4376 -0.0224 0.8989
vn -0.0044 0.8511 -0.5250
vn 0.7025 0.4422 -0.5576
vn 0.4302 0.8520 -0.2985
vn 0.1468 0.2038 0.9679
vn 0.0255 0.6984 0.7153
vn 0.3723 0.6524 0.6601
vn 0.1252 0.9623 0.2413
vn 0.1591 0.9840 -0.0800
vn -0.0630 0.9736 0.2196
vn -0.0256 0.4591 -0.8880
vn 0.5275 0.0257 -0.8491
vn 0.5362 0.6170 0.5760
vn 0.6662 0.7298 0.1534
vn -0.0267 -0.9993 -0.0272
vn -0.2468 0.9685 -0.0328
vn -0.3118 0.8953 -0.3182
vn -0.1450 -0.9893 -0.0171
vn 0.1457 -0.8922 -0.4276
vn -0.1670 -0.9059 -0.3891
vn -0.0016 0.6772 0.7358
vn -0.2622 0.2208 0.9394
vn -0.3400 0.6414 0.6878
vn -0.2968 0.8953 0.3322
vn -0.0084 0.9961 0.0874
vn -0.2296 -0.2162 0.9490
vn 0.0111 -0.5355 0.8445
vn -0.3188 -0.6213 0.7158
vn -0.0006 0.0079 1.0000
vn -0.1170 -0.8938 0.4330
vn 0.0227 -0.9995 -0.0208
vn 0.0395 -0.9977 -0.0544
vn 0.9621 0.2349 0.1383
vn 0.9612 -0.2635 0.0816
vn 0.6008 -0.3655 0.7109
vn -0.0041 0.2687 0.9632
vn 0.6251 0.2545 0.7379
vn 0.3067 -0.9518 0.0065
vn 0.5721 -0.8138 0.1026
vn 0.0318 -0.9760 -0.2156
vn 0.3298 -0.8614 0.3863
vn 0.0024 -0.8306 0.5569
vn 0.5599 -0.8284 -0.0168
vn 0.5942 -0.6206 -0.5116
vn 0.3011 0.6841 0.6643
vn 0.6932 0.2989 0.6559
vn 0.2515 0.2182 0.9429
vn 0.6075 0.6080 0.5112
vn 0.2701 0.9482 0.1675
vn 0.7463 -0.2837 0.6021
vn 0.2587 -0.5894 0.7653
vn 0.2162 -0.2162 0.9521
vn 0.6089 -0.5849 0.5358
vn 0.1845 -0.9003 0.3942
vn 0.0395 0.0660 -0.9970
vn 0.0041 -0.3832 -0.9236
vn 0.0186 -0.0909 -0.9957
vn -0.0053 -0.7218 -0.6921
vn 0.6325 0.6808 -0.3693
vn 0.9530 0.0051 0.3029
vn 0.6514 0.6854 0.3253
vn -0.0000 0.9627 0.2707
vn 0.7416 -0.6708 -0.0035
vn 0.9583 0.0129 -0.2853
vn 0.5651 -0.0110 -0.8249
vn 0.3499 0.3547 -0.8671
vn -0.0344 0.5058 -0.8620
vn 0.0020 0.9561 -0.2931
vn -0.0379 -0.5645 -0.8246
vn 0.2906 -0.9546 0.0649
vn 0.0203 0.0056 -0.9998
vn 0.1505 0.0297 -0.9882
vn 0.1440 -0.1187 -0.9824
vn 0.2667 0.9315 -0.2475
vn -0.0434 -0.0373 -0.9984
vn -0.0182 -0.9942 0.1059
vn 0.3058 0.6927 0.6532
vn 0.2773 -0.7660 0.5800
vn -0.2007 -0.0172 -0.9795
vn 0.6990 0.6980 -0.1554
vn 0.2097 0.9337 -0.2901
vn -0.2056 0.9786 -0.0031
vn -0.5675 0.7185 -0.4021
vn 0.6550 0.7450 0.1263
vn 0.4147 0.4880 0.7680
vn 0.3231 0.9181 0.2295
vn -0.1958 0.6602 0.7251
vn -0.1762 0.2031 0.9632
vn -0.2506 0.8857 0.3908
vn 0.9478 0.3115 -0.0686
vn 0.9160 0.3868 0.1061
vn 0.0541 0.2157 -0.9750
vn 0.1640 0.0732 -0.9837
vn 0.9429 0.1240 -0.3093
vn 0.9042 0.4269 -0.0125
vn 0.7495 0.5728 -0.3319
vn 0.6561 0.0747 -0.7509
vn 0.2747 -0.0305 -0.9610
vn 0.9689 -0.0612 -0.2397
vn 0.5023 0.8647 0.0010
vn 0.9660 0.2587 0.0035
vn 0.7004 0.4003 0.5909
vn 0.0030 0.8902 0.4557
vn 0.3817 0.8803 0.2816
vn 0.5747 -0.2072 0.7917
vn 0.9049 -0.2352 0.3548
vn 0.0048 0.3948 0.9188
vn 0.2303 0.9277 -0.2937
vn 0.4874 0.8732 0.0019
vn 0.2116 0.9767 0.0349
vn -0.0009 -0.0197 -0.9998
vn 0.0297 0.6949 -0.7185
vn 0.3503 0.5000 -0.7920
vn 0.0176 0.9920 0.1251
vn -0.0328 0.9757 -0.2164
vn 0.6919 0.7214 -0.0282
vn 0.9904 0.0903 0.1042
vn 0.8459 -0.0246 0.5327
vn -0.7664 -0.5604 0.3139
vn -0.5737 -0.5720 -0.5863
vn -0.0786 0.9969 0.0039
vn -0.6645 -0.6903 0.2862
vn -0.6555 -0.6520 -0.3810
vn -0.4206 -0.3773 -0.8251
vn -0.2729 -0.0328 -0.9615
vn 0.0841 -0.9965 0.0017
vn -0.5774 -0.2938 -0.7618
vn 0.8853 -0.2559 -0.3883
vn 0.4198 -0.3617 -0.8324
vn 0.4589 0.8864 0.0614
vn -0.6822 -0.2049 0.7019
vn 0.0019 -0.3240 -0.9461
vn 0.2678 -0.3059 -0.9136
vn -0.0893 -0.0799 -0.9928
vn 0.8842 -0.3873 0.2610
vn 0.3559 -0.3981 -0.8455
vn -0.3435 0.5551 0.7576
vn -0.3156 0.9489 -0.0044
vn -0.0724 -0.8886 0.4528
vn 0.0662 -0.9738 0.2174
vn -0.7553 -0.1085 0.6464
vn -0.9979 -0.0642 0.0112
vn -0.3560 -0.7508 -0.5564
vn -0.8889 -0.3945 -0.2328
vn -0.9656 -0.0753 0.2488
vn -0.8803 -0.3764 0.2889
vn -0.9998 -0.0150 0.0115
vn -0.9788 0.0176 -0.2039
vn -0.9531 0.2970 -0.0581
vn -1.0000 -0.0044 0.0029
vn -0.9633 -0.2643 0.0474
vn 0.7323 -0.3014 0.6106
vn 0.2484 -0.8655 0.4349
vn 0.6804 0.2959 0.6704
vn 0.6707 0.6779 0.3010
vn 0.2570 0.7540 0.6045
vn 0.5508 0.5860 0.5942
vn -0.0323 -0.8774 0.4786
vn -0.6840 0.0470 0.7280
vn -0.3523 -0.8578 0.3741
vn 0.0086 -0.3106 0.9505
vn -0.6911 0.6688 0.2740
vn -0.9527 0.0976 0.2880
vn -0.2730 0.5904 0.7596
vn 0.0225 0.3331 0.9426
vn -0.2011 0.9486 0.2442
vn 0.1870 0.9780 0.0922
vn 0.6608 0.6828 0.3117
vn -0.5622 0.7890 0.2477
vn -0.6339 0.5255 0.5675
vn 0.7344 -0.6085 0.3007
vn 0.9540 0.0025 0.2997
vn 0.6578 -0.3405 -0.6718
vn 0.7103 -0.6414 -0.2900
vn 0.2601 -0.7054 -0.6593
vn 0.0086 -0.9531 -0.3027
vn 0.6462 -0.1007 -0.7565
vn 0.1364 -0.3010 -0.9438
vn 0.5505 -0.5385 -0.6379
vn -0.7010 -0.7127 0.0254
vn -0.9560 -0.2925 -0.0223
vn -0.7761 -0.2931 -0.5584
vn -0.2538 -0.7255 -0.6398
vn -0.5896 -0.0525 -0.8060
vn -0.4531 -0.3461 -0.8215
vn -0.1756 -0.0601 -0.9826
vn -0.0070 -0.9756 0.2194
vn -0.1749 -0.4635 0.8687
vn 0.0719 -0.4119 0.9084
vn -0.1527 -0.1557 0.9759
vn 0.0051 -0.4518 0.8921
vn 0.2024 0.9246 -0.3228
vn 0.6505 0.7581 -0.0458
vn 0.2284 0.0868 -0.9697
vn 0.7354 0.3447 -0.5835
vn 0.2522 0.5766 -0.7771
vn 0.6168 0.5058 -0.6031
vn 0.7918 0.4933 -0.3601
vn -0.2128 0.2318 -0.9492
vn -0.2317 0.7027 -0.6727
vn -0.6167 0.2643 -0.7415
vn -0.4587 0.8250 -0.3302
vn -0.5895 0.8058 -0.0561
vn -0.1754 0.9827 -0.0594
vn 0.2654 0.5858 0.7658
vn 0.2692 -0.7370 -0.6200
vn 0.1040 -0.1153 0.9879
vn -0.0648 -0.4351 0.8981
vn -0.1645 -0.7150 0.6795
vn 0.0310 -0.7427 0.6689
vn 0.0114 -0.8861 0.4634
vn 0.2359 -0.1381 0.9619
vn -0.2638 -0.0815 0.9611
vn -0.3662 -0.7150 0.5956
vn -0.2998 -0.9540 -0.0029
vn -0.8159 -0.0643 0.5747
vn -0.8567 0.2608 0.4450
vn -0.8952 -0.3463 0.2806
vn -0.9459 0.0184 0.3239
vn -0.9954 0.0354 0.0895
vn -0.9014 0.4330 -0.0047
vn -0.9994 0.0333 0.0112
vn -0.4262 0.9046 0.0050
vn -0.8407 -0.0483 -0.5393
vn -0.8205 0.2813 -0.4976
vn 0.2873 0.1661 -0.9433
vn -0.4059 0.4089 -0.8174
vn -0.3522 -0.1207 -0.9281
vn -0.3285 -0.8090 -0.4874
vn 0.2844 -0.5597 -0.7784
vn -0.8932 -0.3862 -0.2302
vn -0.9970 0.0321 -0.0703
vn -0.0521 0.9984 -0.0200
vn -0.2343 0.9720 -0.0183
vn -0.7654 0.6432 -0.0216
vn -0.7375 -0.4143 0.5333
vn -0.5959 -0.7591 0.2620
vn -0.9084 -0.4155 0.0466
vn -0.6066 0.0796 0.7910
vn -0.8811 0.4136 0.2295
vn 0.6395 -0.7164 0.2791
vn 0.6136 -0.5054 0.6067
vn 0.9200 -0.2947 0.2583
vn 0.2991 -0.6573 0.6917
vn -0.2812 -0.6356 0.7190
vn -0.5695 -0.5666 0.5954
vn 0.6906 0.1608 0.7052
vn 0.9791 -0.0010 0.2033
vn -0.9860 0.0118 0.1664
vn 0.2079 -0.9483 0.2397
vn 0.6772 0.3699 0.6361
vn 0.6858 -0.3253 0.6511
vn 0.0051 -0.3030 0.9530
vn -0.6660 0.0612 0.7434
vn 0.0131 0.2945 0.9556
vn 0.0096 0.8287 0.5597
vn -0.0168 0.9983 0.0558
vn 0.2955 0.9098 0.2914
vn -0.0602 0.9880 0.1424
vn -0.4093 0.8106 0.4187
vn -0.9604 -0.0304 0.2770
vn 0.6939 -0.1070 -0.7120
vn 0.5500 -0.6174 -0.5625
vn 0.9308 -0.1527 -0.3322
vn 0.0206 -0.6747 -0.7378
vn 0.0007 -0.9491 -0.3149
vn -0.5691 -0.8180 -0.0840
vn -0.8953 -0.3923 -0.2110
vn -0.5282 -0.6557 -0.5395
vn -0.7498 -0.2106 -0.6273
vn 0.9689 0.2454 -0.0328
vn -0.8926 0.4483 -0.0474
vn -0.9868 0.0025 -0.1621
vn -0.7669 0.3808 -0.5165
vn 0.7119 -0.6961 -0.0929
vn 0.9860 -0.1636 -0.0331
vn 0.2353 -0.9713 -0.0337
vn -0.2092 -0.9773 -0.0342
vn 0.5763 0.4795 -0.6618
vn 0.0328 -0.2839 -0.9583
vn 0.7340 -0.3319 -0.5926
vn -0.5969 0.3224 -0.7347
vn 0.0021 0.3228 -0.9465
vn -0.0554 0.9908 -0.1235
vn 0.0522 0.7185 -0.6936
vn 0.0900 0.9703 -0.2246
vn -0.0105 0.9999 0.0073
vn 0.2548 -0.7362 0.6270
vn 0.6923 -0.6532 0.3068
vn 0.9101 0.3416 0.2344
vn -0.2043 -0.9565 0.2084
vn 0.0242 0.9993 0.0285
vn -0.7422 -0.6117 0.2739
vn -0.5741 -0.2938 -0.7643
vn 0.2507 -0.9629 0.0999
vn -0.3659 -0.6075 0.7050
vn -0.2675 -0.9603 0.0790
vn -0.7955 -0.6031 0.0587
vn -0.9231 -0.2756 0.2683
vn -0.9488 -0.3151 -0.0240
vn -0.8184 0.5728 0.0451
vn -0.9805 0.1949 0.0247
vn 0.2920 0.9450 0.1470
vn -0.4074 0.8931 -0.1906
vn 0.2379 0.8107 -0.5349
vn -0.3559 0.5015 0.7885
vn -0.3268 0.9267 0.1855
vn -0.9975 0.0360 -0.0604
vn -0.9452 -0.0167 -0.3261
vn -0.2054 -0.0288 -0.9783
vn 0.1088 -0.0527 -0.9927
vn -0.9426 0.0109 -0.3338
vn -0.6952 0.0017 -0.7188
vn -0.8970 -0.0351 -0.4405
vn -0.9879 -0.1551 0.0008
vn -0.7397 -0.5165 -0.4314
vn -0.7570 -0.5131 0.4046
vn -0.6013 -0.0827 0.7947
vn -0.6160 -0.5269 0.5856
vn -0.9035 -0.0358 0.4271
vn 0.6840 -0.7012 0.2011
vn 0.9154 -0.2918 -0.2773
vn 0.6529 -0.7095 -0.2652
vn 0.6705 -0.3005 0.6784
vn 0.5729 -0.5889 0.5701
vn 0.2829 -0.6749 0.6815
vn -0.2449 -0.7393 0.6272
vn -0.1898 -0.2367 0.9529
vn 0.2064 -0.2417 0.9481
vn 0.7327 0.6435 -0.2214
vn 0.9264 0.3459 0.1486
vn 0.5397 0.5517 0.6359
vn 0.6374 0.7017 0.3184
vn -0.9910 0.1329 0.0148
vn -0.8869 0.1572 -0.4344
vn -0.7629 0.6261 -0.1609
vn -0.9145 0.1935 0.3552
vn -0.6055 0.5984 0.5247
vn -0.5582 0.2320 0.7966
vn -0.0318 0.7242 0.6889
vn 0.0686 0.3296 0.9416
vn 0.9760 0.0416 -0.2140
vn 0.9859 0.0319 0.1643
vn 0.7136 0.0918 0.6945
vn -0.2019 0.0627 0.9774
vn 0.6742 -0.6396 -0.3693
vn 0.9564 0.0029 -0.2920
vn 0.0088 -0.9537 0.3006
vn 0.6947 -0.6626 0.2800
vn -0.0452 -0.5810 -0.8127
vn 0.0142 -0.9582 -0.2859
vn -0.6998 -0.7143 -0.0019
vn -0.9533 -0.2821 0.1077
vn 0.0090 -0.1929 -0.9812
vn 0.3408 -0.3678 -0.8652
vn -0.0800 -0.0902 -0.9927
vn 0.0523 0.9574 0.2842
vn 0.7652 0.5152 -0.3861
vn 0.7543 0.5866 0.2948
vn -0.0440 0.5246 -0.8502
vn 0.0066 0.1815 -0.9834
vn 0.3714 0.2994 -0.8789
vn -0.4602 0.8312 -0.3121
vn -0.5242 0.7818 0.3375
vn -0.0930 0.0734 -0.9930
vn 0.0054 0.0001 -1.0000
vn 0.0361 -0.0202 -0.9991
vn -0.0442 0.0028 -0.9990
vn 0.0552 0.9436 -0.3264
vn 0.6728 -0.2931 0.6793
vn 0.2762 -0.6512 0.7068
vn 0.2926 0.6868 0.6654
vn -0.9990 -0.0358 -0.0260
vn -0.6387 -0.3309 0.6946
vn 0.9789 -0.2029 -0.0248
vn 0.9135 -0.2217 0.3410
vn 0.2347 0.0340 0.9715
vn 0.2442 -0.9585 0.1470
vn 0.5469 -0.7915 -0.2729
vn 0.2886 0.1335 0.9481
vn -0.3242 -0.0993 0.9408
vn 0.2808 -0.5698 0.7723
vn -0.3979 -0.6746 0.6217
vn -0.2999 -0.9517 0.0656
vn -0.8357 -0.5465 0.0546
vn -0.8126 -0.0437 0.5811
vn -0.8700 0.2907 0.3982
vn -0.9117 -0.2962 0.2849
vn -0.9922 -0.1239 -0.0150
vn -0.9649 0.2027 -0.1667
vn -1.0000 0.0027 -0.0074
vn -0.0009 1.0000 0.0040
vn -0.1476 0.9723 -0.1815
vn 0.0047 -0.0026 -1.0000
vn -0.3562 0.0153 -0.9343
vn -0.1736 0.1862 -0.9670
vn -0.6612 0.5655 -0.4930
vn -0.6985 0.0224 -0.7153
vn 0.9539 -0.2803 0.1076
vn 0.9403 0.3249 -0.1015
vn 0.7650 0.3759 0.5229
vn 0.6149 -0.2984 0.7299
vn 0.0140 -0.2697 0.9628
vn -0.9648 0.1434 -0.2203
vn -0.9589 -0.2093 0.1915
vn -0.7894 -0.4958 -0.3618
vn -0.5128 0.3013 0.8039
vn -0.6061 -0.2811 0.7440
vn 0.0577 0.3045 0.9508
vn 0.0142 0.8467 0.5318
vn 0.3589 0.9030 0.2363
vn -0.4553 0.8352 0.3086
vn -0.9370 0.2135 0.2764
vn 0.5653 0.8247 -0.0174
vn -0.6573 0.7441 -0.1191
vn 0.9604 -0.0842 0.2655
vn 0.6127 -0.6888 -0.3875
vn 0.9530 -0.0647 -0.2961
vn -0.0009 -0.9641 0.2654
vn 0.6368 -0.7119 0.2961
vn -0.9448 -0.2158 0.2466
vn -0.6014 -0.7260 -0.3334
vn -0.9517 -0.1931 -0.2385
vn -0.6093 -0.7417 0.2804
vn 0.5705 -0.0234 -0.8209
vn -0.9539 0.2956 -0.0512
vn -0.6389 -0.0392 -0.7683
vn -0.4213 0.2951 -0.8576
vn 0.0184 -0.5196 -0.8542
vn 0.0003 -0.9560 -0.2934
vn -0.0219 -0.1144 -0.9932
vn -0.0067 0.8990 -0.4379
vn -0.0751 0.9964 0.0399
vn -0.0081 0.3973 -0.9177
vn -0.0343 0.7351 -0.6771
vn 0.7022 -0.6864 0.1892
vn 0.6938 -0.1680 0.7003
vn 0.0651 0.9963 -0.0566
vn 0.0745 0.0616 -0.9953
vn -0.9947 0.0614 0.0823
vn 0.6726 0.3374 0.6586
vn -0.7466 -0.2184 0.6284
vn -0.7508 0.3424 0.5649
vn -0.0013 -0.7068 0.7074
vn 0.5436 -0.6064 0.5803
vn -0.5643 -0.5819 0.5856
vn -0.7086 -0.6650 0.2361
vn 0.2822 -0.3313 -0.9003
vn -0.0522 0.0263 -0.9983
vn -0.1848 0.8334 0.5208
vn -0.0195 0.9998 -0.0075
vn 0.7164 -0.6212 0.3176
vn 0.4019 0.6111 0.6819
vn 0.2742 -0.9082 0.3163
vn -0.0461 -0.9814 0.1866
vn 0.2515 -0.9672 0.0373
vn 0.3510 -0.5372 -0.7670
vn -0.4163 -0.0711 -0.9064
vn -0.3211 -0.6926 -0.6459
vn 0.7012 -0.0178 0.7127
vn 0.2781 -0.1473 0.9492
vn 0.8888 -0.4384 0.1334
vn 0.6876 -0.3105 0.6564
vn 0.3349 -0.6003 0.7263
vn 0.9813 -0.1851 -0.0536
vn 0.0202 -0.0547 0.9983
vn 0.4472 -0.8869 0.1156
vn 0.0777 -0.7269 0.6823
vn 0.3742 -0.5231 0.7657
vn -0.0906 -0.2606 0.9612
vn 0.1076 -0.2496 0.9623
vn -0.0825 -0.9722 0.2193
vn -0.0042 -0.7099 0.7043
vn 0.0828 0.1261 0.9886
vn -0.0315 0.4926 0.8697
vn 0.4386 0.2435 0.8651
vn 0.4683 0.8153 0.3405
vn 0.5410 -0.4009 -0.7393
vn -0.0061 -0.8109 -0.5852
vn 0.3146 -0.8897 -0.3307
vn -0.0004 0.6620 -0.7495
vn 0.5821 0.3553 -0.7314
vn 0.6427 0.4959 -0.5840
vn 0.5088 0.8292 -0.2314
vn 0.0008 0.9631 -0.2693
vn 0.1013 -0.9593 0.2636
vn 0.1430 -0.9863 -0.0817
vn 0.0018 0.9467 0.3222
vn 0.4263 0.0079 0.9046
vn -0.0032 0.2666 -0.9638
vn 0.7292 -0.1691 0.6630
vn 0.6152 -0.5966 0.5153
vn 0.7124 -0.7010 0.0331
vn 0.8641 -0.0013 0.5033
vn 0.2215 -0.0035 0.9752
vn 0.4042 -0.5932 0.6962
vn -0.2362 -0.7675 0.5960
vn -0.2073 -0.3625 0.9086
vn -0.2127 -0.9457 0.2458
vn 0.9735 -0.0488 0.2236
vn 0.8723 0.0033 0.4890
vn 0.9112 0.3051 0.2769
vn 0.6116 0.7810 0.1265
vn -0.3030 -0.1495 -0.9412
vn -0.0022 0.4208 -0.9072
vn -0.3335 0.2136 -0.9183
vn -0.0023 -0.8417 -0.5399
vn -0.3723 -0.5966 -0.7110
vn -0.2093 0.9778 -0.0051
vn 0.9678 0.2510 0.0194
vn 0.5809 -0.0386 0.8131
vn 0.5796 -0.7216 0.3787
vn 0.9473 -0.1717 0.2706
vn -0.0302 -0.5400 0.8411
vn 0.3529 -0.1616 0.9216
vn 0.7347 -0.1248 -0.6668
vn 0.6227 -0.7283 -0.2860
vn 0.9427 -0.1969 -0.2693
vn -0.0007 -0.7021 -0.7120
vn 0.0009 -0.9638 -0.2665
vn 0.5124 -0.0006 0.8587
vn 0.2939 0.2120 -0.9320
vn 0.2792 -0.1466 -0.9490
vn 0.3297 -0.6080 -0.7222
vn 0.0018 -0.9523 0.3052
vn 0.0467 0.9548 0.2936
vn 0.1319 0.7491 0.6492
vn -0.1120 0.7343 0.6695
vn 0.7205 0.3944 -0.5703
vn -0.0053 -0.2813 -0.9596
vn 0.7379 -0.2753 -0.6162
vn -0.0382 0.2787 0.9596
vn 0.0920 0.3029 0.9486
vn -0.0081 0.8505 -0.5258
vn 0.2838 0.8964 -0.3403
vn -0.0042 -0.1238 -0.9923
vn 0.7059 0.1823 0.6844
vn 0.3382 0.8633 0.3747
vn 0.0383 0.9985 0.0400
vn 0.2867 0.9568 0.0478
vn 0.8813 -0.2854 0.3766
vn 0.4316 0.0946 0.8971
vn 0.0775 -0.1238 0.9893
vn 0.5458 -0.5739 -0.6105
vn -0.1836 -0.9791 -0.0880
vn 0.2273 -0.9235 -0.3090
vn 0.6710 -0.7346 0.1008
vn 0.8729 -0.4875 -0.0217
vn 0.4494 -0.6209 0.6423
vn 0.2297 -0.1704 0.9582
vn 0.3354 -0.9250 0.1787
vn 0.8983 -0.4394 -0.0057
vn 0.9726 -0.2304 0.0316
vn -0.2186 -0.6388 0.7377
vn -0.2219 -0.8876 0.4037
vn 0.9053 -0.2966 0.3040
vn -0.0013 0.9668 -0.2554
vn -0.3057 0.9342 0.1837
vn -0.3025 0.9218 -0.2424
vn -0.0018 0.5377 0.8432
vn -0.0017 0.9811 0.1936
vn 0.6209 -0.1225 -0.7742
vn 0.8266 -0.5547 0.0955
vn 0.9438 -0.0602 -0.3249
vn 0.4960 -0.8679 -0.0276
vn 0.7384 0.6524 -0.1708
vn 0.9522 0.2468 0.1802
vn 0.6067 -0.3659 0.7057
vn 0.3083 -0.8907 0.3341
vn 0.0018 -0.8675 0.4974
vn 0.6010 0.2337 0.7643
vn 0.5774 0.6378 0.5097
vn -0.0194 0.7223 0.6913
vn 0.3126 0.7281 0.6100
vn 0.2845 0.9419 0.1785
vn 0.9452 -0.2749 0.1759
vn -0.0028 0.2666 0.9638
vn 0.2243 -0.9742 0.0249
vn 0.4726 -0.8813 0.0003
vn 0.2410 -0.9145 -0.3250
vn 0.0176 -0.9916 0.1285
vn 0.0004 0.9640 0.2659
vn 0.4588 0.8196 -0.3433
vn 0.5344 0.7732 0.3414
vn -0.0365 0.4867 -0.8728
vn 0.0382 0.0705 -0.9968
vn 0.4064 0.2502 -0.8788
vn 0.0928 -0.6570 -0.7481
vn -0.0277 -0.9772 -0.2105
vn 0.0020 0.9507 -0.3100
vn 0.0060 -0.2486 -0.9686
vn 0.0934 -0.1348 -0.9865
vn 0.2798 0.9302 -0.2377
vn 0.6927 -0.7204 -0.0346
vn 0.3344 -0.3765 -0.8639
vn 0.7107 -0.5873 -0.3873
vn -0.2416 -0.9694 -0.0445
vn -0.3402 -0.8956 -0.2866
vn -0.2436 0.0447 0.9688
vn -0.2956 0.2912 0.9098
vn -0.2563 -0.3369 0.9060
vn -0.0037 -0.7062 0.7080
vn -0.3435 -0.6616 0.6666
vn -0.2535 -0.9065 0.3376
vn -0.0082 -0.9961 0.0883
vn -0.0097 -0.0887 0.9960
vn -0.0267 0.9993 -0.0272
vn -0.3486 -0.0281 -0.9369
vn 0.0117 0.0543 -0.9985
vn 0.0395 0.9977 -0.0544
vn 0.2732 0.2321 0.9335
vn 0.7217 -0.2257 0.6544
vn 0.2630 -0.1511 0.9529
vn 0.2951 -0.6573 0.6934
vn 0.5850 -0.6156 0.5280
vn 0.2709 -0.9486 0.1638
vn 0.9618 -0.2352 0.1402
vn 0.5732 0.3431 0.7441
vn 0.5989 -0.2269 0.7680
vn -0.0035 -0.2664 0.9638
vn 0.4447 0.8441 0.2994
vn 0.0288 0.9775 -0.2088
vn 0.2933 0.9560 0.0086
vn 0.5691 0.8195 -0.0674
vn 0.9630 0.2454 0.1115
vn 0.0042 0.8384 0.5451
vn 0.2295 -0.0162 -0.9732
vn 0.0624 -0.0162 -0.9979
vn 0.6036 -0.7100 -0.3628
vn 0.9420 -0.1981 0.2708
vn 0.9436 -0.1730 -0.2823
vn 0.0005 -0.9644 0.2643
vn 0.6082 -0.7142 0.3465
vn 0.5640 -0.0676 -0.8230
vn 0.0159 0.3428 -0.9393
vn 0.9603 0.2712 -0.0660
vn -0.0373 -0.5029 -0.8636
vn 0.0020 -0.9562 -0.2927
vn -0.0061 0.7078 -0.7064
vn 0.2669 -0.9323 -0.2442
vn 0.7284 0.3295 0.6007
vn -0.0009 -0.7493 0.6622
vn -0.0195 0.9938 0.1099
vn 0.6994 -0.6975 -0.1561
vn -0.0304 -0.1490 -0.9884
vn 0.3250 -0.3793 -0.8663
vn -0.0772 -0.9970 0.0038
vn -0.5912 -0.5856 -0.5546
vn -0.1991 0.3511 0.9149
vn -0.7261 -0.6864 -0.0393
vn -0.3250 0.7232 0.6094
vn -0.3956 -0.3726 -0.8394
vn -0.2966 -0.3066 -0.9044
vn 0.8740 -0.3375 -0.3495
vn -0.3678 0.6791 -0.6352
vn 0.3164 0.7089 -0.6304
vn 0.0726 0.9973 0.0052
vn -0.5893 0.5674 -0.5752
vn -0.9976 0.0083 0.0685
vn 0.8868 -0.0668 0.4574
vn 0.9821 0.0663 0.1764
vn -0.3504 0.8828 -0.3130
vn -0.0102 -0.3299 0.9439
vn -0.0529 -0.9929 -0.1063
vn -0.0285 -0.9780 0.2065
vn -0.6366 0.6750 0.3729
vn -0.9437 0.0216 -0.3301
vn -0.6707 0.6830 -0.2893
vn -0.7425 -0.6665 0.0662
vn -0.9551 0.0148 0.2961
vn -0.0558 -0.0170 0.9983
vn -0.5608 0.0092 0.8279
vn -0.2912 0.2966 0.9095
vn -0.1423 -0.0595 0.9880
vn -0.4219 -0.4139 0.8066
vn -0.6369 -0.3728 -0.6748
vn -0.9538 0.3003 -0.0093
vn -0.9557 -0.2938 -0.0187
vn 0.0030 -0.2923 -0.9563
vn -0.7184 -0.0391 0.6946
vn -0.5840 -0.8106 0.0443
vn -0.1921 -0.9813 -0.0091
vn -0.3660 -0.8661 -0.3405
vn -0.0898 -0.9927 0.0800
vn -0.3758 -0.8375 0.3967
vn -0.2943 0.0179 0.9555
vn -0.0716 0.7654 0.6396
vn -0.5185 0.2881 0.8051
vn -0.5390 0.5732 0.6173
vn -0.5978 0.2724 -0.7539
vn -0.2925 0.6873 -0.6649
vn -0.6018 0.5634 -0.5660
vn -0.6756 0.6787 -0.2881
vn -0.2714 -0.6343 -0.7239
vn -0.7275 -0.2846 -0.6243
vn -0.5842 -0.6034 -0.5427
vn -0.7697 -0.5722 -0.2832
vn -0.7393 0.6237 0.2538
vn -0.2220 0.9541 0.2008
vn -0.6367 -0.2918 0.7138
vn -0.1361 -0.7024 0.6987
vn -0.5583 -0.5996 0.5735
vn -0.6253 -0.7217 0.2969
vn -0.1209 -0.9492 0.2905
vn -0.2165 -0.2175 -0.9517
vn -0.0741 0.2267 -0.9711
vn -0.0392 0.2747 0.9607
vn -0.1335 -0.3031 0.9436
vn -0.2406 0.9473 -0.2116
vn -0.2373 -0.9329 -0.2710
vn 0.0122 -0.3269 0.9450
vn 0.0022 -0.0554 0.9985
vn 0.0019 -0.7206 0.6934
vn 0.9599 0.0139 -0.2801
vn 0.5357 0.7646 0.3583
vn 0.7370 0.5973 -0.3165
vn 0.8207 -0.5033 0.2706
vn 0.9431 0.0581 0.3274
vn 0.1327 -0.0587 0.9894
vn -0.0072 -0.0105 0.9999
vn 0.4828 -0.0037 0.8757
vn 0.2869 0.3804 0.8792
vn 0.1818 0.0270 0.9830
vn 0.1809 -0.9835 -0.0068
vn 0.5249 -0.8501 0.0425
vn 0.2969 -0.8785 -0.3741
vn 0.9421 0.3282 -0.0692
vn 0.5153 -0.3865 -0.7649
vn 0.9416 -0.3319 -0.0576
vn 0.0735 -0.9930 0.0926
vn 0.8296 -0.3123 0.4628
vn -0.0195 -0.9991 -0.0364
vn 0.0009 -1.0000 -0.0047
vn 0.0028 -0.9990 0.0442
vn 0.2952 -0.8575 0.4214
vn 0.2830 0.2214 -0.9332
vn 0.1010 0.7097 -0.6972
vn 0.1854 0.2636 0.9466
vn 0.1352 -0.2773 0.9512
vn 0.1489 -0.9467 0.2857
vn 0.6664 -0.0237 -0.7453
vn 0.5652 0.5880 -0.5786
vn 0.5283 -0.5747 -0.6250
vn 0.1868 -0.2217 -0.9571
vn 0.2976 0.7160 0.6315
vn 0.5939 0.2783 0.7549
vn 0.6168 0.7405 0.2669
vn 0.1728 0.9612 0.2152
vn 0.6250 -0.2699 0.7324
vn 0.1786 -0.6956 0.6958
vn 0.6303 -0.7287 0.2678
vn 0.5455 0.7963 -0.2615
vn 0.0552 -0.6275 -0.7767
vn 0.5034 -0.8200 -0.2722
vn 0.0561 0.9745 -0.2174
vn 0.0521 -0.9567 -0.2863
vn -0.0285 0.0242 0.9993
vn -0.2986 0.6751 -0.6746
vn -0.2803 -0.7389 -0.6127
vn -0.2776 -0.9604 -0.0237
vn 0.7591 -0.5872 -0.2811
vn -0.6649 0.2745 -0.6947
vn -0.3358 0.5971 0.7285
vn 0.5704 0.2785 -0.7727
vn 0.8155 0.2501 0.5220
vn -0.4278 0.9038 0.0054
vn -0.5617 0.7432 0.3635
vn -0.5093 0.3872 -0.7686
vn -0.4161 0.9044 -0.0950
vn -0.9562 0.2012 -0.2127
vn -0.3045 -0.5352 0.7879
vn -0.7084 -0.2159 0.6719
vn -0.3013 0.1339 0.9441
vn -0.6473 0.3512 0.6765
vn -0.1726 0.9721 0.1589
vn -0.6610 0.7492 0.0423
vn -0.4536 0.8910 -0.0205
vn -0.6525 -0.2031 -0.7301
vn -0.2518 -0.2128 -0.9441
vn -0.9593 -0.1352 0.2480
vn 0.0149 -0.2155 0.9764
vn -0.6698 0.1203 0.7328
vn -0.2927 0.0451 0.9551
vn -0.6672 -0.1088 0.7369
vn -0.9209 0.2044 0.3320
vn -0.9899 0.0075 -0.1418
vn -0.9849 0.1688 -0.0381
vn 0.9530 -0.0064 -0.3030
vn 0.5529 0.7586 0.3445
vn 0.5902 0.7628 -0.2643
vn -0.9566 -0.0365 0.2890
vn 0.4969 -0.0078 0.8678
vn 0.2286 0.4216 0.8775
vn 0.9268 -0.3074 -0.2158
vn 0.5564 -0.0020 -0.8309
vn 0.6891 -0.3760 -0.6195
vn 0.8689 -0.0133 0.4948
vn 0.9480 -0.2507 0.1958
vn 0.7647 -0.2978 0.5714
vn 0.9976 -0.0024 -0.0697
vn -0.8824 -0.0140 -0.4703
vn -0.3601 0.6436 -0.6754
vn -0.8963 0.3524 -0.2691
vn -0.8660 0.4999 0.0039
vn -0.0003 0.7458 0.6662
vn -0.8620 0.0002 0.5070
vn -0.7948 0.4691 0.3851
vn -0.2886 0.9574 -0.0128
vn 0.6782 0.2998 -0.6710
vn 0.2803 0.6621 -0.6950
vn 0.2719 -0.0000 -0.9623
vn 0.6755 0.6838 -0.2759
vn 0.5928 0.5798 -0.5589
vn 0.5098 0.2567 0.8211
vn 0.0908 0.2917 0.9522
vn 0.6013 0.7487 0.2792
vn 0.3031 0.9530 -0.0019
vn -0.3057 0.0018 -0.9521
vn -0.8734 0.4869 0.0102
vn 0.6953 0.3251 -0.6410
vn 0.9403 0.2657 -0.2126
vn 0.7891 0.2888 0.5421
vn 0.9539 0.2273 0.1958
vn -0.0408 0.0387 0.9984
vn -0.0466 0.3063 0.9508
vn -0.3414 0.2933 0.8930
vn -0.7089 0.7039 0.0436
vn -0.6744 0.7357 -0.0621
vn -0.1236 0.9891 -0.0801
vn -0.0422 -0.9661 -0.2547
vn -0.4348 -0.0152 -0.9004
vn -0.2454 0.0570 -0.9678
vn -0.1260 -0.7798 -0.6132
vn -0.5141 0.7739 -0.3699
vn -0.7674 -0.5033 -0.3972
vn -0.3616 -0.9188 -0.1581
vn -0.4783 -0.0222 -0.8779
vn -0.6238 0.7423 0.2447
vn -0.9444 0.1533 -0.2908
vn -0.2535 0.9437 0.2126
vn -0.9087 0.2036 0.3645
vn -0.9668 -0.1929 0.1676
vn -0.4399 0.2361 -0.8665
vn 0.5716 0.8205 -0.0001
vn 0.9333 0.2135 0.2888
vn 0.7293 0.6037 0.3220
vn 0.8661 -0.4997 0.0113
vn 0.9494 -0.1986 0.2435
vn 0.9973 0.0732 0.0025
vn -0.6909 -0.7211 -0.0517
vn -0.1450 -0.9844 -0.0994
vn -0.3896 -0.8735 -0.2917
vn -0.9271 -0.2976 -0.2280
vn -0.9851 0.1352 -0.1066
vn -0.9609 -0.2679 0.0703
vn 0.0696 -0.9968 -0.0386
vn 0.4936 -0.8690 0.0353
vn 0.2571 -0.8881 -0.3810
vn 0.9525 0.3045 -0.0000
vn 0.5520 -0.3509 -0.7564
vn 0.9470 -0.3212 -0.0021
vn -0.2496 -0.9683 -0.0061
vn -0.3004 0.7306 -0.6132
vn -0.8879 0.4599 -0.0008
vn -0.9008 0.0951 -0.4236
vn -0.7658 -0.6431 -0.0016
vn -0.0265 -0.6960 -0.7175
vn -0.8683 -0.1704 -0.4659
vn 0.6493 0.2922 -0.7021
vn 0.3269 0.6838 -0.6523
vn 0.3029 0.0051 -0.9530
vn 0.6547 0.6887 -0.3115
vn 0.4945 0.5908 -0.6375
vn 0.6338 -0.2755 -0.7228
vn 0.5871 -0.7582 -0.2838
vn 0.5676 -0.5897 -0.5746
vn -0.2248 -0.0087 -0.9744
vn 0.2717 0.9624 0.0029
vn 0.7353 0.6047 -0.3061
vn -0.9833 -0.1092 -0.1456
vn -0.8901 0.0039 -0.4558
vn 0.7467 -0.5841 -0.3182
vn 0.9536 -0.1994 -0.2255
vn 0.9393 0.2127 -0.2691
vn -0.7253 -0.0420 -0.6871
vn -0.5529 -0.3497 -0.7563
vn -0.6901 0.0700 -0.7204
vn -0.4590 0.0147 -0.8883
vn -0.8972 -0.0137 -0.4414
vn 0.5543 0.2404 -0.7968
vn -0.0933 0.8722 -0.4802
vn -0.3077 0.3109 -0.8993
vn -0.0220 0.3237 -0.9459
vn -0.0499 0.9952 -0.0837
vn -0.1863 -0.0441 -0.9815
vn -0.9781 0.1857 0.0938
vn -0.8071 0.5272 -0.2657
vn -0.8989 0.4376 0.0225
vn 0.5259 0.0079 -0.8505
vn 0.5576 0.7025 -0.4422
vn 0.3005 0.4278 -0.8525
vn 0.0782 0.1609 -0.9839
vn -0.2290 0.1210 -0.9659
vn -0.2244 -0.0626 -0.9725
vn 0.8880 -0.0256 -0.4591
vn 0.8491 0.5275 -0.0257
vn -0.9679 0.1468 -0.2038
vn -0.7152 0.0255 -0.6984
vn -0.6601 0.3723 -0.6524
vn -0.2554 0.9626 0.0899
vn -0.7212 0.6869 -0.0899
vn -0.2516 0.9618 -0.1075
vn 0.4776 0.8778 0.0370
vn 0.7956 0.3992 -0.4557
vn 0.8803 0.4732 -0.0330
vn 0.1267 0.9898 -0.0646
vn 0.2422 0.8646 -0.4403
vn -0.0202 0.8721 -0.4889
vn -0.4805 0.7979 -0.3640
vn -0.8941 0.3171 -0.3163
vn -0.9810 0.1828 -0.0653
vn 0.7866 -0.2219 -0.5762
vn 0.9999 0.0114 -0.0035
vn -0.3850 0.7856 -0.4843
vn -0.5866 0.5184 -0.6222
vn -0.1534 0.6662 -0.7298
vn 0.0152 -0.9340 0.3569
vn -0.0023 -1.0000 -0.0047
vn 0.1941 -0.9680 0.1591
vn 0.1783 -0.1362 0.9745
vn -0.0007 -0.0040 1.0000
vn 0.1349 0.9479 -0.2887
vn -0.1008 0.9400 0.3260
vn -0.7029 0.5848 0.4049
vn -0.9489 0.0351 -0.3135
vn -0.5783 0.7697 -0.2705
vn -0.7766 -0.6253 0.0767
vn -0.9451 0.0156 0.3264
vn -0.3834 -0.7938 -0.4721
vn -0.4225 -0.8929 0.1555
vn -0.0495 0.6028 0.7964
vn -0.5695 0.0040 0.8220
vn -0.2990 0.2636 0.9171
vn 0.2988 -0.9396 0.1669
vn -0.1381 -0.6661 0.7330
vn 0.2949 -0.4240 0.8563
vn -0.4432 -0.3723 0.8155
vn -0.0851 0.2641 -0.9607
vn -0.6862 -0.3903 -0.6139
vn -0.9627 0.2706 0.0012
vn -0.9543 -0.2988 -0.0013
vn -0.0651 -0.2963 -0.9529
vn -0.7247 -0.3368 0.6012
vn -0.2165 0.2453 0.9450
vn -0.1932 -0.2391 0.9516
vn -0.0237 -0.8209 -0.5706
vn -0.0395 -0.7682 0.6389
vn 0.2756 -0.0236 0.9610
vn -0.5231 -0.8521 -0.0193
vn -0.3312 -0.9001 -0.2830
vn -0.3085 -0.9042 0.2954
vn 0.4555 -0.5925 0.6644
vn 0.0219 -0.7121 0.7017
vn 0.9608 -0.1837 0.2076
vn 0.6998 -0.7130 0.0446
vn 0.9973 -0.0600 -0.0423
vn 1.0000 0.0084 0.0005
vn 0.6659 -0.0357 0.7452
vn 0.4380 -0.0067 0.8990
vn -0.0307 -0.0711 0.9970
vn 0.9141 -0.0081 0.4055
vn -0.1123 -0.9934 0.0222
vn 0.9959 0.0889 -0.0134
vn 0.9424 -0.3340 0.0149
vn 0.3677 -0.9298 0.0142
vn 0.6950 -0.7190 -0.0009
vn -0.2724 0.0008 -0.9622
vn 0.3926 0.6443 -0.6563
vn -0.2857 0.6784 -0.6769
vn -0.2728 0.9621 0.0036
vn 0.3622 -0.5921 -0.7199
vn -0.2862 -0.6061 -0.7421
vn 0.0270 -0.9536 -0.2999
vn 0.3638 0.7159 0.5959
vn 0.0152 0.2963 0.9550
vn -0.2860 0.7400 0.6088
vn 0.2934 0.9560 -0.0019
vn 0.8486 0.0207 -0.5286
vn 0.2937 0.0004 -0.9559
vn 0.8652 0.5001 0.0371
vn 0.9065 0.2931 -0.3040
vn 0.7561 -0.6544 0.0005
vn 0.8607 -0.3960 -0.3200
vn 0.7861 -0.0165 0.6179
vn 0.0531 -0.7109 0.7012
vn -0.0655 -0.2846 0.9564
vn -0.0640 -0.9554 0.2883
vn 0.0263 -0.9983 0.0522
vn -0.6805 0.3059 -0.6659
vn -0.5901 0.5718 -0.5699
vn -0.6782 0.6735 -0.2940
vn -0.7292 -0.2874 -0.6210
vn -0.6067 -0.5880 -0.5350
vn -0.6071 -0.7465 -0.2725
vn -0.6040 0.2730 0.7488
vn -0.5691 0.5658 0.5967
vn -0.6805 0.6740 0.2874
vn -0.5904 -0.2698 0.7607
vn -0.5446 -0.5949 0.5911
vn -0.5869 -0.7631 0.2706
vn 0.0619 -0.9953 -0.0740
vn 0.4246 -0.7594 -0.4929
vn 0.0014 -0.7634 -0.6459
vn 0.0361 -0.9993 0.0055
vn -0.1716 0.6986 -0.6947
vn 0.0595 0.0754 0.9954
vn 0.3415 0.6564 -0.6727
vn -0.1429 0.6245 0.7678
vn 0.4863 0.5543 0.6754
vn -0.6903 0.2857 -0.6647
vn -0.7197 0.2698 0.6397
vn 0.9973 -0.0571 0.0457
vn 0.0272 -0.0267 0.9993
vn -0.1383 0.9621 -0.2349
vn -0.0816 0.9612 0.2635
vn -0.7109 0.6008 0.3655
vn -0.9632 -0.0041 -0.2687
vn -0.7379 0.6251 -0.2545
vn -0.1026 0.5721 0.8138
vn -0.5569 0.0024 0.8306
vn -0.3863 0.3298 0.8614
vn -0.0065 0.3067 0.9518
vn 0.2156 0.0318 0.9760
vn 0.0328 -0.2468 -0.9685
vn 0.3182 -0.3118 -0.8953
vn 0.0171 -0.1450 0.9893
vn 0.4276 0.1457 0.8922
vn 0.3891 -0.1670 0.9059
vn -0.7358 -0.0016 -0.6772
vn -0.9394 -0.2622 -0.2208
vn -0.6878 -0.3400 -0.6414
vn -0.3322 -0.2968 -0.8953
vn -0.0874 -0.0084 -0.9961
vn -0.9490 -0.2296 0.2162
vn -0.8445 0.0111 0.5355
vn -0.7158 -0.3188 0.6213
vn -1.0000 -0.0006 -0.0079
vn -0.4330 -0.1170 0.8938
vn 0.0208 0.0227 0.9995
vn -0.3942 0.1845 0.9003
vn 0.0168 0.5599 0.8284
vn 0.5116 0.5942 0.6206
vn -0.6643 0.3011 -0.6842
vn -0.6559 0.6932 -0.2989
vn -0.9429 0.2515 -0.2182
vn -0.5112 0.6075 -0.6080
vn -0.1675 0.2701 -0.9482
vn -0.6021 0.7463 0.2837
vn -0.7653 0.2587 0.5894
vn -0.9521 0.2162 0.2162
vn -0.5358 0.6089 0.5849
vn 0.0544 0.0395 0.9977
vn 0.9970 0.0395 -0.0660
vn 0.9236 0.0041 0.3832
vn 0.9957 0.0186 0.0909
vn 0.6920 -0.0053 0.7218
vn -0.2708 -0.0000 -0.9626
vn 0.3693 0.6325 -0.6808
vn -0.3253 0.6514 -0.6854
vn -0.3029 0.9530 -0.0051
vn 0.0022 0.7429 0.6694
vn 0.2853 0.9584 -0.0128
vn 0.8620 -0.0344 -0.5058
vn 0.2931 0.0020 -0.9561
vn 0.8249 0.5651 0.0110
vn 0.8671 0.3499 -0.3547
vn 0.8245 -0.0390 0.5645
vn -0.0544 0.3006 0.9522
vn 0.9998 0.0203 -0.0056
vn 0.9882 0.1505 -0.0297
vn 0.9824 0.1440 0.1187
vn -0.1059 -0.0182 0.9942
vn -0.6532 0.3058 -0.6927
vn -0.5785 0.2758 0.7677
vn 0.9795 -0.2007 0.0172
vn 0.9984 -0.0434 0.0373
vn 0.1554 0.6990 -0.6980
vn 0.2475 0.2667 -0.9315
vn -0.0280 -0.9369 0.3486
vn 0.0543 -0.9985 -0.0117
vn 0.0458 0.9689 0.2434
vn 0.2864 0.9089 0.3032
vn -0.9391 0.2197 0.2641
vn -0.7427 0.6696 0.0002
vn -0.6711 0.6622 0.3334
vn -0.3428 0.9041 0.2550
vn 0.4502 -0.8785 -0.1598
vn 0.0115 -0.9941 0.1079
vn 0.3886 -0.9063 0.1661
vn -0.9503 -0.2150 0.2252
vn -0.8456 -0.5337 0.0107
vn -1.0000 0.0093 0.0008
vn -0.4088 -0.9029 0.1329
vn -0.7287 -0.6182 0.2946
vn -0.0973 0.9953 0.0020
vn -0.4079 -0.9010 -0.1478
vn -0.0161 -0.9979 -0.0622
vn -0.0162 -0.9732 -0.2295
vn -0.1004 0.2506 -0.9629
vn -0.7079 -0.3657 -0.6042
vn -0.9632 0.2688 -0.0000
vn -0.9545 -0.2982 -0.0018
vn -0.0786 -0.2624 -0.9617
vn -0.0649 -0.8355 -0.5457
vn 0.2868 -0.9578 -0.0200
vn -0.5052 -0.8622 0.0372
vn -0.3797 -0.8656 -0.3263
vn -0.1231 -0.8330 -0.5395
vn -0.0003 -1.0000 0.0019
vn -0.1371 0.6975 -0.7034
vn 0.2822 0.9156 -0.2864
vn 0.0443 0.9719 -0.2313
vn -0.6743 0.6662 -0.3186
vn -0.6788 0.2831 -0.6776
vn -0.5696 0.5724 -0.5899
vn -0.3417 0.9076 -0.2440
vn -0.7725 -0.5658 -0.2884
vn -0.6041 -0.2856 -0.7440
vn -0.9521 -0.2165 -0.2161
vn -0.5255 -0.6076 -0.5956
vn -0.9422 0.2197 -0.2529
vn 0.9299 -0.3677 -0.0104
vn 0.9981 -0.0622 -0.0026
vn 1.0000 0.0049 -0.0067
vn -0.3008 0.0049 -0.9537
vn 0.3685 0.6690 -0.6455
vn -0.2801 0.6958 -0.6613
vn -0.2712 0.9625 0.0036
vn 0.7760 -0.0920 -0.6240
vn 0.2860 0.0110 -0.9582
vn 0.8591 0.5118 -0.0016
vn 0.8649 0.3378 -0.3714
vn -0.0033 -0.6686 -0.7436
vn 0.7312 -0.6821 -0.0041
vn 0.8104 -0.4009 -0.4273
vn 0.9878 0.0018 -0.1555
vn 0.9994 0.0204 -0.0292
vn -0.1474 -0.9886 0.0303
vn -0.6795 0.6727 -0.2929
vn -0.5599 -0.7763 -0.2896
vn -0.7066 0.2762 -0.6515
vn 0.9961 0.0584 -0.0664
vn -0.0015 0.5038 -0.8638
vn -0.0036 0.9660 -0.2587
vn -0.5909 0.7004 -0.4003
vn -0.4557 0.0030 -0.8902
vn -0.2816 0.3817 -0.8803
vn -0.7917 0.5747 0.2072
vn -0.9188 0.0048 -0.3948
vn -0.3548 0.9049 0.2352
vn 0.2901 0.2097 -0.9337
vn 0.0031 -0.2056 -0.9786
vn 0.4021 -0.5675 -0.7185
vn -0.1263 0.6550 -0.7450
vn -0.7680 0.4147 -0.4880
vn -0.2295 0.3231 -0.9181
vn 0.0686 0.9478 -0.3115
vn -0.7251 -0.1958 -0.6602
vn -0.9632 -0.1762 -0.2031
vn -0.3908 -0.2506 -0.8857
vn -0.1061 0.9160 -0.3868
vn 0.9750 0.0541 -0.2157
vn 0.9837 0.1640 -0.0732
vn 0.2937 0.2303 -0.9277
vn -0.0019 0.4874 -0.8732
vn -0.0349 0.2116 -0.9767
vn -0.1251 0.0176 -0.9920
vn 0.9998 -0.0009 0.0197
vn 0.7185 0.0297 -0.6949
vn 0.7920 0.3503 -0.5000
vn 0.2164 -0.0328 -0.9758
vn 0.3093 0.9429 -0.1240
vn 0.0125 0.9042 -0.4269
vn 0.3319 0.7495 -0.5728
vn 0.7509 0.6561 -0.0747
vn 0.9610 0.2747 0.0305
vn 0.2397 0.9689 0.0612
vn -0.1042 0.9904 -0.0903
vn -0.5327 0.8459 0.0246
vn 0.0282 0.6919 -0.7214
vn -0.0017 0.0841 0.9965
vn 0.7618 -0.5774 0.2938
vn 0.3883 0.8853 0.2559
vn 0.8324 0.4198 0.3617
vn -0.0651 0.4629 -0.8840
vn -0.6982 -0.6771 0.2325
vn -0.2861 -0.6645 0.6903
vn 0.3810 -0.6555 0.6520
vn 0.9461 0.0019 0.3240
vn 0.9136 0.2678 0.3059
vn 0.9928 -0.0893 0.0799
vn -0.2610 0.8842 0.3873
vn 0.8455 0.3559 0.3981
vn 0.5863 -0.5737 0.5719
vn -0.0039 -0.0786 -0.9969
vn 0.8251 -0.4206 0.3773
vn 0.9615 -0.2729 0.0328
vn -0.1085 -0.6464 0.7553
vn -0.0642 -0.0112 0.9979
vn -0.7508 0.5564 0.3560
vn -0.3945 0.2328 0.8889
vn -0.0753 -0.2488 0.9656
vn -0.6085 -0.3007 -0.7344
vn 0.0025 -0.2997 -0.9540
vn -0.6414 0.2900 -0.7103
vn -0.7054 0.6593 -0.2601
vn -0.9531 0.3027 -0.0086
vn -0.3405 0.6718 -0.6578
vn -0.7127 -0.0254 0.7010
vn -0.2925 0.0223 0.9560
vn -0.7255 0.6398 0.2538
vn -0.2931 0.5584 0.7761
vn -0.1007 0.7565 -0.6462
vn -0.3010 0.9438 -0.1364
vn -0.5385 0.6379 -0.5505
vn -0.0525 0.8060 0.5896
vn -0.3461 0.8215 0.4531
vn -0.0601 0.9826 0.1756
vn -0.4635 -0.8687 0.1749
vn -0.1557 -0.9759 0.1527
vn -0.4518 -0.8921 -0.0051
vn -0.9756 -0.2194 0.0070
vn -0.4119 -0.9084 -0.0719
vn -0.8886 -0.4528 0.0724
vn -0.9738 -0.2174 -0.0662
vn 0.5551 -0.7576 0.3435
vn 0.9489 0.0044 0.3156
vn -0.3764 -0.2889 0.8803
vn -0.0150 -0.0115 0.9998
vn 0.0176 0.2039 0.9788
vn 0.2970 0.0581 0.9531
vn -0.0044 -0.0029 1.0000
vn -0.2643 -0.0474 0.9633
vn -0.3014 -0.6106 -0.7323
vn -0.8655 -0.4349 -0.2484
vn -0.8774 -0.4786 0.0323
vn 0.0470 -0.7280 0.6840
vn -0.8578 -0.3741 0.3523
vn -0.3106 -0.9505 -0.0086
vn 0.2959 -0.6704 -0.6804
vn 0.6779 -0.3010 -0.6707
vn 0.7540 -0.6045 -0.2570
vn 0.5860 -0.5942 -0.5508
vn 0.6688 -0.2740 0.6911
vn 0.0976 -0.2880 0.9527
vn 0.5904 -0.7596 0.2730
vn 0.3331 -0.9426 -0.0225
vn 0.9486 -0.2442 0.2011
vn 0.9780 -0.0922 -0.1870
vn 0.6828 -0.3117 -0.6608
vn 0.7890 -0.2477 0.5622
vn 0.5255 -0.5675 0.6339
vn 0.0868 0.9697 -0.2284
vn 0.3447 0.5835 -0.7354
vn 0.2318 0.9492 0.2128
vn 0.9246 0.3228 -0.2024
vn 0.7581 0.0458 -0.6505
vn 0.5766 0.7771 -0.2522
vn 0.4933 0.3601 -0.7918
vn 0.5058 0.6031 -0.6168
vn 0.7027 0.6727 0.2317
vn 0.2643 0.7415 0.6167
vn 0.8250 0.3302 0.4587
vn 0.8058 0.0561 0.5895
vn 0.9827 0.0594 0.1754
vn -0.7150 -0.6795 0.1645
vn -0.4351 -0.8981 0.0648
vn 0.5858 -0.7658 -0.2654
vn -0.7370 0.6200 -0.2692
vn -0.1153 -0.9879 -0.1040
vn -0.7427 -0.6689 -0.0310
vn -0.8861 -0.4634 -0.0114
vn -0.9629 -0.0999 -0.2507
vn -0.6075 -0.7050 0.3659
vn -0.9603 -0.0790 0.2675
vn -0.3151 0.0240 0.9488
vn -0.6030 -0.0587 0.7955
vn -0.2756 -0.2683 0.9231
vn -0.0168 0.3266 0.9450
vn -0.0286 0.9782 0.2056
vn -0.0528 0.9929 -0.1063
vn -0.0351 0.4405 0.8970
vn -0.1551 -0.0008 0.9879
vn -0.5165 0.4314 0.7397
vn -0.5131 -0.4046 0.7570
vn -0.0827 -0.7947 0.6013
vn -0.5269 -0.5856 0.6160
vn -0.7012 -0.2011 -0.6840
vn -0.2918 0.2773 -0.9154
vn -0.7095 0.2652 -0.6529
vn -0.3005 -0.6784 -0.6705
vn -0.5889 -0.5701 -0.5729
vn -0.6749 -0.6815 -0.2829
vn -0.7393 -0.6272 0.2449
vn -0.2367 -0.9529 0.1898
vn -0.0358 -0.4271 0.9035
vn -0.2417 -0.9481 -0.2064
vn -0.6396 0.3693 -0.6742
vn -0.9537 -0.3006 -0.0088
vn -0.6626 -0.2800 -0.6947
vn 0.0029 0.2920 -0.9564
vn -0.1933 0.9811 -0.0092
vn -0.5810 0.8127 0.0452
vn -0.3658 0.8669 -0.3387
vn -0.0902 0.9927 0.0800
vn -0.9582 0.2859 -0.0142
vn -0.7158 0.0004 0.6983
vn -0.2926 -0.0967 0.9513
vn 0.5728 -0.0451 0.8184
vn 0.1949 -0.0247 0.9805
vn 0.9450 -0.1470 -0.2920
vn 0.8931 0.1906 0.4074
vn 0.8107 0.5349 -0.2379
vn 0.5015 -0.7885 0.3559
vn 0.9267 -0.1855 0.3268
vn 0.0360 0.0604 0.9975
vn 0.0109 0.3344 0.9424
vn 0.0017 0.7188 0.6952
vn 0.1330 -0.0148 0.9910
vn 0.1935 -0.3552 0.9145
vn 0.6435 0.2214 -0.7327
vn 0.3459 -0.1486 -0.9264
vn 0.5517 -0.6359 -0.5397
vn 0.7017 -0.3184 -0.6374
vn 0.1572 0.4344 0.8869
vn 0.6261 0.1609 0.7629
vn 0.5984 -0.5247 0.6055
vn 0.2320 -0.7966 0.5582
vn 0.7242 -0.6889 0.0318
vn 0.3296 -0.9416 -0.0685
vn 0.0416 0.2140 -0.9760
vn 0.0318 -0.1643 -0.9859
vn 0.0918 -0.6945 -0.7136
vn 0.0627 -0.9774 0.2019
vn 0.9574 -0.2841 -0.0523
vn 0.5152 0.3861 -0.7652
vn 0.5866 -0.2948 -0.7543
vn 0.5246 0.8502 0.0440
vn 0.1815 0.9834 -0.0066
vn 0.2994 0.8789 -0.3714
vn 0.8312 0.3121 0.4602
vn 0.7818 -0.3375 0.5242
vn 0.0734 0.9930 0.0930
vn 0.0001 1.0000 -0.0054
vn -0.0202 0.9991 -0.0361
vn 0.0028 0.9990 0.0442
vn 0.9436 0.3264 -0.0552
vn -0.2029 0.0248 -0.9789
vn -0.2217 -0.3410 -0.9135
vn 0.0340 -0.9715 -0.2347
vn -0.6512 -0.7068 -0.2762
vn -0.2931 -0.6793 -0.6728
vn 0.6868 -0.6654 -0.2926
vn -0.0358 0.0260 0.9990
vn -0.3313 -0.6947 0.6384
vn -0.5372 0.7670 -0.3510
vn -0.0711 0.9064 0.4163
vn -0.6926 0.6459 0.3211
vn -0.0178 -0.7127 -0.7012
vn -0.1473 -0.9492 -0.2781
vn -0.1850 0.0536 -0.9813
vn -0.4384 -0.1334 -0.8888
vn -0.3105 -0.6564 -0.6876
vn -0.6003 -0.7263 -0.3349
vn -0.0547 -0.9983 -0.0202
vn -0.6212 -0.3176 -0.7164
vn 0.8334 -0.5208 0.1848
vn 0.9998 0.0075 0.0195
vn 0.6111 -0.6819 -0.4019
vn -0.9082 -0.3163 -0.2742
vn -0.9814 -0.1866 0.0461
vn -0.9672 -0.0373 -0.2515
vn -0.8869 -0.1156 -0.4472
vn -0.7269 -0.6823 -0.0777
vn -0.5231 -0.7657 -0.3742
vn -0.9722 -0.2193 0.0825
vn -0.7099 -0.7043 0.0042
vn -0.2606 -0.9612 0.0906
vn -0.2496 -0.9623 -0.1076
vn -0.4009 0.7393 -0.5410
vn -0.8109 0.5852 0.0061
vn -0.8897 0.3307 -0.3146
vn 0.4926 -0.8697 0.0315
vn 0.8153 -0.3405 -0.4683
vn 0.2435 -0.8651 -0.4386
vn 0.1261 -0.9886 -0.0828
vn 0.6620 0.7495 0.0004
vn 0.8292 0.2314 -0.5088
vn 0.9631 0.2693 -0.0008
vn 0.3553 0.7314 -0.5821
vn 0.4959 0.5840 -0.6427
vn 0.0079 -0.9046 -0.4263
vn 0.2666 0.9638 0.0032
vn -0.9593 -0.2636 -0.1013
vn -0.9863 0.0817 -0.1430
vn 0.9467 -0.3222 -0.0018
vn -0.5966 -0.5153 -0.6152
vn -0.1691 -0.6630 -0.7292
vn -0.7010 -0.0331 -0.7124
vn -0.9791 0.0880 0.1836
vn -0.9235 0.3090 -0.2273
vn -0.7346 -0.1008 -0.6710
vn -0.4875 0.0217 -0.8729
vn -0.6209 -0.6423 -0.4494
vn -0.9250 -0.1787 -0.3354
vn -0.1704 -0.9582 -0.2297
vn -0.4394 0.0057 -0.8983
vn -0.2304 -0.0316 -0.9726
vn -0.2966 -0.3040 -0.9053
vn -0.6388 -0.7377 0.2186
vn -0.8876 -0.4037 0.2219
vn -0.1225 0.7742 -0.6209
vn 0.9668 0.2554 0.0013
vn 0.9342 -0.1837 0.3057
vn 0.9218 0.2424 0.3025
vn 0.5377 -0.8432 0.0018
vn 0.9811 -0.1936 0.0017
vn -0.5547 -0.0955 -0.8266
vn -0.0603 0.3249 -0.9438
vn -0.8679 0.0276 -0.4960
vn -0.3659 -0.7057 -0.6067
vn -0.8907 -0.3341 -0.3083
vn -0.8675 -0.4974 -0.0018
vn 0.6524 0.1708 -0.7384
vn 0.2468 -0.1802 -0.9522
vn 0.2337 -0.7643 -0.6010
vn 0.6378 -0.5097 -0.5774
vn 0.7223 -0.6913 0.0194
vn -0.2749 -0.1759 -0.9452
vn 0.2666 -0.9638 0.0028
vn 0.7281 -0.6100 -0.3126
vn 0.9419 -0.1785 -0.2845
vn -0.9742 -0.0249 -0.2243
vn -0.8813 -0.0003 -0.4726
vn -0.9145 0.3250 -0.2410
vn -0.9916 -0.1285 -0.0176
vn 0.9640 -0.2660 -0.0004
vn 0.8196 0.3433 -0.4588
vn 0.7732 -0.3414 -0.5344
vn 0.4867 0.8728 0.0365
vn 0.0705 0.9968 -0.0382
vn 0.2502 0.8788 -0.4064
vn -0.6570 0.7481 -0.0928
vn -0.9772 0.2105 0.0277
vn 0.9507 0.3100 -0.0020
vn -0.2486 0.9686 -0.0060
vn -0.1348 0.9865 -0.0934
vn -0.5873 0.3873 -0.7107
vn -0.7204 0.0346 -0.6927
vn 0.9302 0.2376 -0.2798
vn -0.3765 0.8639 -0.3344
vn -0.1381 -0.9619 -0.2359
vn -0.0815 -0.9611 0.2638
vn -0.7150 -0.5956 0.3662
vn -0.9540 0.0029 0.2998
vn -0.0643 -0.5747 0.8159
vn 0.2608 -0.4450 0.8567
vn -0.3463 -0.2806 0.8952
vn 0.0184 -0.3239 0.9459
vn 0.0354 -0.0895 0.9954
vn -0.0483 0.5393 0.8407
vn 0.2813 0.4976 0.8205
vn 0.1661 0.9433 -0.2873
vn 0.4089 0.8174 0.4059
vn -0.1207 0.9281 0.3522
vn -0.8090 0.4874 0.3285
vn -0.5597 0.7784 -0.2844
vn 0.0321 0.0703 0.9970
vn -0.3862 0.2302 0.8932
vn -0.4143 -0.5333 0.7375
vn -0.7591 -0.2620 0.5959
vn -0.4155 -0.0466 0.9084
vn 0.0796 -0.7910 0.6066
vn 0.4136 -0.2295 0.8811
vn -0.7164 -0.2791 -0.6395
vn -0.6573 -0.6917 -0.2991
vn -0.5053 -0.6067 -0.6136
vn -0.2947 -0.2583 -0.9200
vn -0.6356 -0.7190 0.2812
vn -0.5666 -0.5954 0.5695
vn -0.9483 -0.2397 -0.2079
vn 0.1608 -0.7052 -0.6906
vn -0.0010 -0.2033 -0.9791
vn 0.0118 -0.1664 0.9860
vn -0.1070 0.7120 -0.6939
vn -0.6174 0.5625 -0.5500
vn -0.6747 0.7378 -0.0206
vn -0.9491 0.3149 -0.0007
vn -0.1527 0.3322 -0.9308
vn -0.8180 0.0840 0.5691
vn -0.3923 0.2110 0.8953
vn -0.6557 0.5395 0.5282
vn -0.2106 0.6273 0.7498
vn 0.0025 0.1621 0.9868
vn 0.2454 0.0328 -0.9689
vn 0.4483 0.0474 0.8926
vn 0.3808 0.5165 0.7669
vn -0.6961 0.0928 -0.7119
vn -0.9713 0.0337 -0.2353
vn -0.1636 0.0331 -0.9860
vn -0.9773 0.0342 0.2092
vn 0.4330 0.0047 0.9014
vn 0.0333 -0.0112 0.9994
vn 0.9046 -0.0050 0.4262
vn 0.9984 0.0200 0.0521
vn 0.9720 0.0183 0.2343
vn 0.6432 0.0216 0.7654
vn 0.3699 -0.6361 -0.6772
vn -0.3253 -0.6511 -0.6858
vn -0.3030 -0.9530 -0.0051
vn 0.0612 -0.7434 0.6660
vn 0.2945 -0.9556 -0.0131
vn 0.8287 -0.5597 -0.0096
vn 0.9098 -0.2914 -0.2955
vn -0.0304 -0.2770 0.9604
vn 0.9983 -0.0558 0.0168
vn 0.9880 -0.1424 0.0602
vn 0.8106 -0.4187 0.4093
vn 0.4795 0.6618 -0.5763
vn -0.2839 0.9583 -0.0328
vn -0.3319 0.5926 -0.7340
vn 0.3224 0.7347 0.5969
vn 0.3228 0.9465 -0.0021
vn 0.7185 0.6936 -0.0522
vn 0.9703 0.2245 -0.0900
vn 0.9908 0.1235 0.0554
vn 0.9999 -0.0073 0.0105
vn -0.6532 -0.3068 -0.6923
vn -0.6117 -0.2739 0.7422
vn -0.2938 0.7643 0.5741
vn -0.7362 -0.6270 -0.2548
vn 0.3416 -0.2344 -0.9101
vn -0.9565 -0.2084 0.2043
vn 0.9993 -0.0285 -0.0242
vn 0.1335 -0.9481 -0.2886
vn -0.0993 -0.9408 0.3242
vn -0.9585 -0.1470 -0.2442
vn -0.7915 0.2729 -0.5469
vn -0.6746 -0.6217 0.3979
vn -0.9517 -0.0656 0.2999
vn -0.5698 -0.7723 -0.2808
vn -0.5465 -0.0546 0.8357
vn -0.0437 -0.5811 0.8126
vn 0.2907 -0.3982 0.8700
vn -0.2962 -0.2849 0.9117
vn -0.0026 1.0000 -0.0047
vn 0.0153 0.9343 0.3561
vn 0.1862 0.9670 0.1736
vn 0.0027 0.0074 1.0000
vn 0.2027 0.1667 0.9649
vn -0.0842 -0.2655 -0.9604
vn -0.6888 0.3875 -0.6127
vn -0.9641 -0.2654 0.0009
vn -0.7119 -0.2961 -0.6368
vn -0.0647 0.2961 -0.9530
vn -0.7261 0.3334 0.6014
vn -0.7417 -0.2804 0.6093
vn -0.2158 -0.2466 0.9448
vn -0.1931 0.2385 0.9517
vn -0.0234 0.8209 -0.5705
vn 0.2956 0.0512 0.9539
vn -0.0392 0.7683 0.6389
vn 0.2951 0.8576 0.4213
vn -0.5196 0.8542 -0.0184
vn -0.9560 0.2934 -0.0004
vn -0.1239 0.0150 0.9922
vn 1.0000 -0.0040 0.0009
vn 0.9723 0.1815 0.1476
vn 0.5655 0.4930 0.6612
vn 0.0224 0.7152 0.6985
vn -0.2803 -0.1076 -0.9539
vn 0.3249 0.1015 -0.9403
vn 0.3759 -0.5229 -0.7650
vn -0.2984 -0.7299 -0.6149
vn -0.2697 -0.9628 -0.0140
vn 0.1434 0.2203 0.9648
vn -0.2093 -0.1915 0.9589
vn -0.4958 0.3618 0.7894
vn 0.3013 -0.8039 0.5128
vn -0.2811 -0.7440 0.6061
vn 0.3045 -0.9508 -0.0577
vn 0.8467 -0.5318 -0.0142
vn 0.9030 -0.2363 -0.3589
vn 0.8352 -0.3086 0.4553
vn 0.2135 -0.2764 0.9370
vn 0.8247 0.0174 -0.5653
vn 0.7441 0.1191 0.6573
vn -0.1144 0.9932 0.0219
vn 0.8990 0.4379 0.0067
vn 0.9964 -0.0399 0.0751
vn 0.3973 0.9177 0.0081
vn 0.7351 0.6771 0.0343
vn -0.6864 -0.1892 -0.7022
vn -0.6064 -0.5803 -0.5436
vn -0.7068 -0.7074 0.0012
vn -0.6650 -0.2361 0.7086
vn -0.5819 -0.5856 0.5643
vn -0.3313 0.9003 -0.2822
vn 0.0263 0.9983 0.0522
vn -0.1680 -0.7003 -0.6938
vn 0.9963 0.0566 -0.0651
vn 0.0616 0.9953 -0.0745
vn 0.0614 -0.0823 0.9947
vn 0.3374 -0.6586 -0.6726
vn -0.2184 -0.6284 0.7466
vn 0.3424 -0.5649 0.7508
vn -0.0008 -0.5019 -0.8649
vn -0.0035 -0.9752 -0.2214
vn -0.5932 -0.6962 -0.4042
vn -0.7675 -0.5960 0.2362
vn -0.9457 -0.2458 0.2127
vn -0.3625 -0.9086 0.2073
vn -0.1495 0.9412 0.3030
vn 0.4208 0.9072 0.0022
vn 0.2136 0.9183 0.3335
vn -0.8417 0.5399 0.0023
vn -0.5966 0.7110 0.3723
vn 0.2510 -0.0194 -0.9678
vn -0.0386 -0.8131 -0.5809
vn -0.1248 0.6668 -0.7347
vn -0.7216 -0.3787 -0.5796
vn -0.5400 -0.8411 0.0302
vn -0.1616 -0.9216 -0.3529
vn -0.1717 -0.2706 -0.9473
vn -0.7283 0.2860 -0.6227
vn -0.7021 0.7120 0.0007
vn -0.9638 0.2665 -0.0009
vn -0.1969 0.2693 -0.9427
vn -0.0006 -0.8587 -0.5124
vn 0.2120 0.9320 -0.2939
vn -0.1466 0.9490 -0.2792
vn -0.6080 0.7222 -0.3297
vn -0.9523 -0.3052 -0.0018
vn -0.0488 -0.2236 -0.9735
vn 0.0033 -0.4890 -0.8723
vn 0.3051 -0.2769 -0.9112
vn 0.7810 -0.1265 -0.6116
vn 0.9778 0.0051 0.2093
vn 0.3945 0.5703 -0.7205
vn -0.2813 0.9596 0.0053
vn -0.2753 0.6162 -0.7379
vn 0.9551 -0.2927 -0.0451
vn 0.7466 -0.6514 -0.1350
vn 0.7353 -0.6687 0.1102
vn 0.2787 -0.9596 0.0382
vn 0.3029 -0.9486 -0.0920
vn 0.8505 0.5258 0.0081
vn 0.8964 0.3403 -0.2838
vn -0.2854 -0.3766 -0.8813
vn 0.0946 -0.8971 -0.4316
vn -0.1238 -0.9893 -0.0775
vn -0.5739 0.6105 -0.5458
vn -0.1238 0.9923 0.0042
vn 0.1823 -0.6844 -0.7059
vn 0.8647 -0.3736 -0.3356
vn 0.9984 -0.0406 -0.0384
vn 0.9568 -0.0478 -0.2867
vn -0.9694 0.0445 0.2416
vn -0.8956 0.2866 0.3402
vn 0.0447 -0.9688 0.2436
vn 0.2912 -0.9098 0.2956
vn -0.9065 -0.3376 0.2535
vn -0.7062 -0.7080 0.0036
vn -0.9961 -0.0883 0.0082
vn -0.3369 -0.9060 0.2563
vn -0.6616 -0.6666 0.3434
vn -0.0887 -0.9960 0.0097
vn -0.0280 0.9369 0.3486
vn 0.0543 0.9985 -0.0117
vn 0.2321 -0.9335 -0.2732
vn -0.2257 -0.6544 -0.7217
vn -0.1511 -0.9529 -0.2630
vn -0.6573 -0.6934 -0.2950
vn -0.6156 -0.5280 -0.5850
vn -0.9486 -0.1638 -0.2709
vn -0.0162 0.9732 -0.2295
vn -0.0162 0.9979 -0.0624
vn -0.7100 0.3628 -0.6036
vn -0.9644 -0.2643 -0.0005
vn -0.7142 -0.3465 -0.6082
vn -0.1981 -0.2709 -0.9420
vn -0.1730 0.2823 -0.9436
vn -0.0676 0.8230 -0.5640
vn 0.3428 0.9393 -0.0159
vn 0.2712 0.0660 -0.9603
vn -0.5029 0.8636 0.0373
vn -0.9562 0.2927 -0.0020
vn 0.9993 0.0272 0.0267
vn 0.9977 0.0544 -0.0395
vn -0.2352 -0.1402 -0.9618
vn 0.3431 -0.7441 -0.5732
vn -0.2269 -0.7680 -0.5989
vn -0.2664 -0.9638 0.0035
vn 0.8195 0.0673 -0.5691
vn 0.2454 -0.1115 -0.9630
vn 0.8441 -0.2994 -0.4447
vn 0.8384 -0.5451 -0.0042
vn 0.9775 0.2088 -0.0288
vn 0.9560 -0.0086 -0.2933
vn 0.7078 0.7064 0.0061
vn -0.7493 -0.6622 0.0009
vn -0.6975 0.1561 -0.6994
vn -0.1490 0.9884 0.0304
vn -0.3793 0.8663 -0.3250
vn -0.9323 0.2442 -0.2669
vn 0.3295 -0.6007 -0.7284
vn 0.9938 -0.1099 0.0195
vn 0.5674 0.5752 0.5893
vn 0.0083 -0.0685 0.9976
vn -0.0637 -0.4542 -0.8886
vn 0.0667 -0.1745 -0.9824
vn 0.3511 -0.9149 0.1991
vn 0.6791 0.6352 0.3679
vn 0.7089 0.6304 -0.3164
vn 0.7232 -0.6094 0.3250
vn -0.9970 -0.0038 0.0772
vn -0.5856 0.5546 0.5912
vn -0.6864 0.0393 0.7261
vn -0.3726 0.8394 0.3956
vn -0.3066 0.9044 0.2966
vn -0.3375 0.3495 -0.8740
vn 0.9974 -0.0052 -0.0725
vn 0.8828 0.3130 0.3504
vn -0.7576 -0.3435 -0.5551
vn 0.0044 -0.3156 -0.9489
vn -0.4528 -0.0724 0.8886
vn -0.2174 0.0662 0.9738
vn -0.6106 0.7323 0.3014
vn -0.4349 0.2484 0.8655
vn -0.4786 -0.0323 0.8774
vn -0.7280 -0.6840 -0.0470
vn -0.9505 0.0086 0.3106
vn -0.3741 -0.3523 0.8578
vn -0.6704 0.6804 -0.2959
vn -0.6045 0.2570 -0.7540
vn -0.5942 0.5508 -0.5860
vn -0.3010 0.6707 -0.6779
vn -0.7596 -0.2730 -0.5904
vn -0.9426 0.0225 -0.3331
vn -0.2740 -0.6911 -0.6688
vn -0.2880 -0.9527 -0.0976
vn -0.3117 0.6607 -0.6829
vn -0.2477 -0.5622 -0.7890
vn -0.5675 -0.6339 -0.5255
vn -0.2442 -0.2011 -0.9486
vn -0.0922 0.1870 -0.9780
vn -0.6464 -0.7553 0.1085
vn -0.0112 -0.9979 0.0642
vn 0.5564 -0.3560 0.7508
vn -0.2488 -0.9656 0.0753
vn 0.2328 -0.8889 0.3945
vn -0.3007 0.7344 0.6085
vn -0.2997 0.9540 -0.0025
vn -0.0254 -0.7010 0.7127
vn 0.0223 -0.9560 0.2925
vn 0.2900 0.7103 0.6414
vn 0.6593 0.2601 0.7054
vn 0.3027 0.0086 0.9531
vn 0.6718 0.6578 0.3405
vn 0.6398 -0.2538 0.7255
vn 0.5584 -0.7761 0.2931
vn 0.7565 0.6462 0.1007
vn 0.9438 0.1364 0.3010
vn 0.6379 0.5505 0.5385
vn 0.8060 -0.5896 0.0525
vn 0.8215 -0.4531 0.3461
vn 0.9826 -0.1756 0.0601
vn -0.2194 -0.0070 0.9756
vn -0.8687 -0.1749 0.4635
vn -0.9759 -0.1527 0.1557
vn -0.8921 0.0051 0.4518
vn -0.9084 0.0719 0.4119
vn -0.2889 -0.8803 0.3764
vn -0.0115 -0.9998 0.0150
vn 0.2039 -0.9788 -0.0176
vn 0.0581 -0.9531 -0.2970
vn -0.0029 -1.0000 0.0044
vn -0.0474 -0.9633 0.2643
vn 0.3228 0.2024 -0.9246
vn 0.0458 0.6505 -0.7581
vn 0.9697 0.2284 -0.0868
vn 0.5835 0.7354 -0.3447
vn 0.9492 -0.2128 -0.2318
vn 0.7771 0.2522 -0.5766
vn 0.6031 0.6168 -0.5058
vn 0.3601 0.7918 -0.4933
vn 0.6727 -0.2317 -0.7027
vn 0.7415 -0.6167 -0.2643
vn 0.0561 -0.5895 -0.8058
vn 0.3302 -0.4587 -0.8250
vn 0.0594 -0.1754 -0.9827
vn -0.6795 -0.1645 0.7150
vn -0.6689 0.0310 0.7427
vn -0.4634 0.0114 0.8861
vn -0.8981 -0.0648 0.4351
vn -0.7658 0.2654 -0.5858
vn 0.6200 0.2692 0.7370
vn -0.9879 0.1040 0.1153
vn -0.3176 0.7164 0.6212
vn -0.5208 -0.1848 -0.8334
vn 0.0075 -0.0195 -0.9998
vn -0.6819 0.4019 -0.6111
vn -0.3163 0.2742 0.9082
vn -0.0373 0.2515 0.9672
vn -0.1866 -0.0461 0.9814
vn -0.7127 0.7012 0.0178
vn -0.9492 0.2781 0.1473
vn -0.6564 0.6876 0.3105
vn -0.7263 0.3349 0.6003
vn -0.1334 0.8888 0.4384
vn 0.7670 0.3510 0.5372
vn 0.9064 -0.4163 0.0711
vn 0.6459 -0.3211 0.6926
vn 0.0536 0.9813 0.1851
vn -0.9983 0.0202 0.0547
vn -0.1156 0.4472 0.8869
vn -0.6823 0.0777 0.7269
vn -0.7657 0.3742 0.5231
vn -0.9612 -0.0906 0.2606
vn -0.9623 0.1076 0.2496
vn -0.2193 -0.0825 0.9722
vn -0.7043 -0.0042 0.7099
vn -0.9886 0.0828 -0.1261
vn -0.8697 -0.0315 -0.4926
vn -0.8651 0.4386 -0.2435
vn -0.3405 0.4683 -0.8153
vn 0.7393 0.5410 0.4009
vn 0.5852 -0.0061 0.8109
vn 0.3307 0.3146 0.8897
vn 0.7495 -0.0004 -0.6620
vn 0.7314 0.5821 -0.3553
vn 0.5840 0.6427 -0.4959
vn 0.2314 0.5088 -0.8292
vn 0.2693 0.0008 -0.9631
vn -0.2636 0.1013 0.9593
vn 0.0817 0.1430 0.9863
vn -0.3222 0.0018 -0.9467
vn -0.9046 0.4263 -0.0079
vn 0.9638 -0.0032 -0.2666
vn -0.6630 0.7292 0.1691
vn -0.5153 0.6152 0.5966
vn -0.0331 0.7124 0.7010
vn -0.9619 0.2359 0.1381
vn -0.9611 -0.2638 0.0815
vn -0.5956 -0.3662 0.7150
vn 0.0029 -0.2998 0.9540
vn -0.5747 -0.8159 0.0643
vn -0.3239 -0.9459 -0.0184
vn -0.4450 -0.8567 -0.2608
vn -0.0895 -0.9954 -0.0354
vn -0.2806 -0.8952 0.3463
vn -0.5333 -0.7375 0.4143
vn -0.2620 -0.5959 0.7591
vn -0.0466 -0.9084 0.4155
vn -0.7910 -0.6066 -0.0796
vn -0.2295 -0.8811 -0.4136
vn -0.2791 0.6395 0.7164
vn -0.6917 0.2991 0.6573
vn -0.6067 0.6136 0.5054
vn -0.2583 0.9200 0.2947
vn -0.7190 -0.2812 0.6356
vn -0.5954 -0.5695 0.5666
vn -0.2397 0.2079 0.9483
vn -0.7052 0.6906 -0.1608
vn -0.2033 0.9791 0.0010
vn -0.1664 -0.9860 -0.0118
vn -0.0050 -0.4262 -0.9046
vn 0.0047 -0.9014 -0.4330
vn -0.0112 -0.9994 -0.0333
vn -0.9530 0.0051 0.3030
vn -0.6361 0.6772 -0.3699
vn -0.6511 0.6858 0.3253
vn -0.7446 -0.6648 -0.0598
vn -0.9556 0.0131 -0.2945
vn -0.5597 0.0096 -0.8287
vn -0.0558 -0.0168 -0.9983
vn -0.2914 0.2955 -0.9098
vn -0.1424 -0.0602 -0.9880
vn -0.4187 -0.4093 -0.8106
vn -0.2863 -0.9579 0.0220
vn 0.5393 -0.8407 0.0483
vn 0.4976 -0.8205 -0.2813
vn 0.9433 0.2873 -0.1661
vn 0.8174 -0.4059 -0.4089
vn 0.9281 -0.3522 0.1207
vn 0.4874 -0.3285 0.8090
vn 0.7784 0.2844 0.5597
vn 0.0703 -0.9970 -0.0321
vn 0.2302 -0.8932 0.3862
vn 0.0840 -0.5691 0.8180
vn 0.2110 -0.8953 0.3923
vn 0.7120 0.6939 0.1070
vn 0.5625 0.5500 0.6174
vn 0.7378 0.0206 0.6747
vn 0.3149 0.0007 0.9491
vn 0.3322 0.9308 0.1527
vn 0.5395 -0.5282 0.6557
vn 0.6273 -0.7498 0.2106
vn 0.0328 0.9689 -0.2454
vn 0.0474 -0.8926 -0.4483
vn 0.1621 -0.9868 -0.0025
vn 0.5165 -0.7669 -0.3808
vn 0.0929 0.7119 0.6961
vn 0.0337 0.2353 0.9713
vn 0.0331 0.9860 0.1636
vn 0.0342 -0.2092 0.9773
vn 0.0200 -0.0521 -0.9984
vn 0.0183 -0.2343 -0.9720
vn 0.0216 -0.7654 -0.6432
vn 0.6618 0.5763 -0.4795
vn 0.9583 0.0328 0.2839
vn 0.5926 0.7340 0.3319
vn 0.7347 -0.5969 -0.3224
vn 0.9465 0.0021 -0.3228
vn -0.0073 -0.0105 -0.9999
vn 0.1235 -0.0554 -0.9908
vn 0.6936 0.0522 -0.7185
vn 0.2245 0.0900 -0.9703
vn -0.2344 0.9101 -0.3416
vn -0.2084 -0.2043 0.9565
vn -0.0285 0.0242 -0.9993
vn -0.3068 0.6923 0.6532
vn -0.2743 -0.7421 0.6116
vn 0.7643 -0.5741 0.2938
vn -0.6270 0.2548 0.7362
vn -0.5033 0.8641 0.0013
vn -0.9752 0.2215 0.0035
vn -0.6962 0.4042 0.5932
vn -0.5960 -0.2362 0.7675
vn -0.9086 -0.2073 0.3625
vn -0.2458 -0.2127 0.9457
vn -0.2236 0.9735 0.0488
vn -0.4890 0.8723 -0.0033
vn -0.2769 0.9112 -0.3051
vn -0.1265 0.6116 -0.7810
vn 0.9412 -0.3030 0.1495
vn 0.9072 -0.0022 -0.4208
vn 0.9183 -0.3335 -0.2136
vn 0.5399 -0.0023 0.8417
vn 0.7110 -0.3723 0.5966
vn -0.0194 0.9678 -0.2510
vn -0.8131 0.5809 0.0386
vn -0.3787 0.5796 0.7216
vn -0.8411 -0.0302 0.5400
vn -0.9216 0.3529 0.1616
vn -0.2706 0.9473 0.1717
vn 0.6668 0.7347 0.1248
vn 0.2860 0.6227 0.7283
vn 0.7120 -0.0007 0.7021
vn 0.2665 0.0009 0.9638
vn 0.2693 0.9427 0.1969
vn -0.3052 0.0018 0.9523
vn -0.8587 0.5124 0.0006
vn 0.9320 0.2939 -0.2120
vn 0.9490 0.2792 0.1466
vn 0.7222 0.3297 0.6080
vn 0.0051 -0.2093 -0.9778
vn -0.2936 0.0467 -0.9548
vn -0.6492 0.1319 -0.7491
vn -0.6695 -0.1120 -0.7343
vn 0.5703 0.7205 -0.3944
vn 0.9596 -0.0053 0.2813
vn 0.6162 0.7379 0.2753
vn -0.9596 -0.0382 -0.2787
vn -0.9486 0.0920 -0.3029
vn 0.5258 -0.0081 -0.8505
vn 0.3403 0.2838 -0.8964
vn -0.6844 0.7059 -0.1823
vn -0.0400 0.0383 -0.9985
vn -0.0478 0.2867 -0.9568
vn -0.3766 0.8813 0.2854
vn -0.8971 0.4316 -0.0946
vn -0.9893 0.0775 0.1238
vn 0.6105 0.5458 0.5739
vn 0.9923 -0.0042 0.1238
vn -0.3747 0.3382 -0.8633
vn -0.0999 0.2507 0.9629
vn -0.7050 -0.3659 0.6075
vn -0.0790 -0.2675 0.9603
vn 0.0240 -0.9488 0.3151
vn -0.0587 -0.7955 0.6030
vn -0.2683 -0.9231 0.2756
vn 0.4405 -0.8970 0.0351
vn -0.0008 -0.9879 0.1551
vn 0.4314 -0.7397 0.5165
vn -0.4046 -0.7570 0.5131
vn -0.7947 -0.6013 0.0827
vn -0.5856 -0.6160 0.5269
vn -0.4271 -0.9035 0.0358
vn -0.2011 0.6840 0.7012
vn 0.2773 0.9154 0.2918
vn 0.2652 0.6529 0.7095
vn -0.6815 0.2829 0.6749
vn -0.6784 0.6705 0.3005
vn -0.5701 0.5729 0.5889
vn -0.6272 -0.2449 0.7393
vn -0.9529 -0.1898 0.2367
vn -0.9481 0.2064 0.2417
vn -0.0451 -0.8184 -0.5728
vn -0.0247 -0.9805 -0.1949
vn -0.1470 0.2920 -0.9450
vn 0.1906 -0.4074 -0.8931
vn 0.5349 0.2379 -0.8107
vn -0.7885 -0.3559 -0.5015
vn -0.1855 -0.3268 -0.9267
vn 0.0604 -0.9975 -0.0360
vn -0.0148 -0.9910 -0.1330
vn 0.2214 0.7327 -0.6435
vn -0.1486 0.9264 -0.3459
vn 0.4344 -0.8869 -0.1572
vn 0.1609 -0.7629 -0.6261
vn -0.3552 -0.9145 -0.1935
vn -0.6359 0.5397 -0.5517
vn -0.3184 0.6374 -0.7017
vn -0.7966 -0.5582 -0.2321
vn -0.6889 -0.0318 -0.7242
vn -0.9416 0.0685 -0.3296
vn -0.5247 -0.6055 -0.5984
vn 0.2140 0.9760 -0.0416
vn -0.1643 0.9859 -0.0319
vn -0.6945 0.7136 -0.0918
vn -0.9774 -0.2019 -0.0627
vn 0.3258 -0.9453 0.0168
vn 0.9780 -0.2065 0.0285
vn 0.9929 0.1063 0.0528
vn 0.3693 0.6742 0.6396
vn -0.3006 0.0088 0.9537
vn -0.2800 0.6947 0.6626
vn 0.2920 0.9564 -0.0029
vn 0.8127 -0.0452 0.5810
vn 0.2859 0.0142 0.9582
vn 0.0019 -0.6998 0.7143
vn -0.1077 -0.9533 0.2821
vn 0.9811 0.0092 0.1933
vn 0.8669 0.3387 0.3658
vn 0.9927 -0.0800 0.0902
vn 0.3336 -0.9426 -0.0109
vn 0.7188 -0.6952 -0.0017
vn -0.2841 0.0523 -0.9574
vn 0.3861 0.7652 -0.5152
vn -0.2948 0.7543 -0.5866
vn 0.3120 -0.4602 -0.8312
vn -0.3375 -0.5242 -0.7818
vn 0.8502 -0.0440 -0.5246
vn 0.9834 0.0066 -0.1815
vn 0.8789 0.3714 -0.2994
vn 0.9930 -0.0930 -0.0734
vn 0.3264 0.0552 -0.9436
vn 1.0000 0.0054 -0.0001
vn 0.9991 0.0361 0.0202
vn 0.9990 -0.0442 -0.0028
vn 0.0260 -0.9990 0.0358
vn -0.6793 0.6728 0.2931
vn -0.6946 -0.6387 0.3309
vn 0.0248 0.9789 0.2029
vn -0.3410 0.9135 0.2217
vn -0.9715 0.2347 -0.0340
vn -0.7068 0.2762 0.6512
vn -0.6654 0.2926 -0.6868
vn 0.0880 -0.1836 0.9791
vn 0.3090 0.2273 0.9235
vn -0.1008 0.6710 0.7346
vn 0.0217 0.8729 0.4875
vn -0.6423 0.4494 0.6209
vn -0.9582 0.2297 0.1704
vn -0.1787 0.3354 0.9250
vn 0.0057 0.8983 0.4394
vn -0.0316 0.9726 0.2304
vn -0.3040 0.9053 0.2966
vn -0.7377 -0.2186 0.6388
vn -0.4037 -0.2219 0.8876
vn 0.2554 -0.0013 -0.9668
vn -0.1837 -0.3057 -0.9342
vn 0.2424 -0.3025 -0.9218
vn -0.8432 -0.0018 -0.5377
vn -0.1936 -0.0017 -0.9811
vn -0.0955 0.8266 0.5547
vn 0.3249 0.9438 0.0603
vn 0.0276 0.4960 0.8679
vn 0.1708 0.7384 -0.6524
vn -0.1802 0.9522 -0.2468
vn -0.4974 0.0018 0.8675
vn -0.7057 0.6067 0.3659
vn -0.3341 0.3083 0.8907
vn -0.7643 0.6010 -0.2337
vn -0.6913 -0.0194 -0.7223
vn -0.5097 0.5774 -0.6378
vn -0.1759 0.9452 0.2749
vn -0.9638 -0.0028 -0.2666
vn -0.6100 0.3126 -0.7281
vn -0.1785 0.2845 -0.9419
vn -0.0249 0.2243 0.9742
vn 0.7742 0.6209 0.1225
vn -0.0003 0.4726 0.8813
vn 0.3250 0.2410 0.9145
vn -0.1285 0.0176 0.9916
vn -0.2660 0.0004 -0.9640
vn 0.3433 0.4588 -0.8196
vn -0.3414 0.5344 -0.7732
vn 0.8728 -0.0365 -0.4867
vn 0.9968 0.0382 -0.0705
vn 0.8788 0.4064 -0.2502
vn 0.7481 0.0928 0.6570
vn 0.2105 -0.0277 0.9772
vn 0.3100 0.0020 -0.9507
vn 0.9686 0.0060 0.2486
vn 0.9865 0.0934 0.1348
vn 0.3873 0.7107 0.5873
vn 0.0346 0.6927 0.7204
vn 0.2377 0.2798 -0.9302
vn 0.8639 0.3344 0.3765
vn -0.1470 0.2442 0.9585
vn 0.2729 0.5469 0.7915
vn -0.9481 0.2886 -0.1335
vn -0.9408 -0.3242 0.0993
vn -0.7723 0.2808 0.5698
vn -0.6217 -0.3979 0.6746
vn -0.0656 -0.2999 0.9517
vn -0.0546 -0.8357 0.5465
vn -0.5811 -0.8126 0.0437
vn -0.3982 -0.8700 -0.2907
vn -0.2849 -0.9117 0.2962
vn 0.0150 -0.9922 0.1239
vn 0.1667 -0.9649 -0.2027
vn 0.0074 -1.0000 -0.0027
vn -0.0040 -0.0009 -1.0000
vn 0.1815 -0.1476 -0.9723
vn -0.1076 0.9539 0.2803
vn 0.1015 0.9403 -0.3249
vn 0.2203 -0.9648 -0.1434
vn -0.1916 -0.9589 0.2093
vn 0.3618 -0.7894 0.4958
vn -0.9628 0.0140 0.2697
vn -0.5229 0.7650 -0.3759
vn -0.7299 0.6149 0.2984
vn -0.8039 -0.5128 -0.3013
vn -0.9508 0.0577 -0.3045
vn -0.7440 -0.6061 0.2811
vn -0.5318 0.0142 -0.8467
vn -0.2363 0.3589 -0.9030
vn -0.3086 -0.4553 -0.8352
vn -0.2764 -0.9370 -0.2135
vn 0.0174 0.5653 -0.8247
vn 0.1191 -0.6573 -0.7441
vn 1.0000 0.0047 0.0026
vn 0.9340 -0.3569 -0.0152
vn 0.9670 -0.1736 -0.1862
vn -0.2655 0.9604 0.0842
vn 0.3875 0.6127 0.6888
vn -0.2654 -0.0009 0.9641
vn -0.2961 0.6368 0.7119
vn 0.2961 0.9530 0.0647
vn 0.3335 -0.6014 0.7261
vn -0.2804 -0.6093 0.7417
vn -0.2466 -0.9448 0.2158
vn 0.2385 -0.9517 0.1931
vn 0.8209 0.5705 0.0234
vn 0.0512 -0.9539 -0.2956
vn 0.7683 -0.6389 0.0392
vn 0.8576 -0.4213 -0.2951
vn 0.8542 0.0183 0.5196
vn 0.2934 0.0004 0.9560
vn 0.4930 -0.6612 -0.5654
vn 0.7153 -0.6985 -0.0224
vn 0.9932 -0.0219 0.1144
vn 0.4379 -0.0067 -0.8990
vn 0.6771 -0.0343 -0.7351
vn -0.0399 -0.0751 -0.9964
vn 0.9177 -0.0081 -0.3973
vn -0.0823 -0.9947 -0.0614
vn -0.7003 0.6938 0.1680
vn -0.6586 0.6726 -0.3374
vn -0.6284 -0.7466 0.2184
vn -0.5649 -0.7508 -0.3424
vn -0.7074 -0.0012 0.7068
vn -0.5803 0.5436 0.6064
vn -0.5856 -0.5643 0.5819
vn -0.1892 0.7022 0.6864
vn -0.2361 -0.7086 0.6650
vn 0.9003 0.2822 0.3313
vn 0.9983 -0.0522 -0.0263
vn 0.0566 0.0651 -0.9963
vn 0.9953 0.0745 -0.0616
vn 0.0445 -0.2416 0.9694
vn 0.2866 -0.3402 0.8956
vn -0.9688 -0.2436 -0.0447
vn -0.9098 -0.2956 -0.2912
vn -0.9060 -0.2563 0.3369
vn -0.7080 -0.0036 0.7062
vn -0.6666 -0.3434 0.6616
vn -0.3376 -0.2535 0.9065
vn -0.0883 -0.0082 0.9961
vn -0.9960 -0.0097 0.0887
vn -0.9335 0.2732 -0.2321
vn -0.6544 0.7217 0.2256
vn -0.9529 0.2630 0.1511
vn -0.6934 0.2950 0.6573
vn -0.5280 0.5850 0.6156
vn -0.1638 0.2709 0.9486
vn 0.0272 -0.0267 -0.9993
vn -0.1402 0.9618 0.2352
vn -0.9638 -0.0035 0.2664
vn -0.7441 0.5732 -0.3431
vn -0.7680 0.5989 0.2269
vn 0.0673 0.5691 -0.8195
vn -0.1115 0.9630 -0.2454
vn -0.5451 0.0042 -0.8384
vn -0.2994 0.4447 -0.8441
vn 0.2088 0.0288 -0.9775
vn -0.0086 0.2933 -0.9560
vn 0.9369 -0.3486 0.0280
vn 0.9985 0.0117 -0.0543
vn 0.3628 0.6036 0.7100
vn -0.2643 0.0005 0.9644
vn -0.3465 0.6082 0.7142
vn -0.2709 0.9420 0.1981
vn 0.2823 0.9436 0.1730
vn 0.9732 0.2295 0.0162
vn 0.9979 0.0624 0.0162
vn 0.8230 0.5640 0.0676
vn 0.0660 0.9603 -0.2712
vn 0.8636 -0.0373 0.5029
vn 0.2927 0.0020 0.9562
vn 0.9393 0.0159 -0.3428
vn 0.0544 0.0395 -0.9977
vn 0.7064 -0.0061 -0.7078
vn -0.6007 0.7284 -0.3295
vn -0.6622 -0.0009 0.7493
vn -0.1099 -0.0195 -0.9938
vn 0.1561 0.6994 0.6975
vn 0.9884 -0.0304 0.1490
vn 0.8663 0.3250 0.3793
vn 0.2442 0.2669 0.9323
vn 0.5546 -0.5912 0.5856
vn 0.3495 0.8740 0.3375
vn 0.6352 -0.3678 -0.6791
vn 0.6304 0.3164 -0.7089
vn -0.0052 0.0726 -0.9973
vn 0.5752 -0.5893 -0.5674
vn -0.0685 -0.9976 -0.0083
vn -0.4574 0.8868 0.0668
vn -0.1764 0.9821 -0.0663
vn -0.9149 -0.1991 -0.3511
vn -0.6094 -0.3250 -0.7232
vn -0.0038 -0.0772 0.9970
vn 0.0393 -0.7261 0.6864
vn 0.8394 -0.3956 0.3726
vn 0.9044 -0.2966 0.3066
vn 0.3130 -0.3504 -0.8828
vn -0.1870 0.0549 0.9808
vn -0.5560 0.7234 0.4094
vn -0.3193 0.3180 0.8927
vn -0.5383 -0.4014 -0.7410
vn 0.0025 -0.3168 -0.9485
vn -0.5853 0.3574 -0.7278
vn -0.5101 0.8285 -0.2311
vn -0.3253 -0.6563 0.6808
vn -0.4708 -0.0894 0.8777
vn -0.4014 0.7410 0.5383
vn -0.3168 0.9485 -0.0025
vn -0.6573 -0.6495 0.3822
vn -0.0894 -0.8777 0.4708
vn 0.7234 -0.4094 0.5560
vn 0.3180 -0.8927 0.3193
vn 0.0549 -0.9808 0.1870
vn 0.8285 0.2311 0.5101
vn 0.3574 0.7278 0.5853
vn -0.6459 -0.3224 0.6920
vn -0.8868 -0.4441 0.1277
vn -0.9808 -0.1870 -0.0549
vn -0.4094 -0.5560 -0.7234
vn -0.8927 -0.3193 -0.3180
vn 0.7410 -0.5383 0.4014
vn 0.9485 0.0025 0.3168
vn 0.7278 -0.5853 -0.3574
vn 0.2311 -0.5101 -0.8285
vn -0.6997 -0.1222 0.7039
vn -0.4340 -0.8929 0.1203
vn -0.7166 -0.6968 0.0305
vn -0.5924 -0.5875 0.5514
vn -0.1208 -0.7207 0.6827
vn -0.7660 -0.1094 0.6334
vn -0.9548 0.2973 0.0030
vn -0.4890 0.0214 0.8720
vn -0.6144 -0.6991 0.3659
vn -0.9453 -0.1722 0.2772
vn -0.3129 -0.3231 0.8932
vn -0.7481 -0.1264 -0.6514
vn -0.6442 0.4954 -0.5828
vn -0.6240 -0.7271 -0.2862
vn -0.9425 -0.1969 -0.2701
vn -0.4681 0.0577 0.8818
vn -0.2044 -0.0391 0.9781
vn -0.2794 0.2110 -0.9367
vn -0.3247 -0.6325 -0.7032
vn -0.5469 -0.5737 -0.6098
vn -0.7172 0.3943 -0.5746
vn 0.0043 0.3134 -0.9496
vn -0.0602 0.3249 0.9438
vn -0.5547 -0.0955 0.8266
vn -0.8673 0.0273 0.4970
vn -0.3665 -0.7091 0.6024
vn -0.8908 -0.3368 0.3049
vn -0.3068 -0.9518 -0.0025
vn 0.6364 0.2330 0.7353
vn 0.2788 -0.1711 0.9450
vn 0.6390 -0.3321 0.6938
vn 0.2745 -0.7713 0.5743
vn -0.2749 -0.1759 0.9452
vn 0.6294 -0.5871 0.5090
vn 0.9479 -0.1568 0.2772
vn -0.9709 -0.0384 0.2364
vn -0.6260 0.7740 0.0952
vn -0.9098 0.3016 0.2850
vn -0.8781 0.0039 0.4785
vn 0.8186 0.3375 0.4647
vn 0.8016 -0.2806 0.5279
vn -0.0112 0.9979 0.0645
vn -0.2466 0.9661 0.0759
vn 0.6852 0.1661 -0.7091
vn 0.3820 0.4801 -0.7897
vn 0.3805 -0.1456 -0.9133
vn 0.5983 -0.4910 -0.6332
vn 0.5851 -0.7487 -0.3117
vn 0.9066 -0.1944 -0.3745
vn 0.3421 -0.7764 -0.5294
vn 0.0506 0.4282 -0.9023
vn 0.0864 -0.0684 -0.9939
vn 0.0482 -0.6047 -0.7950
vn 0.9639 0.2625 -0.0444
vn 0.8909 0.2861 -0.3528
vn 0.9833 -0.1735 -0.0547
vn -0.0235 0.9991 0.0352
vn -0.2956 0.8768 0.3793
vn 0.0602 0.9821 -0.1786
vn 0.2050 0.9782 -0.0344
vn -0.0110 0.9999 0.0057
vn -0.0449 0.9630 0.2659
vn -0.1281 -0.1215 -0.9843
vn -0.6622 0.1570 0.7327
vn 0.9372 0.2380 0.2552
vn 0.7964 -0.5952 0.1073
vn -0.7411 -0.2766 -0.6117
vn -0.9438 -0.0602 -0.3249
vn -0.8266 -0.5547 0.0955
vn -0.4970 -0.8673 -0.0273
vn -0.7353 0.6364 -0.2330
vn -0.9450 0.2788 0.1711
vn -0.6024 -0.3665 0.7091
vn -0.3049 -0.8908 0.3368
vn 0.0025 -0.3068 0.9518
vn -0.6938 0.6390 0.3321
vn -0.5743 0.2745 0.7713
vn -0.5090 0.6294 0.5871
vn -0.2772 0.9479 0.1568
vn -0.9452 -0.2749 0.1759
vn -0.2364 -0.9709 0.0384
vn -0.4647 0.8186 -0.3375
vn -0.5279 0.8016 0.2806
vn -0.0952 -0.6260 -0.7740
vn -0.0645 -0.0112 -0.9979
vn -0.2850 -0.9098 -0.3016
vn -0.4767 -0.8790 -0.0058
vn -0.0759 -0.2466 -0.9661
vn -0.6334 -0.7661 0.1093
vn -0.0030 -0.9548 -0.2973
vn -0.8720 -0.4890 -0.0214
vn -0.3659 -0.6144 0.6991
vn -0.8932 -0.3129 0.3231
vn -0.2771 -0.9453 0.1722
vn -0.8832 -0.4648 -0.0623
vn -0.9781 -0.2044 0.0391
vn 0.6514 -0.7481 0.1264
vn 0.5828 -0.6442 -0.4954
vn 0.2862 -0.6241 0.7271
vn 0.2701 -0.9425 0.1969
vn 0.9367 -0.2794 -0.2110
vn 0.7032 -0.3247 0.6325
vn 0.6098 -0.5469 0.5737
vn 0.7091 0.6852 -0.1661
vn 0.7897 0.3820 -0.4801
vn 0.9133 0.3805 0.1456
vn 0.5257 0.3727 0.7647
vn 0.6139 0.6068 0.5049
vn 0.3117 0.5851 0.7487
vn 0.3745 0.9066 0.1944
vn 0.0444 0.9639 -0.2625
vn 0.3528 0.8909 -0.2861
vn 0.0547 0.9833 0.1735
vn 0.9023 0.0506 -0.4282
vn 0.9939 0.0864 0.0684
vn 0.7950 0.0482 0.6047
vn 0.5746 -0.7172 -0.3943
vn 0.9496 0.0043 -0.3134
vn -0.0352 -0.0235 -0.9991
vn -0.3793 -0.2956 -0.8768
vn 0.1786 0.0602 -0.9821
vn 0.0344 0.2050 -0.9782
vn -0.0057 -0.0110 -0.9999
vn -0.2659 -0.0449 -0.9630
vn -0.2552 0.9372 -0.2380
vn -0.1073 0.7964 0.5952
vn -0.7311 -0.6604 -0.1716
vn 0.6117 -0.7411 0.2766
vn 0.9843 -0.1281 0.1215
vn -0.2922 0.2714 0.9170
vn -0.7290 -0.2336 0.6434
vn -0.7393 0.3034 0.6011
vn -0.2796 -0.6472 0.7092
vn -0.5852 -0.6200 0.5226
vn -0.2599 -0.9215 0.2886
vn -0.7056 -0.6900 -0.1611
vn -0.2028 -0.9792 0.0010
vn -0.9616 -0.2361 0.1401
vn -0.5671 0.3472 0.7469
vn -0.6005 -0.2282 0.7663
vn 0.0029 0.2995 0.9541
vn -0.0921 0.9955 -0.0217
vn -0.3662 0.8884 0.2770
vn -0.3075 0.9515 -0.0044
vn -0.6215 0.7777 -0.0943
vn -0.9630 0.2451 0.1118
vn -0.9419 -0.1979 0.2713
vn -0.6072 -0.7069 -0.3629
vn -0.9420 -0.1736 -0.2872
vn -0.6085 -0.7140 0.3463
vn -0.6268 -0.0629 -0.7766
vn -0.3151 0.0242 -0.9487
vn -0.4177 0.2278 -0.8796
vn -0.2761 -0.2667 -0.9234
vn -0.9600 0.2699 -0.0741
vn -0.0088 0.4186 -0.9081
vn 0.0051 0.9031 -0.4293
vn -0.0112 0.9994 -0.0332
vn 0.7091 -0.6867 0.1602
vn 0.6831 -0.6759 -0.2766
vn 0.6823 0.2253 0.6955
vn 0.3460 -0.1463 0.9268
vn 0.6984 -0.3273 0.6365
vn 0.5477 -0.6036 0.5794
vn 0.3322 -0.9311 0.1505
vn 0.0344 -0.9693 -0.2433
vn 0.0428 0.2109 0.9766
vn 0.0320 -0.1619 0.9863
vn 0.0836 -0.7037 0.7056
vn 0.0334 -0.9864 0.1612
vn 0.9468 -0.2932 0.1322
vn 0.9292 0.3497 -0.1198
vn 0.7608 -0.3317 -0.5578
vn 0.7685 0.4399 0.4647
vn 0.5600 -0.2797 0.7798
vn 0.5346 0.8448 -0.0227
vn 0.0709 0.9967 -0.0383
vn 0.7922 0.4801 -0.3768
vn 0.9446 -0.1343 0.2995
vn 0.7834 0.5342 0.3176
vn 0.6699 -0.6153 -0.4155
vn 0.9431 -0.0594 -0.3271
vn 0.5323 -0.0177 -0.8464
vn 0.1961 -0.0219 -0.9803
vn 0.0360 0.0604 -0.9975
vn 0.4050 0.2704 -0.8734
vn 0.0167 0.2413 -0.9703
vn 0.0213 0.7682 -0.6399
vn -0.2357 -0.9118 -0.3362
vn -0.2034 0.0245 0.9788
vn -0.2227 -0.3355 0.9153
vn 0.5468 -0.7938 0.2662
vn -0.0358 0.0259 -0.9990
vn -0.1094 -0.6334 0.7660
vn 0.2973 -0.0030 0.9548
vn 0.0214 -0.8720 0.4890
vn -0.1264 0.6514 0.7481
vn 0.4954 0.5828 0.6442
vn -0.6991 -0.3659 0.6144
vn -0.3231 -0.8932 0.3129
vn -0.1722 -0.2771 0.9453
vn -0.7271 0.2862 0.6241
vn -0.1969 0.2701 0.9425
vn 0.0577 -0.8818 0.4681
vn -0.0391 -0.9781 0.2044
vn 0.2110 0.9367 0.2794
vn -0.6325 0.7032 0.3247
vn -0.5737 0.6098 0.5469
vn 0.3249 -0.9438 0.0602
vn -0.0955 -0.8266 0.5547
vn 0.0273 -0.4970 0.8673
vn 0.2330 -0.7353 -0.6364
vn -0.1711 -0.9450 -0.2788
vn -0.7091 -0.6024 0.3665
vn -0.9518 0.0025 0.3068
vn -0.3368 -0.3049 0.8908
vn -0.7713 -0.5743 -0.2745
vn -0.3321 -0.6938 -0.6390
vn -0.1759 -0.9452 0.2749
vn -0.5871 -0.5090 -0.6294
vn -0.1568 -0.2772 -0.9479
vn -0.0384 -0.2364 0.9709
vn 0.1661 0.7091 -0.6852
vn 0.4801 0.7897 -0.3820
vn -0.1456 0.9133 -0.3805
vn -0.4910 0.6332 -0.5983
vn -0.7487 0.3117 -0.5851
vn -0.1944 0.3745 -0.9066
vn -0.7764 0.5294 -0.3421
vn 0.4282 0.9023 -0.0506
vn -0.0684 0.9939 -0.0864
vn -0.6047 0.7950 -0.0482
vn 0.2625 0.0444 -0.9639
vn 0.2861 0.3528 -0.8909
vn -0.1735 0.0547 -0.9833
vn 0.3943 0.5746 0.7172
vn 0.3134 0.9496 -0.0043
vn 0.3016 -0.2850 0.9098
vn 0.0039 -0.4785 0.8781
vn 0.3375 -0.4647 -0.8186
vn -0.2806 -0.5279 -0.8016
vn 0.7740 -0.0952 0.6260
vn 0.9979 -0.0645 0.0112
vn 0.9661 -0.0759 0.2466
vn 0.9991 -0.0349 0.0234
vn 0.8758 -0.3801 0.2975
vn 0.9821 0.1786 -0.0602
vn 0.9782 0.0344 -0.2050
vn 0.9999 -0.0057 0.0110
vn 0.9633 -0.2643 0.0474
vn -0.2766 0.6117 0.7411
vn -0.1215 0.9843 0.1281
vn 0.1570 -0.7327 0.6622
vn 0.2380 -0.2552 -0.9372
vn -0.5952 -0.1073 -0.7964
vn 0.2714 -0.9170 0.2922
vn -0.2336 -0.6434 0.7290
vn 0.3034 -0.6011 0.7393
vn -0.6200 -0.5226 0.5852
vn -0.6472 -0.7092 0.2796
vn -0.9215 -0.2886 0.2599
vn -0.6900 0.1611 0.7056
vn -0.9792 -0.0010 0.2028
vn -0.7069 0.3629 0.6072
vn -0.7140 -0.3463 0.6085
vn -0.1979 -0.2712 0.9420
vn -0.1736 0.2872 0.9420
vn -0.0629 0.7766 0.6268
vn 0.0242 0.9487 0.3151
vn 0.2278 0.8796 0.4177
vn -0.2667 0.9234 0.2761
vn 0.2699 0.0741 0.9600
vn 0.2562 -0.6963 -0.6705
vn -0.1463 -0.9268 -0.3460
vn -0.6867 -0.1602 -0.7091
vn -0.6759 0.2766 -0.6831
vn -0.6036 -0.5794 -0.5477
vn -0.9311 -0.1505 -0.3322
vn -0.3273 -0.6366 -0.6983
vn -0.9694 0.2432 -0.0344
vn 0.2109 -0.9766 -0.0428
vn -0.1619 -0.9863 -0.0320
vn -0.7037 -0.7056 -0.0836
vn -0.9864 -0.1612 -0.0334
vn 0.4678 0.4136 -0.7810
vn -0.1625 -0.2823 -0.9455
vn 0.2641 -0.2857 -0.9212
vn -0.0177 0.8464 -0.5323
vn -0.0219 0.9803 -0.1961
vn -0.6153 0.4155 -0.6699
vn -0.0594 0.3271 -0.9431
vn 0.0604 0.9975 -0.0360
vn 0.2704 0.8734 -0.4050
vn -0.2361 -0.1401 0.9616
vn 0.3472 -0.7469 0.5671
vn -0.2282 -0.7663 0.6005
vn 0.2995 -0.9541 -0.0029
vn 0.7777 0.0943 0.6215
vn 0.2451 -0.1118 0.9630
vn 0.8884 -0.2770 0.3662
vn 0.9955 0.0217 0.0921
vn 0.9515 0.0044 0.3075
vn 0.4186 0.9081 0.0088
vn 0.9031 0.4293 -0.0051
vn 0.9994 0.0333 0.0112
vn -0.2932 -0.1323 -0.9468
vn 0.3497 0.1198 -0.9292
vn -0.3317 0.5578 -0.7608
vn 0.4399 -0.4647 -0.7685
vn -0.2797 -0.7798 -0.5600
vn 0.8448 0.0227 -0.5346
vn 0.9967 0.0383 -0.0709
vn 0.2413 0.9703 -0.0167
vn 0.7682 0.6399 -0.0213
vn 0.0259 0.9990 0.0358
vn -0.9118 0.3362 0.2357
vn 0.0245 -0.9788 0.2034
vn -0.3355 -0.9153 0.2227
vn -0.7938 -0.2662 -0.5468
vn -0.9170 -0.2922 -0.2714
vn -0.6434 -0.7290 0.2336
vn -0.6011 -0.7393 -0.3034
vn -0.7092 -0.2796 0.6472
vn -0.5226 -0.5852 0.6200
vn -0.2886 -0.2599 0.9215
vn 0.1611 -0.7056 0.6900
vn -0.0010 -0.2028 0.9792
vn -0.1831 0.6937 0.6966
vn 0.2936 0.7953 0.5304
vn -0.6963 0.6705 -0.2562
vn -0.9268 0.3460 0.1463
vn -0.6366 0.6983 0.3273
vn -0.5794 0.5477 0.6036
vn -0.1505 0.3322 0.9311
vn 0.2433 0.0344 0.9693
vn -0.9766 0.0428 -0.2109
vn -0.9863 0.0320 0.1619
vn -0.7056 0.0836 0.7037
vn -0.1612 0.0334 0.9864
vn -0.1401 -0.9616 0.2361
vn -0.7469 -0.5671 -0.3472
vn -0.9541 0.0029 -0.2995
vn -0.7663 -0.6005 0.2282
vn 0.0943 -0.6215 -0.7777
vn -0.1118 -0.9630 -0.2451
vn -0.2770 -0.3662 -0.8884
vn 0.0217 -0.0921 -0.9955
vn 0.0044 -0.3075 -0.9515
vn -0.1889 0.9446 0.2685
vn 0.1484 0.9543 -0.2594
vn -0.4647 0.7685 -0.4399
vn -0.7798 0.5600 0.2797
vn 0.0227 0.5346 -0.8448
vn 0.0383 0.0709 -0.9967
vn 0.3629 -0.6072 0.7069
vn -0.3463 -0.6085 0.7140
vn -0.2712 -0.9420 0.1979
vn 0.2872 -0.9420 0.1736
vn 0.0741 -0.9600 -0.2699
vn 0.7766 -0.6268 0.0629
vn 0.8796 -0.4177 -0.2278
vn 0.9487 -0.3151 -0.0242
vn 0.9234 -0.2761 0.2667
vn 0.4136 0.7810 -0.4678
vn -0.2823 0.9455 0.1624
vn -0.2857 0.9212 -0.2641
vn 0.4155 0.6699 0.6153
vn 0.3271 0.9431 0.0594
vn 0.8464 0.5323 0.0177
vn 0.9803 0.1961 0.0219
vn 0.8734 0.4050 -0.2704
vn 0.9975 0.0360 -0.0604
vn 0.4293 0.0051 -0.9031
vn 0.0332 -0.0112 -0.9994
vn 0.9081 -0.0088 -0.4186
vn 0.9703 0.0167 -0.2413
vn 0.6399 0.0213 -0.7682
vn -0.2662 0.5468 0.7938
vn 0.9990 -0.0358 -0.0259
vn 0.3362 -0.2357 0.9118
vn -0.9788 -0.2034 -0.0245
vn -0.9153 -0.2227 0.3355
vn -0.1279 -0.2671 0.9551
vn 0.2675 0.3532 0.8965
vn -0.9412 0.3227 -0.1001
vn -0.9538 -0.2810 0.1065
vn -0.7869 0.3738 0.4910
vn -0.6573 -0.2956 0.6933
vn -0.1951 0.2984 0.9343
vn -0.1263 0.8016 0.5844
vn 0.0153 0.9857 0.1679
vn -0.5550 0.8318 -0.0108
vn 0.1001 -0.9412 -0.3227
vn -0.1065 -0.9538 0.2810
vn -0.9551 -0.1279 0.2671
vn -0.8965 0.2675 -0.3532
vn -0.4910 -0.7869 -0.3738
vn -0.9343 -0.1951 -0.2984
vn -0.6933 -0.6573 0.2956
vn -0.5844 -0.1263 -0.8016
vn -0.1679 0.0153 -0.9857
vn 0.0108 -0.5550 -0.8318
vn 0.1714 0.9645 -0.2007
vn -0.0018 1.0000 -0.0069
vn 0.2007 0.1714 -0.9645
vn 0.0069 -0.0018 -1.0000
vn -0.2671 -0.9551 0.1279
vn 0.3532 -0.8965 -0.2675
vn 0.3227 0.1001 0.9412
vn -0.2810 -0.1065 0.9538
vn 0.3738 -0.4910 0.7869
vn -0.2956 -0.6933 0.6573
vn 0.2984 -0.9343 0.1951
vn 0.8016 -0.5844 0.1263
vn 0.9857 -0.1679 -0.0153
vn 0.8318 0.0108 0.5550
vn 0.9645 0.2007 -0.1714
vn 1.0000 0.0069 0.0018
vn 0.5774 0.5773 -0.5774
vn -0.6984 -0.7005 0.1465
vn -0.6762 -0.6768 -0.2911
vn -0.7005 -0.1465 0.6984
vn -0.6768 0.2910 0.6762
vn -0.5773 -0.5774 0.5774
vn -0.0674 0.9961 -0.0576
vn -0.2310 -0.3652 -0.9018
vn -0.1465 -0.6984 0.7005
vn 0.2910 -0.6762 0.6768
vn 0.9961 0.0576 0.0674
vn -0.3652 0.9018 0.2310
vn 0.0576 -0.0674 -0.9961
vn 0.9018 -0.2310 0.3652
vn 0.3441 -0.3176 0.8836
vn -0.0831 -0.4636 0.8821
vn 0.0648 -0.1613 0.9848
vn 0.6371 -0.3005 -0.7098
vn 0.5774 0.5774 -0.5774
vn 0.7098 0.6371 0.3005
vn -0.0011 -0.0611 -0.9981
vn 0.3522 -0.2761 -0.8943
vn 0.3355 0.9035 0.2669
vn 0.3636 -0.3288 -0.8716
vn -0.3176 -0.8836 -0.3441
vn -0.1613 -0.9848 -0.0648
vn -0.3005 0.7098 -0.6371
vn -0.0611 0.9981 0.0011
vn -0.2761 0.8943 -0.3522
vn 0.9035 -0.2668 -0.3355
vn -0.3288 0.8716 -0.3636
vn -0.8836 0.3441 0.3176
vn -0.8821 -0.0831 0.4636
vn -0.9848 0.0648 0.1613
vn 0.9981 -0.0009 0.0609
vn 0.8943 0.3522 0.2761
vn -0.2669 0.3355 -0.9035
vn 0.8716 0.3636 0.3288
vn 0.2869 0.0474 0.9568
vn 0.2303 -0.2031 -0.9517
vn 0.2797 -0.1645 0.9459
vn -0.2353 -0.9156 0.3260
vn 0.2869 0.0508 0.9566
vn 0.2906 -0.0811 0.9534
vn 0.0429 -0.9926 -0.1134
vn 0.2246 -0.2039 0.9529
vn 0.0370 0.9944 -0.0990
vn 0.0474 -0.9568 -0.2869
vn -0.2031 0.9517 -0.2303
vn -0.2178 -0.9293 -0.2981
vn 0.0508 -0.9566 -0.2869
vn -0.0658 -0.9512 -0.3016
vn -0.9926 0.1134 -0.0429
vn -0.2039 -0.9529 -0.2246
vn 0.9944 0.0988 -0.0369
vn -0.9529 0.2930 -0.0782
vn 0.9517 0.2303 0.2031
vn -0.9386 0.2954 0.1784
vn -0.9566 0.2869 -0.0508
vn -0.9512 0.3016 0.0658
vn 0.1134 0.0429 0.9926
vn -0.9529 0.2246 0.2039
vn 0.0990 0.0370 -0.9944
vn -0.0019 0.0380 0.9993
vn -0.9993 -0.0019 -0.0381
vn 0.0381 -0.9993 0.0019
vn 0.9035 -0.3025 0.3037
vn 0.0381 0.9993 0.0019
vn -0.3774 -0.0011 -0.9260
vn -0.3037 0.9035 0.3025
vn -0.0019 0.0381 -0.9993
vn 0.9260 -0.3774 0.0011
vn 0.8494 0.3072 0.4292
vn -0.3025 -0.3037 -0.9035
vn 0.9993 -0.0019 -0.0381
vn -0.0011 0.9260 0.3774
vn 0.3048 -0.4308 -0.8494
vn -0.4292 0.8494 -0.3072
vn -0.4692 -0.1507 -0.8701
vn 0.8701 -0.4692 0.1507
vn -0.1507 0.8701 0.4692
vt 4.104482 -1.478689
vt 4.053267 -1.388667
vt 3.996865 -1.577724
vt 4.182830 -1.420284
vt 4.112415 -1.348073
vt 4.101083 -1.599942
vt 4.175613 -1.530603
vt 4.004423 -0.828342
vt 4.004424 -1.320399
vt 4.220408 -1.147225
vt 4.161804 -0.735435
vt 4.112415 -0.310220
vt 4.063026 -0.609987
vt 3.893871 -1.442986
vt 3.688889 -1.695212
vt 3.816267 -1.942340
vt 4.092836 -1.709699
vt 3.444668 -1.899040
vt 3.655419 -1.919481
vt 4.028523 -1.221959
vt 3.963508 -1.311162
vt 3.970250 -1.160854
vt 3.943924 -1.453626
vt 4.021702 -1.376569
vt 3.986665 -0.969600
vt 3.770320 -1.446681
vt 3.889104 -1.379790
vt 3.958615 -1.096892
vt 3.946106 -1.290853
vt 3.851776 -1.383103
vt 3.946106 -0.877176
vt 3.852524 -0.877082
vt 3.695491 -1.261192
vt 3.725932 -1.438359
vt 3.791434 -1.094347
vt 3.725932 -1.003127
vt 3.873744 -0.971099
vt 4.505528 -1.557892
vt 4.239681 -1.373139
vt 4.225567 -1.797066
vt 4.493457 -1.874876
vt 4.609290 -1.735040
vt 4.779465 -1.898777
vt 4.196308 -1.221608
vt 4.261322 -1.311161
vt 4.203127 -1.376569
vt 4.280720 -1.453479
vt 4.337255 -1.380889
vt 4.261322 -0.946869
vt 4.254580 -1.163744
vt 4.433017 -1.479318
vt 4.266215 -1.101891
vt 4.278723 -1.290853
vt 4.375717 -1.384924
vt 4.529339 -1.268025
vt 4.498900 -1.438358
vt 4.375739 -0.879016
vt 4.278723 -0.877176
vt 4.433397 -1.094347
vt 4.472394 -1.278027
vt 4.498900 -1.003127
vt 4.026881 -1.722863
vt 4.112415 -1.776175
vt 4.027281 -1.845035
vt 4.198138 -1.723036
vt 4.112415 -1.654480
vt 3.910612 -1.912556
vt 4.314217 -1.961719
vt 4.195963 -1.843554
vt 3.998866 -1.896003
vt 4.112415 -1.813192
vt 4.223167 -1.893477
vt 3.879753 -2.023445
vt 3.940319 -2.179007
vt 4.280952 -2.183650
vt 4.345077 -2.023445
vt 4.112415 -2.155923
vt 4.112415 -2.308037
vt 3.981632 -2.097016
vt 4.220860 -0.652603
vt 4.112415 -1.322494
vt 4.036290 -1.543375
vt 4.112415 -1.470989
vt 4.112415 -1.179445
vt 4.036290 -1.011329
vt 4.112415 -1.025513
vt 3.824335 -1.528700
vt 3.834453 -1.551231
vt 3.748707 -1.419419
vt 3.960591 -1.609400
vt 3.834453 -1.399336
vt 3.754252 -1.280808
vt 3.960591 -1.067662
vt 3.942318 -0.918783
vt 4.514326 -2.015080
vt 4.188539 -1.543375
vt 4.390378 -1.551231
vt 4.348332 -1.676062
vt 4.264239 -1.609400
vt 4.203127 -1.003994
vt 4.188539 -1.011329
vt 4.281303 -0.920008
vt 4.390378 -1.399335
vt 4.264239 -1.067662
vt 4.349148 -0.973320
vt 4.477226 -1.417661
vt 3.619934 -1.613362
vt 3.906919 -1.810482
vt 3.876498 -1.676062
vt 4.314217 -1.838169
vt 4.317911 -1.810482
vt 4.317911 -2.007866
vt 4.243200 -1.908006
vt 4.243200 -2.092743
vt 3.981632 -1.908006
vt 3.906919 -2.010464
vt 4.161804 0.125823
vt 4.063026 0.332942
vt 4.004424 0.352758
vt 3.963908 -0.227087
vt 4.028523 0.509824
vt 3.963508 0.271026
vt 3.970250 0.510089
vt 3.944602 0.189250
vt 4.021702 0.259966
vt 3.791636 0.241973
vt 3.889480 0.204769
vt 3.958615 0.513246
vt 3.946106 0.242989
vt 3.851997 0.178057
vt 3.695491 0.512757
vt 3.725932 0.214594
vt 3.926899 0.072981
vt 3.664268 -0.272030
vt 3.692379 0.026484
vt 4.646765 -0.709692
vt 4.230018 -0.209122
vt 4.196309 0.511262
vt 4.261322 0.271027
vt 4.203127 0.259966
vt 4.280726 0.189166
vt 4.337333 0.204473
vt 4.432953 0.241907
vt 4.266215 0.505757
vt 4.278723 0.242989
vt 4.375795 0.177601
vt 4.529339 0.502806
vt 4.498900 0.214594
vt 4.334316 0.065339
vt 4.632232 0.220932
vt 3.981632 -1.305604
vt 4.112415 -1.242495
vt 3.981632 -0.930858
vt 4.063058 -0.907437
vt 4.112415 -0.483052
vt 4.112415 -0.886010
vt 4.161773 -0.907437
vt 3.910612 -0.598067
vt 3.987012 -0.950162
vt 3.910612 -1.033025
vt 3.906919 -1.114201
vt 4.314217 -0.592690
vt 4.317911 -1.114202
vt 4.314217 -1.029680
vt 4.237819 -0.944235
vt 4.195735 -0.523469
vt 4.243200 -1.110045
vt 4.112415 -0.756657
vt 4.029146 -0.524249
vt 4.317911 -0.235208
vt 3.906920 -0.240754
vt 4.036290 0.140762
vt 4.112415 -0.045229
vt 4.063058 -0.065351
vt 4.188539 0.140762
vt 4.112415 0.204370
vt 3.910612 -0.115954
vt 3.960591 0.124631
vt 3.987012 -0.110306
vt 3.886031 0.089530
vt 3.876498 0.160687
vt 4.314217 -0.110080
vt 4.338939 0.089646
vt 4.264239 0.124631
vt 4.237819 -0.110533
vt 4.243200 0.044883
vt 4.112415 -0.204354
vt 4.243200 -0.194007
vt 3.981632 0.044883
vt 3.981632 -0.194152
vt 4.161773 -0.063584
vt 4.220408 0.281040
vt 4.112415 0.411597
vt 3.834453 0.394536
vt 3.754352 0.403877
vt 4.001269 -0.501525
vt 3.831469 -0.793917
vt 4.390378 0.394537
vt 4.348332 0.160687
vt 3.158722 -1.884439
vt 3.544026 -0.788459
vt 3.354750 -1.701258
vt 3.033241 -2.110719
vt 3.024577 -2.236404
vt 3.450109 -2.224395
vt 3.105540 -1.652345
vt 3.057371 -1.698736
vt 3.091000 -1.535388
vt 2.909747 -1.841811
vt 3.069299 -1.819752
vt 3.062131 -1.337854
vt 3.103275 -1.453174
vt 3.073033 -1.660515
vt 2.913016 -1.695090
vt 3.073033 -1.198449
vt 2.913938 -1.141864
vt 3.173362 -1.529552
vt 3.063203 -0.913341
vt 4.098480 -1.751944
vt 3.993858 -1.580127
vt 3.888644 -1.935436
vt 3.558193 -1.868495
vt 3.787901 -1.636532
vt 3.797626 -1.731691
vt 3.833442 -1.809134
vt 4.040889 -1.968185
vt 3.725099 -2.205247
vt 3.992506 -2.005015
vt 3.898424 -1.920021
vt 3.556239 -1.451964
vt 3.777449 -1.488607
vt 3.553277 -1.697415
vt 3.839074 -1.289607
vt 3.795612 -1.324695
vt 3.863818 -1.416464
vt 3.722329 -1.779041
vt 3.478442 -2.330198
vt 3.618623 -2.013040
vt 3.350155 -1.516220
vt 2.911111 -2.194344
vt 3.089556 -2.321405
vt 2.911107 -2.316910
vt 3.154139 -2.351847
vt 3.089556 -2.198890
vt 3.144465 -2.676326
vt 3.153539 -2.468243
vt 3.245213 -2.371143
vt 3.649269 -2.786442
vt 2.908775 -2.341493
vt 3.113168 -2.354956
vt 3.183433 -2.542259
vt 2.909809 -2.893629
vt 3.186154 -2.808650
vt 3.374813 -2.837201
vt 3.146548 -1.839767
vt 3.280176 -1.970214
vt 3.115638 -2.004530
vt 3.171119 -2.155657
vt 3.305698 -2.066923
vt 3.389785 -2.363120
vt 3.243577 -2.457975
vt 3.190694 -2.489116
vt 3.198221 -2.310055
vt 3.358704 -2.211104
vt 3.146548 -1.680873
vt 3.278941 -1.548063
vt 3.293760 -1.703450
vt 3.158459 -1.522254
vt 3.382963 -1.939009
vt 3.250976 -2.254145
vt 3.418725 -2.201920
vt 3.198221 -1.715683
vt 3.342993 -1.678143
vt 3.280797 -1.866338
vt 3.616365 -2.073346
vt 3.905285 -2.254057
vt 2.976902 -2.017830
vt 2.976902 -1.433389
vt 3.115638 -1.509121
vt 3.054380 -1.783522
vt 3.008251 -2.600765
vt 3.008251 -2.769364
vt 3.468660 -0.158565
vt 3.360771 -0.615650
vt 3.638826 0.472586
vt 3.418850 1.104334
vt 3.418850 -0.135264
vt 3.433243 -0.000960
vt 3.482877 -0.306108
vt 3.403732 -0.404555
vt 3.471680 0.195481
vt 3.433243 0.919461
vt 3.106864 -0.550428
vt 2.605522 -0.642135
vt 2.879290 -0.671246
vt 3.244100 -0.565446
vt 3.153719 -0.657228
vt 2.704323 -0.579835
vt 3.522364 0.502359
vt 3.614737 0.171379
vt 3.548097 0.060286
vt 3.681394 0.080980
vt 3.789792 0.095514
vt 3.752097 0.492966
vt 3.716485 0.006836
vt 3.609280 0.503654
vt 3.770362 0.190509
vt 3.970898 0.130404
vt 3.832613 0.496863
vt 3.882687 0.074290
vt 3.670619 -0.000186
vt 3.770148 -0.163017
vt 3.814124 -0.734627
vt 2.908616 -0.777571
vt 3.089556 -0.963783
vt 2.911107 -0.960157
vt 3.183173 -0.933836
vt 3.109414 -0.780720
vt 3.152975 -1.262324
vt 2.909746 -1.258985
vt 3.008251 -1.427800
vt 3.167041 -1.509655
vt 3.142736 -1.103931
vt 3.340850 -0.675165
vt 3.285059 -1.248039
vt 3.604715 -1.223127
vt 3.089556 -1.290612
vt 2.979397 -1.292043
vt 3.144465 -1.697593
vt 3.008251 -1.816715
vt 3.440052 -0.543156
vt 3.780024 -1.076812
vt 3.350429 -0.472305
vt 5.050064 -2.087965
vt 4.157410 -2.707670
vt 4.800329 -2.170382
vt 4.256858 -1.342673
vt 4.230972 -1.580127
vt 4.457587 -1.481655
vt 4.436930 -1.636531
vt 4.666637 -1.868495
vt 4.427205 -1.731691
vt 4.391389 -1.809134
vt 4.665570 -1.450617
vt 4.444120 -1.486573
vt 4.427425 -1.323609
vt 4.385757 -1.289606
vt 4.503252 -2.207412
vt 4.183941 -1.968184
vt 4.234273 -2.006702
vt 4.329871 -1.922701
vt 4.606691 -2.013419
vt 4.234781 -1.849159
vt 4.502501 -1.779041
vt 4.671092 -1.697308
vt 4.750306 -2.331909
vt 4.871480 -1.515186
vt 5.199321 -1.904506
vt 5.215562 -1.784696
vt 4.867474 -1.635972
vt 5.119290 -1.653389
vt 5.167460 -1.698736
vt 5.155531 -1.819752
vt 5.314165 -1.841808
vt 5.314453 -1.719455
vt 5.162753 -1.337350
vt 5.133832 -1.539547
vt 5.121556 -1.459385
vt 5.151799 -1.660515
vt 5.316415 -1.695100
vt 5.316327 -1.141874
vt 5.151799 -1.198448
vt 5.051469 -1.605685
vt 4.895279 -1.024606
vt 5.051469 -1.115470
vt 5.070531 -2.352868
vt 5.135275 -2.321404
vt 5.070635 -2.472318
vt 5.314743 -2.194346
vt 5.135275 -2.198889
vt 5.080365 -2.675814
vt 4.961732 -2.443954
vt 5.040284 -2.548319
vt 5.111664 -2.354955
vt 4.993402 -3.062184
vt 5.310428 -2.341476
vt 5.038678 -2.808650
vt 5.305405 -2.893594
vt 5.078282 -1.839767
vt 4.944654 -1.970214
vt 4.942915 -1.866022
vt 5.053711 -2.155657
vt 5.109192 -2.004529
vt 4.942461 -1.547125
vt 5.078282 -1.680872
vt 4.931207 -1.703488
vt 5.066287 -1.522530
vt 5.109192 -1.509121
vt 4.839313 -2.364677
vt 4.981302 -2.458280
vt 5.026612 -2.310055
vt 4.865969 -2.211051
vt 4.973855 -2.254145
vt 4.841868 -1.939008
vt 4.806205 -2.201959
vt 5.026612 -1.715682
vt 4.881751 -1.678114
vt 4.920311 -2.067278
vt 4.693608 -1.649687
vt 5.148346 -2.234849
vt 5.247926 -2.017830
vt 5.247926 -1.433388
vt 5.255719 -1.259138
vt 4.579680 -1.251989
vt 5.216580 -2.600764
vt 5.034135 -2.489115
vt 4.975475 -0.636534
vt 4.756170 -0.379461
vt 4.805982 0.117962
vt 4.756171 1.108782
vt 4.753150 0.569860
vt 4.791589 -0.153510
vt 4.753150 0.030744
vt 4.791587 0.917326
vt 4.618793 -0.006824
vt 4.611969 0.242714
vt 4.696693 0.123905
vt 4.463615 0.075114
vt 4.472734 0.510593
vt 4.392216 0.505456
vt 4.454115 0.190557
vt 4.457567 0.386613
vt 4.540105 0.081510
vt 4.256451 0.129888
vt 4.207191 0.355995
vt 4.344326 0.073832
vt 4.730308 -0.333624
vt 4.454684 -0.163017
vt 4.415623 -0.726436
vt 5.295199 -1.021479
vt 5.057375 -0.576054
vt 4.899217 -0.654198
vt 4.857895 -0.485450
vt 5.317032 -0.560338
vt 4.990925 -0.537375
vt 5.154843 -0.665403
vt 5.314453 -0.590521
vt 5.081134 -0.818050
vt 5.135275 -0.963783
vt 5.082094 -1.096966
vt 5.311048 -0.777560
vt 5.080366 -1.323351
vt 5.305255 -1.258947
vt 5.038678 -1.163595
vt 5.039582 -1.068159
vt 4.939772 -1.248038
vt 4.614336 -1.230549
vt 5.311549 -0.960151
vt 5.135275 -1.289870
vt 5.057791 -1.514224
vt 5.080366 -1.702874
vt 5.216580 -1.427799
vt 4.829013 -0.372848
vt 4.784779 -0.543155
vt 4.444807 -1.076812
vt 4.702466 0.512360
vt 2.953214 -3.007392
vt 3.591137 -3.334712
vt 3.852832 -3.100808
vt 4.047682 -3.170023
vt 3.988311 -3.028419
vt 2.136621 -3.317488
vt 3.756582 -3.297505
vt 3.319474 -3.323114
vt 2.370958 -3.360146
vt 3.421999 -3.134562
vt 3.269422 -3.029583
vt 3.328158 -2.873394
vt 2.923171 -3.254390
vt 3.269422 -2.656248
vt 2.927526 -2.769798
vt 3.376493 -2.784600
vt 2.919894 -3.072347
vt 3.195572 -2.712855
vt 3.257709 -2.461821
vt 3.192655 -2.289385
vt 2.922683 -2.601730
vt 3.408748 -2.873411
vt 3.485147 -2.612314
vt 3.879699 -2.316197
vt 5.389224 -3.361541
vt 4.467805 -3.262002
vt 4.710671 -3.271482
vt 5.356166 -3.442537
vt 4.773780 -3.394409
vt 4.772156 -3.000471
vt 4.955409 -3.029583
vt 4.856458 -3.194443
vt 5.313808 -3.254447
vt 5.309340 -3.072367
vt 4.926133 -2.709816
vt 5.313282 -2.769892
vt 5.170967 -2.600996
vt 4.358482 -3.066537
vt 4.739685 -2.612314
vt 4.347524 -2.328470
vt 4.898633 -2.866751
vt 5.029403 -2.712132
vt 5.202092 -2.741219
vt 5.031233 -2.294512
vt 5.202938 -2.214309
vt 4.966111 -2.466208
vt 4.194784 -3.201952
vt 4.583639 -3.218322
vt 4.112416 -3.027439
vt 4.112416 -2.183879
vt 4.112416 -0.354987
vt 4.255948 -1.149775
vt 4.074525 -0.973005
vt 3.967213 -0.421753
vt 4.008889 0.955596
vt 4.255287 -0.426120
vt 3.472247 -1.878183
vt 3.866229 -1.762731
vt 3.578246 -2.161633
vt 3.879912 -1.382689
vt 2.594201 -2.185273
vt 3.478365 -1.602755
vt 4.752586 -1.878182
vt 4.506114 -1.566152
vt 4.916080 -1.600035
vt 4.644702 -2.155832
vt 4.358428 -1.765130
vt 4.112416 -1.620048
vt 4.326861 -2.245937
vt 4.117324 -2.497108
vt 4.348332 -1.206099
vt 4.317911 -1.243836
vt 4.112415 -1.897643
vt 4.112415 -1.964259
vt 4.112415 -1.470988
vt 4.579680 0.509469
vt 4.112415 0.364911
vt 4.112415 0.091305
vt 3.190694 -1.991753
vt 3.008251 -2.015987
vt 3.186154 -1.163596
vt 3.645150 -1.264402
vt 3.645150 -0.891203
vt 3.906919 -1.243836
vt 3.876498 -1.206099
vt 5.286425 -2.996329
vt 5.216580 -2.015985
vt 5.034135 -1.991752
vt 4.508345 0.006836
vt 4.387046 -0.791093
vt 4.575502 -0.881154
vt 2.910236 -1.034501
vt 4.848337 -2.784600
vt 4.063026 1.061479
vt 4.220408 0.738957
vt 4.181929 0.989370
vt 4.063026 1.718927
vt 3.976222 1.359617
vt 4.112415 1.179686
vt 3.963508 0.749162
vt 3.944600 0.829945
vt 4.021702 0.759703
vt 3.791637 0.776853
vt 3.889479 0.815016
vt 3.946106 0.777715
vt 3.852287 0.842092
vt 3.725932 0.804971
vt 3.975420 0.899734
vt 3.690761 0.986551
vt 3.943437 2.002567
vt 3.965458 1.914222
vt 4.021702 1.948450
vt 3.770320 2.007786
vt 3.888872 1.940169
vt 3.851529 1.822348
vt 3.949817 1.819277
vt 3.692107 1.717372
vt 3.928865 1.609674
vt 3.574278 1.662048
vt 4.261322 0.749162
vt 4.254580 0.505908
vt 4.280726 0.830026
vt 4.337333 0.815301
vt 4.433444 0.776789
vt 4.375793 0.842576
vt 4.278723 0.777715
vt 4.477874 0.613817
vt 4.498900 0.804971
vt 4.334502 0.955364
vt 4.579451 1.001646
vt 4.332787 1.627501
vt 4.375752 1.823663
vt 4.275605 1.813186
vt 4.280612 2.002043
vt 4.259365 1.914297
vt 4.336987 1.940790
vt 4.575953 1.797099
vt 4.454510 2.007786
vt 4.565347 1.254746
vt 4.676469 1.683606
vt 4.253250 1.362882
vt 4.509997 1.957164
vt 4.314217 1.378007
vt 4.317911 0.989856
vt 4.336788 0.931780
vt 3.987012 1.128050
vt 4.063058 1.301745
vt 4.043761 0.920286
vt 4.317911 1.417758
vt 4.243200 1.269134
vt 4.112415 1.067441
vt 4.112415 0.814893
vt 4.188539 0.878174
vt 3.910612 1.133347
vt 3.960591 0.893763
vt 3.876498 0.856847
vt 3.886046 0.926950
vt 4.264239 0.893763
vt 4.237819 1.133673
vt 4.243200 0.970852
vt 4.112415 1.309076
vt 4.112415 0.923505
vt 3.981632 0.970852
vt 3.981632 1.265315
vt 4.161773 1.086824
vt 3.906920 1.163977
vt 4.063058 1.746547
vt 4.112415 1.521912
vt 3.999602 1.976102
vt 4.112415 1.886569
vt 3.888234 2.042651
vt 3.987012 1.726125
vt 4.317911 1.942096
vt 4.314217 1.863520
vt 4.317911 2.173348
vt 4.264239 2.003905
vt 4.237819 1.726281
vt 4.243200 2.004028
vt 3.981632 2.003851
vt 4.243200 2.258517
vt 4.112415 2.056170
vt 3.981632 2.258517
vt 4.182013 1.913343
vt 3.910612 1.636014
vt 3.906920 2.126158
vt 4.161773 1.544388
vt 3.906920 1.706363
vt 4.112415 0.607783
vt 3.834453 0.622820
vt 3.748552 0.613983
vt 3.824335 2.078093
vt 4.203127 0.759703
vt 4.398532 0.624707
vt 4.200694 1.974319
vt 4.400496 2.078093
vt 3.616241 1.062291
vt 4.044738 2.439504
vt 3.967150 2.346119
vt 4.161804 1.566205
vt 4.232807 2.328227
vt 4.181969 2.437147
vt 4.112415 2.479870
vt 4.112415 2.262814
vt 4.101082 2.624869
vt 4.175616 2.555523
vt 4.028523 2.080272
vt 3.970250 2.197305
vt 3.963508 2.334620
vt 4.023999 2.370396
vt 3.944015 2.476776
vt 3.811630 2.539464
vt 3.791952 2.502626
vt 3.729054 2.410926
vt 3.889266 2.403048
vt 3.958615 2.136944
vt 3.946106 2.314607
vt 3.852133 2.406517
vt 3.729054 2.109673
vt 3.695491 2.294297
vt 3.715146 1.955518
vt 3.725932 2.461790
vt 3.816264 2.967037
vt 4.092835 2.734515
vt 3.511354 2.795816
vt 3.672680 2.618761
vt 3.655430 2.944174
vt 4.034576 2.566841
vt 4.196309 2.255676
vt 4.261322 2.334620
vt 4.254580 2.192775
vt 4.280548 2.476565
vt 4.337017 2.404090
vt 4.454510 2.469840
vt 4.443125 2.424200
vt 4.495776 2.339000
vt 4.266215 2.130724
vt 4.529339 2.286066
vt 4.473423 2.141958
vt 4.375530 2.408451
vt 4.278723 2.314609
vt 4.498900 2.461790
vt 4.419205 2.530337
vt 4.225567 2.821821
vt 4.493455 2.899591
vt 4.609392 2.759434
vt 4.780203 2.923666
vt 4.027466 2.746076
vt 4.112415 2.800476
vt 4.112415 2.678301
vt 4.197921 2.746588
vt 3.910612 2.985938
vt 3.910612 2.861832
vt 3.906920 3.034344
vt 4.314217 2.985938
vt 4.317911 3.038252
vt 4.314217 2.861832
vt 4.195904 2.867761
vt 3.998024 2.921371
vt 4.026875 2.869675
vt 4.223172 2.918089
vt 4.112415 2.837857
vt 3.940327 3.203637
vt 3.879753 3.048048
vt 4.280141 3.209333
vt 4.112415 3.182205
vt 4.243200 3.122070
vt 3.981632 3.120442
vt 4.220408 1.724236
vt 4.036290 2.566735
vt 4.112415 2.494328
vt 3.810757 2.225709
vt 3.834453 2.421162
vt 3.752432 2.300184
vt 3.960591 2.632661
vt 4.112415 2.279280
vt 4.004424 1.767566
vt 4.112415 2.050638
vt 4.390378 2.498301
vt 4.368313 2.181412
vt 4.203127 2.399875
vt 4.188539 2.566735
vt 4.400496 2.551707
vt 4.264239 2.632661
vt 4.514321 3.039761
vt 4.625129 2.641832
vt 3.876498 2.699090
vt 3.906920 2.833533
vt 4.317911 2.833533
vt 4.348332 2.699090
vt 4.243200 2.931002
vt 4.112415 2.987085
vt 3.981632 2.931002
vt 3.482875 1.323370
vt 3.403760 1.423020
vt 3.645150 2.196323
vt 3.229631 1.557123
vt 3.190750 1.662966
vt 2.622959 1.560503
vt 3.243191 1.584232
vt 2.878747 1.688822
vt 3.152595 1.675066
vt 2.908768 2.343075
vt 3.068730 2.255312
vt 3.083453 2.369508
vt 2.709433 1.598720
vt 2.912603 2.075139
vt 3.083066 2.133503
vt 3.614737 0.844155
vt 3.547484 0.953293
vt 3.681396 0.934130
vt 3.789792 0.916513
vt 3.768863 0.826103
vt 3.766272 0.629850
vt 3.970079 0.883391
vt 4.018800 0.656703
vt 3.882695 0.940570
vt 3.770087 1.178899
vt 3.670620 1.013613
vt 3.814141 1.746280
vt 3.832059 2.314363
vt 3.556775 2.410604
vt 3.797590 2.256617
vt 3.726140 2.700165
vt 3.896778 2.416174
vt 3.991759 2.508519
vt 3.619523 2.501060
vt 2.908876 1.794451
vt 3.089557 1.980886
vt 3.110053 1.797308
vt 3.186633 1.946921
vt 2.976902 2.356949
vt 3.089557 2.205233
vt 2.911112 2.201276
vt 3.171119 2.484497
vt 3.115638 2.402977
vt 3.144466 2.435455
vt 2.910027 2.272256
vt 3.186154 2.177390
vt 3.153446 2.104025
vt 3.008251 2.930521
vt 3.008251 2.561236
vt 3.198221 2.633055
vt 3.154051 2.343070
vt 3.339701 1.693836
vt 3.281605 2.474667
vt 3.309027 2.551862
vt 3.393059 2.857237
vt 3.363003 2.690948
vt 2.911108 1.977285
vt 3.471680 0.824372
vt 3.384611 1.462835
vt 3.440040 1.560844
vt 3.780058 2.089392
vt 3.452769 1.729534
vt 3.468660 1.112984
vt 3.497730 2.616518
vt 3.326942 2.710752
vt 3.105541 2.679778
vt 3.091000 2.566675
vt 3.057372 2.721500
vt 2.909559 2.864527
vt 3.069299 2.842404
vt 3.103275 2.490411
vt 3.073033 2.683592
vt 2.912982 2.718246
vt 3.173362 2.438392
vt 3.035717 2.891126
vt 3.024578 3.261147
vt 3.033248 3.135409
vt 3.450108 3.249132
vt 2.855674 3.026390
vt 3.780213 2.508508
vt 3.789104 2.336550
vt 4.037928 2.831637
vt 3.481528 3.011078
vt 4.039755 2.653264
vt 3.558145 2.891140
vt 3.786716 2.659625
vt 3.553349 2.730270
vt 3.833326 2.831954
vt 3.796687 2.755033
vt 3.898294 2.942801
vt 3.724992 3.227952
vt 3.994422 3.025939
vt 3.992923 3.028186
vt 3.625468 3.127197
vt 3.618222 3.035036
vt 3.284183 3.265890
vt 3.219863 2.982635
vt 3.128334 2.959387
vt 3.281234 2.992495
vt 3.285542 2.826399
vt 3.171119 3.178660
vt 3.306079 3.089468
vt 3.386350 3.387156
vt 3.217892 3.477162
vt 3.406017 3.387949
vt 3.198221 3.333167
vt 3.359400 3.233593
vt 2.911108 3.217999
vt 3.089557 3.345746
vt 3.089557 3.222546
vt 3.154073 3.375215
vt 3.144466 3.703354
vt 3.153518 3.492620
vt 3.649266 3.811916
vt 3.245214 3.395997
vt 2.908534 3.366216
vt 2.911109 3.341248
vt 3.183435 3.567230
vt 3.113168 3.379710
vt 2.909444 3.919234
vt 3.008251 3.804631
vt 3.374814 3.862794
vt 3.905285 3.278821
vt 3.616366 3.098036
vt 3.146548 2.610485
vt 2.976902 3.040804
vt 3.279935 2.554253
vt 2.910235 2.812863
vt 3.008251 3.624294
vt 4.746194 1.340721
vt 4.749544 1.033819
vt 4.805981 1.147160
vt 4.610093 0.844155
vt 4.581848 0.635210
vt 4.587212 1.074044
vt 4.463615 0.937519
vt 4.454111 0.825869
vt 4.540103 0.933621
vt 4.256448 0.883724
vt 4.206692 0.656756
vt 4.365055 0.905028
vt 4.344320 0.941011
vt 4.676502 0.940767
vt 4.668505 2.410719
vt 4.392772 2.314363
vt 4.427239 2.256617
vt 4.503448 2.703042
vt 4.332945 2.419684
vt 4.606451 2.501964
vt 5.102237 1.568680
vt 4.789244 1.619063
vt 4.869992 1.487890
vt 5.211391 1.870405
vt 5.316554 2.075148
vt 5.143271 2.125788
vt 4.977369 1.583665
vt 5.154417 1.683012
vt 5.314453 1.608902
vt 5.314165 2.343070
vt 5.156049 2.255443
vt 5.314453 2.232945
vt 5.197208 1.680334
vt 5.135275 1.980887
vt 5.311164 1.794441
vt 5.082510 1.834806
vt 5.053711 2.484498
vt 5.135275 2.205233
vt 5.070536 2.344496
vt 5.247926 2.356949
vt 5.095802 2.457401
vt 5.306290 2.272225
vt 5.080366 2.436409
vt 5.033922 2.114070
vt 5.026611 2.633055
vt 5.216580 2.930521
vt 5.034135 2.876504
vt 4.944500 2.475008
vt 4.937941 2.261276
vt 4.615599 2.242376
vt 4.837653 2.859412
vt 4.861650 2.690891
vt 5.070638 2.108054
vt 5.314250 2.201278
vt 4.918241 2.552563
vt 4.787450 1.556260
vt 4.821494 1.425070
vt 4.898769 1.672066
vt 5.140969 2.370471
vt 4.441955 2.093500
vt 4.378333 1.777610
vt 4.579680 2.350191
vt 4.867598 2.641155
vt 5.050066 3.112655
vt 4.443071 2.507546
vt 4.435726 2.336550
vt 4.666491 2.891047
vt 4.435694 2.658076
vt 4.427354 2.754518
vt 4.391505 2.831955
vt 4.749614 3.013815
vt 4.187097 2.831812
vt 4.185077 2.653264
vt 4.184784 2.991022
vt 4.503554 3.230238
vt 4.235264 3.030141
vt 4.330363 2.945759
vt 4.607022 3.035364
vt 4.671024 2.730066
vt 4.750521 3.354311
vt 4.800335 3.195096
vt 4.157412 3.732984
vt 4.995627 2.000517
vt 5.051469 2.481328
vt 5.119290 2.680145
vt 5.167460 2.721500
vt 5.133832 2.560486
vt 5.314164 2.864525
vt 5.314453 2.742275
vt 5.121556 2.482646
vt 5.180274 2.912648
vt 5.316426 2.718256
vt 5.151799 2.683592
vt 4.941235 3.266056
vt 4.604969 3.130608
vt 5.078282 2.785096
vt 4.943002 2.553742
vt 4.932006 2.724955
vt 4.944160 2.992656
vt 4.942713 2.888069
vt 5.053711 3.178660
vt 5.109192 3.027351
vt 5.007524 3.477920
vt 4.838481 3.387156
vt 5.026611 3.333167
vt 4.865271 3.233540
vt 4.920157 3.089895
vt 5.070686 3.375669
vt 5.135275 3.345746
vt 5.135275 3.222546
vt 5.314428 3.218000
vt 5.039981 3.574937
vt 4.961732 3.468899
vt 5.111664 3.379710
vt 4.993392 4.088296
vt 5.070500 3.497658
vt 5.310439 3.366200
vt 5.080366 3.701690
vt 5.305428 3.919198
vt 5.038678 3.834085
vt 5.155529 2.842404
vt 5.247926 3.040804
vt 5.148345 3.259592
vt 5.301504 2.813988
vt 5.216580 3.624294
vt 4.008889 1.833344
vt 3.884458 1.135260
vt 4.215943 1.833344
vt 4.397903 1.333989
vt 4.112416 1.812660
vt 4.215943 0.951712
vt 3.286890 2.261276
vt 3.828758 2.409581
vt 3.547867 2.131076
vt 2.921398 3.695056
vt 3.297960 3.611305
vt 3.401923 3.702553
vt 2.918654 3.621576
vt 3.215516 3.337836
vt 3.238787 2.975216
vt 3.587712 3.081663
vt 3.809520 2.731645
vt 3.478146 2.615143
vt 3.458505 3.449608
vt 2.390805 3.123240
vt 5.347786 3.242311
vt 4.643499 2.865206
vt 4.645477 3.085332
vt 5.314212 3.695123
vt 5.014681 3.461781
vt 4.825619 3.697763
vt 4.955409 3.584975
vt 5.309338 3.621593
vt 4.505527 2.577222
vt 4.916375 2.613314
vt 5.029122 3.228954
vt 5.310651 3.365480
vt 4.350746 3.308944
vt 4.358328 2.778645
vt 4.112415 2.993909
vt 4.182577 2.405839
vt 3.714516 4.217320
vt 4.303185 4.099699
vt 3.482023 3.937056
vt 3.323500 3.736805
vt 3.297035 4.020918
vt 2.922992 4.279802
vt 3.395980 4.183290
vt 3.195698 3.736903
vt 3.255164 3.626215
vt 2.919641 4.096863
vt 2.953105 4.033116
vt 3.748795 4.291459
vt 3.875696 4.111379
vt 3.532826 4.264259
vt 3.440346 4.423913
vt 4.022252 4.230798
vt 2.916730 4.387425
vt 2.649637 4.445853
vt 4.903912 3.560011
vt 4.971000 3.466391
vt 4.981733 3.146529
vt 4.772156 4.021881
vt 5.030256 4.068588
vt 4.877744 3.899293
vt 4.577170 3.467278
vt 5.028910 3.738029
vt 4.969175 3.628288
vt 5.202083 3.764889
vt 4.784187 4.199414
vt 4.640604 4.363345
vt 4.349135 4.105395
vt 4.180472 4.196854
vt 4.533020 4.338832
vt 5.309349 4.395918
vt 5.355868 4.469490
vt 4.112416 4.047674
vt 4.941215 4.334087
vt 5.313805 4.279859
vt 4.112415 0.648936
vt 4.236244 2.511124
vt 4.112415 2.837772
vt 4.112415 2.584030
vt 4.326860 3.270694
vt 4.345077 3.048048
vt 4.117325 3.522093
vt 3.716485 1.004524
vt 3.114639 3.125304
vt 3.255419 3.297455
vt 3.186154 3.834085
vt 4.112415 2.366084
vt 4.381587 0.611083
vt 4.112416 3.332752
vt 5.286431 4.022261
vt 3.224184 1.962197
vt 3.875696 3.037307
vt 2.766594 -1.784219
vt 2.604814 -1.840293
vt 2.533257 -2.067980
vt 2.763329 -1.699440
vt 2.715674 -1.653341
vt 2.729669 -1.536227
vt 2.912960 -1.719449
vt 2.758893 -1.337531
vt 2.717029 -1.454016
vt 2.747284 -1.661250
vt 2.747284 -1.199106
vt 2.852242 -1.250050
vt 2.646758 -1.530292
vt 2.646758 -1.018329
vt 2.110897 -1.893256
vt 2.299598 -2.176130
vt 2.470672 -1.939556
vt 2.259985 -1.416873
vt 2.164957 -1.285146
vt 2.139496 -1.473317
vt 2.228341 -0.913381
vt 2.037390 -1.404642
vt 2.077822 -1.471473
vt 2.089851 -1.323028
vt 2.089851 -1.090709
vt 2.130794 -1.002317
vt 2.510097 -1.021004
vt 2.304017 -0.742617
vt 2.390350 -1.631447
vt 2.732638 -2.322443
vt 2.668883 -2.353396
vt 2.732638 -2.199939
vt 2.680242 -2.677958
vt 2.669460 -2.469757
vt 2.623579 -2.277951
vt 2.639617 -2.543333
vt 2.708737 -2.356089
vt 2.455038 -2.844966
vt 2.638586 -2.810514
vt 2.397505 -1.507161
vt 2.624616 -1.560326
vt 2.660789 -1.526346
vt 2.464694 -2.214172
vt 2.372601 -2.022147
vt 2.624064 -2.135755
vt 2.375587 -1.491767
vt 2.445110 -1.668068
vt 2.539669 -1.971779
vt 2.675193 -1.841084
vt 2.706292 -2.005706
vt 2.581880 -2.460569
vt 2.434372 -2.366612
vt 2.634120 -2.491187
vt 2.625204 -2.311975
vt 2.675193 -1.682169
vt 2.525081 -1.704798
vt 2.574121 -2.256827
vt 2.385144 -1.919459
vt 2.368748 -2.189412
vt 2.625204 -1.717600
vt 2.634121 -1.993915
vt 2.538215 -1.867677
vt 2.410490 -2.366369
vt 1.876364 -1.982680
vt 1.942117 -1.988096
vt 1.953115 -1.877029
vt 1.753555 -2.256986
vt 1.878749 -2.103348
vt 1.926121 -2.223760
vt 1.869528 -2.541478
vt 2.110509 -2.181240
vt 1.800915 -2.760589
vt 1.990565 -2.057099
vt 2.093553 -1.884439
vt 2.251020 -1.866466
vt 2.083300 -1.356437
vt 1.924376 -1.901416
vt 2.033908 -1.743581
vt 2.030617 -1.432899
vt 2.124792 -1.386946
vt 2.176163 -1.567594
vt 1.959929 -1.280577
vt 1.899562 -1.918674
vt 2.022947 -1.469173
vt 1.819266 -2.051008
vt 2.069684 -2.027552
vt 1.938180 -1.675680
vt 1.756929 -1.793775
vt 1.886571 -1.374693
vt 2.048683 -1.610507
vt 2.084416 -2.202803
vt 1.783901 -1.978652
vt 2.255322 -1.765513
vt 2.036791 -2.180110
vt 2.751954 -1.820582
vt 2.845015 -2.018207
vt 2.845015 -1.433741
vt 2.022105 -1.555414
vt 2.037390 -1.167472
vt 2.353205 -2.965149
vt 2.817375 -2.601502
vt 2.817375 -2.782274
vt 1.753555 -2.133832
vt 2.486934 -0.645633
vt 2.642923 -0.662776
vt 2.589644 -0.538746
vt 2.400840 0.086096
vt 2.351501 -0.529541
vt 2.425370 -0.383075
vt 2.259985 0.311052
vt 2.164957 0.513127
vt 2.137030 0.193666
vt 2.386723 -0.161160
vt 2.348669 0.194108
vt 2.386723 0.917166
vt 2.037390 0.509017
vt 2.075791 0.223889
vt 2.089851 0.509394
vt 2.350805 0.278162
vt 2.732638 -0.964622
vt 2.608960 -0.995796
vt 2.671276 -1.263901
vt 2.817375 -1.490734
vt 2.679865 -1.471495
vt 2.656456 -1.511326
vt 2.679865 -1.105145
vt 2.685769 -0.820548
vt 2.732638 -1.291569
vt 2.842817 -1.293301
vt 1.938778 -0.610724
vt 1.912515 -1.104902
vt 1.953115 -1.065546
vt 1.753555 -0.793095
vt 1.837934 -1.165285
vt 1.879446 -0.690046
vt 2.205863 0.170607
vt 2.298315 0.502557
vt 2.272789 0.062008
vt 2.030617 0.391797
vt 2.098760 0.183181
vt 1.975988 0.131410
vt 1.959929 0.060958
vt 2.028136 0.077664
vt 2.070302 0.494750
vt 1.984992 0.102765
vt 2.135753 -0.009162
vt 1.756930 0.359536
vt 1.771153 0.072630
vt 1.886571 0.031269
vt 2.141282 0.058416
vt 2.104710 0.508989
vt 1.953115 -0.127426
vt 2.052211 -0.168633
vt 2.009610 -0.737261
vt 1.753555 -0.234455
vt 1.837934 -0.230105
vt 1.912515 -0.160509
vt 2.020183 0.203806
vt 2.337480 -0.308353
vt 2.383203 -0.540101
vt 2.452289 -0.485702
vt 2.040686 -1.086637
vt 2.189631 -1.290550
vt 2.243014 -1.757132
vt 1.846398 -1.362794
vt 1.767642 -1.396690
vt 1.697849 -1.602727
vt 1.701811 -1.765676
vt 1.868450 -1.452679
vt 1.854373 -1.314510
vt 1.789376 -1.225847
vt 1.847601 -1.164496
vt 1.925933 -1.380841
vt 1.854373 -0.949781
vt 1.873777 -0.983404
vt 1.932179 -0.922775
vt 1.963380 -1.384181
vt 1.967968 -0.880963
vt 2.025552 -1.019100
vt 1.859075 -1.100196
vt 1.871626 -1.293994
vt 1.871626 -0.879829
vt 1.712806 -1.482308
vt 1.826012 -1.585037
vt 1.634117 -1.423881
vt 1.704596 -1.351345
vt 1.813011 -0.985495
vt 1.596527 -1.150677
vt 1.655154 -0.738065
vt 1.704596 -0.311842
vt 1.754154 -0.612070
vt 1.881940 -1.805893
vt 1.783727 -1.842655
vt 1.705550 -1.780706
vt 1.722252 -1.670723
vt 1.619851 -1.727917
vt 1.500143 -1.868391
vt 1.503599 -1.918001
vt 1.500143 -2.060233
vt 1.622105 -1.848402
vt 1.810079 -1.891836
vt 1.705420 -1.817603
vt 1.594937 -1.898137
vt 1.660552 -2.257356
vt 1.531938 -2.182747
vt 1.740202 -2.370633
vt 1.472566 -2.029222
vt 1.310989 -1.562947
vt 1.577237 -1.376936
vt 1.137151 -1.966897
vt 1.354956 -1.976882
vt 1.206985 -1.740609
vt 1.626723 -1.545709
vt 1.555799 -1.315235
vt 1.621145 -1.225988
vt 1.614321 -1.380766
vt 1.537233 -1.457680
vt 1.555799 -0.950412
vt 1.562547 -1.167703
vt 1.532927 -0.920673
vt 1.614321 -1.007676
vt 1.339711 -1.423010
vt 1.362329 -1.451747
vt 1.416712 -1.534013
vt 1.550730 -1.105506
vt 1.538200 -1.294765
vt 1.440290 -1.389907
vt 1.479387 -1.385660
vt 1.287183 -1.272874
vt 1.317683 -1.443326
vt 1.440288 -0.883110
vt 1.382591 -1.097599
vt 1.344750 -1.283456
vt 1.465555 -0.974591
vt 2.052798 -1.980794
vt 1.816985 -1.577980
vt 1.940788 -1.678832
vt 1.819520 -1.042732
vt 1.973377 -1.191234
vt 1.796231 -1.380295
vt 1.705361 -1.326479
vt 1.705361 -1.183252
vt 1.796231 -1.007263
vt 1.596074 -0.655280
vt 1.816138 -0.621261
vt 1.705435 -1.475197
vt 1.629217 -1.547990
vt 1.427133 -1.556931
vt 1.469321 -1.681750
vt 1.553458 -1.614483
vt 1.629217 -1.015243
vt 1.705435 -1.029159
vt 1.427133 -1.404851
vt 1.553458 -1.072029
vt 1.469321 -1.211197
vt 2.170512 -1.602711
vt 1.660552 -2.068002
vt 1.575429 -1.914253
vt 1.575429 -2.103273
vt 1.948983 -0.776386
vt 1.862517 -0.229301
vt 2.186738 -0.091523
vt 1.961270 0.056887
vt 1.871382 0.188845
vt 1.854373 0.270466
vt 1.789376 0.509807
vt 1.847601 0.510074
vt 1.929276 0.203997
vt 1.965656 0.177431
vt 1.859075 0.513259
vt 1.871626 0.242400
vt 1.761007 0.301458
vt 1.655154 0.124933
vt 1.831618 -0.955601
vt 1.915094 -1.025349
vt 1.705550 -0.485951
vt 1.755146 -0.913121
vt 1.705550 -0.889249
vt 1.656147 -0.910972
vt 1.660552 -0.331992
vt 1.575429 -1.198156
vt 1.660552 -1.290282
vt 1.500143 -1.117910
vt 1.503599 -0.595881
vt 1.503599 -1.032699
vt 1.580054 -0.947545
vt 1.622590 -0.526264
vt 1.783953 -0.524077
vt 1.500143 -0.237582
vt 1.575430 -0.003153
vt 1.575430 -0.499499
vt 1.818485 0.131988
vt 1.915095 -0.118734
vt 1.831618 -0.110677
vt 1.705550 -0.047554
vt 1.755146 -0.067269
vt 1.629217 0.139649
vt 1.705435 0.203513
vt 1.482927 0.120211
vt 1.503599 -0.113414
vt 1.553459 0.123368
vt 1.580054 -0.113540
vt 1.656147 -0.065510
vt 1.586910 -0.210884
vt 1.169416 -0.713685
vt 1.555800 0.270345
vt 1.621145 0.510804
vt 1.614322 0.259247
vt 1.537134 0.188249
vt 1.550730 0.505743
vt 1.538200 0.242256
vt 1.440209 0.176476
vt 1.479298 0.203477
vt 1.383430 0.241146
vt 1.287183 0.502784
vt 1.317683 0.213607
vt 1.482499 0.064083
vt 1.183989 0.219907
vt 1.796231 0.259327
vt 1.705361 0.411313
vt 1.596527 0.274905
vt 1.813011 0.489522
vt 1.427133 0.394088
vt 1.974203 -3.108553
vt 1.777689 -3.178449
vt 2.560793 -3.032910
vt 2.410615 -3.141181
vt 2.500989 -2.877281
vt 2.560793 -2.660038
vt 2.630843 -2.718306
vt 2.804447 -2.744222
vt 2.569036 -2.464841
vt 2.633920 -2.293590
vt 2.804741 -2.224650
vt 2.340825 -2.617775
vt 2.421719 -2.878511
vt 1.947012 -2.325963
vt 1.542113 -2.313622
vt 1.628144 -1.982104
vt 1.343978 -2.263755
vt 1.633398 -2.066629
vt 1.361372 -1.856181
vt 1.619984 -1.829141
vt 1.632439 -1.641801
vt 1.361159 -2.124595
vt 1.344498 -3.312028
vt 1.178185 -3.244029
vt -0.254605 -3.338243
vt 1.352867 -3.273839
vt 0.422011 -3.375658
vt 1.107473 -3.285026
vt 0.498648 -2.723686
vt 0.762570 -2.785565
vt 0.764575 -2.668386
vt -0.031492 -3.377752
vt 0.506599 -2.991829
vt 0.811457 -2.898896
vt 0.862220 -3.043735
vt 1.054651 -3.014613
vt 0.964196 -3.208283
vt 0.500458 -3.269241
vt 0.841104 -2.578732
vt 0.940660 -2.890878
vt 0.500834 -2.788254
vt 0.971000 -2.801447
vt 0.864738 -2.518968
vt 0.807214 -2.826368
vt 0.805895 -2.623205
vt 0.604640 -2.708606
vt 0.503024 -2.863955
vt 0.864738 -2.363469
vt 0.874849 -2.663020
vt 0.604640 -2.132689
vt 0.633803 -2.499943
vt 1.462165 -3.077958
vt 1.009111 -2.459386
vt 1.017906 -2.369228
vt 1.013561 -2.033859
vt 1.034156 -2.204098
vt 0.504358 -3.086931
vt 1.711814 -3.184841
vt 1.712204 -3.036782
vt 1.712204 -2.195196
vt 1.611885 -2.895632
vt 2.175459 -3.229024
vt 2.508757 -3.326175
vt 2.108021 -1.573794
vt 2.439780 -1.346067
vt 2.016313 -1.944470
vt 2.079753 -1.764423
vt 2.634271 -1.762788
vt 2.432367 -2.387045
vt 1.606398 1.267705
vt 1.711081 -0.528584
vt 1.606398 -0.458226
vt 1.391416 0.511393
vt 1.480368 0.125760
vt 1.357089 -0.047814
vt 1.427049 0.075490
vt 1.427049 0.505399
vt 1.814714 -0.832678
vt 1.878225 -0.159596
vt 1.603098 0.113212
vt 1.549567 0.506009
vt 1.421669 -0.748687
vt 1.670836 -0.980074
vt 1.082958 -2.627486
vt 1.573801 -1.920482
vt 1.474111 -2.488899
vt 0.505245 -1.364737
vt 0.763697 -1.386579
vt 0.811491 -1.259566
vt 1.175988 -2.172214
vt 0.831595 -1.983672
vt 1.407377 -1.734383
vt 1.106339 -1.686732
vt 0.902292 -1.447298
vt 0.032990 -1.719639
vt 0.503820 -1.440031
vt 0.749733 -1.678907
vt 1.781968 -1.404329
vt 1.467964 -1.205060
vt 1.195781 -2.158547
vt 1.491562 -1.927245
vt 1.584685 -2.028285
vt 1.502724 -1.393622
vt 1.043723 -1.820493
vt 1.588240 -1.493615
vt 1.150188 -1.876102
vt 1.380503 -1.642838
vt 1.389457 -1.738624
vt 1.425301 -1.816502
vt 1.206531 -2.012474
vt 1.373284 -1.492756
vt 1.151213 -1.457810
vt 1.391942 -1.328366
vt 1.145674 -1.705617
vt 1.388922 -1.319742
vt 1.118538 -1.617028
vt 0.989239 -2.211494
vt 0.743739 -2.357111
vt 0.743033 -2.472790
vt 0.679354 -2.330302
vt 0.498658 -2.203383
vt 0.679354 -2.207891
vt 0.879925 -2.561670
vt 0.772322 -2.542984
vt 0.639629 -2.147389
vt 0.703061 -2.363517
vt 0.503167 -2.350076
vt 0.817605 -1.719029
vt 0.813946 -2.019220
vt 0.872048 -1.978549
vt 0.736602 -1.848296
vt 0.873075 -1.874447
vt 0.728510 -2.075637
vt 0.916108 -2.131219
vt 0.736602 -1.689269
vt 0.870414 -1.556166
vt 0.885087 -1.711687
vt 0.730770 -1.542652
vt 0.884459 -1.545435
vt 0.598479 -1.791642
vt 0.614797 -1.911477
vt 0.947977 -1.642260
vt 0.444210 -2.008789
vt 0.646838 -1.706074
vt 0.695301 -1.661627
vt 0.658882 -1.827760
vt 0.499446 -1.849908
vt 0.651337 -1.342008
vt 0.680619 -1.546795
vt 0.692907 -1.466016
vt 0.662531 -1.667424
vt 0.496989 -1.702134
vt 0.499161 -1.726873
vt 0.497070 -1.148022
vt 0.558196 -1.266499
vt 0.920074 -1.029944
vt 0.763277 -1.612330
vt 0.763277 -1.121271
vt 0.982876 -2.387406
vt 1.122434 -1.655495
vt 0.499535 -2.250360
vt 0.566051 -2.026606
vt 0.566051 -1.441600
vt 1.236683 -1.256925
vt 0.806657 -2.408940
vt 1.432557 0.010781
vt 1.484720 0.074188
vt 1.637363 0.032690
vt 1.199546 -0.010058
vt 1.205080 0.242200
vt 1.270561 0.058521
vt 1.362208 0.189076
vt 1.359873 0.386086
vt 1.408174 0.101590
vt 1.415246 -0.410521
vt 1.118121 0.055055
vt 0.839569 -0.640936
vt 1.059680 -0.382691
vt 1.024286 0.002594
vt 1.078210 -0.337662
vt 0.995239 -0.405461
vt 1.009732 -0.087421
vt 1.059680 1.110988
vt 1.024286 0.919074
vt 0.806485 -1.007155
vt 0.757508 -1.258571
vt 0.698392 -0.994608
vt 0.502509 -0.783878
vt 0.717997 -0.811591
vt 0.679354 -1.297368
vt 0.732903 -1.387585
vt 0.501954 -0.967368
vt 0.830750 -0.570362
vt 0.929298 -0.659791
vt 0.758993 -0.685193
vt 0.518530 -1.027308
vt 0.692384 -0.555069
vt 0.937810 -0.478833
vt 0.499446 -0.676666
vt 0.400886 -0.592226
vt 1.033163 -0.550802
vt 1.063054 0.215124
vt 1.114140 0.512340
vt 2.817375 -1.983185
vt 1.771153 -1.537752
vt 2.852319 -1.449708
vt 1.538564 -1.294375
vt 1.660552 -1.429817
vt 1.317683 -1.007418
vt 1.236683 0.509446
vt 1.118359 -2.963902
vt 1.753555 -1.279992
vt 0.787736 -1.703054
vt 0.692187 -1.913427
vt 1.321682 -1.453407
vt 2.680242 -1.699341
vt 1.429702 -0.794556
vt 1.538200 -0.880480
vt 1.240870 -0.885384
vt 2.455125 -2.789814
vt 0.662531 -1.204639
vt 2.752006 2.255877
vt 2.912415 2.232940
vt 2.509894 1.606773
vt 2.643316 1.680735
vt 2.400840 1.150849
vt 2.217341 0.948508
vt 2.075791 0.795057
vt 2.133340 0.827969
vt 2.350805 1.319998
vt 2.435153 1.463982
vt 2.291530 1.615891
vt 2.259985 2.007642
vt 2.105571 1.842878
vt 2.380541 1.907634
vt 2.630172 1.663700
vt 2.732638 1.981719
vt 2.686308 1.836080
vt 2.732638 2.206147
vt 2.845015 2.357291
vt 2.622360 2.509567
vt 2.706292 2.404059
vt 2.609505 2.011004
vt 2.680242 2.437117
vt 2.638586 2.179201
vt 2.669550 2.105339
vt 2.814986 3.015125
vt 2.817375 2.534081
vt 2.625204 2.634942
vt 2.668967 2.344507
vt 2.461983 2.694495
vt 2.371693 2.510025
vt 2.539013 2.476345
vt 2.432559 2.861337
vt 2.605238 2.984506
vt 2.205863 0.844889
vt 2.211280 0.502784
vt 2.030617 0.625233
vt 2.098760 0.832900
vt 1.959929 0.955309
vt 2.028136 0.937323
vt 1.953115 1.398589
vt 1.912515 1.182703
vt 1.985641 0.944984
vt 1.985650 0.909710
vt 1.949062 0.668461
vt 1.756930 0.653672
vt 1.886571 0.984015
vt 1.753555 1.543620
vt 1.790151 1.171412
vt 1.837934 1.480942
vt 2.141282 0.955852
vt 2.134246 1.020461
vt 2.273367 0.951692
vt 2.052269 1.184490
vt 2.009594 1.748865
vt 2.096690 2.383856
vt 2.251831 2.379168
vt 1.912515 1.699801
vt 1.944892 1.892784
vt 1.944030 2.134156
vt 2.015344 2.214393
vt 2.101274 2.338445
vt 1.837934 1.976789
vt 1.886571 2.299948
vt 1.753555 2.093171
vt 1.943957 2.535560
vt 2.085768 2.699190
vt 2.157157 2.567359
vt 2.737670 2.370611
vt 2.020184 0.814442
vt 2.348669 0.825967
vt 2.367854 1.298455
vt 2.412471 1.505092
vt 2.040633 2.099163
vt 2.189681 2.303181
vt 2.715675 2.680778
vt 2.729669 2.567515
vt 2.763329 2.722203
vt 2.912875 2.742269
vt 2.717029 2.491248
vt 2.737658 2.132068
vt 2.747284 2.684325
vt 2.646758 2.439148
vt 2.646758 2.803086
vt 2.434727 2.845435
vt 2.490879 2.679851
vt 2.533258 3.092667
vt 2.164957 2.327136
vt 2.160241 1.974195
vt 2.037390 2.249976
vt 2.089851 2.054006
vt 2.089851 2.361449
vt 2.077375 2.494484
vt 2.037390 2.555410
vt 2.134823 2.495683
vt 2.275338 2.610986
vt 2.299598 3.200854
vt 2.110898 2.917964
vt 1.843036 2.621591
vt 2.535745 3.426694
vt 2.437197 3.390408
vt 2.235687 3.316205
vt 2.581279 3.321288
vt 2.407533 3.047811
vt 2.538640 2.994074
vt 2.693487 2.960454
vt 2.536901 2.889416
vt 2.651427 3.180263
vt 2.625204 3.335089
vt 2.634121 3.514379
vt 2.675193 2.611740
vt 2.527524 2.726704
vt 2.374499 3.212846
vt 2.514636 3.091404
vt 2.732638 3.346785
vt 2.732638 3.223596
vt 2.668946 3.376765
vt 2.680243 3.704990
vt 2.669480 3.494137
vt 2.639615 3.568305
vt 2.623580 3.302727
vt 2.708737 3.380844
vt 2.455032 3.870579
vt 2.638587 3.835955
vt 2.817375 3.807657
vt 2.030617 2.537158
vt 2.034701 2.766969
vt 2.104710 2.646065
vt 1.924536 2.924194
vt 2.029098 2.940356
vt 2.083252 3.224733
vt 1.890415 3.094508
vt 1.817237 3.073056
vt 1.756930 2.894995
vt 2.255690 2.458315
vt 2.039713 2.862665
vt 1.899434 2.939633
vt 1.787753 2.665842
vt 2.250859 2.889014
vt 2.255008 2.725235
vt 2.216760 2.975788
vt 2.155323 3.103732
vt 1.953115 3.024977
vt 1.876561 3.006035
vt 1.939742 2.885350
vt 1.753555 3.281277
vt 1.878805 3.127500
vt 1.869525 3.566539
vt 1.926117 3.248408
vt 2.033144 3.127016
vt 1.800915 3.786000
vt 2.751955 2.843232
vt 2.845015 3.041181
vt 2.538960 2.555499
vt 2.464503 3.236831
vt 2.353206 3.991029
vt 2.817375 3.625032
vt 1.753555 3.157459
vt 1.871379 0.830332
vt 1.854373 0.749695
vt 1.929275 0.815757
vt 1.965939 0.842781
vt 1.871626 0.778279
vt 1.980581 0.966983
vt 1.962478 1.822577
vt 1.907137 1.620568
vt 1.867153 2.000570
vt 2.048416 2.010496
vt 2.022434 2.097140
vt 1.852360 1.917614
vt 1.924332 1.939947
vt 1.826167 1.375965
vt 1.754154 1.062840
vt 1.635019 0.990487
vt 1.596527 0.735513
vt 1.754154 1.720977
vt 1.704596 1.181299
vt 1.660552 1.538327
vt 1.575430 1.261738
vt 1.660552 1.060468
vt 1.500143 0.997346
vt 1.503599 1.381948
vt 1.481348 0.936027
vt 1.500143 1.425623
vt 1.818178 0.886588
vt 1.915095 1.138167
vt 1.940788 0.910677
vt 1.705550 1.069587
vt 1.705435 0.815715
vt 1.629217 0.879247
vt 1.553459 0.894982
vt 1.580054 1.136660
vt 1.656147 1.088762
vt 1.902715 2.036594
vt 1.786567 1.824330
vt 1.705475 1.887649
vt 1.781900 1.953342
vt 1.575430 2.011718
vt 1.660553 2.106192
vt 1.618150 2.308927
vt 1.500143 1.947098
vt 1.482779 2.143683
vt 1.503599 1.866651
vt 1.593363 1.979442
vt 1.621196 1.827232
vt 1.915095 1.634830
vt 1.785316 1.564198
vt 1.705550 1.524154
vt 1.580054 1.592591
vt 1.555800 0.749810
vt 1.562547 0.505745
vt 1.537134 0.830907
vt 1.614322 0.760388
vt 1.440212 0.843661
vt 1.479298 0.816257
vt 1.383044 0.777540
vt 1.341566 0.614426
vt 1.482311 0.956590
vt 1.538200 0.778417
vt 1.236912 1.003296
vt 1.537484 2.005510
vt 1.557733 1.917447
vt 1.616722 1.977512
vt 1.440166 1.827622
vt 1.484030 1.630389
vt 1.541117 1.814191
vt 1.362329 2.012099
vt 1.416712 2.082682
vt 1.240418 1.801051
vt 1.139618 1.687528
vt 1.251044 1.257175
vt 1.563655 1.364972
vt 1.479572 1.944834
vt 1.705361 0.608032
vt 1.796231 0.760311
vt 1.796231 1.951585
vt 1.836816 1.110233
vt 1.418949 0.625131
vt 1.831618 1.128710
vt 1.755146 1.086900
vt 1.656147 1.547143
vt 1.868793 2.476170
vt 1.967957 2.634889
vt 1.789376 2.084148
vt 1.847601 2.199673
vt 1.793816 2.372717
vt 1.854373 2.337959
vt 1.926344 2.404504
vt 1.963995 2.408253
vt 1.859075 2.139289
vt 1.868026 1.820528
vt 1.871626 2.317740
vt 2.022488 2.538493
vt 1.772068 2.443619
vt 1.815224 2.378769
vt 1.701812 2.790449
vt 1.697850 2.627649
vt 1.584118 2.331906
vt 1.655154 1.568472
vt 1.634980 2.440726
vt 1.710268 2.491058
vt 1.704596 2.265989
vt 1.785632 2.745637
vt 1.882370 2.953793
vt 1.719299 2.814822
vt 1.705550 2.682763
vt 1.620050 2.751480
vt 1.620914 3.235459
vt 1.534018 3.004116
vt 1.660553 3.090010
vt 1.503599 2.991711
vt 1.503599 2.867571
vt 1.622164 2.872606
vt 1.594932 2.922749
vt 1.722490 2.853174
vt 1.479974 3.083994
vt 1.500143 3.084447
vt 1.906463 2.998696
vt 1.620491 3.315915
vt 1.621145 2.259368
vt 1.555800 2.338683
vt 1.562547 2.196516
vt 1.537462 2.480712
vt 1.614322 2.404062
vt 1.373999 2.429292
vt 1.362329 2.474895
vt 1.320977 2.343920
vt 1.416712 2.557011
vt 1.550730 2.134347
vt 1.343489 2.146752
vt 1.287183 2.290915
vt 1.306881 1.959659
vt 1.440431 2.413454
vt 1.479579 2.408882
vt 1.397495 2.535002
vt 1.137149 2.991597
vt 1.354955 3.001569
vt 1.206881 2.764998
vt 1.626727 2.570608
vt 1.816648 2.600996
vt 1.705361 2.282687
vt 2.052799 3.005482
vt 1.596527 1.726982
vt 1.813011 1.769474
vt 1.705361 2.054209
vt 1.427133 2.503205
vt 1.427133 2.263572
vt 1.593250 2.602864
vt 1.705436 2.498528
vt 1.469321 2.704770
vt 1.535890 2.885966
vt 1.538200 2.318510
vt 1.191109 2.647380
vt 2.630308 3.237260
vt 2.914064 3.365480
vt 2.085865 2.778558
vt 2.532309 3.615248
vt 2.107428 2.584838
vt 2.440328 2.357148
vt 2.631471 2.773273
vt 1.478294 0.925447
vt 1.657933 0.506602
vt 1.636110 0.921507
vt 1.711081 0.984597
vt 1.814715 1.469183
vt 1.552584 1.895241
vt 1.711081 1.916744
vt 1.855563 2.169852
vt 1.472049 1.369838
vt 1.938785 1.138186
vt 1.321939 2.465746
vt 1.168052 2.886226
vt 1.464755 2.792109
vt -0.030802 3.142174
vt 1.174942 3.103015
vt 0.032809 2.730639
vt 0.159479 2.996605
vt 0.804652 3.480631
vt 0.500061 3.714060
vt 0.992973 3.713325
vt 0.862220 3.601514
vt 0.749733 2.436763
vt 0.505383 2.377424
vt 0.805959 2.325069
vt 0.500622 3.047665
vt 0.749733 2.695349
vt 0.831562 3.100367
vt 0.807215 3.352644
vt 0.503025 3.380768
vt 1.105458 2.698064
vt 0.902069 2.458876
vt 0.504359 3.638813
vt 1.377552 3.367355
vt 0.499361 2.713965
vt 1.712204 3.005088
vt 1.637264 2.412311
vt 1.387560 2.115441
vt 2.348697 3.942986
vt 2.505491 3.740821
vt 2.533350 4.024926
vt 2.630680 3.742597
vt 2.571493 3.629113
vt 2.804411 3.768299
vt 2.297667 4.269755
vt 1.951066 4.119306
vt 2.015275 4.273812
vt 2.080836 4.333749
vt 1.621261 2.947392
vt 1.360192 2.813042
vt 1.629809 2.664286
vt 1.343457 3.285408
vt 1.633331 3.089274
vt 1.542116 3.338440
vt 0.912776 3.570894
vt 1.047932 4.037894
vt 0.862220 4.068089
vt 0.940661 3.911756
vt 0.500430 4.294710
vt 1.033149 4.214094
vt 0.864738 3.466255
vt 0.807215 3.850059
vt 0.874850 3.689065
vt 0.500507 3.732780
vt 0.503025 3.887819
vt 1.381062 3.938355
vt 1.017765 3.051954
vt 1.028396 3.325589
vt 1.009800 3.482031
vt 0.504358 4.111497
vt 1.190320 4.266567
vt 1.344508 4.338788
vt -0.254608 4.365090
vt 0.762284 3.811318
vt 0.499094 3.748050
vt 0.764753 3.692184
vt -0.031639 4.404451
vt 1.184842 4.373918
vt 0.506585 4.017670
vt 0.805959 3.978949
vt 1.361455 3.159847
vt 1.712204 4.138816
vt 1.711816 4.211224
vt 1.611879 3.921330
vt 2.175462 4.255599
vt 2.436654 4.189979
vt 1.474111 4.216661
vt 0.876536 4.347758
vt 0.805895 3.646636
vt 1.484727 0.940667
vt 1.432559 1.001717
vt 1.199603 1.024020
vt 1.279198 1.143229
vt 1.206992 0.845644
vt 1.235492 0.635731
vt 1.270561 0.955751
vt 1.070501 1.344899
vt 1.069452 1.040159
vt 1.362211 0.827278
vt 1.408180 0.914291
vt 1.119620 0.900885
vt 1.318424 2.709722
vt 1.444855 2.361086
vt 1.583547 2.517209
vt 1.148118 2.419209
vt 1.205605 2.498796
vt 1.009732 1.149603
vt 0.772283 1.950953
vt 0.787736 2.450763
vt 0.838089 2.138195
vt 0.806552 2.732003
vt 0.743771 2.348643
vt 0.679354 1.988038
vt 0.703063 1.802534
vt 0.502392 1.800701
vt 0.679354 2.213087
vt 0.728554 2.444932
vt 0.499274 2.365109
vt 0.873181 2.482564
vt 0.922932 2.611841
vt 0.743050 2.108548
vt 0.499158 2.209149
vt 0.758729 1.702977
vt 0.929264 1.677408
vt 0.831094 1.588885
vt 0.499446 1.694187
vt 0.499446 2.350452
vt 0.646838 2.233652
vt 0.658883 2.343337
vt 0.496859 2.081057
vt 0.602666 1.875634
vt 0.670674 2.129574
vt 0.787771 1.563715
vt 0.398816 1.610523
vt 0.499161 2.239547
vt 0.616908 1.684980
vt 1.026486 1.623023
vt 0.984801 2.868117
vt 1.031887 1.566221
vt 0.975366 1.466433
vt 0.993532 1.432261
vt 1.491519 2.949955
vt 1.584592 3.051027
vt 1.374419 2.513655
vt 1.381737 2.342393
vt 1.381768 2.664349
vt 1.150322 2.898655
vt 1.389277 2.761464
vt 1.425072 2.839397
vt 1.206970 3.036026
vt 1.145696 2.736453
vt 1.195782 3.183268
vt 1.236683 2.355230
vt 0.947859 2.647410
vt 0.989235 3.236227
vt 0.872881 2.561838
vt 0.736602 2.792992
vt 0.877320 2.832759
vt 0.872622 3.000966
vt 0.729533 3.101313
vt 0.916630 3.154727
vt 0.743396 3.378751
vt 0.679354 3.354651
vt 0.679354 3.231553
vt 0.498983 3.227041
vt 0.717743 3.418679
vt 0.639631 3.172096
vt 0.879925 3.586753
vt 0.807670 3.745353
vt 0.743702 3.501414
vt 0.503155 3.374806
vt 0.763277 2.487779
vt 0.819340 2.005904
vt 0.646838 2.728829
vt 0.695301 2.687654
vt 0.680620 2.567460
vt 0.499446 2.872618
vt 0.658883 2.850406
vt 0.692907 2.489283
vt 0.633917 2.919589
vt 0.686973 2.365694
vt 0.496988 2.725283
vt 0.499161 2.749684
vt 0.444232 3.033368
vt 0.983011 3.410244
vt 0.736602 2.536755
vt 0.499194 3.049771
vt 0.499532 3.275112
vt 0.806957 3.433673
vt 0.512161 2.820982
vt 0.662532 2.690492
vt 2.851828 2.460528
vt 1.771153 0.941450
vt 2.571247 3.300520
vt 1.575430 0.972596
vt 1.388498 2.263378
vt 1.317683 0.805917
vt 1.317683 2.466747
vt 1.379200 1.043670
vt 1.633646 2.566227
vt 1.008943 2.957314
vt 1.118360 3.989761
vt 1.771153 2.430723
vt 2.683413 1.918742
vt 1.951066 3.047275
vt 2.359663 3.455313
vt 1.783914 3.413574
vt -3.975470 -1.866792
vt -4.277101 -1.791568
vt -4.277101 -1.914800
vt -4.165693 -2.235771
vt -3.994935 -2.124995
vt -4.273791 -2.122416
vt -4.183438 -1.699439
vt -4.135782 -1.654382
vt -4.172064 -1.820580
vt -4.269555 -1.841969
vt -4.273791 -1.719591
vt -4.178949 -1.338049
vt -4.149778 -1.540384
vt -4.090337 -1.710872
vt -4.137139 -1.460831
vt -4.167392 -1.661249
vt -4.070552 -1.113544
vt -4.167392 -1.199106
vt -4.276402 -1.695219
vt -4.276402 -1.141978
vt -4.152745 -2.322442
vt -4.088836 -2.354417
vt -4.088936 -2.473837
vt -4.262925 -2.194544
vt -4.262925 -2.317108
vt -4.100350 -2.678484
vt -4.058543 -2.549993
vt -3.979101 -2.446363
vt -4.128846 -2.356088
vt -3.840898 -2.933194
vt -4.265123 -2.341671
vt -4.058694 -2.810514
vt -4.237483 -2.893955
vt -4.237483 -2.785635
vt -3.679006 -2.297061
vt -3.960034 -2.405497
vt -4.000205 -2.453879
vt -4.067258 -1.851319
vt -3.959777 -1.971778
vt -4.126401 -2.005705
vt -4.071535 -2.157259
vt -3.959761 -1.549219
vt -4.095303 -1.682168
vt -4.126402 -1.510238
vt -4.084127 -1.524023
vt -4.045312 -2.311975
vt -3.880884 -2.212899
vt -3.994228 -2.256826
vt -3.805251 -1.919457
vt -4.054229 -1.993913
vt -4.045312 -1.717599
vt -3.867451 -1.668998
vt -3.948600 -1.705725
vt -3.823507 -1.826424
vt -3.649571 -2.290826
vt -3.786354 -2.188138
vt -3.934920 -2.068795
vt -3.942503 -1.537139
vt -3.572620 -1.711647
vt -3.811720 -1.641782
vt -3.890182 -1.939373
vt -3.457500 -1.403078
vt -3.497974 -1.471484
vt -3.457500 -1.560576
vt -3.509960 -1.090708
vt -3.509960 -1.325078
vt -3.680095 -1.013040
vt -3.731621 -0.794432
vt -3.585065 -1.290060
vt -3.556027 -1.472523
vt -3.680095 -1.491782
vt -3.495570 -2.239144
vt -3.343735 -2.227250
vt -3.414029 -2.060819
vt -3.297253 -1.981647
vt -3.362186 -1.988048
vt -3.297809 -2.104733
vt -3.202767 -2.566230
vt -3.173664 -2.256985
vt -3.621968 -2.817490
vt -3.168574 -2.784911
vt -3.716921 -2.185723
vt -3.159047 -2.370108
vt -3.555959 -1.703932
vt -3.671129 -1.866466
vt -3.310684 -2.072571
vt -3.319566 -1.918591
vt -3.443154 -1.469232
vt -3.450726 -1.511738
vt -3.454017 -1.743579
vt -3.455981 -1.291633
vt -3.596365 -1.567629
vt -3.360482 -2.103872
vt -3.177039 -1.954085
vt -3.306680 -1.954604
vt -3.489687 -2.027501
vt -3.177039 -1.793774
vt -3.358289 -1.675678
vt -3.306680 -1.374692
vt -3.404759 -1.854785
vt -3.670964 -1.449104
vt -3.405103 -1.296350
vt -3.637684 -1.953523
vt -3.632781 -1.423870
vt -4.035929 -0.949653
vt -4.265123 -2.018206
vt -4.265123 -1.433740
vt -4.271988 -1.259498
vt -3.457500 -1.167471
vt -4.152745 -2.199938
vt -4.237483 -2.601501
vt -3.359655 -1.861474
vt -3.173664 -2.133831
vt -3.915433 -0.655617
vt -4.112310 -0.579515
vt -3.873381 -0.486742
vt -4.152745 -0.964620
vt -4.099476 -0.817898
vt -4.099974 -1.098176
vt -4.265123 -0.777700
vt -4.262927 -0.960316
vt -4.237483 -1.978078
vt -4.100350 -1.702900
vt -4.237483 -1.494454
vt -4.100350 -1.324968
vt -4.237483 -1.259323
vt -3.957378 -1.250155
vt -4.058314 -1.069707
vt -3.634043 -1.235588
vt -4.152745 -1.287675
vt -4.262927 -1.290317
vt -4.076566 -1.515900
vt -3.446255 -0.815500
vt -3.820950 -0.127589
vt -3.770913 -0.043834
vt -3.820950 1.081588
vt -3.806830 -0.152649
vt -3.768777 0.571024
vt -3.768777 0.032158
vt -3.457500 0.512387
vt -3.495964 0.223978
vt -3.440773 0.204461
vt -3.806830 0.907752
vt -3.585066 0.505073
vt -3.553380 0.191353
vt -3.332624 -1.104901
vt -3.358848 -0.611519
vt -3.373224 -1.065546
vt -3.173664 -0.801404
vt -3.258043 -1.174513
vt -3.173664 -1.285999
vt -3.299706 -0.692160
vt -3.718425 0.511849
vt -3.625970 0.170608
vt -3.712788 0.121880
vt -3.636322 -0.014820
vt -3.405558 0.102683
vt -3.490410 0.510068
vt -3.525839 0.005207
vt -3.563373 0.059486
vt -3.450726 0.391799
vt -3.518868 0.183182
vt -3.524819 0.508019
vt -3.380039 0.060959
vt -3.422998 0.149968
vt -3.177039 0.359538
vt -3.352715 0.344124
vt -3.306680 0.031270
vt -3.448944 0.077971
vt -3.631389 0.507732
vt -3.745716 -0.332770
vt -3.373224 -0.129655
vt -3.332624 -0.164713
vt -3.173664 -0.243992
vt -3.258043 -0.229803
vt -3.715482 -0.548863
vt -4.028383 -0.540015
vt -4.022971 -0.643110
vt -3.855260 -0.444681
vt -3.800681 -0.544759
vt -3.463591 -1.082454
vt -4.169778 -0.665876
vt -4.181542 -3.473582
vt -3.523621 -3.206248
vt -4.197230 -3.369463
vt -3.371174 -3.107678
vt -3.770371 -3.362728
vt -3.685507 -3.253021
vt -4.181092 -2.993994
vt -3.498782 -3.307354
vt -4.124894 -3.168967
vt -3.980902 -3.032909
vt -4.181542 -3.255169
vt -4.197230 -3.073024
vt -4.181542 -2.770790
vt -3.951463 -2.713819
vt -4.202018 -2.540637
vt -3.768572 -2.925653
vt -4.051672 -2.714499
vt -3.922991 -2.870611
vt -4.224766 -2.741249
vt -4.011753 -2.518281
vt -3.988169 -2.469246
vt -3.844436 -3.143936
vt -2.763582 -2.264166
vt -3.048251 -1.982103
vt -3.053505 -2.066628
vt -2.776571 -1.859417
vt -3.035010 -1.833820
vt -2.779867 -2.125195
vt -2.509096 -3.399505
vt -3.072928 -2.997980
vt -3.059825 -3.207448
vt -2.782404 -3.269839
vt -2.334573 -3.336445
vt -1.377493 -3.372890
vt -2.148711 -3.166639
vt -1.918473 -2.991858
vt -2.230741 -2.907045
vt -1.921741 -2.723674
vt -2.182739 -2.785416
vt -1.921736 -2.834098
vt -2.227443 -3.352771
vt -2.282328 -3.043734
vt -1.931977 -3.269185
vt -2.434235 -3.149691
vt -1.934960 -2.788168
vt -2.261006 -2.577810
vt -2.421426 -2.856947
vt -2.284848 -2.518967
vt -2.227324 -2.826367
vt -2.294959 -2.661528
vt -2.024750 -2.708604
vt -2.233212 -2.564710
vt -2.284848 -2.363467
vt -2.024750 -2.132687
vt -2.226004 -2.133564
vt -2.360770 -2.886618
vt -1.922210 -2.863957
vt -2.427550 -2.460028
vt -2.503067 -2.627484
vt -2.897421 -2.332063
vt -2.427475 -2.036330
vt -2.454471 -2.204015
vt -2.434968 -2.370417
vt -3.132312 -3.043771
vt -3.195303 -3.177877
vt -3.132313 -2.188464
vt -3.371174 -2.255013
vt -2.871959 -3.111185
vt -4.178553 -3.361896
vt -2.185112 -2.667293
vt -3.689577 -1.789206
vt -4.181542 -2.012265
vt -4.197230 -1.796084
vt -3.436420 -1.944469
vt -3.971410 -2.186654
vt -3.934939 -1.477644
vt -3.668410 -2.469557
vt -3.472321 -0.168631
vt -3.283831 -1.066472
vt -3.498801 -0.656407
vt -2.811523 0.498870
vt -2.831258 0.047610
vt -2.774559 -0.049474
vt -2.875289 -0.210861
vt -3.026506 -0.470936
vt -3.026506 1.262499
vt -2.847159 0.501601
vt -2.969676 0.100976
vt -3.273560 -0.430289
vt -3.131189 0.011608
vt -3.131189 -0.916977
vt -1.449756 -1.720265
vt -2.597790 -1.870979
vt -2.518811 -1.689645
vt -1.918225 -1.364765
vt -2.169843 -1.422245
vt -1.921733 -1.440038
vt -2.145636 -1.524786
vt -2.231012 -1.265173
vt -2.631684 -1.262337
vt -2.847074 -1.641271
vt -2.830036 -1.948976
vt -2.423102 -2.282153
vt -2.169843 -1.791274
vt -1.921734 -1.697551
vt -3.415725 -1.640035
vt -3.132033 -1.626260
vt -2.888072 -1.205059
vt -3.625044 -1.944280
vt -3.146709 -1.739258
vt -3.118175 -1.606273
vt -3.185661 -1.398544
vt -3.267210 -1.316350
vt -3.382494 -1.523077
vt -3.343644 -1.379125
vt -3.274482 -1.314509
vt -3.209486 -1.225339
vt -3.230578 -1.396747
vt -3.251197 -0.972800
vt -3.267711 -1.167246
vt -3.226503 -0.991033
vt -3.316157 -0.901013
vt -3.380171 -1.381922
vt -3.279185 -1.105520
vt -3.291736 -1.293993
vt -3.468524 -0.988940
vt -3.383939 -0.878642
vt -3.551675 -1.003290
vt -3.291736 -0.879828
vt -3.205766 -1.721908
vt -3.125659 -1.780705
vt -3.040231 -1.727663
vt -3.040703 -1.849819
vt -3.206330 -1.844966
vt -2.923707 -1.967493
vt -2.955635 -1.982466
vt -2.957239 -2.108372
vt -3.233676 -1.894968
vt -2.956351 -2.188325
vt -3.080660 -2.205072
vt -3.012069 -1.900842
vt -3.125529 -1.817601
vt -2.892675 -2.029221
vt -3.132915 -1.482307
vt -3.246119 -1.585036
vt -3.065497 -1.392185
vt -3.061489 -1.534308
vt -3.016633 -0.831310
vt -3.016633 -1.324056
vt -3.124705 -1.324633
vt -3.174263 -0.444322
vt -3.228681 -0.744733
vt -3.075261 -0.612410
vt -2.920528 -1.881804
vt -2.905970 -1.447231
vt -2.700616 -1.700488
vt -2.667142 -1.925404
vt -2.456325 -1.904976
vt -3.041254 -1.227020
vt -2.975908 -1.315234
vt -3.034430 -1.380765
vt -2.956798 -1.458113
vt -2.975908 -0.950411
vt -3.034430 -1.007675
vt -2.954855 -0.922511
vt -2.782439 -1.451745
vt -2.758154 -1.420366
vt -2.836821 -1.534012
vt -2.901474 -1.384227
vt -2.970839 -1.098998
vt -2.982656 -1.163957
vt -2.863865 -1.387521
vt -2.958310 -1.294764
vt -2.864611 -0.880719
vt -2.958310 -0.880479
vt -2.707291 -1.264481
vt -2.802700 -1.097598
vt -2.764165 -1.282396
vt -2.886404 -0.975434
vt -2.703049 -2.038708
vt -3.125472 -1.326478
vt -3.125543 -1.475196
vt -3.049327 -1.547988
vt -3.125472 -1.183251
vt -3.125543 -1.029157
vt -3.049327 -1.015242
vt -2.847242 -1.556930
vt -2.889430 -1.681748
vt -2.973567 -1.614482
vt -2.847242 -1.404849
vt -2.889430 -1.211195
vt -2.973567 -1.072028
vt -3.498513 -1.999443
vt -3.385054 -1.097272
vt -3.278115 -1.071234
vt -3.364815 -0.974052
vt -3.237093 -1.577979
vt -3.566454 -1.588050
vt -3.360898 -1.678831
vt -2.957466 -1.864849
vt -3.138701 -2.024796
vt -3.125659 -1.658946
vt -2.923707 -1.843911
vt -2.631510 -1.618836
vt -3.270147 -0.461819
vt -3.291665 0.188817
vt -3.346435 0.204437
vt -3.274482 0.270467
vt -3.209486 0.511546
vt -3.216340 0.259328
vt -3.382061 0.178001
vt -3.279184 0.505790
vt -3.291736 0.242402
vt -3.401915 0.052782
vt -3.190572 0.312792
vt -3.251727 -0.952785
vt -3.335202 -1.025348
vt -2.995538 -1.198503
vt -3.080660 -0.341913
vt -3.080660 -1.290282
vt -3.125659 -0.485631
vt -3.076255 -0.910970
vt -3.125659 -0.887879
vt -3.175254 -0.908836
vt -3.204064 -0.523301
vt -3.000161 -0.954103
vt -2.923707 -0.601578
vt -2.923707 -1.041051
vt -3.042739 -0.526927
vt -2.920251 -1.039781
vt -2.995539 -0.508430
vt -2.920251 -0.138439
vt -2.995540 -0.003983
vt -3.137745 0.043963
vt -3.125659 -0.048423
vt -3.049327 0.139650
vt -3.076256 -0.067627
vt -3.156951 0.177326
vt -3.204250 -0.082677
vt -2.973567 0.123369
vt -2.923707 -0.113413
vt -3.000161 -0.113308
vt -2.903336 0.119349
vt -3.253652 -0.166997
vt -3.016633 0.352352
vt -3.075261 0.332516
vt -2.976086 -0.228957
vt -3.124705 0.592408
vt -3.041255 0.509811
vt -2.975908 0.270346
vt -3.034430 0.259248
vt -2.957464 0.188288
vt -2.802752 0.241362
vt -2.901856 0.203847
vt -2.970839 0.513562
vt -2.982656 0.510071
vt -2.864085 0.177062
vt -2.958310 0.242257
vt -2.707291 0.513125
vt -2.761564 0.404073
vt -2.675951 -0.274603
vt -2.939042 0.071791
vt -2.704119 0.024875
vt -3.233121 0.510400
vt -3.125472 0.411315
vt -2.847242 0.394090
vt -2.843479 -0.797405
vt -3.013475 -0.503916
vt -3.321842 0.114900
vt -3.335206 -0.115472
vt -2.880124 -2.207030
vt -2.464766 -2.251232
vt -2.913316 -1.925962
vt -3.004794 -2.028284
vt -2.800612 -1.642837
vt -2.570491 -1.876008
vt -2.810355 -1.738102
vt -2.847903 -1.814754
vt -2.457755 -1.822974
vt -2.922647 -1.393755
vt -3.008348 -1.493613
vt -2.789783 -1.495021
vt -2.568115 -1.459247
vt -2.565388 -1.705709
vt -2.851491 -1.295991
vt -2.807574 -1.331095
vt -2.627136 -2.012198
vt -2.361326 -1.524769
vt -2.528314 -2.926010
vt -2.288999 -2.520791
vt -2.163791 -2.356751
vt -2.099463 -2.330301
vt -1.920010 -2.203379
vt -1.920006 -2.325842
vt -2.164129 -2.478854
vt -2.193835 -2.550558
vt -2.065648 -2.130108
vt -1.917647 -2.350091
vt -2.123171 -2.363516
vt -2.237207 -1.719148
vt -2.533535 -1.619572
vt -2.194745 -2.239647
vt -2.405373 -2.386529
vt -2.369485 -2.221144
vt -2.291589 -1.978710
vt -2.156710 -1.848295
vt -2.125659 -2.013311
vt -2.317079 -2.075906
vt -2.290523 -1.556165
vt -2.156710 -1.689268
vt -2.305337 -1.711647
vt -2.150335 -1.542107
vt -2.291845 -1.874826
vt -2.168659 -1.891235
vt -2.365466 -1.707616
vt -2.555384 -0.792742
vt -2.115410 -1.661162
vt -2.066947 -1.706073
vt -2.078990 -1.827759
vt -1.918919 -1.849908
vt -2.113017 -1.458116
vt -2.100729 -1.541652
vt -1.921908 -1.702122
vt -2.082641 -1.667423
vt -2.071620 -1.343642
vt -1.922830 -1.148010
vt -2.082641 -1.204638
vt -2.183386 -1.536090
vt -2.072753 -0.918712
vt -1.934765 -2.251864
vt -1.986161 -2.026605
vt -1.986161 -1.441599
vt -2.099463 -2.207890
vt -2.063898 -1.790455
vt -2.653065 -0.065684
vt -2.769462 0.047092
vt -2.639464 0.135686
vt -2.534247 0.502445
vt -2.552967 0.087700
vt -2.782868 0.189151
vt -2.621593 0.503837
vt -2.829314 0.101776
vt -2.207846 -1.427138
vt -2.177617 -1.541714
vt -2.226225 -1.852090
vt -2.194167 -0.943385
vt -2.060997 -0.969673
vt -2.163841 -1.095974
vt -2.443920 -1.327493
vt -2.099463 -1.296213
vt -1.988682 -1.300102
vt -2.153013 -1.385429
vt -2.153775 -0.778532
vt -2.479790 -0.161059
vt -2.371509 -0.619817
vt -2.444395 -0.148968
vt -2.495908 -0.334292
vt -2.495107 0.000602
vt -2.483162 0.508269
vt -2.650453 0.472444
vt -2.429841 0.124610
vt -2.407788 -0.369519
vt -2.444395 0.703379
vt -2.174674 -0.580937
vt -2.351243 -0.664500
vt -2.376515 -0.490870
vt -2.218884 -0.543471
vt -1.613116 -0.646599
vt -1.712212 -0.584478
vt -2.068866 -0.668318
vt -1.917503 -0.783887
vt -2.453272 -0.550801
vt -3.625889 -0.086021
vt -3.049337 -1.644701
vt -2.984518 0.042419
vt -3.078040 0.214292
vt -2.965719 -0.878283
vt -4.053421 -2.297053
vt -2.958672 -1.294373
vt -3.080660 -1.429816
vt -2.656793 -1.269359
vt -2.737792 -1.443325
vt -2.656793 -0.895465
vt -4.058694 -1.165417
vt -2.737792 0.213608
vt -4.277101 -1.036165
vt -3.191262 -1.537751
vt -4.178553 -2.578496
vt -2.737792 -1.007417
vt -1.919125 -1.040293
vt -4.008328 1.557714
vt -4.277101 1.684570
vt -4.276402 1.579371
vt -4.098382 1.950577
vt -4.276402 2.075248
vt -4.277101 1.875488
vt -4.172017 2.256123
vt -4.269555 2.343217
vt -4.273791 2.233066
vt -4.113487 1.598094
vt -4.157383 2.134036
vt -3.919401 1.645089
vt -4.152745 1.981719
vt -4.265123 1.794581
vt -4.262927 1.977444
vt -4.152745 2.206147
vt -4.071535 2.486007
vt -4.088842 2.345933
vt -4.265123 2.357291
vt -4.262927 2.201451
vt -4.237484 2.272594
vt -4.100350 2.436681
vt -4.237484 2.527403
vt -4.045312 2.634942
vt -4.237484 2.931307
vt -3.817314 2.435292
vt -3.932695 2.553978
vt -4.079804 2.432087
vt -3.677223 2.791005
vt -3.913379 2.805291
vt -3.741014 2.644315
vt -4.053685 2.118967
vt -3.955531 2.263396
vt -3.635299 2.247373
vt -4.088940 2.109377
vt -4.100768 1.834702
vt -3.791628 1.302058
vt -3.765079 1.033893
vt -3.496021 0.794895
vt -3.509960 0.505702
vt -3.855260 1.463983
vt -3.762158 1.731822
vt -3.560142 1.725013
vt -3.611187 2.047021
vt -3.629067 1.516738
vt -3.770913 1.061149
vt -3.625970 0.844891
vt -3.693180 0.940680
vt -3.604100 1.074484
vt -3.405551 0.909675
vt -3.525839 1.006090
vt -3.563373 0.954824
vt -3.518868 0.832901
vt -3.450726 0.625234
vt -3.365980 1.001881
vt -3.422998 0.867144
vt -3.137110 0.653688
vt -3.365991 0.668231
vt -3.306680 0.984016
vt -3.448943 0.937029
vt -3.258043 1.242522
vt -3.332624 1.427075
vt -3.373224 1.149182
vt -3.173664 1.256399
vt -3.138021 0.970266
vt -3.638177 2.446259
vt -3.542202 2.333330
vt -3.460284 2.499630
vt -3.332624 1.921069
vt -3.373224 1.659410
vt -3.414037 2.261037
vt -3.357163 1.926649
vt -3.395105 2.111640
vt -3.306680 2.299948
vt -3.362025 2.603237
vt -3.208188 2.114990
vt -3.173664 1.836089
vt -3.258043 1.766140
vt -3.832580 1.505093
vt -3.931487 1.614461
vt -3.440637 0.813974
vt -4.157488 2.371301
vt -4.169228 1.683475
vt -3.460743 2.099162
vt -3.396727 1.782478
vt -4.135782 2.681144
vt -4.183439 2.722203
vt -4.149778 2.561328
vt -4.269555 2.864686
vt -4.273791 2.742412
vt -4.066868 2.442129
vt -4.137139 2.482890
vt -4.167392 2.684326
vt -4.276402 2.718375
vt -4.277101 2.815261
vt -3.975351 2.891007
vt -4.277101 2.939030
vt -3.994933 3.149696
vt -4.165693 3.260515
vt -4.273791 3.147111
vt -3.645400 2.969919
vt -3.793246 3.212106
vt -3.954757 3.087618
vt -3.955751 3.426667
vt -3.678309 3.319437
vt -3.998215 3.475561
vt -4.095303 2.787048
vt -3.959069 2.555499
vt -4.095303 2.529870
vt -3.959380 2.994251
vt -4.126402 3.028526
vt -4.071535 3.180263
vt -4.045312 3.335087
vt -3.880178 3.235391
vt -3.646409 3.311397
vt -3.934744 3.091404
vt -4.152745 3.346785
vt -4.088987 3.377218
vt -4.152745 3.223596
vt -4.262927 3.218199
vt -4.262927 3.341446
vt -3.979100 3.471311
vt -4.058250 3.576615
vt -4.128846 3.380844
vt -3.840898 3.958975
vt -4.088808 3.499180
vt -4.265123 3.366395
vt -4.100350 3.704142
vt -4.237484 3.919560
vt -4.237484 3.809982
vt -3.585066 2.321003
vt -3.680095 2.477944
vt -3.457500 2.440843
vt -3.509960 2.112430
vt -3.457500 2.134745
vt -3.497640 2.494527
vt -3.509960 2.357621
vt -3.799330 2.692436
vt -3.572816 2.736120
vt -3.890761 2.964149
vt -3.317989 2.938424
vt -3.310523 3.094508
vt -3.450726 2.365875
vt -3.524819 2.644815
vt -3.455342 2.767312
vt -3.450726 2.608298
vt -3.310509 2.754075
vt -3.177039 2.726368
vt -3.185052 3.021917
vt -3.361193 3.126985
vt -3.345320 2.923246
vt -3.449378 2.940078
vt -3.675079 2.458003
vt -3.675385 2.725208
vt -3.671392 2.889212
vt -3.574996 3.103493
vt -3.297967 3.004320
vt -3.362331 3.012431
vt -3.359851 2.885350
vt -3.342828 3.253164
vt -3.495571 3.263905
vt -3.415194 3.086713
vt -3.173664 3.281277
vt -3.173664 3.157459
vt -3.202767 3.591315
vt -3.168576 3.810370
vt -3.621969 3.843033
vt -3.716921 3.210451
vt -3.297326 3.129597
vt -3.949203 2.727132
vt -3.959263 2.890038
vt -3.637758 2.976228
vt -4.172064 2.843232
vt -4.265123 3.041181
vt -3.457500 2.583531
vt -3.962055 2.719555
vt -4.235155 3.642116
vt -4.002474 3.485094
vt -4.231563 3.139122
vt -4.043101 3.160178
vt -3.973184 2.980507
vt -3.741707 2.690244
vt -4.197230 2.806820
vt -4.181544 3.696043
vt -3.671963 3.380864
vt -4.178553 3.508406
vt -4.197230 3.622368
vt -3.371175 3.031982
vt -3.442472 2.743764
vt -3.779613 3.124225
vt -3.364232 2.400415
vt -3.934896 2.489404
vt -4.217011 3.366063
vt -3.131189 1.810029
vt -3.020414 0.900239
vt -2.969676 0.506164
vt -2.831374 0.963652
vt -3.234823 1.841017
vt -3.416883 1.336529
vt -3.234823 0.958624
vt -2.894220 3.050394
vt -2.588160 2.886225
vt -2.847098 2.652729
vt -1.393522 3.141491
vt -1.579588 2.996605
vt -1.449263 2.731161
vt -2.518007 2.700942
vt -2.282329 3.601513
vt -1.930667 3.713994
vt -2.391109 3.675251
vt -1.918637 2.377452
vt -2.169843 2.436763
vt -2.230803 2.280345
vt -2.147122 2.536160
vt -1.920732 3.047665
vt -2.169843 2.695349
vt -1.921742 2.713956
vt -2.227324 3.352643
vt -2.233263 2.928372
vt -2.561503 2.318618
vt -1.920339 3.380781
vt -2.603402 3.099302
vt -2.473828 3.467994
vt -1.921736 2.454482
vt -3.132042 2.645354
vt -2.888182 2.216791
vt -3.132313 3.183338
vt -3.992888 3.469361
vt -3.928092 3.564157
vt -3.798390 4.027239
vt -3.736649 3.830412
vt -3.980903 4.057227
vt -3.902805 3.903545
vt -4.181544 4.280583
vt -4.203552 4.026341
vt -3.371175 4.131851
vt -3.683850 4.272059
vt -3.875234 4.222014
vt -4.051202 3.740412
vt -3.991127 3.631194
vt -3.770215 4.389376
vt -4.181104 4.019922
vt -3.498779 4.334100
vt -4.181544 4.500880
vt -3.599855 4.250244
vt -4.124881 4.195361
vt -2.779972 2.877017
vt -3.040309 2.951520
vt -3.049916 2.664286
vt -2.762685 3.285988
vt -2.779938 3.161085
vt -2.468043 4.045481
vt -2.332011 3.567702
vt -2.504727 3.821953
vt -2.282330 4.068088
vt -2.391109 4.231805
vt -1.931798 4.294654
vt -2.284848 3.291266
vt -2.294961 3.688962
vt -2.227324 3.850058
vt -2.250220 3.603359
vt -1.921407 3.732777
vt -2.360770 3.917863
vt -1.921855 3.887825
vt -2.430214 3.481913
vt -2.447593 3.328400
vt -2.548180 4.277045
vt -2.894220 4.122362
vt -2.767129 4.301935
vt -1.925732 4.401582
vt -1.921734 3.748039
vt -2.169843 3.842492
vt -2.169843 3.730700
vt -1.918116 4.017701
vt -2.148710 4.193029
vt -2.230512 3.934980
vt -2.681792 4.357990
vt -1.649613 4.458341
vt -1.921737 3.859246
vt -2.227415 4.379731
vt -3.072929 4.023924
vt -3.190985 4.202955
vt -3.132313 4.060389
vt -2.433257 3.053797
vt -3.131926 4.211223
vt -4.178553 4.388156
vt -3.291663 0.830362
vt -3.346435 0.815336
vt -3.274482 0.749696
vt -3.267711 0.506024
vt -3.382062 0.842191
vt -3.554406 0.827376
vt -3.291736 0.778280
vt -3.402079 0.967614
vt -3.228359 0.930313
vt -3.379524 1.820942
vt -3.556473 1.916684
vt -3.383604 2.062148
vt -3.498528 2.025883
vt -3.342518 1.938796
vt -3.272443 1.917882
vt -3.230248 1.961417
vt -3.264642 1.561536
vt -3.287830 1.823670
vt -2.920251 0.997215
vt -2.923707 1.131611
vt -2.920251 1.411916
vt -2.975777 0.956034
vt -3.080660 1.252916
vt -3.125659 1.070565
vt -3.049327 0.879248
vt -3.157028 0.841833
vt -3.175255 1.090477
vt -2.973567 0.894983
vt -2.889430 0.858069
vt -3.076256 1.088764
vt -3.321851 0.903170
vt -3.251727 1.131307
vt -2.995540 1.259629
vt -3.237244 1.978338
vt -3.125582 1.888572
vt -3.012774 1.979944
vt -3.041118 1.827361
vt -3.206064 1.823917
vt -2.923709 1.641486
vt -2.920251 1.947098
vt -2.900726 2.050277
vt -2.958147 2.221605
vt -2.995540 2.009058
vt -3.335206 1.633542
vt -3.080660 1.844799
vt -3.080660 2.295869
vt -3.125659 1.524848
vt -3.076256 1.548563
vt -3.205353 1.564622
vt -3.000162 1.591912
vt -3.174263 1.259744
vt -3.269229 1.197082
vt -3.075261 1.062705
vt -2.988405 1.361695
vt -3.075261 1.721474
vt -3.124705 2.235926
vt -2.975908 0.749811
vt -3.034430 0.760389
vt -2.957463 0.830872
vt -2.802752 0.777437
vt -2.901855 0.815903
vt -2.864375 0.843054
vt -2.958310 0.778418
vt -2.760460 0.614300
vt -2.987607 0.900715
vt -2.702496 0.988105
vt -2.737792 0.805918
vt -2.975908 1.897100
vt -2.956293 2.006387
vt -3.036831 1.977513
vt -2.782439 2.012099
vt -2.901242 1.943888
vt -2.863619 1.825815
vt -2.954536 1.746758
vt -2.703846 1.721022
vt -2.585728 1.665837
vt -3.125472 0.608033
vt -2.847242 0.623215
vt -2.836822 2.082682
vt -3.216340 0.760312
vt -3.335206 1.138169
vt -3.000161 1.130281
vt -2.627797 1.064150
vt -3.382200 2.545961
vt -3.344082 2.402814
vt -3.209486 2.258589
vt -3.167919 2.039042
vt -3.274482 2.337960
vt -3.267711 2.195191
vt -3.231237 2.420796
vt -3.279185 2.132524
vt -3.380499 2.405806
vt -3.556775 2.496088
vt -3.291736 2.317740
vt -3.146710 2.764052
vt -3.625042 2.968972
vt -3.118176 2.631192
vt -3.237307 2.384125
vt -3.185023 2.423491
vt -3.205920 2.745802
vt -3.125659 2.805004
vt -3.040873 2.750817
vt -3.125659 2.682763
vt -3.206389 2.869282
vt -2.923709 2.991711
vt -2.923709 2.867571
vt -2.955760 3.006245
vt -2.957302 3.132681
vt -3.233674 2.919574
vt -3.080660 3.229079
vt -2.956347 3.212944
vt -3.160331 3.395404
vt -3.011177 2.926259
vt -3.040249 2.874505
vt -3.233121 1.991606
vt -2.979330 2.349924
vt -3.056966 2.443078
vt -3.131720 2.494992
vt -3.246113 2.609881
vt -3.041255 2.259704
vt -2.982656 2.025322
vt -2.977779 2.314975
vt -3.034430 2.404062
vt -2.956870 2.481270
vt -2.741086 2.186569
vt -2.794106 2.432546
vt -2.823926 2.231591
vt -2.782439 2.474895
vt -2.836822 2.557011
vt -2.901638 2.407475
vt -2.864222 2.410926
vt -2.961106 2.290029
vt -2.729599 2.438086
vt -2.741086 2.416076
vt -2.970839 1.971817
vt -2.707291 2.135341
vt -2.920526 2.906516
vt -2.522524 2.801697
vt -2.684380 2.624025
vt -2.667150 2.950099
vt -3.046836 2.570608
vt -3.125472 2.283810
vt -3.125543 2.498528
vt -3.013360 2.602865
vt -2.847242 2.506875
vt -2.889430 2.704770
vt -3.125529 2.842264
vt -2.703048 3.063394
vt -3.237350 2.601511
vt -3.016633 1.770383
vt -3.498513 3.024127
vt -3.566755 2.612129
vt -3.360898 2.702005
vt -2.957807 2.888311
vt -3.080660 3.036982
vt -2.653065 1.078893
vt -2.769463 0.966755
vt -2.639321 0.879162
vt -2.781255 0.827416
vt -2.778799 0.630324
vt -2.829321 0.914114
vt -2.867407 2.362263
vt -2.766024 2.755457
vt -3.003656 2.517209
vt -2.568969 2.418892
vt -2.810410 2.262311
vt -2.207846 2.447392
vt -2.193958 1.957938
vt -2.194724 2.565206
vt -2.099463 1.988039
vt -1.917751 1.800711
vt -2.152527 1.795543
vt -2.164234 2.114324
vt -2.099463 2.213087
vt -1.918875 2.365110
vt -1.920011 2.209147
vt -2.163864 2.348546
vt -2.368883 1.875394
vt -2.409320 2.866472
vt -2.344394 2.613849
vt -2.293058 2.482627
vt -1.920007 1.984450
vt -2.495107 1.016014
vt -2.495904 1.351528
vt -2.444395 1.223394
vt -2.429841 1.148568
vt -2.656793 2.201097
vt -2.078103 2.261268
vt -1.917936 2.350456
vt -2.093385 2.377258
vt -2.200828 1.667409
vt -2.239901 1.561253
vt -1.630605 1.564674
vt -1.717343 1.603321
vt -2.176348 1.599250
vt -1.921497 2.081048
vt -2.082641 2.087958
vt -2.552169 0.926013
vt -2.318999 1.604560
vt -2.068676 1.685977
vt -2.125659 2.411068
vt -2.627219 2.498201
vt -2.422625 1.514253
vt -2.395475 1.466433
vt -2.463843 1.733774
vt -2.479790 1.115208
vt -2.792977 2.514628
vt -2.801845 2.342393
vt -2.913275 2.948673
vt -3.004700 3.051027
vt -2.799313 2.666001
vt -2.570430 2.898655
vt -2.565464 2.736587
vt -2.847814 2.837554
vt -2.809386 2.761464
vt -2.627439 3.035804
vt -2.880123 3.231768
vt -2.464765 3.275992
vt -2.405694 3.409300
vt -2.194842 3.263256
vt -2.337765 3.155257
vt -2.292732 3.000965
vt -2.138981 2.965030
vt -2.296724 2.833815
vt -2.288998 3.545808
vt -2.528317 3.951777
vt -2.099463 3.354651
vt -1.920006 3.227038
vt -2.099463 3.231553
vt -2.163838 3.380833
vt -2.164150 3.503497
vt -2.193834 3.575521
vt -2.065649 3.154805
vt -2.207846 3.698395
vt -1.917415 3.374823
vt -1.920009 3.350188
vt -2.508943 2.622363
vt -2.337563 2.717163
vt -2.115411 2.689782
vt -2.066947 2.728829
vt -2.078991 2.850406
vt -1.918737 2.872620
vt -2.113017 2.314816
vt -2.100729 2.569587
vt -2.090278 2.657002
vt -1.921875 2.725271
vt -2.045149 2.898045
vt -2.183386 2.444770
vt -1.864338 3.033413
vt -1.919304 3.049771
vt -2.156710 2.617193
vt -1.934765 3.276618
vt -2.123171 3.388279
vt -2.290940 2.562396
vt -2.242643 3.511508
vt -1.919124 2.819847
vt -3.191262 2.430724
vt -3.652273 0.940968
vt -2.965719 1.888057
vt -2.877843 1.186408
vt -2.984526 0.971253
vt -3.053754 2.566227
vt -2.429053 2.957313
vt -3.051461 3.091105
vt -3.400434 0.612340
vt -4.054229 2.878654
vt -3.994228 3.277969
vt -4.058694 3.835954
vt -2.892675 3.053826
vt -3.875234 3.663080
vt -2.234410 1.967487
vt -2.737792 1.902568
vt 0.240199 -2.787553
vt 0.505084 -2.834087
vt -0.469768 -3.191196
vt -0.152201 -3.265701
vt 0.145696 -3.047112
vt 0.007965 -3.159554
vt -0.068402 -2.941271
vt 0.165903 -2.582227
vt 0.066809 -2.895184
vt 0.038342 -2.806756
vt 0.198326 -2.829040
vt 0.107759 -2.483513
vt 0.197443 -2.625605
vt 0.399413 -2.709434
vt 0.138663 -2.366508
vt 0.130410 -2.666400
vt 0.401841 -2.049779
vt 0.371500 -2.529110
vt -0.008674 -2.462571
vt -0.009745 -2.038524
vt 0.188831 -2.022321
vt -0.029891 -2.209077
vt -0.191157 -2.298633
vt -1.075957 -3.316316
vt -1.457647 -3.042729
vt -1.660195 -2.787277
vt -0.974159 -3.135056
vt -1.611662 -2.901220
vt -1.565807 -3.047112
vt -1.929830 -3.086905
vt -1.585923 -2.582647
vt -1.791089 -2.535755
vt -1.618436 -2.829039
vt -1.558774 -2.521930
vt -1.550521 -2.664913
vt -1.819523 -2.709433
vt -1.558774 -2.366508
vt -1.819523 -2.133595
vt -1.227523 -2.385516
vt -1.403429 -2.372830
vt -1.561066 -2.574742
vt -1.226041 -1.958692
vt -1.454547 -2.133101
vt -1.229047 -2.138987
vt -1.486919 -2.890931
vt -1.429399 -2.859628
vt -1.340720 -2.633055
vt -0.947100 -2.341973
vt -1.416194 -3.156245
vt -0.710056 -3.193272
vt -0.778010 -2.874151
vt -0.562390 -2.568301
vt -0.812641 -2.449043
vt -0.472288 -2.796043
vt -0.170057 -3.248638
vt -0.511548 -2.092228
vt -0.372213 -2.282682
vt -1.046465 -2.193183
vt -0.904208 -2.160337
vt -0.920865 -1.940988
vt -0.763347 -2.030392
vt -0.666848 -2.091744
vt -0.531955 -2.130981
vt -0.710056 -1.854128
vt -0.900561 -1.747448
vt -0.371997 -1.855079
vt -0.551134 -1.795464
vt -0.373001 -2.032967
vt -0.710056 -3.131975
vt -0.710056 -2.199909
vt -0.469768 -2.268914
vt -0.958978 -3.186443
vt 0.237974 -2.670008
vt -1.657773 -2.669228
vt -1.511253 -3.339518
vt -0.333907 -1.782364
vt 0.253250 -1.787422
vt 0.501530 -1.697552
vt 0.239099 -1.388774
vt -0.404771 -1.958799
vt 0.178552 -2.205741
vt -0.170402 -2.487898
vt -1.602991 -1.988787
vt -1.248403 -2.095927
vt -1.022243 -1.746770
vt -0.801627 -1.870098
vt -1.095609 -1.471531
vt -1.673360 -1.531534
vt -1.921734 -1.925383
vt -1.655163 -1.859303
vt -1.417545 -1.452666
vt -1.435580 -2.405002
vt -0.875170 -0.885027
vt -0.710056 -0.519414
vt -0.669794 -0.988114
vt -0.605249 1.272532
vt -0.605249 -0.462111
vt -0.814860 1.266778
vt -0.710056 1.022853
vt -0.479567 0.121448
vt -0.391209 0.510650
vt -0.357978 -0.049233
vt -0.427681 0.073875
vt -0.992429 0.073875
vt -1.028902 0.498566
vt -1.041090 -0.035941
vt -0.710056 0.508342
vt -0.868977 0.099379
vt -0.668095 0.027479
vt -0.551134 0.099378
vt -0.551134 0.505959
vt -0.814860 -0.474755
vt -0.963653 -0.188161
vt -0.427681 0.505358
vt -0.428208 -0.623286
vt -0.868977 0.509670
vt -0.466516 -1.212303
vt -0.784614 -1.410962
vt -1.033741 -1.108983
vt 0.256844 -2.358662
vt 0.257523 -2.474308
vt 0.320417 -2.331350
vt 0.502922 -2.325835
vt 0.228155 -2.544654
vt 0.120317 -2.564308
vt 0.191779 -2.903298
vt 0.197465 -2.214316
vt 0.296417 -2.364661
vt 0.208421 -1.568662
vt 0.128682 -1.558137
vt -0.033396 -1.501857
vt 0.224976 -1.688695
vt 0.020289 -1.853861
vt 0.125387 -1.980145
vt 0.262712 -1.849628
vt 0.271194 -2.077156
vt 0.099924 -2.077451
vt 0.262712 -1.690581
vt 0.293955 -1.518607
vt 0.124811 -1.876175
vt 0.194919 -2.411115
vt 0.049565 -2.223575
vt 0.038313 -1.680255
vt 0.142656 -1.873435
vt -0.006575 -2.023240
vt -0.003083 -2.243175
vt 0.303481 -1.662631
vt 0.351424 -1.706785
vt 0.339940 -1.828598
vt 0.347134 -1.342711
vt 0.317610 -1.547641
vt 0.304955 -1.467472
vt 0.257975 -1.717649
vt 0.335343 -1.668165
vt 0.238100 -1.119346
vt 0.335343 -1.205304
vt 0.440809 -1.255244
vt -0.482391 -2.220010
vt -0.682085 -2.452091
vt -0.630761 -2.101692
vt -0.697177 -2.299438
vt -0.530109 -2.100266
vt -0.473717 -1.993559
vt -0.475718 -1.902142
vt -0.246728 -2.124585
vt -0.425624 -2.062013
vt -0.164675 -1.455794
vt -0.332136 -1.362928
vt -0.489909 -1.905693
vt -0.380424 -1.750406
vt -0.384424 -1.517982
vt -0.310277 -1.621534
vt -0.382404 -1.918135
vt -0.380646 -1.295591
vt -0.492894 -1.333904
vt -0.332191 -2.225678
vt -0.335324 -1.685603
vt -0.392970 -1.476263
vt -0.583313 -1.505186
vt -0.163670 -1.873954
vt -0.159945 -1.772611
vt -0.222069 -2.011745
vt -0.159816 -1.614991
vt -0.021719 -1.647910
vt -0.261514 -1.717044
vt -0.571533 -1.600846
vt -0.324529 -1.480052
vt -0.377363 -1.408854
vt -0.392457 -1.560984
vt -0.324529 -1.095413
vt -0.324529 -1.330281
vt -0.102077 -0.798833
vt -0.153768 -1.017808
vt -0.249094 -1.295115
vt -0.233505 -1.485945
vt 0.015006 -2.389552
vt 0.115040 -1.714075
vt 0.203343 -0.955003
vt 0.433442 -2.026986
vt 0.433442 -1.441956
vt -0.377363 -1.172488
vt 0.320417 -2.208951
vt 0.194509 -1.008854
vt 0.243580 -1.260148
vt 0.301744 -0.995305
vt 0.320417 -1.294945
vt 0.267280 -1.388942
vt 0.431220 -1.297982
vt 0.239854 -0.686142
vt 0.069189 -0.661280
vt 0.138904 -0.567850
vt 0.177565 -0.542860
vt -0.532568 -1.131036
vt -0.693982 -0.828443
vt -0.663374 -1.286800
vt -0.477288 -0.615143
vt -0.462261 -1.070465
vt -0.435921 0.009547
vt -0.200135 -0.011037
vt -0.208838 0.169034
vt -0.115903 0.511853
vt -0.119835 0.056577
vt -0.273036 0.056754
vt -0.491161 0.044831
vt -0.316278 0.181774
vt -0.384424 0.510224
vt -0.310277 0.507987
vt -0.385087 0.076795
vt -0.203372 0.507695
vt -0.176861 -0.351643
vt -0.663374 -0.253380
vt -0.532225 -0.198028
vt -0.462261 -0.132941
vt -0.388141 -0.819170
vt -0.062668 -0.056712
vt -0.012490 -0.130089
vt -0.012490 1.083783
vt -0.338243 0.223400
vt -0.377363 0.511868
vt -0.394324 0.203090
vt -0.026769 0.909474
vt -0.026769 -0.001481
vt -0.249094 0.505046
vt -0.255751 0.205706
vt -0.004669 -0.497423
vt -0.118265 -0.552553
vt 0.190798 -0.647587
vt 0.282538 -0.810978
vt -0.039137 -0.283337
vt -0.065150 0.214999
vt -0.412282 0.148577
vt -0.529923 -0.691079
vt 0.021949 -0.448335
vt -1.677008 -2.358302
vt -1.740528 -2.331349
vt -1.676682 -2.480379
vt -1.539567 -2.561166
vt -1.646803 -2.552820
vt -1.716528 -2.364660
vt -1.265031 -1.783262
vt -1.457195 -1.679706
vt -1.561980 -1.889829
vt -1.628452 -1.568645
vt -1.403113 -1.514749
vt -1.666622 -1.535320
vt -1.378880 -1.498902
vt -1.646133 -2.240794
vt -1.435116 -2.389551
vt -1.599662 -2.490519
vt -1.682822 -1.849627
vt -1.546133 -1.980323
vt -1.714064 -2.014500
vt -1.682822 -1.690580
vt -1.531271 -1.713012
vt -1.544920 -1.876174
vt -0.934591 -2.224355
vt -1.098143 -2.216542
vt -0.888253 -1.978733
vt -0.756736 -2.263300
vt -0.726357 -2.173000
vt -0.946536 -1.993725
vt -0.888038 -2.102841
vt -1.302521 -2.149739
vt -1.025678 -1.475346
vt -0.844991 -2.018600
vt -1.037144 -1.919041
vt -0.938346 -1.586253
vt -0.848209 -1.430604
vt -1.087974 -1.362927
vt -1.040218 -1.750754
vt -0.964441 -1.857810
vt -1.130581 -1.393744
vt -1.035686 -1.519391
vt -1.109833 -1.621917
vt -0.988884 -1.268283
vt -1.087069 -2.225158
vt -1.198280 -2.012026
vt -1.256867 -1.874154
vt -1.259899 -1.614811
vt -1.540348 -2.074992
vt -1.612403 -1.847042
vt -1.774859 -1.791159
vt -1.771534 -1.706784
vt -1.723590 -1.662169
vt -1.760050 -1.828598
vt -1.921946 -1.726865
vt -1.725065 -1.458968
vt -1.737720 -1.542500
vt -1.767159 -1.343545
vt -1.860647 -1.262322
vt -1.654510 -1.536841
vt -1.755453 -1.668164
vt -1.654510 -1.023934
vt -1.116889 -1.899048
vt -1.477148 -1.945877
vt -1.042748 -1.411454
vt -1.083683 -1.476753
vt -1.027653 -1.560983
vt -1.095581 -1.095413
vt -1.042748 -1.172487
vt -1.171017 -1.288409
vt -1.266341 -1.422345
vt -1.146746 -1.478800
vt -1.234614 -0.917861
vt -1.095581 -1.327167
vt -1.310507 -0.746863
vt -1.517310 -1.026379
vt -1.397125 -1.637564
vt -1.480852 -2.236984
vt -1.853552 -2.026985
vt -1.852678 -1.424715
vt -1.471490 -2.224167
vt -1.522430 -2.078163
vt -1.261021 -1.773005
vt -1.740528 -2.208950
vt -0.957849 -1.883070
vt -1.663690 -1.543420
vt -1.634562 -1.429188
vt -1.646562 -0.944908
vt -1.575300 -1.097958
vt -1.740528 -0.971835
vt -1.851330 -1.039012
vt -1.676959 -1.097317
vt -1.493461 -0.651616
vt -1.648175 -0.673495
vt -1.716528 -0.786632
vt -1.740528 -1.297179
vt -1.687389 -1.386784
vt -0.756736 -0.803487
vt -0.889010 -1.127470
vt -0.756736 -1.286799
vt -0.942827 -0.613802
vt -0.890263 -0.688431
vt -1.223444 -0.008636
vt -0.982577 0.009914
vt -1.127788 -0.114560
vt -0.846253 0.012210
vt -1.034975 0.076775
vt -1.304206 0.502643
vt -1.211271 0.169034
vt -1.298804 0.113906
vt -1.103833 0.181774
vt -1.035686 0.509321
vt -0.989974 0.111780
vt -1.149916 0.058285
vt -1.109833 0.509334
vt -0.957849 -0.133348
vt -0.889039 -0.196125
vt -1.342976 0.000242
vt -1.597147 -0.542928
vt -1.342373 -0.335686
vt -1.393341 -0.150612
vt -1.354959 0.508255
vt -1.042748 0.509000
vt -1.095581 0.241856
vt -1.042748 0.226162
vt -1.171017 0.513468
vt -1.266341 0.310311
vt -1.144082 0.193223
vt -1.407620 -0.066281
vt -1.393341 0.707761
vt -1.095581 0.509370
vt -1.357441 0.277276
vt -1.358140 -0.533265
vt -1.457449 -0.487913
vt -1.386398 -0.550223
vt -0.756736 -0.246246
vt -1.442059 -0.448335
vt -0.629530 -1.727189
vt -0.487505 -1.762635
vt -0.886302 -1.811195
vt -0.788755 -1.848080
vt -0.727547 -1.675858
vt -0.710056 -1.785264
vt -0.628890 -1.850381
vt -0.601154 -1.900563
vt -0.815162 -1.897138
vt -0.996216 -2.063941
vt -0.710056 -1.822038
vt -0.493736 -1.892335
vt -0.702862 -1.605290
vt -0.712068 -1.704708
vt -0.567440 -1.320160
vt -0.649039 -1.402097
vt -0.546597 -1.457309
vt -0.397012 -1.448246
vt -0.402826 -0.972808
vt -0.542743 -0.986381
vt -0.450667 -1.102756
vt -0.625713 -1.229708
vt -0.548820 -1.331133
vt -0.618855 -1.384516
vt -0.560384 -0.953345
vt -0.567161 -1.171227
vt -0.618855 -1.010969
vt -0.555505 -1.109153
vt -0.529162 -1.313558
vt -0.526359 -0.878280
vt -0.518666 -0.904646
vt -0.363476 -1.445771
vt -0.367805 -0.927133
vt -0.851971 -1.366652
vt -1.249341 -1.762873
vt -0.773164 -1.400247
vt -0.873690 -1.457448
vt -0.859725 -1.318605
vt -0.794397 -1.231040
vt -0.801255 -1.384516
vt -0.931426 -1.385366
vt -0.859725 -0.953345
vt -0.801255 -1.010969
vt -0.878997 -0.987480
vt -0.937685 -0.926618
vt -0.969034 -1.388602
vt -1.031034 -1.023579
vt -0.973627 -0.884624
vt -1.137566 -1.007743
vt -0.864605 -1.102233
vt -0.852948 -1.167535
vt -0.711398 -1.490098
vt -0.831516 -1.589047
vt -0.818552 -0.988742
vt -0.660443 -0.446412
vt -0.710056 -1.327900
vt -0.606001 -0.747567
vt -0.759668 -0.614494
vt -1.058524 -1.986876
vt -0.821985 -1.583064
vt -0.945680 -1.684443
vt -0.824610 -1.047154
vt -0.945680 -1.132577
vt -0.710056 -1.262407
vt -0.710056 -1.479432
vt -0.710056 -1.032829
vt -0.598719 -1.582545
vt -0.597329 -1.045789
vt -0.877176 -1.297925
vt -0.821680 -0.623888
vt -0.267699 -1.593330
vt -1.176626 -1.608098
vt -0.583889 -0.956904
vt -0.500309 -1.029920
vt -0.836221 -0.959728
vt -0.919801 -1.029919
vt -0.759698 -0.916732
vt -0.710056 -0.488529
vt -0.710056 -0.891088
vt -0.660412 -0.912195
vt -0.631054 -0.526631
vt -0.789044 -0.527208
vt -0.919801 -0.121392
vt -0.823498 0.130738
vt -0.789587 -0.086377
vt -0.710056 -0.050889
vt -0.677208 0.175184
vt -0.630933 -0.085073
vt -0.564500 -0.464214
vt -0.544509 0.187992
vt -0.625713 0.511078
vt -0.560384 0.269782
vt -0.618855 0.258603
vt -0.365568 0.164040
vt -0.486345 0.203202
vt -0.555505 0.505776
vt -0.527419 0.226523
vt -0.644125 0.312296
vt -0.432572 0.051420
vt -0.954670 -0.779734
vt -0.868103 -0.231203
vt -0.859725 0.269782
vt -0.794397 0.509797
vt -0.801255 0.258603
vt -0.876616 0.187820
vt -0.934777 0.203050
vt -0.966964 0.055564
vt -1.192893 -0.093593
vt -0.971312 0.176432
vt -1.030590 0.178102
vt -0.864605 0.513561
vt -0.852948 0.510056
vt -0.766528 0.300950
vt -0.581008 -0.168693
vt -0.710056 0.592587
vt -0.945680 0.105690
vt -0.710056 0.510477
vt -0.601558 0.510390
vt -0.512801 0.113390
vt -0.818552 0.489461
vt -0.877176 0.241664
vt -0.500309 -0.117867
vt -1.617553 -2.136136
vt -1.617595 -1.314533
vt -0.710056 -1.339822
vt -0.710056 -0.262849
vt -0.208124 -0.088104
vt -0.710056 -1.611876
vt 0.040208 -3.067671
vt -0.318466 -1.460550
vt 0.093359 -1.445265
vt 0.214451 -1.705221
vt -0.957849 -1.067052
vt 0.412226 -2.598876
vt -1.632241 -1.727799
vt -1.755453 -1.205303
vt -0.877176 -0.883151
vt -0.255751 -1.041606
vt -0.165945 3.398510
vt 0.145697 3.605468
vt 0.038342 3.680809
vt 0.253250 2.438652
vt 0.504306 2.454472
vt 0.253250 2.697335
vt 0.198326 3.355637
vt -0.401473 2.755786
vt -0.469767 3.045494
vt -1.565807 3.605467
vt -1.928369 3.638791
vt -1.018638 2.755786
vt -1.095453 2.483620
vt -1.673361 2.438652
vt -1.617595 2.327412
vt -1.418375 2.464652
vt -1.673361 2.697334
vt -1.618437 3.355636
vt -0.710056 1.930908
vt -0.551775 1.901886
vt -0.471220 1.372159
vt -0.427681 0.937159
vt -0.379021 1.045646
vt -0.992429 0.937159
vt -0.992429 0.500708
vt -0.868977 0.912826
vt -0.551134 0.912826
vt -0.710056 3.014326
vt -0.318721 2.472863
vt -0.386413 2.121316
vt -0.635424 2.421724
vt -0.952619 2.225300
vt -0.039277 4.043114
vt 0.093766 3.575059
vt -0.103638 3.847259
vt 0.145697 4.071477
vt 0.066809 3.916079
vt 0.038342 4.236269
vt 0.138663 3.469390
vt 0.171348 3.104635
vt 0.198328 3.852738
vt 0.130411 3.692458
vt -0.469767 4.216699
vt -0.154054 4.284846
vt -0.015139 3.056188
vt -0.009028 3.485353
vt 0.197443 3.649040
vt 0.240517 3.813373
vt 0.505219 3.859233
vt -1.514722 3.571859
vt -1.380835 4.051033
vt -1.343851 3.828321
vt -1.565807 4.071477
vt -1.458453 4.236269
vt -1.929594 4.111472
vt -1.558774 3.294313
vt -1.550521 3.692356
vt -1.558774 3.544443
vt -1.618437 3.852737
vt -1.486919 3.922178
vt -1.560163 3.597189
vt -1.390419 3.330834
vt -1.300222 4.282615
vt -1.088634 4.347879
vt -1.010808 4.282558
vt -0.950344 4.130390
vt -1.673361 3.844285
vt -1.673361 3.732556
vt -1.457648 4.068792
vt -0.974157 4.161366
vt -0.710056 2.778752
vt -0.551134 2.685161
vt -0.551134 3.018375
vt -0.710056 3.092275
vt -0.905585 3.182787
vt -0.868977 3.021065
vt -0.531297 3.152947
vt -0.372364 2.812189
vt -0.372547 3.154594
vt -0.371856 3.305612
vt -1.046492 2.873866
vt -0.868977 2.742893
vt -1.046639 3.154580
vt -0.778012 3.899802
vt -0.710056 4.219680
vt -0.829508 3.630491
vt -0.562388 3.593392
vt -0.472283 3.821538
vt -0.158938 4.278926
vt -0.134629 3.293160
vt -0.710056 4.151276
vt -1.404972 3.056188
vt -1.227319 3.408222
vt 0.237826 3.693894
vt 0.214452 2.452833
vt 0.228193 1.952328
vt 0.163774 2.140309
vt 0.195020 2.734208
vt 0.256813 2.350086
vt 0.320417 1.988883
vt 0.296417 1.803371
vt 0.502411 1.984445
vt 0.238678 2.494888
vt 0.320417 2.214014
vt 0.246348 2.440685
vt 0.073701 2.613329
vt 0.257507 2.109872
vt 0.240121 1.703916
vt 0.351424 2.234286
vt 0.339940 2.344101
vt 0.181039 1.562487
vt 0.266051 1.955943
vt 0.136972 1.586185
vt 0.069225 1.678876
vt 0.086361 1.649325
vt -0.200296 1.025038
vt -0.435937 1.002903
vt -0.278789 1.146754
vt -0.208838 0.846390
vt -0.121305 0.901650
vt -0.273036 0.957452
vt -0.042264 1.305535
vt -0.071579 1.040380
vt -0.491099 0.970877
vt -0.667351 0.986591
vt -0.316278 0.834242
vt -0.385084 0.938158
vt -0.663374 1.267536
vt -0.462261 1.151972
vt -0.412282 0.868479
vt -0.575369 2.358262
vt -0.691497 2.180788
vt -0.533265 2.022922
vt -0.478886 1.930728
vt -0.431029 2.182246
vt -0.292183 2.341146
vt -0.381064 2.411394
vt -0.332040 2.706887
vt -0.505733 2.588609
vt -0.219991 2.499339
vt -0.693379 1.865362
vt -0.531713 1.727881
vt -0.462261 1.662815
vt -0.338157 0.795386
vt -0.324529 0.505521
vt -0.071452 1.736040
vt 0.021949 1.467594
vt -0.153768 1.961101
vt -0.274033 1.728730
vt -0.204936 1.520048
vt -0.062668 1.053349
vt 0.012875 2.870247
vt -0.016883 2.442850
vt -0.003409 1.513416
vt -0.394423 0.815248
vt -0.529778 1.365712
vt 0.125596 2.563651
vt 0.262712 2.794805
vt 0.262712 2.538026
vt 0.124897 3.002589
vt 0.270247 3.102666
vt 0.099578 3.100011
vt 0.194630 3.435852
vt 0.049493 3.246280
vt 0.257173 3.380303
vt 0.320417 3.355700
vt 0.320417 3.232613
vt 0.503024 3.350179
vt 0.197465 3.239046
vt 0.282928 3.417769
vt 0.120316 3.589402
vt 0.193941 3.747390
vt 0.256879 3.502941
vt 0.303481 2.688664
vt 0.351424 2.729539
vt 0.317610 2.568310
vt 0.339940 2.851243
vt 0.304955 2.489533
vt 0.234400 2.448495
vt 0.325737 2.137719
vt 0.335343 2.691233
vt 0.311495 2.366566
vt 0.142537 2.897648
vt -0.006561 3.047939
vt -0.003083 3.267937
vt -0.489794 2.928535
vt -0.613861 3.090426
vt -0.384424 2.371753
vt -0.310277 2.650587
vt -0.384424 2.614285
vt -0.378921 2.774255
vt -0.382781 2.941426
vt -0.332087 3.248473
vt -0.159519 2.465052
vt -0.159208 2.731492
vt -0.163388 2.896705
vt -0.222463 3.035362
vt -0.532587 3.003308
vt -0.631646 3.250347
vt -0.694094 3.197011
vt -0.473149 3.046506
vt -0.476137 2.890721
vt -0.579691 3.372272
vt -0.246729 3.149284
vt -0.324529 2.058308
vt -0.377362 2.445904
vt -0.377362 2.139031
vt -0.324529 2.503145
vt -0.324529 2.362598
vt -0.249094 2.326065
vt -0.153768 2.483458
vt -0.034151 2.698550
vt -0.254285 1.967912
vt -0.261325 2.741509
vt -0.571553 2.625667
vt 0.014840 3.412384
vt 0.115759 2.735502
vt 0.125798 2.898545
vt -0.393124 2.583737
vt 0.129171 2.726083
vt -1.646719 1.959657
vt -1.634562 2.449468
vt -1.574509 2.110300
vt -1.646070 2.566794
vt -1.609610 2.929290
vt -1.740528 1.988883
vt -1.716528 1.803372
vt -1.676581 2.115663
vt -1.740528 2.214014
vt -1.676939 2.349988
vt -1.516816 1.611683
vt -1.648511 1.691276
vt -1.432986 2.870247
vt -1.545602 2.484396
vt -1.714064 2.412165
vt -0.982563 1.002550
vt -1.223445 1.022609
vt -1.127790 1.126444
vt -0.846241 1.002451
vt -1.034977 0.938178
vt -1.211271 0.846390
vt -1.216739 0.502944
vt -1.298804 0.901650
vt -1.103833 0.834242
vt -0.964442 0.957047
vt -1.149916 0.955978
vt -0.990232 0.947841
vt -0.889061 1.218561
vt -1.342975 1.016343
vt -0.844742 2.358261
vt -0.887026 2.623824
vt -1.037876 2.413147
vt -0.989081 2.182247
vt -0.949033 1.895699
vt -0.888093 2.021599
vt -1.106455 2.345788
vt -1.062592 2.752521
vt -1.200723 2.500201
vt -1.257712 2.386255
vt -0.756736 1.843488
vt -0.756736 2.154672
vt -0.888671 1.729107
vt -1.760437 2.261783
vt -1.921396 2.239542
vt -1.393342 1.228261
vt -1.342380 1.352896
vt -1.095581 0.776964
vt -1.042748 0.791924
vt -1.407620 1.142470
vt -1.223581 0.950023
vt -1.357441 1.322945
vt -1.297984 1.619675
vt -1.442059 1.467594
vt -1.171633 1.739414
vt -1.266341 2.012344
vt -1.387285 1.912398
vt -1.637873 1.668151
vt -1.745556 2.378297
vt -1.407600 2.584971
vt -1.416701 1.513416
vt -0.756736 1.267536
vt -0.957849 1.402032
vt -1.434951 3.412384
vt -1.646015 3.264554
vt -1.599662 3.513858
vt -1.700665 2.966303
vt -1.545008 3.002589
vt -1.543440 2.897860
vt -1.682822 2.618465
vt -1.534282 2.735068
vt -1.740528 3.355700
vt -1.740528 3.232613
vt -1.676964 3.382386
vt -1.676663 3.505027
vt -1.646805 3.577790
vt -1.539566 3.586275
vt -1.611926 3.929275
vt -1.716528 3.389424
vt -1.634562 3.700411
vt -0.845102 3.041438
vt -1.036767 2.942334
vt -1.035686 2.543298
vt -1.035686 2.295824
vt -1.041189 2.774255
vt -1.109833 2.651840
vt -0.964442 2.880830
vt -1.261405 2.465408
vt -1.087067 3.247889
vt -1.197845 3.035590
vt -1.256723 2.896705
vt -1.260685 2.731513
vt -0.722780 3.323927
vt -0.888089 3.002565
vt -0.756736 3.163830
vt -0.934594 3.248996
vt -1.098140 3.241291
vt -0.957849 3.031042
vt -0.887980 3.127143
vt -1.302522 3.174451
vt -0.731241 3.483149
vt -1.723591 2.690789
vt -1.771534 2.729539
vt -1.760050 2.851243
vt -1.921862 2.749678
vt -1.725066 2.315613
vt -1.737720 2.570437
vt -1.748354 2.660142
vt -1.654510 2.809893
vt -1.654510 2.445531
vt -1.540348 3.099680
vt -1.441743 2.851712
vt -1.498019 2.686234
vt -1.042748 2.444775
vt -1.095581 2.175048
vt -1.042748 2.139032
vt -1.095581 2.480788
vt -1.027098 2.583775
vt -1.171017 2.148220
vt -1.281747 2.616712
vt -1.116885 2.923752
vt -0.848558 2.625668
vt -1.480850 3.261737
vt -1.545706 2.563651
vt -1.471427 3.246875
vt -1.522297 3.100787
vt -0.943875 2.890607
vt -0.919801 1.140572
vt -0.823263 0.887812
vt -0.945680 0.912069
vt -0.710056 1.072870
vt -0.677219 0.843859
vt -0.660412 1.092691
vt -0.512793 0.904627
vt -0.583889 1.133386
vt -0.598348 1.982231
vt -0.443809 2.077302
vt -0.907445 2.040998
vt -0.791548 1.828274
vt -0.786614 1.957114
vt -0.710056 1.889367
vt -0.629173 1.827856
vt -0.500309 1.637085
vt -0.919801 1.638534
vt -0.790423 1.567553
vt -0.710056 1.527086
vt -0.629744 1.567897
vt -0.544509 0.831154
vt -0.560384 0.750348
vt -0.567161 0.505860
vt -0.618855 0.761002
vt -0.365564 0.855679
vt -0.486347 0.816522
vt -0.528518 0.792974
vt -0.606324 0.931337
vt -0.432403 0.968942
vt -0.547140 2.004997
vt -0.395514 1.998495
vt -0.549281 1.907016
vt -0.621356 1.981653
vt -0.362779 1.872008
vt -0.570011 1.564056
vt -0.859725 0.750348
vt -0.801255 0.761002
vt -0.876613 0.831319
vt -0.934776 0.816669
vt -1.030587 0.840670
vt -0.971596 0.843748
vt -1.140445 0.828334
vt -0.986322 0.968310
vt -0.877176 0.778987
vt -1.084262 2.030428
vt -0.872405 2.004617
vt -0.999834 2.085826
vt -0.859725 1.899908
vt -0.929822 1.943732
vt -0.968131 1.826043
vt -0.912771 1.623402
vt -1.147699 1.924206
vt -0.831720 1.378055
vt -0.660443 1.261353
vt -0.565416 1.198802
vt -0.759668 1.064079
vt -0.759668 1.723550
vt -0.710056 2.239092
vt -0.798736 1.981842
vt -0.842378 1.111736
vt -0.500309 1.140573
vt -0.836221 1.130768
vt -0.759698 1.088784
vt -0.629372 2.751083
vt -0.500309 2.986979
vt -0.886702 2.959109
vt -0.790652 2.751004
vt -0.724176 2.819709
vt -0.710056 2.687253
vt -0.628830 2.874694
vt -0.601156 2.925168
vt -0.490685 2.935252
vt -0.911054 3.004032
vt -0.397325 2.471273
vt -0.546157 2.480871
vt -0.625713 2.262294
vt -0.567161 1.971040
vt -0.548518 2.354891
vt -0.567161 2.198949
vt -0.618855 2.407805
vt -0.555505 2.136162
vt -0.594278 1.982279
vt -0.363711 2.469156
vt -0.702862 2.630211
vt -0.712067 2.729528
vt -0.649677 2.427033
vt -0.597368 2.387852
vt -0.874038 2.480937
vt -1.054055 2.491729
vt -0.852948 2.028898
vt -0.794397 2.262454
vt -0.857797 2.317694
vt -0.801255 2.407805
vt -0.931838 2.409025
vt -0.969651 2.412670
vt -1.037843 2.534686
vt -0.864605 1.975017
vt -0.777590 2.447211
vt -0.820766 2.382484
vt -0.708474 2.498696
vt -0.821724 2.606138
vt -0.945680 2.707611
vt -0.710056 2.287098
vt -0.710056 2.057807
vt -0.710056 2.502756
vt -1.058523 3.011563
vt -0.530244 2.336057
vt -0.598386 2.606138
vt -0.474429 2.707610
vt -0.818552 1.772312
vt -0.725800 2.856831
vt -0.267400 2.617402
vt -0.874591 2.295395
vt -1.041090 1.045646
vt -0.875170 1.894721
vt -0.965346 1.212777
vt -0.710056 1.280899
vt -1.411043 2.960394
vt -0.181666 0.942467
vt -0.255751 0.813502
vt -0.414852 3.132040
vt -0.255751 2.506108
vt 0.197484 2.327413
vt 0.093384 2.456712
vt -0.009069 2.960395
vt 0.040209 4.093800
vt 0.197485 3.981132
vt -1.165800 2.479826
vt -1.016536 3.111190
vt -1.458453 3.680809
vt -0.950344 3.060534
vt -1.361831 3.473746
vt -1.691324 1.924020
vt -1.755454 2.088586
vt -0.529576 1.791826
vt -0.877176 1.786716
vt 5.368537 -2.018640
vt 5.407460 -2.785635
vt 5.216580 -2.770995
vt 5.407460 -2.601501
vt 5.375383 -2.245503
vt 5.379815 -1.433740
vt 5.372951 -1.259498
vt 5.367838 -0.855465
vt 5.346956 -0.665105
vt 5.407459 -1.494454
vt 5.382011 -1.290317
vt 5.245432 -1.293297
vt 5.216580 -1.820800
vt 5.375383 -0.671298
vt 5.442922 -2.540637
vt 5.420173 -2.741249
vt 5.413377 -1.322585
vt 5.310651 -1.535596
vt 5.407460 -1.978078
vt 5.413377 -2.120080
vt 5.379815 2.357291
vt 5.407458 2.527403
vt 5.216580 2.556386
vt 5.407458 2.931307
vt 5.375383 1.688874
vt 5.368537 3.043224
vt 5.407458 3.809982
vt 5.216580 3.795626
vt 5.409786 3.642116
vt 5.375383 3.270252
vt 5.310648 2.547097
vt 5.413377 2.335101
vt 5.441388 4.026341
vt 5.311621 3.138675
vt 0.820062 -3.162143
vt 0.568572 -1.301279
vt 0.820058 4.188520
vt 2.969309 -1.263687
vt 3.022639 -2.739967
vt 3.020745 -2.198548
vt -2.054341 -2.504761
vt -1.978232 -1.264832
vt 3.054952 1.869477
vt 3.022654 3.763718
vt -2.064469 1.874697
vt 4.471251 0.403969
vt 3.767861 0.386644
vt 4.019586 0.356173
vt 1.934916 0.343932
vt 1.342890 0.403903
vt -3.680095 0.231340
vt -2.780541 0.386117
vt -0.153768 0.230312
vt 4.544574 -0.195332
vt 3.291235 -1.067582
vt 4.648910 -2.789641
vt 5.310610 -2.316900
vt 5.399524 -2.578059
vt 5.323853 -2.228781
vt 4.508345 1.004524
vt 5.311105 1.977280
vt 4.648909 3.815121
vt 5.310510 3.341238
vt 5.315379 3.022227
vt 3.234278 3.381335
vt 2.638586 -1.165419
vt 1.271865 -0.197648
vt 0.757508 -1.630335
vt 2.430260 3.706796
vt -4.231563 -2.120080
vt -3.875233 -2.789813
vt -2.301729 -1.073093
vt -2.947152 0.083149
vt -2.775318 1.059380
vt 0.191682 -1.263453
vt 0.034436 3.351013
vt -0.533166 1.129310
vt -1.545839 2.633281
vt 5.379815 -2.018206
vt 5.379815 3.041181
s 1
f 1/1/1 4/2/2 3/3/3
f 1/1/1 7/4/4 2/5/5
f 1/1/1 9/6/6 6/7/7
f 4/2/2 12/8/8 5/9/9
f 7/4/4 15/10/10 14/11/11
f 14/11/11 11/12/12 2/5/5
f 11/12/12 13/13/13 2/5/5
f 13/13/13 12/8/8 4/2/2
f 4/2/2 17/14/14 18/15/15
f 9/6/6 21/16/16 10/17/17
f 19/18/18 22/19/19 3/3/3
f 22/19/19 21/16/16 9/6/6
f 18/15/15 19/18/18 3/3/3
f 35/20/20 31/21/21 32/22/22
f 36/23/23 31/21/21 34/24/24
f 37/25/25 35/20/20 32/22/22
f 36/23/23 39/26/26 33/27/27
f 24/28/28 31/21/21 23/29/29
f 31/21/21 25/30/30 23/29/29
f 37/25/25 24/28/28 26/31/31
f 27/32/32 37/25/25 26/31/31
f 39/26/26 29/33/33 28/34/34
f 39/26/26 25/30/30 33/27/27
f 29/33/33 44/35/35 30/36/36
f 27/32/32 44/35/35 42/37/37
f 7/4/4 45/38/38 8/39/39
f 9/6/6 46/40/40 47/41/41
f 49/42/42 45/38/38 7/4/4
f 47/41/41 48/43/43 6/7/7
f 48/43/43 49/42/42 6/7/7
f 59/44/44 56/45/45 58/46/46
f 61/47/47 56/45/45 60/48/48
f 59/44/44 62/49/49 57/50/50
f 68/51/51 61/47/47 60/48/48
f 56/45/45 52/52/52 51/53/53
f 53/54/54 56/45/45 51/53/53
f 66/55/55 68/51/51 65/56/56
f 68/51/51 53/54/54 65/56/56
f 62/49/49 52/52/52 57/50/50
f 62/49/49 55/57/57 54/58/58
f 66/55/55 72/59/59 71/60/60
f 55/57/57 72/59/59 67/61/61
f 79/62/62 76/63/63 78/64/64
f 81/65/65 76/63/63 77/66/66
f 84/67/67 79/62/62 78/64/64
f 81/65/65 88/68/68 80/69/69
f 74/70/70 76/63/63 73/71/71
f 76/63/63 75/72/72 73/71/71
f 84/67/67 74/70/70 82/73/73
f 83/74/74 84/67/67 82/73/73
f 88/68/68 87/75/75 86/76/76
f 88/68/68 75/72/72 80/69/69
f 87/75/75 94/77/77 91/78/78
f 83/74/74 94/77/77 92/79/79
f 52/52/52 16/80/80 15/10/10
f 10/17/17 74/70/70 73/71/71
f 96/81/81 34/24/24 35/20/20
f 97/82/82 34/24/24 95/83/83
f 37/25/25 99/84/84 35/20/20
f 37/25/25 101/85/85 100/86/86
f 41/87/87 105/88/88 40/89/89
f 103/90/90 41/87/87 36/23/23
f 108/91/91 44/35/35 43/92/92
f 44/35/35 107/93/93 42/37/37
f 105/88/88 43/92/92 40/89/89
f 103/90/90 36/23/23 97/82/82
f 42/37/37 101/85/85 38/94/94
f 75/72/72 50/95/95 46/40/40
f 5/9/9 24/28/28 23/29/29
f 96/81/81 58/46/46 95/83/83
f 98/96/96 58/46/46 61/47/47
f 68/51/51 113/97/97 112/98/98
f 68/51/51 111/99/99 61/47/47
f 99/84/84 63/100/100 59/44/44
f 63/100/100 102/101/101 64/102/102
f 72/59/59 116/103/103 71/60/60
f 115/104/104 72/59/59 70/105/105
f 99/84/84 59/44/44 96/81/81
f 71/60/60 113/97/97 69/106/106
f 102/101/101 70/105/105 64/102/102
f 25/30/30 20/107/107 17/14/14
f 8/39/39 53/54/54 51/53/53
f 97/82/82 77/66/66 79/62/62
f 98/96/96 77/66/66 95/83/83
f 84/67/67 103/90/90 79/62/62
f 84/67/67 106/108/108 104/109/109
f 89/110/110 114/111/111 90/112/112
f 111/99/99 89/110/110 81/65/65
f 120/113/113 94/77/77 93/114/114
f 94/77/77 119/115/115 92/79/79
f 114/111/111 93/114/114 90/112/112
f 111/99/99 81/65/65 98/96/96
f 92/79/79 106/108/108 85/116/116
f 16/80/80 128/117/117 14/11/11
f 130/118/118 131/119/119 134/120/120
f 147/121/121 143/122/122 144/123/123
f 148/124/124 143/122/122 146/125/125
f 148/124/124 149/126/126 145/127/127
f 138/128/128 143/122/122 137/129/129
f 143/122/122 139/130/130 137/129/129
f 149/126/126 142/131/131 141/132/132
f 149/126/126 139/130/130 145/127/127
f 136/133/133 135/134/134 134/120/120
f 139/130/130 140/135/135 136/133/133
f 152/136/136 129/137/137 16/80/80
f 162/138/138 159/139/139 161/140/140
f 164/141/141 159/139/139 163/142/142
f 168/143/143 164/141/141 163/142/142
f 159/139/139 157/144/144 156/145/145
f 158/146/146 159/139/139 156/145/145
f 167/147/147 168/143/143 166/148/148
f 168/143/143 158/146/146 166/148/148
f 154/149/149 158/146/146 156/145/145
f 165/150/150 158/146/146 154/149/149
f 123/151/151 188/152/152 186/153/153
f 171/154/154 173/155/155 170/156/156
f 173/155/155 172/157/157 170/156/156
f 179/158/158 176/159/159 177/160/160
f 178/161/161 179/158/158 177/160/160
f 184/162/162 183/163/163 182/164/164
f 184/162/162 181/165/165 175/166/166
f 187/167/167 189/168/168 188/152/152
f 176/159/159 174/169/169 171/154/154
f 185/170/170 187/167/167 183/163/163
f 175/166/166 181/165/165 172/157/157
f 186/153/153 180/171/171 178/161/161
f 195/172/172 190/173/173 191/174/174
f 196/175/175 190/173/173 193/176/176
f 198/177/177 199/178/178 197/179/179
f 198/177/177 202/180/180 200/181/181
f 204/182/182 208/183/183 185/170/170
f 205/184/184 204/182/182 203/185/185
f 213/186/186 211/187/187 210/188/188
f 211/187/187 212/189/189 209/190/190
f 199/178/178 191/174/174 197/179/179
f 185/170/170 213/186/186 210/188/188
f 205/184/184 192/191/191 196/175/175
f 180/171/171 212/189/189 202/180/180
f 129/137/137 154/149/149 132/192/192
f 194/193/193 146/125/125 147/121/121
f 195/172/172 146/125/125 193/176/176
f 149/126/126 201/194/194 150/195/195
f 199/178/178 149/126/126 148/124/124
f 127/196/196 133/197/197 12/8/8
f 131/119/119 138/128/128 137/129/129
f 194/193/193 161/140/140 193/176/176
f 196/175/175 161/140/140 164/141/141
f 168/143/143 207/198/198 206/199/199
f 168/143/143 205/184/184 164/141/141
f 13/13/13 134/120/120 127/196/196
f 11/12/12 130/118/118 13/13/13
f 191/174/174 173/155/155 174/169/169
f 192/191/191 173/155/155 190/173/173
f 179/158/158 197/179/179 174/169/169
f 179/158/158 180/171/171 198/177/177
f 203/185/185 184/162/162 175/166/166
f 210/188/188 189/168/168 187/167/167
f 189/168/168 209/190/190 186/153/153
f 185/170/170 210/188/188 187/167/167
f 203/185/185 175/166/166 192/191/191
f 20/107/107 216/200/200 18/15/15
f 220/201/201 217/202/202 20/107/107
f 223/203/203 224/204/204 242/205/205
f 237/206/206 233/207/207 234/208/208
f 238/209/209 233/207/207 236/210/210
f 239/211/211 237/206/206 234/208/208
f 229/212/212 233/207/207 228/213/213
f 233/207/207 230/214/214 228/213/213
f 239/211/211 229/212/212 231/215/215
f 232/216/216 239/211/211 231/215/215
f 226/217/217 229/212/212 228/213/213
f 227/218/218 229/212/212 226/217/217
f 125/219/219 259/220/220 260/221/221
f 250/222/222 245/223/223 244/224/224
f 246/225/225 250/222/222 244/224/224
f 257/226/226 261/227/227 256/228/228
f 261/227/227 255/229/229 256/228/228
f 253/230/230 247/231/231 251/232/232
f 253/230/230 249/233/233 248/234/234
f 258/235/235 263/236/236 259/220/220
f 251/232/232 247/231/231 245/223/223
f 260/221/221 262/237/237 257/226/226
f 255/229/229 252/238/238 246/225/225
f 254/239/239 258/235/235 249/233/233
f 271/240/240 268/241/241 270/242/242
f 273/243/243 268/241/241 269/244/244
f 273/243/243 277/245/245 272/246/246
f 264/247/247 243/248/248 242/205/205
f 266/249/249 268/241/241 265/250/250
f 268/241/241 267/251/251 265/250/250
f 277/245/245 276/252/252 275/253/253
f 277/245/245 267/251/251 272/246/246
f 267/251/251 274/254/254 264/247/247
f 285/255/255 279/256/256 284/257/257
f 287/258/258 279/256/256 281/259/259
f 293/260/260 299/261/261 298/262/262
f 293/260/260 297/263/263 292/264/264
f 288/265/265 283/266/266 282/267/267
f 283/266/266 291/268/268 254/239/239
f 296/269/269 302/270/270 295/271/271
f 301/272/272 296/269/269 294/273/273
f 288/265/265 280/274/274 285/255/255
f 262/237/237 302/270/270 299/261/261
f 297/263/263 281/259/259 292/264/264
f 254/239/239 301/272/272 294/273/273
f 218/275/275 241/276/276 21/16/16
f 224/204/204 266/249/249 265/250/250
f 285/255/255 236/210/210 237/206/206
f 286/277/277 236/210/210 284/257/257
f 239/211/211 288/265/265 237/206/206
f 239/211/211 290/278/278 289/279/279
f 22/19/19 242/205/205 218/275/275
f 19/18/18 223/203/203 22/19/19
f 280/274/274 250/222/222 279/256/256
f 281/259/259 250/222/222 252/238/238
f 261/227/227 262/237/237 293/260/260
f 261/227/227 292/264/264 252/238/238
f 282/267/267 253/230/230 251/232/232
f 263/236/236 295/271/271 260/221/221
f 294/273/273 263/236/236 258/235/235
f 282/267/267 251/232/232 280/274/274
f 254/239/239 294/273/273 258/235/235
f 217/202/202 226/217/217 222/280/280
f 286/277/277 269/244/244 271/240/240
f 287/258/258 269/244/244 284/257/257
f 277/245/245 300/281/281 278/282/282
f 297/263/263 277/245/245 273/243/243
f 220/201/201 306/283/283 305/284/284
f 140/135/135 310/285/285 135/134/134
f 306/283/283 313/286/286 311/287/287
f 314/288/288 315/289/289 308/290/290
f 317/291/291 314/288/288 316/292/292
f 316/292/292 311/287/287 313/286/286
f 305/284/284 318/293/293 320/294/294
f 325/295/295 321/296/296 323/297/297
f 324/298/298 318/293/293 321/296/296
f 334/299/299 332/300/300 330/301/301
f 330/301/301 332/300/300 329/302/302
f 340/303/303 343/304/304 342/305/305
f 333/306/306 327/307/307 332/300/300
f 336/308/308 341/309/309 340/303/303
f 340/303/303 335/310/310 336/308/308
f 339/311/311 338/312/312 331/313/313
f 339/311/311 329/302/302 335/310/310
f 350/314/314 348/315/315 349/316/316
f 351/317/317 348/315/315 344/318/318
f 357/319/319 360/320/320 359/321/321
f 354/322/322 291/268/268 347/323/323
f 351/317/317 344/318/318 322/324/324
f 353/325/325 351/317/317 352/326/326
f 349/316/316 345/327/327 346/328/328
f 347/323/323 345/327/327 348/315/315
f 355/329/329 359/321/321 356/330/330
f 352/326/326 351/317/317 322/324/324
f 317/291/291 330/301/301 315/289/289
f 350/314/314 323/297/297 344/318/318
f 309/331/331 321/296/296 308/290/290
f 220/201/201 305/284/284 227/218/218
f 326/332/332 322/324/324 309/331/331
f 135/134/134 310/285/285 220/201/201
f 306/283/283 311/287/287 307/333/333
f 311/287/287 308/290/290 307/333/333
f 331/313/313 309/331/331 315/289/289
f 331/313/313 326/332/332 309/331/331
f 50/95/95 362/334/334 47/41/41
f 368/335/335 363/336/336 50/95/95
f 124/337/337 380/338/338 381/339/339
f 371/340/340 382/341/341 370/342/342
f 382/341/341 372/343/343 370/342/342
f 385/344/344 373/345/345 374/346/346
f 375/347/347 385/344/344 374/346/346
f 387/348/348 378/349/349 377/350/350
f 387/348/348 376/351/351 384/352/352
f 379/353/353 389/354/354 380/338/338
f 373/345/345 383/355/355 371/340/340
f 388/356/356 379/353/353 378/349/349
f 384/352/352 376/351/351 372/343/343
f 381/339/339 386/357/357 375/347/347
f 390/358/358 391/359/359 365/360/360
f 403/361/361 400/362/362 402/363/363
f 405/364/364 400/362/362 404/365/365
f 403/361/361 406/366/366 401/367/367
f 400/362/362 396/368/368 395/369/369
f 397/370/370 400/362/362 395/369/369
f 406/366/366 396/368/368 401/367/367
f 406/366/366 399/371/371 398/372/372
f 393/373/373 366/374/374 365/360/360
f 396/368/368 394/375/375 393/373/373
f 417/376/376 414/377/377 416/378/378
f 419/379/379 414/377/377 415/380/380
f 422/381/381 417/376/376 416/378/378
f 409/382/382 412/383/383 411/384/384
f 410/385/385 412/383/383 409/382/382
f 412/383/383 414/377/377 411/384/384
f 414/377/377 413/386/386 411/384/384
f 422/381/381 412/383/383 420/387/387
f 421/388/388 422/381/381 420/387/387
f 435/389/389 424/390/390 425/391/391
f 436/392/392 424/390/390 434/393/393
f 428/394/394 438/395/395 427/396/396
f 428/394/394 440/397/397 439/398/398
f 430/399/399 444/400/400 388/356/356
f 442/401/401 430/399/399 429/402/402
f 447/403/403 433/404/404 432/405/405
f 433/404/404 446/406/406 431/407/407
f 438/395/395 425/391/391 427/396/396
f 388/356/356 447/403/403 432/405/405
f 442/401/401 426/408/408 436/392/392
f 386/357/357 446/406/406 440/397/397
f 49/42/42 365/360/360 361/409/409
f 48/43/43 390/358/358 49/42/42
f 425/391/391 382/341/341 383/355/355
f 426/408/408 382/341/341 424/390/390
f 385/344/344 427/396/396 383/355/355
f 385/344/344 386/357/357 428/394/394
f 429/402/402 387/348/348 384/352/352
f 432/405/405 389/354/354 379/353/353
f 389/354/354 431/407/407 381/339/339
f 388/356/356 432/405/405 379/353/353
f 429/402/402 384/352/352 426/408/408
f 363/336/336 409/382/382 392/410/410
f 435/389/389 402/363/363 434/393/393
f 437/411/411 402/363/363 405/364/364
f 438/395/395 406/366/366 403/361/361
f 406/366/366 441/412/412 407/413/413
f 361/409/409 364/414/414 45/38/38
f 391/359/359 397/370/370 395/369/369
f 436/392/392 415/380/380 417/376/376
f 437/411/411 415/380/380 434/393/393
f 422/381/381 442/401/401 417/376/376
f 422/381/381 445/415/415 443/416/416
f 152/136/136 451/417/417 450/418/418
f 450/418/418 456/419/419 457/420/420
f 462/421/421 458/422/422 460/423/423
f 461/424/424 456/419/419 458/422/422
f 473/425/425 471/426/426 470/427/427
f 476/428/428 479/429/429 477/430/430
f 471/426/426 464/431/431 465/432/432
f 466/433/433 464/431/431 471/426/426
f 468/434/434 477/430/430 469/435/435
f 467/436/436 208/183/183 466/433/433
f 473/425/425 470/427/427 459/437/437
f 475/438/438 473/425/425 474/439/439
f 474/439/439 473/425/425 459/437/437
f 394/375/375 480/440/440 366/374/374
f 483/441/441 482/442/442 453/443/443
f 451/417/417 485/444/444 481/445/445
f 486/446/446 483/441/441 487/447/447
f 487/447/447 481/445/445 485/444/444
f 489/448/448 494/449/449 492/450/450
f 496/451/451 494/449/449 489/448/448
f 501/452/452 504/453/453 502/454/454
f 500/455/455 490/456/456 488/457/457
f 495/458/458 491/459/459 494/449/449
f 501/452/452 497/460/460 498/461/461
f 498/461/461 503/462/462 501/452/452
f 500/455/455 492/450/450 497/460/460
f 366/374/374 480/440/440 152/136/136
f 451/417/417 481/445/445 452/463/463
f 481/445/445 453/443/443 452/463/463
f 488/457/457 454/464/464 482/442/442
f 488/457/457 463/465/465 454/464/464
f 486/446/446 489/448/448 482/442/442
f 472/466/466 460/423/423 470/427/427
f 454/464/464 458/422/422 453/443/443
f 152/136/136 450/418/418 165/150/150
f 463/465/465 459/437/437 454/464/464
f 274/254/254 510/467/467 243/248/248
f 513/468/468 512/469/469 507/470/470
f 505/471/471 515/472/472 511/473/473
f 516/474/474 513/468/468 517/475/475
f 517/475/475 511/473/473 515/472/472
f 525/476/476 527/477/477 520/478/478
f 529/479/479 527/477/477 525/476/476
f 531/480/480 534/481/481 533/482/482
f 528/483/483 518/484/484 527/477/477
f 531/480/480 521/485/485 522/486/486
f 522/486/486 532/487/487 531/480/480
f 530/488/488 526/489/489 524/490/490
f 530/488/488 520/478/478 521/485/485
f 542/491/491 537/492/492 539/493/493
f 541/494/494 536/495/495 537/492/492
f 553/496/496 552/497/497 543/498/498
f 555/499/499 552/497/497 554/500/500
f 556/501/501 559/502/502 558/503/503
f 553/496/496 543/498/498 538/504/504
f 545/505/505 553/496/496 544/506/506
f 547/507/507 546/508/508 552/497/497
f 554/500/500 546/508/508 548/509/509
f 550/510/510 558/503/503 551/511/511
f 549/512/512 444/400/400 547/507/507
f 544/506/506 553/496/496 538/504/504
f 505/471/471 506/513/513 535/514/514
f 508/515/515 537/492/492 507/470/470
f 368/335/335 535/514/514 410/385/385
f 509/516/516 538/504/504 508/515/515
f 243/248/248 510/467/467 368/335/335
f 505/471/471 511/473/473 506/513/513
f 511/473/473 507/470/470 506/513/513
f 524/490/490 508/515/515 512/469/469
f 524/490/490 509/516/516 508/515/515
f 516/474/474 525/476/476 512/469/469
f 555/499/499 539/493/493 543/498/498
f 567/517/517 561/518/518 566/519/519
f 567/517/517 566/519/519 563/520/520
f 567/517/517 563/520/520 568/521/521
f 565/522/522 474/439/439 561/518/518
f 573/523/523 572/524/524 571/525/525
f 573/523/523 560/526/526 572/524/524
f 573/523/523 571/525/525 576/527/527
f 570/528/528 352/326/326 560/526/526
f 581/529/529 579/530/530 577/531/531
f 579/530/530 488/457/457 577/531/531
f 578/532/532 544/506/506 580/533/533
f 580/533/533 561/518/518 579/530/530
f 580/533/533 509/516/516 562/534/534
f 579/530/530 463/465/465 488/457/457
f 572/524/524 560/526/526 562/534/534
f 572/524/524 509/516/516 524/490/490
f 566/519/519 561/518/518 562/534/534
f 566/519/519 326/332/332 331/313/313
f 364/414/414 66/55/55 65/56/56
f 66/55/55 364/414/414 67/61/61
f 87/75/75 367/535/535 86/76/76
f 87/75/75 369/536/536 367/535/535
f 113/97/97 370/342/342 112/98/98
f 370/342/342 114/111/111 112/98/98
f 374/346/346 116/103/103 117/537/537
f 118/538/538 374/346/346 117/537/537
f 377/350/350 122/539/539 121/540/540
f 377/350/350 120/113/113 376/351/351
f 125/219/219 380/338/338 126/541/541
f 116/103/103 371/340/340 113/97/97
f 378/349/349 125/219/219 122/539/539
f 372/343/343 120/113/113 114/111/111
f 124/337/337 375/347/347 118/538/538
f 455/542/542 167/147/147 166/148/148
f 207/198/198 464/431/431 206/199/199
f 464/431/431 208/183/183 206/199/199
f 468/434/434 215/543/543 214/544/544
f 468/434/434 213/186/186 467/436/436
f 241/276/276 368/335/335 369/536/536
f 218/275/275 243/248/248 368/335/335
f 276/252/252 510/467/467 275/253/253
f 299/261/261 518/484/484 298/262/262
f 518/484/484 300/281/281 298/262/262
f 522/486/486 302/270/270 303/545/545
f 304/546/546 522/486/486 303/545/545
f 343/304/304 338/312/312 342/305/305
f 353/325/325 360/320/320 358/547/547
f 241/276/276 83/74/74 82/73/73
f 83/74/74 241/276/276 91/78/78
f 29/33/33 219/548/548 28/34/34
f 29/33/33 221/549/549 219/548/548
f 244/224/224 105/88/88 104/109/109
f 106/108/108 244/224/224 104/109/109
f 122/539/539 256/228/228 121/540/540
f 256/228/228 119/115/115 121/540/540
f 248/234/234 108/91/91 247/231/231
f 248/234/234 110/550/550 109/551/551
f 123/151/151 259/220/220 126/541/541
f 245/223/223 108/91/91 105/88/88
f 125/219/219 257/226/226 122/539/539
f 119/115/115 246/225/225 106/108/108
f 249/233/233 123/151/151 110/550/550
f 540/552/552 421/388/388 420/387/387
f 546/508/508 444/400/400 443/416/416
f 445/415/415 546/508/508 443/416/416
f 550/510/510 447/403/403 549/512/512
f 550/510/510 449/553/553 448/554/554
f 133/197/197 220/201/201 221/549/549
f 127/196/196 135/134/134 220/201/201
f 142/131/131 310/285/285 141/132/132
f 327/307/307 201/194/194 200/181/181
f 202/180/180 327/307/307 200/181/181
f 215/543/543 336/308/308 214/544/544
f 336/308/308 212/189/189 214/544/544
f 504/453/453 490/456/456 502/454/454
f 475/438/438 479/429/429 478/555/555
f 133/197/197 27/32/32 26/31/31
f 27/32/32 133/197/197 30/36/36
f 55/57/57 151/556/556 54/58/58
f 55/57/57 153/557/557 151/556/556
f 101/85/85 170/156/156 100/86/86
f 170/156/156 102/101/101 100/86/86
f 177/160/160 107/93/93 109/551/551
f 110/550/550 177/160/160 109/551/551
f 182/164/164 118/538/538 117/537/537
f 182/164/164 115/104/104 181/165/165
f 124/337/337 188/152/152 126/541/541
f 107/93/93 171/154/154 101/85/85
f 183/163/163 124/337/337 118/538/538
f 172/157/157 115/104/104 102/101/101
f 123/151/151 178/161/161 110/550/550
f 319/558/558 232/216/216 231/215/215
f 290/278/278 345/327/327 289/279/279
f 345/327/327 291/268/268 289/279/279
f 355/329/329 304/546/546 303/545/545
f 355/329/329 301/272/272 354/322/322
f 364/414/414 152/136/136 153/557/557
f 361/409/409 366/374/374 152/136/136
f 399/371/371 480/440/440 398/372/372
f 440/397/397 491/459/459 439/398/398
f 491/459/459 441/412/412 439/398/398
f 498/461/461 446/406/406 448/554/554
f 449/553/553 498/461/461 448/554/554
f 534/481/481 526/489/489 533/482/482
f 545/505/505 559/502/502 557/559/559
f 585/560/560 131/119/119 130/118/118
f 588/561/561 587/562/562 128/117/117
f 590/563/563 589/564/564 585/560/560
f 584/565/565 590/563/563 585/560/560
f 600/566/566 147/121/121 144/123/123
f 600/566/566 603/567/567 602/568/568
f 605/569/569 603/567/567 601/570/570
f 600/566/566 138/128/128 595/571/571
f 596/572/572 600/566/566 595/571/571
f 142/131/131 605/569/569 599/573/573
f 596/572/572 605/569/569 601/570/570
f 586/574/574 596/572/572 595/571/571
f 596/572/572 597/575/575 599/573/573
f 615/576/576 612/577/577 614/578/578
f 615/576/576 616/579/579 613/580/580
f 612/577/577 609/581/581 608/582/582
f 616/579/579 609/581/581 613/580/580
f 609/581/581 610/583/583 607/584/584
f 610/583/583 606/585/585 589/564/564
f 162/138/138 621/586/586 160/587/587
f 621/586/586 624/588/588 623/589/589
f 624/588/588 628/590/590 623/589/589
f 621/586/586 157/144/144 160/587/587
f 621/586/586 619/591/591 618/592/592
f 167/147/147 628/590/590 627/593/593
f 619/591/591 628/590/590 625/594/594
f 619/591/591 620/595/595 618/592/592
f 619/591/591 626/596/596 620/595/595
f 630/597/597 632/598/598 631/599/599
f 636/600/600 633/601/601 635/602/602
f 638/603/603 632/598/598 630/597/597
f 640/604/604 636/600/600 635/602/602
f 637/605/605 629/606/606 593/607/607
f 632/598/598 633/601/601 631/599/599
f 640/604/604 632/598/598 639/608/608
f 661/609/609 659/610/610 658/611/611
f 653/612/612 647/613/613 644/614/614
f 662/615/615 668/616/616 659/610/610
f 644/614/614 646/617/617 643/618/618
f 646/617/617 645/619/619 643/618/618
f 654/620/620 649/621/621 651/622/622
f 652/623/623 654/620/620 651/622/622
f 658/611/611 656/624/624 660/625/625
f 664/626/626 669/627/627 666/628/628
f 663/629/629 669/627/627 667/630/630
f 648/631/631 656/624/624 645/619/619
f 663/629/629 655/632/632 652/623/623
f 671/633/633 670/634/634 647/613/613
f 674/635/635 673/636/636 671/633/633
f 679/637/637 674/635/635 676/638/638
f 661/609/609 683/639/639 662/615/615
f 682/640/640 686/641/641 683/639/639
f 684/642/642 682/640/640 681/643/643
f 688/644/644 669/627/627 668/616/616
f 669/627/627 687/645/645 667/630/630
f 691/646/646 689/647/647 688/644/644
f 689/647/647 690/648/648 687/645/645
f 662/615/615 688/644/644 668/616/616
f 674/635/635 671/633/633 676/638/638
f 683/639/639 691/646/646 688/644/644
f 675/649/649 670/634/634 673/636/636
f 677/650/650 680/651/651 679/637/637
f 681/643/643 672/652/652 675/649/649
f 678/653/653 687/645/645 680/651/651
f 620/595/595 587/562/562 588/561/561
f 602/568/568 642/654/654 147/121/121
f 602/568/568 644/614/614 643/618/618
f 650/655/655 605/569/569 604/656/656
f 605/569/569 649/621/621 603/567/567
f 674/635/635 614/578/578 673/636/636
f 674/635/635 617/657/657 615/576/576
f 586/574/574 138/128/128 131/119/119
f 642/654/654 622/658/658 162/138/138
f 622/658/658 645/619/619 624/588/588
f 628/590/590 657/659/659 627/593/593
f 656/624/624 628/590/590 624/588/588
f 675/649/649 634/660/660 636/600/600
f 641/661/661 684/642/642 636/600/600
f 589/564/564 598/662/662 586/574/574
f 637/605/605 593/607/607 587/562/562
f 647/613/613 670/634/634 646/617/617
f 670/634/634 648/631/631 646/617/617
f 677/650/650 653/612/612 654/620/620
f 655/632/632 677/650/650 654/620/620
f 661/609/609 660/625/625 681/643/643
f 672/652/652 660/625/625 648/631/631
f 667/630/630 678/653/653 655/632/632
f 694/663/663 719/664/664 590/563/563
f 592/665/665 696/666/666 695/667/667
f 695/667/667 697/668/668 693/669/669
f 697/668/668 694/663/663 693/669/669
f 700/670/670 697/668/668 699/671/671
f 708/672/672 612/577/577 707/673/673
f 709/674/674 711/675/675 707/673/673
f 709/674/674 712/676/676 711/675/675
f 718/677/677 717/678/678 716/679/679
f 717/678/678 712/676/676 710/680/680
f 702/681/681 612/577/577 608/582/582
f 709/674/674 702/681/681 703/682/682
f 704/683/683 709/674/674 703/682/682
f 713/684/684 705/685/685 611/686/686
f 705/685/685 717/678/678 706/687/687
f 704/683/683 717/678/678 710/680/680
f 722/688/688 700/670/670 701/689/689
f 719/664/664 720/690/690 721/691/691
f 722/688/688 723/692/692 700/670/670
f 698/693/693 720/690/690 694/663/663
f 728/694/694 633/601/601 634/660/660
f 728/694/694 729/695/695 727/696/696
f 729/695/695 732/697/697 731/698/698
f 738/699/699 737/700/700 736/701/701
f 732/697/697 738/699/699 731/698/698
f 633/601/601 724/702/702 631/599/599
f 733/703/703 735/704/704 639/608/608
f 729/695/695 724/702/702 727/696/696
f 729/695/695 726/705/705 725/706/706
f 733/703/703 738/699/699 736/701/701
f 726/705/705 738/699/699 734/707/707
f 740/708/708 695/667/667 696/666/666
f 741/709/709 700/670/670 742/710/710
f 740/708/708 743/711/711 695/667/667
f 745/712/712 742/710/710 699/671/671
f 743/711/711 745/712/712 699/671/671
f 767/713/713 766/714/714 765/715/715
f 766/714/714 769/716/716 765/715/715
f 775/717/717 767/713/713 774/718/718
f 776/719/719 775/717/717 774/718/718
f 780/720/720 781/721/721 779/722/722
f 780/720/720 769/716/716 770/723/723
f 772/724/724 766/714/714 768/725/725
f 773/726/726 766/714/714 771/727/727
f 775/717/717 772/724/724 768/725/725
f 775/717/717 778/728/728 777/729/729
f 780/720/720 783/730/730 781/721/721
f 773/726/726 780/720/720 770/723/723
f 783/730/730 786/731/731 785/732/732
f 786/731/731 778/728/728 784/733/733
f 781/721/721 783/730/730 785/732/732
f 594/734/734 724/702/702 696/666/666
f 711/675/675 750/735/735 749/736/736
f 715/737/737 752/738/738 714/739/739
f 717/678/678 753/740/740 712/676/676
f 711/675/675 748/741/741 708/672/672
f 752/738/738 718/677/677 714/739/739
f 712/676/676 753/740/740 750/735/735
f 772/724/724 701/689/689 771/727/727
f 591/742/742 702/681/681 608/582/582
f 719/664/664 702/681/681 591/742/742
f 748/741/741 634/660/660 747/743/743
f 735/704/704 756/744/744 685/745/745
f 748/741/741 730/746/746 728/694/694
f 730/746/746 751/747/747 732/697/697
f 739/748/748 756/744/744 737/700/700
f 757/749/749 739/748/748 732/697/697
f 746/750/750 773/726/726 741/709/709
f 719/664/664 704/683/683 703/682/682
f 704/683/683 721/691/691 706/687/687
f 726/705/705 696/666/666 725/706/706
f 726/705/705 744/751/751 740/708/708
f 750/735/735 765/715/715 749/736/736
f 765/715/715 751/747/747 749/736/736
f 774/718/718 753/740/740 754/752/752
f 755/753/753 774/718/718 754/752/752
f 779/722/722 759/754/754 758/755/755
f 779/722/722 757/749/749 769/716/716
f 763/756/756 786/731/731 764/757/757
f 762/758/758 786/731/731 784/733/733
f 767/713/713 750/735/735 753/740/740
f 759/754/754 785/732/732 763/756/756
f 755/753/753 784/733/733 776/719/719
f 790/759/759 316/292/292 789/760/760
f 791/761/761 606/585/585 610/583/583
f 797/762/762 794/763/763 799/764/764
f 802/765/765 806/766/766 804/767/767
f 810/768/768 807/769/769 809/770/770
f 797/762/762 805/771/771 802/765/765
f 807/769/769 801/772/772 800/773/773
f 334/299/299 814/774/774 333/306/306
f 814/774/774 815/775/775 813/776/776
f 820/777/777 343/304/304 341/309/309
f 333/306/306 812/778/778 811/779/779
f 818/780/780 341/309/309 817/781/781
f 816/782/782 820/777/777 818/780/780
f 1057/783/783 819/784/784 822/785/785
f 813/776/776 819/784/784 816/782/782
f 824/786/786 825/787/787 823/788/788
f 830/789/789 827/790/790 828/791/791
f 827/790/790 826/792/792 824/786/786
f 835/793/793 834/794/794 831/795/795
f 834/794/794 845/796/796 831/795/795
f 841/797/797 838/798/798 840/799/799
f 843/800/800 838/798/798 839/801/801
f 850/802/802 851/803/803 849/804/804
f 850/802/802 845/796/796 837/805/805
f 850/802/802 855/806/806 852/807/807
f 853/808/808 850/802/802 842/809/809
f 831/795/795 845/796/796 803/810/810
f 843/800/800 832/811/811 833/812/812
f 848/813/813 853/808/808 847/814/814
f 840/799/799 834/794/794 836/815/815
f 842/809/809 834/794/794 838/798/798
f 842/809/809 850/802/802 837/805/805
f 853/808/808 833/812/812 847/814/814
f 815/775/775 788/816/816 790/759/759
f 804/767/767 835/793/793 831/795/795
f 841/797/797 809/770/770 839/801/801
f 794/763/763 797/762/762 793/817/817
f 802/765/765 796/818/818 789/760/760
f 797/762/762 789/760/760 793/817/817
f 833/812/812 825/787/787 826/792/792
f 830/789/789 847/814/814 826/792/792
f 803/810/810 829/819/819 796/818/818
f 792/820/820 313/286/286 312/821/821
f 606/585/585 312/821/821 598/662/662
f 789/760/760 313/286/286 793/817/817
f 796/818/818 822/785/785 790/759/759
f 829/819/819 822/785/785 796/818/818
f 791/761/761 856/822/822 606/585/585
f 606/585/585 856/822/822 792/820/820
f 721/691/691 720/690/690 856/822/822
f 856/822/822 720/690/690 858/823/823
f 865/824/824 807/769/769 864/825/825
f 866/826/826 865/824/824 864/825/825
f 866/826/826 869/827/827 868/828/828
f 861/829/829 807/769/769 800/773/773
f 866/826/826 861/829/829 862/830/830
f 863/831/831 866/826/826 862/830/830
f 859/832/832 861/829/829 800/773/773
f 860/833/833 861/829/829 859/832/832
f 720/690/690 860/833/833 858/823/823
f 873/834/834 872/835/835 891/836/836
f 870/837/837 860/833/833 720/690/690
f 825/787/787 875/838/838 874/839/839
f 883/840/840 887/841/841 882/842/842
f 880/843/843 876/844/844 879/845/845
f 880/843/843 878/846/846 877/847/847
f 884/848/848 889/849/849 886/850/850
f 883/840/840 885/851/851 888/852/852
f 881/853/853 884/848/848 878/846/846
f 887/841/841 901/854/854 854/855/855
f 898/856/856 895/857/857 894/858/858
f 895/857/857 900/859/859 896/860/860
f 904/861/861 906/862/862 903/863/863
f 905/864/864 904/861/861 902/865/865
f 903/863/863 901/854/854 888/852/852
f 896/860/860 905/864/864 902/865/865
f 911/866/866 910/867/867 909/868/868
f 910/867/867 913/869/869 909/868/868
f 919/870/870 913/869/869 914/871/871
f 892/872/872 908/873/873 891/836/836
f 916/874/874 910/867/867 912/875/875
f 917/876/876 910/867/867 915/877/877
f 919/870/870 922/878/878 920/879/879
f 917/876/876 919/870/870 914/871/871
f 918/880/880 917/876/876 908/873/873
f 890/881/881 857/882/882 722/688/688
f 897/883/883 809/770/770 865/824/824
f 868/828/828 898/856/856 865/824/824
f 868/828/828 899/884/884 898/856/856
f 916/874/874 873/834/834 915/877/877
f 856/822/822 858/823/823 792/820/820
f 894/858/858 825/787/787 893/885/885
f 894/858/858 880/843/843 879/845/845
f 880/843/843 896/860/860 881/853/853
f 889/849/849 903/863/863 885/851/851
f 902/865/865 889/849/849 881/853/853
f 891/836/836 723/692/692 857/882/882
f 872/835/835 698/693/693 723/692/692
f 871/886/886 863/831/831 862/830/830
f 899/884/884 909/868/868 898/856/856
f 909/868/868 900/859/859 898/856/856
f 919/870/870 907/887/887 906/862/862
f 919/870/870 905/864/864 913/869/869
f 926/888/888 461/424/424 924/889/889
f 461/424/424 923/890/890 456/419/419
f 455/542/542 637/605/605 626/596/596
f 457/420/420 637/605/605 165/150/150
f 938/891/891 472/466/466 933/892/892
f 941/893/893 926/888/888 924/889/889
f 479/429/429 940/894/894 477/430/430
f 931/895/895 934/896/896 938/891/891
f 477/430/430 937/897/897 936/898/898
f 932/899/899 935/900/900 934/896/896
f 934/896/896 941/893/893 939/901/901
f 949/902/902 945/903/903 944/904/904
f 951/905/905 946/906/906 950/907/907
f 950/907/907 946/906/906 945/903/903
f 952/908/908 927/909/909 928/910/910
f 953/911/911 958/912/912 957/913/913
f 954/914/914 959/915/915 960/916/916
f 964/917/917 961/918/918 963/919/919
f 954/914/914 952/908/908 928/910/910
f 958/912/912 961/918/918 957/913/913
f 956/920/920 953/911/911 927/909/909
f 972/921/921 974/922/922 971/923/923
f 979/924/924 976/925/925 978/926/926
f 981/927/927 976/925/925 977/928/928
f 984/929/929 983/930/930 982/931/931
f 983/930/930 986/932/932 978/926/926
f 983/930/930 988/933/933 987/934/934
f 979/924/924 966/935/935 977/928/928
f 968/936/936 982/931/931 965/937/937
f 986/932/932 970/938/938 969/939/939
f 982/931/931 973/940/940 971/923/923
f 978/926/926 972/921/921 973/940/940
f 980/941/941 972/921/921 976/925/925
f 983/930/930 978/926/926 973/940/940
f 986/932/932 967/942/942 979/924/924
f 930/943/943 954/914/914 925/944/944
f 930/943/943 965/937/937 955/945/945
f 967/942/942 949/902/902 966/935/935
f 969/939/939 951/905/905 950/907/907
f 969/939/939 950/907/907 967/942/942
f 472/466/466 924/889/889 462/421/421
f 981/927/927 962/946/946 964/917/917
f 971/923/923 959/915/915 955/945/945
f 923/890/890 927/909/909 457/420/420
f 930/943/943 925/944/944 926/888/888
f 457/420/420 629/606/606 637/605/605
f 948/947/947 926/888/888 943/948/948
f 629/606/606 989/949/949 638/603/603
f 629/606/606 990/950/950 744/751/751
f 991/951/951 746/750/750 742/710/710
f 994/952/952 949/902/902 993/953/953
f 1004/954/954 995/955/955 996/956/956
f 997/957/957 1004/954/954 996/956/956
f 1006/958/958 999/959/959 998/960/960
f 1001/961/961 1009/962/962 1002/963/963
f 1000/964/964 1009/962/962 1005/965/965
f 1003/966/966 994/952/952 995/955/955
f 999/959/959 1008/967/967 1001/961/961
f 1000/964/964 1005/965/965 997/957/957
f 992/968/968 1011/969/969 746/750/750
f 929/970/970 1014/971/971 990/950/950
f 1019/972/972 961/918/918 962/946/946
f 1019/972/972 1020/973/973 1018/974/974
f 1020/973/973 1023/975/975 1022/976/976
f 929/970/970 1015/977/977 1014/971/971
f 1015/977/977 1024/978/978 1014/971/971
f 961/918/918 1015/977/977 957/913/913
f 1020/973/973 1015/977/977 1018/974/974
f 1020/973/973 1017/979/979 1016/980/980
f 1006/958/958 1032/981/981 1007/982/982
f 1035/983/983 1027/984/984 1028/985/985
f 1030/986/986 1035/983/983 1029/987/987
f 1030/986/986 1037/988/988 1036/989/989
f 1041/990/990 1034/991/991 1008/967/967
f 1034/991/991 1040/992/992 1033/993/993
f 1032/981/981 1008/967/967 1007/982/982
f 1029/987/987 1035/983/983 1028/985/985
f 1031/994/994 1040/992/992 1037/988/988
f 1046/995/995 1045/996/996 1044/997/997
f 1045/996/996 1048/998/998 1044/997/997
f 1051/999/999 1043/1000/1000 1050/1001/1001
f 1051/999/999 1135/1002/1002 1043/1000/1000
f 1051/999/999 1045/996/996 1047/1003/1003
f 1052/1004/1004 1045/996/996 1050/1001/1001
f 1053/1005/1005 1051/999/999 1047/1003/1003
f 1053/1005/1005 1056/1006/1006 1055/1007/1007
f 1024/978/978 745/712/712 743/711/711
f 1028/985/985 949/902/902 1003/966/966
f 1004/954/954 1029/987/987 1003/966/966
f 1004/954/954 1031/994/994 1030/986/986
f 1009/962/962 1033/993/993 1005/965/965
f 1005/965/965 1033/993/993 1031/994/994
f 1035/983/983 962/946/946 977/928/928
f 1035/983/983 1021/1008/1008 1019/972/972
f 1021/1008/1008 1038/1009/1009 1023/975/975
f 1043/1000/1000 992/968/968 1025/1010/1010
f 1017/979/979 1026/1011/1011 1016/980/980
f 1037/988/988 1044/997/997 1036/989/989
f 1044/997/997 1038/1009/1009 1036/989/989
f 1053/1005/1005 1040/992/992 1041/990/990
f 1042/1012/1012 1053/1005/1005 1041/990/990
f 1046/995/995 1037/988/988 1040/992/992
f 822/785/785 1061/1013/1013 564/1014/1014
f 1062/1015/1015 943/948/948 1059/1016/1016
f 1060/1017/1017 1062/1015/1015 569/1018/1018
f 1061/1013/1013 1060/1017/1017 568/521/521
f 846/1019/1019 1063/1020/1020 844/1021/1021
f 1081/1022/1022 1078/1023/1023 1080/1024/1024
f 1079/1025/1025 1069/1026/1026 1078/1023/1023
f 1076/1027/1027 1073/1028/1028 1071/1029/1029
f 1066/1030/1030 1076/1027/1027 1071/1029/1029
f 1074/1031/1031 1073/1028/1028 1077/1032/1032
f 1094/1033/1033 1084/1034/1034 1085/1035/1035
f 1099/1036/1036 1096/1037/1037 1097/1038/1038
f 1099/1036/1036 1095/1039/1039 1098/1040/1040
f 1082/1041/1041 1084/1034/1034 1092/1042/1042
f 965/937/937 1082/1041/1041 1092/1042/1042
f 1098/1040/1040 1089/1043/1043 1091/1044/1044
f 1086/1045/1045 1085/1035/1035 1083/1046/1046
f 1065/1047/1047 1083/1046/1046 1064/1048/1048
f 1064/1048/1048 1083/1046/1046 1082/1041/1041
f 948/947/947 1082/1041/1041 965/937/937
f 1071/1029/1029 1065/1047/1047 1064/1048/1048
f 1063/1020/1020 1071/1029/1029 1064/1048/1048
f 1060/1017/1017 1064/1048/1048 1062/1015/1015
f 1063/1020/1020 1060/1017/1017 1061/1013/1013
f 1062/1015/1015 948/947/947 943/948/948
f 829/819/819 1061/1013/1013 822/785/785
f 1103/1049/1049 1011/969/969 1102/1050/1050
f 1112/1051/1051 1078/1023/1023 1107/1052/1052
f 1114/1053/1053 1117/1054/1054 1116/1055/1055
f 1109/1056/1056 1114/1053/1053 1108/1057/1057
f 1109/1056/1056 1115/1058/1058 1114/1053/1053
f 1114/1053/1053 1112/1051/1051 1107/1052/1052
f 1118/1059/1059 918/880/880 892/872/872
f 1119/1060/1060 1111/1061/1061 1113/1062/1062
f 1120/1063/1063 1103/1049/1049 1104/1064/1064
f 1121/1065/1065 1119/1060/1060 1113/1062/1062
f 1122/1066/1066 1120/1063/1063 1119/1060/1060
f 1127/1067/1067 1126/1068/1068 1039/1069/1069
f 1132/1070/1070 1127/1067/1067 1097/1038/1038
f 1132/1070/1070 1133/1071/1071 1131/1072/1072
f 1132/1070/1070 1087/1073/1073 1086/1045/1045
f 1131/1072/1072 1129/1074/1074 1128/1075/1075
f 1129/1074/1074 1133/1071/1071 1130/1076/1076
f 1131/1072/1072 1128/1075/1075 1126/1068/1068
f 1125/1077/1077 1132/1070/1070 1086/1045/1045
f 1137/1078/1078 1124/1079/1079 1101/1080/1080
f 1138/1081/1081 1102/1050/1050 1141/1082/1082
f 1138/1081/1081 1137/1078/1078 1101/1080/1080
f 1138/1081/1081 1140/1083/1083 1137/1078/1078
f 1100/1084/1084 1086/1045/1045 1065/1047/1047
f 1138/1081/1081 1101/1080/1080 1104/1064/1064
f 1102/1050/1050 1011/969/969 1135/1002/1002
f 1111/1061/1061 1100/1084/1084 1065/1047/1047
f 1119/1060/1060 1100/1084/1084 1111/1061/1061
f 1118/1059/1059 892/872/872 1011/969/969
f 1104/1064/1064 1101/1080/1080 1119/1060/1060
f 1117/1054/1054 1113/1062/1062 1116/1055/1055
f 1136/1085/1085 1134/1086/1086 1125/1077/1077
f 167/147/147 455/542/542 625/594/594
f 931/895/895 657/659/659 658/611/611
f 659/610/610 931/895/895 658/611/611
f 665/1087/1087 937/897/897 666/628/628
f 664/626/626 937/897/897 935/900/900
f 664/626/626 932/899/899 659/610/610
f 944/904/904 686/641/641 685/745/745
f 947/1088/1088 691/646/646 946/906/906
f 945/903/903 691/646/646 686/641/641
f 638/603/603 733/703/703 639/608/608
f 733/703/703 989/949/949 734/707/707
f 756/744/744 993/953/953 685/745/745
f 996/956/956 756/744/744 758/755/755
f 759/754/754 996/956/956 758/755/755
f 998/960/960 761/1089/1089 760/1090/1090
f 761/1089/1089 1002/963/963 764/757/757
f 763/756/756 1002/963/963 1000/964/964
f 763/756/756 997/957/957 759/754/754
f 1010/1091/1091 783/730/730 782/1092/1092
f 1012/1093/1093 783/730/730 1010/1091/1091
f 1057/783/783 343/304/304 821/1094/1094
f 851/803/803 846/1019/1019 849/804/804
f 1068/1095/1095 855/806/806 854/855/855
f 1011/969/969 890/881/881 1012/1093/1093
f 892/872/872 857/882/882 1011/969/969
f 901/854/854 1105/1096/1096 854/855/855
f 907/887/887 1109/1056/1056 906/862/862
f 1108/1057/1057 901/854/854 906/862/862
f 1118/1059/1059 922/878/878 921/1097/1097
f 142/131/131 597/575/575 310/285/285
f 812/778/778 650/655/655 811/779/779
f 812/778/778 652/623/623 651/622/622
f 665/1087/1087 818/780/780 817/781/781
f 663/629/629 818/780/780 666/628/628
f 680/651/651 823/788/788 679/637/637
f 828/791/791 690/648/648 692/1098/1098
f 690/648/648 824/786/786 680/651/651
f 1059/1016/1016 479/429/429 1058/1099/1099
f 943/948/948 941/893/893 1059/1016/1016
f 968/936/936 984/929/929 982/931/931
f 988/933/933 1089/1043/1043 987/934/934
f 705/685/685 791/761/761 611/686/686
f 705/685/685 721/691/691 791/761/761
f 874/839/839 752/738/738 715/737/737
f 761/1089/1089 882/842/842 760/1090/1090
f 877/847/847 718/677/677 876/844/844
f 877/847/847 755/753/753 754/752/752
f 761/1089/1089 886/850/850 885/851/851
f 762/758/758 886/850/850 764/757/757
f 876/844/844 752/738/738 875/838/838
f 761/1089/1089 885/851/851 883/840/840
f 878/846/846 762/758/758 755/753/753
f 778/728/728 890/881/881 777/729/729
f 890/881/881 778/728/728 787/1100/1100
f 1129/1074/1074 1041/990/990 1128/1075/1075
f 1129/1074/1074 1042/1012/1012 1041/990/990
f 1128/1075/1075 1032/981/981 1126/1068/1068
f 1056/1006/1006 1139/1101/1101 1055/1007/1007
f 584/565/565 592/665/665 693/669/669
f 616/579/579 715/737/737 713/684/684
f 640/604/604 735/704/704 641/661/661
f 747/743/743 634/660/660 673/636/636
f 747/743/743 614/578/578 708/672/672
f 825/787/787 874/839/839 823/788/788
f 882/842/842 830/789/789 828/791/791
f 897/883/883 832/811/811 839/801/801
f 792/820/820 858/823/823 795/1102/1102
f 893/885/885 825/787/787 832/811/811
f 830/789/789 887/841/841 848/813/813
f 993/953/953 949/902/902 944/904/904
f 951/905/905 998/960/960 947/1088/1088
f 977/928/928 966/935/935 1027/984/984
f 970/938/938 1039/1069/1069 1006/958/958
f 1105/1096/1096 1069/1026/1026 1068/1095/1095
f 1112/1051/1051 1072/1103/1103 1074/1031/1031
f 1078/1023/1023 1069/1026/1026 1105/1096/1096
f 1127/1067/1067 1089/1043/1043 1095/1039/1039
f 1111/1061/1061 1065/1047/1047 1072/1103/1103
f 823/788/788 715/737/737 679/637/637
f 760/1090/1090 828/791/791 692/1098/1098
f 1089/1043/1043 1039/1069/1069 987/934/934
f 947/1088/1088 760/1090/1090 692/1098/1098
f 1143/1104/1104 1144/1105/1105 216/200/200
f 1145/1106/1106 224/204/204 223/203/203
f 1152/1107/1107 1155/1108/1108 1153/1109/1109
f 238/209/209 1152/1107/1107 235/1110/1110
f 1155/1108/1108 1157/1111/1111 1153/1109/1109
f 1152/1107/1107 1148/1112/1112 1147/1113/1113
f 1152/1107/1107 230/214/214 235/1110/1110
f 1148/1112/1112 1157/1111/1111 1149/1114/1114
f 232/216/216 1157/1111/1111 1156/1115/1115
f 1148/1112/1112 1150/1116/1116 1147/1113/1113
f 1148/1112/1112 1151/1117/1117 1150/1116/1116
f 1162/1118/1118 1161/1119/1119 1145/1106/1106
f 1142/1120/1120 1162/1118/1118 1145/1106/1106
f 1166/1121/1121 1168/1122/1122 1167/1123/1123
f 1169/1124/1124 1168/1122/1122 1166/1121/1121
f 1174/1125/1125 1171/1126/1126 1172/1127/1127
f 1175/1128/1128 1174/1125/1125 1172/1127/1127
f 1168/1122/1122 1171/1126/1126 1167/1123/1123
f 1175/1128/1128 1168/1122/1122 1170/1129/1129
f 1165/1130/1130 1164/1131/1131 1159/1132/1132
f 1179/1133/1133 271/240/240 270/242/242
f 1179/1133/1133 1182/1134/1134 1180/1135/1135
f 1187/1136/1136 1182/1134/1134 1181/1137/1137
f 1146/1138/1138 1178/1139/1139 1177/1140/1140
f 1178/1139/1139 1183/1141/1141 1185/1142/1142
f 1179/1133/1133 266/249/249 1177/1140/1140
f 1178/1139/1139 1179/1133/1133 1177/1140/1140
f 276/252/252 1187/1136/1136 1185/1142/1142
f 1178/1139/1139 1187/1136/1136 1181/1137/1137
f 1200/1143/1143 1195/1144/1144 1194/1145/1145
f 1210/1146/1146 1198/1147/1147 1191/1148/1148
f 1201/1149/1149 1213/1150/1150 1195/1144/1144
f 1196/1151/1151 1190/1152/1152 1189/1153/1153
f 1191/1148/1148 1196/1151/1151 1189/1153/1153
f 1205/1154/1154 1211/1155/1155 1204/1156/1156
f 1211/1155/1155 1202/1157/1157 1204/1156/1156
f 1194/1145/1145 1193/1158/1158 1199/1159/1159
f 1208/1160/1160 1215/1161/1161 1214/1162/1162
f 1206/1163/1163 1215/1161/1161 1209/1164/1164
f 1197/1165/1165 1193/1158/1158 1190/1152/1152
f 1208/1160/1160 1212/1166/1166 1205/1154/1154
f 1223/1167/1167 1220/1168/1168 1221/1169/1169
f 1223/1167/1167 1226/1170/1170 1222/1171/1171
f 1219/1172/1172 1224/1173/1173 1217/1174/1174
f 1224/1173/1173 1216/1175/1175 1161/1119/1119
f 1220/1168/1168 1219/1172/1172 1218/1176/1176
f 1226/1170/1170 1219/1172/1172 1222/1171/1171
f 1230/1177/1177 1228/1178/1178 1198/1147/1147
f 1200/1143/1143 1233/1179/1179 1201/1149/1149
f 1236/1180/1180 1234/1181/1181 1230/1177/1177
f 1237/1182/1182 1232/1183/1183 1231/1184/1184
f 1232/1183/1183 1239/1185/1185 1233/1179/1179
f 1215/1161/1161 1244/1186/1186 1214/1162/1162
f 1243/1187/1187 1215/1161/1161 1213/1150/1150
f 1246/1188/1188 1236/1180/1180 1240/1189/1189
f 1245/1190/1190 1249/1191/1191 1244/1186/1186
f 1248/1192/1192 1245/1190/1190 1243/1187/1187
f 1201/1149/1149 1243/1187/1187 1213/1150/1150
f 1236/1180/1180 1230/1177/1177 1240/1189/1189
f 1233/1179/1179 1248/1192/1192 1243/1187/1187
f 1235/1193/1193 1228/1178/1178 1234/1181/1181
f 1241/1194/1194 1247/1195/1195 1246/1188/1188
f 1231/1184/1184 1229/1196/1196 1235/1193/1193
f 1242/1197/1197 1244/1186/1186 1247/1195/1195
f 1146/1138/1138 266/249/249 224/204/204
f 1154/1198/1198 1190/1152/1152 1155/1108/1108
f 1188/1199/1199 1154/1198/1198 238/209/209
f 1193/1158/1158 1157/1111/1111 1155/1108/1108
f 1157/1111/1111 1192/1200/1200 1156/1115/1115
f 1235/1193/1193 1173/1201/1201 1174/1125/1125
f 1176/1202/1202 1237/1182/1182 1174/1125/1125
f 1161/1119/1119 1184/1203/1203 1146/1138/1138
f 1165/1130/1130 1159/1132/1132 1144/1105/1105
f 1228/1178/1178 1197/1165/1165 1196/1151/1151
f 1198/1147/1147 1228/1178/1178 1196/1151/1151
f 1212/1166/1166 1241/1194/1194 1211/1155/1155
f 1241/1194/1194 1210/1146/1146 1211/1155/1155
f 1200/1143/1143 1199/1159/1159 1231/1184/1184
f 1229/1196/1196 1199/1159/1159 1197/1165/1165
f 1214/1162/1162 1242/1197/1197 1212/1166/1166
f 1150/1116/1116 1144/1105/1105 1143/1104/1104
f 1180/1135/1135 1188/1199/1199 271/240/240
f 1180/1135/1135 1191/1148/1148 1189/1153/1153
f 1203/1204/1204 1187/1136/1136 1186/1205/1205
f 1187/1136/1136 1202/1157/1157 1182/1134/1134
f 1236/1180/1180 1221/1169/1169 1234/1181/1181
f 1236/1180/1180 1227/1206/1206 1223/1167/1167
f 1254/1207/1207 324/298/298 1252/1208/1208
f 324/298/298 1251/1209/1209 318/293/293
f 319/558/558 1165/1130/1130 1151/1117/1117
f 320/294/294 1165/1130/1130 227/218/218
f 1259/1210/1210 1255/1211/1211 1256/1212/1212
f 1261/1213/1213 1263/1214/1214 1262/1215/1215
f 1264/1216/1216 1267/1217/1217 1266/1218/1218
f 1271/1219/1219 1268/1220/1220 1269/1221/1221
f 1264/1216/1216 1259/1210/1210 1256/1212/1212
f 1263/1214/1214 1268/1220/1220 1262/1215/1215
f 1260/1222/1222 1261/1213/1213 1255/1211/1211
f 1276/1223/1223 350/314/314 349/316/316
f 1282/1224/1224 1254/1207/1207 1252/1208/1208
f 360/320/320 1281/1225/1225 1279/1226/1226
f 1274/1227/1227 1278/1228/1228 1275/1229/1229
f 1275/1229/1229 1282/1224/1224 1277/1230/1230
f 1273/1231/1231 349/316/316 1272/1232/1232
f 1273/1231/1231 1275/1229/1229 1276/1223/1223
f 1288/1233/1233 1287/1234/1234 1286/1235/1235
f 1292/1236/1236 1290/1237/1237 1289/1238/1238
f 1289/1238/1238 1290/1237/1237 1287/1234/1234
f 1296/1239/1239 1295/1240/1240 1294/1241/1241
f 1304/1242/1242 1301/1243/1243 1303/1244/1244
f 1306/1245/1245 1301/1243/1243 1305/1246/1246
f 1309/1247/1247 1310/1248/1248 1308/1249/1249
f 1310/1248/1248 1316/1250/1250 1315/1251/1251
f 1310/1248/1248 1314/1252/1252 1305/1246/1246
f 1308/1249/1249 1298/1253/1253 1294/1241/1241
f 1302/1254/1254 1296/1239/1239 1301/1243/1243
f 1305/1246/1246 1296/1239/1239 1298/1253/1253
f 1310/1248/1248 1305/1246/1246 1298/1253/1253
f 1306/1245/1245 1299/1255/1255 1303/1244/1244
f 1307/1256/1256 1308/1249/1249 1293/1257/1257
f 1314/1252/1252 1313/1258/1258 1312/1259/1259
f 1314/1252/1252 1300/1260/1260 1306/1245/1245
f 350/314/314 1252/1208/1208 325/295/295
f 1304/1242/1242 1270/1261/1261 1271/1219/1219
f 1294/1241/1241 1267/1217/1217 1265/1262/1262
f 1251/1209/1209 1255/1211/1211 320/294/294
f 1258/1263/1263 1253/1264/1264 1254/1207/1207
f 320/294/294 1164/1131/1131 1165/1130/1130
f 1285/1265/1265 1254/1207/1207 1284/1266/1266
f 1258/1263/1263 1264/1216/1216 1253/1264/1264
f 1258/1263/1263 1293/1257/1257 1265/1262/1262
f 1300/1260/1260 1288/1233/1233 1299/1255/1255
f 1312/1259/1259 1292/1236/1236 1289/1238/1238
f 1312/1259/1259 1289/1238/1238 1300/1260/1260
f 1158/1267/1267 1319/1268/1268 1318/1269/1269
f 1320/1270/1270 1384/1271/1271 1162/1118/1118
f 1327/1272/1272 1171/1126/1126 1173/1201/1201
f 1331/1273/1273 1334/1274/1274 1332/1275/1275
f 1327/1272/1272 1331/1273/1273 1326/1276/1276
f 1334/1274/1274 1335/1277/1277 1332/1275/1275
f 1335/1277/1277 1330/1278/1278 1329/1279/1279
f 1171/1126/1126 1321/1280/1280 1167/1123/1123
f 1322/1281/1281 1328/1282/1282 1170/1129/1129
f 1331/1273/1273 1324/1283/1283 1323/1284/1284
f 1331/1273/1273 1321/1280/1280 1326/1276/1276
f 1324/1283/1283 1335/1277/1277 1325/1285/1285
f 1322/1281/1281 1335/1277/1277 1329/1279/1279
f 1337/1286/1286 1320/1270/1270 1317/1287/1287
f 1318/1269/1269 1337/1286/1286 1317/1287/1287
f 1340/1288/1288 1337/1286/1286 1338/1289/1289
f 1342/1290/1290 1318/1269/1269 1319/1268/1268
f 1347/1291/1291 1340/1288/1288 1346/1292/1292
f 1345/1293/1293 1346/1292/1292 1338/1289/1289
f 1344/1294/1294 1345/1293/1293 1338/1289/1289
f 1342/1290/1290 1344/1294/1294 1318/1269/1269
f 1350/1295/1295 1220/1168/1168 1351/1296/1296
f 1355/1297/1297 1354/1298/1298 1351/1296/1296
f 1355/1297/1297 1357/1299/1299 1354/1298/1298
f 1364/1300/1300 1365/1301/1301 1363/1302/1302
f 1365/1301/1301 1357/1299/1299 1356/1303/1303
f 1349/1304/1304 1220/1168/1168 1218/1176/1176
f 1355/1297/1297 1349/1304/1304 1352/1305/1305
f 1353/1306/1306 1355/1297/1297 1352/1305/1305
f 1359/1307/1307 1358/1308/1308 1225/1309/1309
f 1358/1308/1308 1365/1301/1301 1362/1310/1310
f 1353/1306/1306 1365/1301/1301 1356/1303/1303
f 1386/1311/1311 1340/1288/1288 1341/1312/1312
f 1384/1271/1271 1385/1313/1313 1387/1314/1314
f 1386/1311/1311 1388/1315/1315 1340/1288/1288
f 1339/1316/1316 1385/1313/1313 1320/1270/1270
f 1391/1317/1317 1390/1318/1318 1389/1319/1319
f 1393/1320/1320 1391/1317/1317 1389/1319/1319
f 1396/1321/1321 1390/1318/1318 1392/1322/1322
f 1396/1321/1321 1397/1323/1323 1395/1324/1324
f 1404/1325/1325 1405/1326/1326 1403/1327/1327
f 1405/1326/1326 1393/1320/1320 1403/1327/1327
f 1399/1328/1328 1391/1317/1317 1398/1329/1329
f 1400/1330/1330 1391/1317/1317 1394/1331/1331
f 1405/1326/1326 1410/1332/1332 1409/1333/1333
f 1405/1326/1326 1400/1330/1330 1394/1331/1331
f 1399/1328/1328 1396/1321/1321 1392/1322/1322
f 1396/1321/1321 1402/1334/1334 1397/1323/1323
f 1408/1335/1335 1410/1332/1332 1407/1336/1336
f 1402/1334/1334 1408/1335/1335 1406/1337/1337
f 1397/1323/1323 1402/1334/1334 1406/1337/1337
f 1163/1338/1338 1349/1304/1304 1218/1176/1176
f 1384/1271/1271 1349/1304/1304 1163/1338/1338
f 1367/1339/1339 1173/1201/1201 1366/1340/1340
f 1328/1282/1282 1368/1341/1341 1238/1342/1342
f 1333/1343/1343 1370/1344/1344 1334/1274/1274
f 1367/1339/1339 1333/1343/1343 1327/1272/1272
f 1372/1345/1345 1336/1346/1346 1334/1274/1274
f 1336/1346/1346 1368/1341/1341 1330/1278/1278
f 1348/1347/1347 1399/1328/1328 1347/1291/1291
f 1384/1271/1271 1353/1306/1306 1352/1305/1305
f 1353/1306/1306 1387/1314/1314 1362/1310/1310
f 1324/1283/1283 1319/1268/1268 1323/1284/1284
f 1324/1283/1283 1343/1348/1348 1342/1290/1290
f 1389/1319/1319 1370/1344/1344 1369/1349/1349
f 1371/1350/1350 1389/1319/1319 1369/1349/1349
f 1380/1351/1351 1403/1327/1327 1379/1352/1352
f 1403/1327/1327 1378/1353/1353 1379/1352/1352
f 1395/1324/1324 1372/1345/1345 1390/1318/1318
f 1395/1324/1324 1374/1354/1354 1373/1355/1355
f 1382/1356/1356 1408/1335/1335 1407/1336/1336
f 1381/1357/1357 1408/1335/1335 1383/1358/1358
f 1380/1351/1351 1407/1336/1336 1404/1325/1325
f 1393/1320/1320 1371/1350/1350 1378/1353/1353
f 1374/1354/1354 1406/1337/1337 1381/1357/1357
f 1160/1359/1359 1321/1280/1280 1319/1268/1268
f 1354/1298/1298 1371/1350/1350 1369/1349/1349
f 1360/1360/1360 1375/1361/1361 1361/1362/1362
f 1365/1301/1301 1378/1353/1353 1357/1299/1299
f 1354/1298/1298 1367/1339/1339 1350/1295/1295
f 1375/1361/1361 1364/1300/1300 1361/1362/1362
f 1357/1299/1299 1378/1353/1353 1371/1350/1350
f 1400/1330/1330 1341/1312/1312 1398/1329/1329
f 1164/1131/1131 1412/1363/1363 1169/1124/1124
f 1164/1131/1131 1413/1364/1364 1343/1348/1348
f 1257/1365/1365 1414/1366/1366 1413/1364/1364
f 1419/1367/1367 1268/1220/1220 1270/1261/1261
f 1420/1368/1368 1423/1369/1369 1421/1370/1370
f 1419/1367/1367 1420/1368/1368 1418/1371/1371
f 1268/1220/1220 1415/1372/1372 1262/1215/1215
f 1420/1368/1368 1417/1373/1373 1416/1374/1374
f 1420/1368/1368 1415/1372/1372 1418/1371/1371
f 1257/1365/1365 1415/1372/1372 1414/1366/1366
f 1415/1372/1372 1426/1375/1375 1414/1366/1366
f 1424/1376/1376 1348/1347/1347 1346/1292/1292
f 1430/1377/1377 1288/1233/1233 1429/1378/1378
f 1435/1379/1379 1432/1380/1380 1433/1381/1381
f 1434/1382/1382 1435/1379/1379 1433/1381/1381
f 1439/1383/1383 1438/1384/1384 1437/1385/1385
f 1442/1386/1386 1445/1387/1387 1443/1388/1388
f 1441/1389/1389 1445/1387/1387 1436/1390/1390
f 1431/1391/1391 1430/1377/1377 1432/1380/1380
f 1438/1384/1384 1444/1392/1392 1442/1386/1386
f 1441/1389/1389 1436/1390/1390 1434/1382/1382
f 1439/1383/1383 1455/1393/1393 1440/1394/1394
f 1455/1393/1393 1444/1392/1392 1440/1394/1394
f 1448/1395/1395 1446/1396/1396 1447/1397/1397
f 1450/1398/1398 1448/1395/1395 1449/1399/1399
f 1450/1398/1398 1454/1400/1400 1452/1401/1401
f 1460/1402/1402 1458/1403/1403 1444/1392/1392
f 1458/1403/1403 1459/1404/1404 1457/1405/1405
f 1449/1399/1399 1448/1395/1395 1447/1397/1397
f 1451/1406/1406 1459/1404/1404 1454/1400/1400
f 1425/1407/1407 1463/1408/1408 1348/1347/1347
f 1468/1409/1409 1467/1410/1410 1466/1411/1411
f 1470/1412/1412 1468/1409/1409 1466/1411/1411
f 1474/1413/1413 1468/1409/1409 1473/1414/1414
f 1475/1415/1415 1468/1409/1409 1471/1416/1416
f 1476/1417/1417 1479/1418/1418 1478/1419/1419
f 1476/1417/1417 1475/1415/1415 1471/1416/1416
f 1475/1415/1415 1472/1420/1420 1473/1414/1414
f 1475/1415/1415 1674/1421/1421 1472/1420/1420
f 1448/1395/1395 1270/1261/1261 1303/1244/1244
f 1422/1422/1422 1453/1423/1423 1423/1369/1369
f 1448/1395/1395 1422/1422/1422 1419/1367/1367
f 1472/1420/1420 1425/1407/1407 1428/1424/1424
f 1417/1373/1373 1427/1425/1425 1416/1374/1374
f 1466/1411/1411 1453/1423/1423 1452/1401/1401
f 1454/1400/1400 1466/1411/1411 1452/1401/1401
f 1461/1426/1426 1476/1417/1417 1460/1402/1402
f 1476/1417/1417 1459/1404/1404 1460/1402/1402
f 1470/1412/1412 1454/1400/1400 1459/1404/1404
f 1426/1375/1375 1345/1293/1293 1344/1294/1294
f 1447/1397/1397 1288/1233/1233 1431/1391/1391
f 1435/1379/1379 1449/1399/1399 1431/1391/1391
f 1435/1379/1379 1451/1406/1406 1450/1398/1398
f 1445/1387/1387 1457/1405/1405 1436/1390/1390
f 1436/1390/1390 1457/1405/1405 1451/1406/1406
f 1481/1427/1427 517/475/475 1482/1428/1428
f 1489/1429/1429 1490/1430/1430 1485/1431/1431
f 529/479/479 1489/1429/1429 528/483/483
f 1492/1432/1432 534/481/481 532/487/487
f 528/483/483 1484/1433/1433 1483/1434/1434
f 1487/1435/1435 1492/1432/1432 1488/1436/1436
f 1488/1436/1436 532/487/487 1486/1437/1437
f 1550/1438/1438 1491/1439/1439 1494/1440/1440
f 1485/1431/1431 1491/1439/1439 1487/1435/1435
f 1495/1441/1441 1216/1175/1175 1224/1173/1173
f 1502/1442/1442 1506/1443/1443 1501/1444/1444
f 1508/1445/1445 1503/1446/1446 1504/1447/1447
f 1503/1446/1446 1507/1448/1448 1502/1442/1442
f 1509/1449/1449 1498/1450/1450 1514/1451/1451
f 1510/1452/1452 1516/1453/1453 1512/1454/1454
f 1522/1455/1455 1519/1456/1456 1520/1457/1457
f 1509/1449/1449 1515/1458/1458 1510/1452/1452
f 1519/1456/1456 1518/1459/1459 1517/1460/1460
f 1531/1461/1461 1525/1462/1462 1523/1463/1463
f 1533/1464/1464 1531/1461/1461 1523/1463/1463
f 1536/1465/1465 1525/1462/1462 1532/1466/1466
f 1536/1465/1465 1537/1467/1467 1535/1468/1468
f 1542/1469/1469 1539/1470/1470 1541/1471/1471
f 1544/1472/1472 1539/1470/1470 1543/1473/1473
f 1545/1474/1474 1536/1465/1465 1540/1475/1475
f 1536/1465/1465 1547/1476/1476 1538/1477/1477
f 1523/1463/1463 1525/1462/1462 1511/1478/1478
f 1542/1469/1469 1527/1479/1479 1528/1480/1480
f 1530/1481/1481 1545/1474/1474 1529/1482/1482
f 1540/1475/1475 1531/1461/1461 1539/1470/1470
f 1543/1473/1473 1531/1461/1461 1534/1483/1483
f 1540/1475/1475 1536/1465/1465 1532/1466/1466
f 1545/1474/1474 1528/1480/1480 1529/1482/1482
f 1498/1450/1450 1509/1449/1449 1497/1484/1484
f 1510/1452/1452 1499/1485/1485 1482/1428/1428
f 1509/1449/1449 1482/1428/1428 1497/1484/1484
f 1528/1480/1480 1506/1443/1443 1507/1448/1448
f 1508/1445/1445 1529/1482/1482 1507/1448/1448
f 1511/1478/1478 1505/1486/1486 1499/1485/1485
f 1496/1487/1487 515/472/472 514/1488/1488
f 1482/1428/1428 515/472/472 1497/1484/1484
f 1216/1175/1175 514/1488/1488 1184/1203/1203
f 1499/1485/1485 1494/1440/1440 1481/1427/1427
f 1505/1486/1486 1494/1440/1440 1499/1485/1485
f 1490/1430/1430 1480/1489/1489 1481/1427/1427
f 1512/1454/1454 1533/1464/1464 1523/1463/1463
f 1544/1472/1472 1520/1457/1457 1541/1471/1471
f 1552/1490/1490 1284/1266/1266 1549/1491/1491
f 1553/1492/1492 1551/1493/1493 576/527/527
f 1551/1493/1493 1552/1490/1490 575/1494/1494
f 1494/1440/1440 1553/1492/1492 574/1495/1495
f 1567/1496/1496 1563/1497/1497 1564/1498/1498
f 1574/1499/1499 1572/1500/1500 1573/1501/1501
f 1574/1499/1499 1570/1502/1502 1571/1503/1503
f 1293/1257/1257 1561/1504/1504 1565/1505/1505
f 1571/1503/1503 1558/1506/1506 1560/1507/1507
f 1568/1508/1508 1564/1498/1498 1562/1509/1509
f 1561/1504/1504 1563/1497/1497 1565/1505/1505
f 1526/1510/1510 1555/1511/1511 1524/1512/1512
f 1590/1513/1513 1587/1514/1514 1588/1515/1515
f 1575/1516/1516 1581/1517/1517 1576/1518/1518
f 1581/1517/1517 1578/1519/1519 1576/1518/1518
f 1579/1520/1520 1578/1519/1519 1583/1521/1521
f 1589/1522/1522 1585/1523/1523 1587/1514/1514
f 1555/1511/1511 1576/1518/1518 1554/1524/1524
f 1576/1518/1518 1556/1525/1525 1554/1524/1524
f 1555/1511/1511 1551/1493/1493 1553/1492/1492
f 1551/1493/1493 1554/1524/1524 1552/1490/1490
f 1505/1486/1486 1553/1492/1492 1494/1440/1440
f 1552/1490/1490 1285/1265/1265 1284/1266/1266
f 1556/1525/1525 1562/1509/1509 1554/1524/1524
f 1554/1524/1524 1562/1509/1509 1561/1504/1504
f 1285/1265/1265 1561/1504/1504 1293/1257/1257
f 1495/1441/1441 1591/1526/1526 1216/1175/1175
f 1216/1175/1175 1591/1526/1526 1496/1487/1487
f 1506/1443/1443 1593/1527/1527 1592/1528/1528
f 1595/1529/1529 1603/1530/1530 1594/1531/1531
f 1605/1532/1532 1598/1533/1533 1597/1534/1534
f 1605/1532/1532 1596/1535/1535 1602/1536/1536
f 1600/1537/1537 1607/1538/1538 1601/1539/1539
f 1606/1540/1540 1600/1537/1537 1598/1533/1533
f 1595/1529/1529 1599/1541/1541 1604/1542/1542
f 1387/1314/1314 1385/1313/1313 1591/1526/1526
f 1591/1526/1526 1385/1313/1313 1612/1543/1543
f 1617/1544/1544 1519/1456/1456 1616/1545/1545
f 1620/1546/1546 1617/1544/1544 1616/1545/1545
f 1620/1546/1546 1623/1547/1547 1621/1548/1548
f 1613/1549/1549 1615/1550/1550 1517/1460/1460
f 1614/1551/1551 1615/1550/1550 1613/1549/1549
f 1615/1550/1550 1519/1456/1456 1517/1460/1460
f 1620/1546/1546 1615/1550/1550 1618/1552/1552
f 1619/1553/1553 1620/1546/1546 1618/1552/1552
f 1603/1530/1530 1626/1554/1554 1546/1555/1555
f 1627/1556/1556 1634/1557/1557 1628/1558/1558
f 1633/1559/1559 1627/1556/1556 1625/1560/1560
f 1637/1561/1561 1631/1562/1562 1630/1563/1563
f 1631/1562/1562 1636/1564/1564 1629/1565/1565
f 1629/1565/1565 1626/1554/1554 1604/1542/1542
f 1628/1558/1558 1637/1561/1561 1630/1563/1563
f 1385/1313/1313 1614/1551/1551 1612/1543/1543
f 1641/1566/1566 1640/1567/1567 1610/1568/1568
f 1639/1569/1569 1614/1551/1551 1385/1313/1313
f 1647/1570/1570 1646/1571/1571 1645/1572/1572
f 1649/1573/1573 1647/1570/1570 1645/1572/1572
f 1651/1574/1574 1646/1571/1571 1648/1575/1575
f 1654/1576/1576 1647/1570/1570 1653/1577/1577
f 1655/1578/1578 1647/1570/1570 1650/1579/1579
f 1654/1576/1576 1651/1574/1574 1648/1575/1575
f 1651/1574/1574 1657/1580/1580 1652/1581/1581
f 1611/1582/1582 1643/1583/1583 1610/1568/1568
f 1644/1584/1584 1654/1576/1576 1643/1583/1583
f 1591/1526/1526 1612/1543/1543 1496/1487/1487
f 1625/1560/1560 1506/1443/1443 1624/1585/1585
f 1605/1532/1532 1628/1558/1558 1606/1540/1540
f 1625/1560/1560 1605/1532/1532 1602/1536/1536
f 1630/1563/1563 1607/1538/1538 1606/1540/1540
f 1607/1538/1538 1629/1565/1565 1599/1541/1541
f 1610/1568/1568 1388/1315/1315 1608/1586/1586
f 1640/1567/1567 1339/1316/1316 1388/1315/1315
f 1642/1587/1587 1619/1553/1553 1618/1552/1552
f 1645/1572/1572 1634/1557/1557 1633/1559/1559
f 1635/1588/1588 1645/1572/1572 1633/1559/1559
f 1651/1574/1574 1637/1561/1561 1646/1571/1571
f 1651/1574/1574 1638/1589/1589 1636/1564/1564
f 1609/1590/1590 1608/1586/1586 1386/1311/1311
f 1632/1591/1591 1520/1457/1457 1617/1544/1544
f 1621/1548/1548 1633/1559/1559 1617/1544/1544
f 1621/1548/1548 1635/1588/1588 1633/1559/1559
f 1655/1578/1578 1641/1566/1566 1653/1577/1577
f 1660/1592/1592 1659/1593/1593 1456/1594/1594
f 1665/1595/1595 1660/1592/1592 1573/1501/1501
f 1665/1595/1595 1668/1596/1596 1664/1597/1597
f 1662/1598/1598 1668/1596/1596 1663/1599/1599
f 1664/1597/1597 1662/1598/1598 1661/1600/1600
f 1665/1595/1595 1569/1601/1601 1568/1508/1508
f 1667/1602/1602 1665/1595/1595 1568/1508/1508
f 1664/1597/1597 1661/1600/1600 1659/1593/1593
f 1672/1603/1603 1463/1408/1408 1671/1604/1604
f 1677/1605/1605 1666/1606/1606 1670/1607/1607
f 1679/1608/1608 1671/1604/1604 1680/1609/1609
f 1679/1608/1608 1677/1605/1605 1670/1607/1607
f 1679/1608/1608 1678/1610/1610 1677/1605/1605
f 1682/1611/1611 1587/1514/1514 1686/1612/1612
f 1690/1613/1613 1693/1614/1614 1691/1615/1615
f 1690/1613/1613 1682/1611/1611 1686/1612/1612
f 1688/1616/1616 1690/1613/1613 1687/1617/1617
f 1688/1616/1616 1692/1618/1618 1690/1613/1613
f 1694/1619/1619 1681/1620/1620 1683/1621/1621
f 1698/1622/1622 1644/1584/1584 1611/1582/1582
f 1695/1623/1623 1672/1603/1603 1673/1624/1624
f 1696/1625/1625 1694/1619/1619 1683/1621/1621
f 1697/1626/1626 1695/1623/1623 1694/1619/1619
f 1681/1620/1620 1658/1627/1627 1556/1525/1525
f 1694/1619/1619 1658/1627/1627 1681/1620/1620
f 1698/1622/1622 1611/1582/1582 1463/1408/1408
f 1673/1624/1624 1670/1607/1607 1694/1619/1619
f 1693/1614/1614 1683/1621/1621 1691/1615/1615
f 1676/1628/1628 1669/1629/1629 1667/1602/1602
f 1658/1627/1627 1568/1508/1508 1556/1525/1525
f 1679/1608/1608 1670/1607/1607 1673/1624/1624
f 1671/1604/1604 1463/1408/1408 1674/1421/1421
f 276/252/252 1183/1141/1141 510/467/467
f 1484/1433/1433 1205/1154/1154 1204/1156/1156
f 1484/1433/1433 1203/1204/1204 1483/1434/1434
f 1208/1160/1160 1488/1436/1436 1209/1164/1164
f 1207/1630/1630 1488/1436/1436 1486/1437/1437
f 1247/1195/1195 1501/1444/1444 1246/1188/1188
f 1504/1447/1447 1249/1191/1191 1250/1631/1631
f 1249/1191/1191 1502/1442/1442 1247/1195/1195
f 1549/1491/1491 360/320/320 1548/1632/1632
f 1284/1266/1266 1282/1224/1224 1549/1491/1491
f 1307/1256/1256 1309/1247/1247 1308/1249/1249
f 1316/1250/1250 1558/1506/1506 1315/1251/1251
f 1358/1308/1308 1495/1441/1441 1225/1309/1309
f 1358/1308/1308 1387/1314/1314 1495/1441/1441
f 1592/1528/1528 1375/1361/1361 1360/1360/1360
f 1377/1633/1633 1594/1531/1531 1376/1634/1634
f 1597/1534/1534 1380/1351/1351 1379/1352/1352
f 1597/1534/1534 1364/1300/1300 1596/1535/1535
f 1382/1356/1356 1601/1539/1539 1383/1358/1358
f 1377/1633/1633 1601/1539/1539 1599/1541/1541
f 1598/1533/1533 1382/1356/1356 1380/1351/1351
f 1596/1535/1535 1375/1361/1361 1593/1527/1527
f 1377/1633/1633 1599/1541/1541 1595/1529/1529
f 1410/1332/1332 1609/1590/1590 1409/1333/1333
f 1609/1590/1590 1410/1332/1332 1411/1635/1635
f 1662/1598/1598 1461/1426/1426 1460/1402/1402
f 1662/1598/1598 1460/1402/1402 1661/1600/1600
f 1661/1600/1600 1455/1393/1393 1659/1593/1593
f 1479/1418/1418 1675/1636/1636 1478/1419/1419
f 1142/1120/1120 1158/1267/1267 1317/1287/1287
f 1226/1170/1170 1360/1360/1360 1359/1307/1307
f 1175/1128/1128 1328/1282/1282 1176/1202/1202
f 1366/1340/1340 1221/1169/1169 1350/1295/1295
f 1366/1340/1340 1173/1201/1201 1234/1181/1181
f 1506/1443/1443 1592/1528/1528 1501/1444/1444
f 1594/1531/1531 1508/1445/1445 1504/1447/1447
f 1632/1591/1591 1527/1479/1479 1541/1471/1471
f 1496/1487/1487 1612/1543/1543 1500/1637/1637
f 1624/1585/1585 1506/1443/1443 1527/1479/1479
f 1508/1445/1445 1603/1530/1530 1530/1481/1481
f 1429/1378/1378 1288/1233/1233 1286/1235/1235
f 1292/1236/1236 1437/1385/1385 1291/1638/1638
f 1303/1244/1244 1299/1255/1255 1446/1396/1396
f 1313/1258/1258 1456/1594/1594 1439/1383/1383
f 1684/1639/1639 1585/1523/1523 1584/1640/1640
f 1682/1611/1611 1577/1641/1641 1579/1520/1520
f 1587/1514/1514 1585/1523/1523 1684/1639/1639
f 1660/1592/1592 1558/1506/1506 1570/1502/1502
f 1681/1620/1620 1556/1525/1525 1577/1641/1641
f 232/216/216 319/558/558 1149/1114/1114
f 1273/1231/1231 1192/1200/1200 1194/1145/1145
f 1195/1144/1144 1273/1231/1231 1194/1145/1145
f 1207/1630/1630 1280/1642/1642 1209/1164/1164
f 1206/1163/1163 1280/1642/1642 1278/1228/1228
f 1206/1163/1163 1274/1227/1227 1195/1144/1144
f 1286/1235/1235 1239/1185/1185 1238/1342/1342
f 1291/1638/1638 1248/1192/1192 1290/1237/1237
f 1287/1234/1234 1248/1192/1192 1239/1185/1185
f 1169/1124/1124 1322/1281/1281 1170/1129/1129
f 1322/1281/1281 1412/1363/1363 1325/1285/1285
f 1368/1341/1341 1429/1378/1378 1238/1342/1342
f 1433/1381/1381 1368/1341/1341 1373/1355/1355
f 1374/1354/1354 1433/1381/1381 1373/1355/1355
f 1437/1385/1385 1377/1633/1633 1376/1634/1634
f 1377/1633/1633 1443/1388/1388 1383/1358/1358
f 1381/1357/1357 1443/1388/1388 1441/1389/1389
f 1381/1357/1357 1434/1382/1382 1374/1354/1354
f 1462/1643/1643 1402/1334/1334 1401/1644/1644
f 1464/1645/1645 1402/1334/1334 1462/1643/1643
f 1550/1438/1438 534/481/481 1493/1646/1646
f 1537/1467/1467 1526/1510/1510 1535/1468/1468
f 1584/1640/1640 1547/1476/1476 1546/1555/1555
f 1463/1408/1408 1609/1590/1590 1464/1645/1645
f 1611/1582/1582 1608/1586/1586 1463/1408/1408
f 1626/1554/1554 1684/1639/1639 1546/1555/1555
f 1638/1589/1589 1688/1616/1616 1636/1564/1564
f 1687/1617/1617 1626/1554/1554 1636/1564/1564
f 1698/1622/1622 1657/1580/1580 1656/1647/1647
f 1291/1638/1638 1376/1634/1634 1250/1631/1631
f 1501/1444/1444 1360/1360/1360 1246/1188/1188
f 1376/1634/1634 1504/1447/1447 1250/1631/1631
f 1558/1506/1506 1456/1594/1594 1315/1251/1251
f 810/768/768 1703/1648/1648 808/1649/1649
f 805/771/771 1705/1650/1650 1730/1651/1651
f 1703/1648/1648 801/772/772 808/1649/1649
f 799/764/764 1705/1650/1650 805/771/771
f 1706/1652/1652 1260/1222/1222 1259/1210/1210
f 1709/1653/1653 1263/1214/1214 1261/1213/1213
f 1712/1654/1654 1271/1219/1219 1269/1221/1221
f 1266/1218/1218 1706/1652/1652 1259/1210/1210
f 1712/1654/1654 1263/1214/1214 1708/1655/1655
f 1707/1656/1656 1261/1213/1213 1260/1222/1222
f 1714/1657/1657 1715/1658/1658 1707/1656/1656
f 1717/1659/1659 1867/1660/1660 1716/1661/1661
f 1700/1662/1662 1716/1661/1661 1715/1658/1658
f 1723/1663/1663 835/793/793 1722/1664/1664
f 1726/1665/1665 1725/1666/1666 840/799/799
f 1726/1665/1665 1729/1667/1667 1727/1668/1668
f 1705/1650/1650 1733/1669/1669 1730/1651/1651
f 851/803/803 1736/1670/1670 1735/1671/1671
f 1733/1669/1669 1736/1670/1670 1724/1672/1672
f 1738/1673/1673 1736/1670/1670 1734/1674/1674
f 1736/1670/1670 1737/1675/1675 1728/1676/1676
f 1733/1669/1669 1724/1672/1672 1722/1664/1664
f 1741/1677/1677 1732/1678/1678 1729/1667/1667
f 1729/1667/1667 1731/1679/1679 1727/1668/1668
f 1742/1680/1680 1737/1675/1675 1739/1681/1681
f 1723/1663/1663 840/799/799 836/815/815
f 1723/1663/1663 1728/1676/1676 1726/1665/1665
f 1736/1670/1670 1728/1676/1676 1724/1672/1672
f 1744/1682/1682 1295/1240/1240 1297/1683/1683
f 1747/1684/1684 1746/1685/1685 1302/1254/1254
f 1746/1685/1685 1750/1686/1686 1749/1687/1687
f 1751/1688/1688 1752/1689/1689 1748/1690/1690
f 1309/1247/1247 1755/1691/1691 1754/1692/1692
f 1755/1691/1691 1758/1693/1693 1754/1692/1692
f 1757/1694/1694 1755/1691/1691 1749/1687/1687
f 1762/1695/1695 1760/1696/1696 1761/1697/1697
f 1745/1698/1698 1753/1699/1699 1743/1700/1700
f 1302/1254/1254 1744/1682/1682 1297/1683/1683
f 1744/1682/1682 1749/1687/1687 1745/1698/1698
f 1749/1687/1687 1755/1691/1691 1745/1698/1698
f 1753/1699/1699 2022/1701/1701 1756/1702/1702
f 1752/1689/1689 1757/1694/1694 1750/1686/1686
f 1765/1703/1703 1764/1704/1704 1732/1678/1678
f 1767/1705/1705 1751/1688/1688 1766/1706/1706
f 1770/1707/1707 1766/1706/1706 1769/1708/1708
f 1770/1707/1707 1768/1709/1709 1765/1703/1703
f 1773/1710/1710 1762/1695/1695 1761/1697/1697
f 1776/1711/1711 1774/1712/1712 1773/1710/1710
f 1776/1711/1711 1765/1703/1703 1775/1713/1713
f 1772/1714/1714 1775/1713/1713 1771/1715/1715
f 1773/1710/1710 1767/1705/1705 1770/1707/1707
f 1775/1713/1713 1765/1703/1703 1771/1715/1715
f 1730/1651/1651 835/793/793 806/766/766
f 1725/1666/1666 1704/1716/1716 810/768/768
f 1713/1717/1717 1747/1684/1684 1271/1219/1219
f 1710/1718/1718 1743/1700/1700 1711/1719/1719
f 799/764/764 1700/1662/1662 1714/1657/1657
f 799/764/764 1719/1720/1720 1705/1650/1650
f 1705/1650/1650 1763/1721/1721 1740/1722/1722
f 1732/1678/1678 1764/1704/1704 1731/1679/1679
f 1772/1714/1714 1741/1677/1677 1742/1680/1680
f 1707/1656/1656 1715/1658/1658 1709/1653/1653
f 1706/1652/1652 1719/1720/1720 1714/1657/1657
f 1756/1702/1702 1719/1720/1720 1711/1719/1719
f 1767/1705/1705 1761/1697/1697 1752/1689/1689
f 1703/1648/1648 1784/1723/1723 1783/1724/1724
f 1784/1723/1723 1785/1725/1725 1783/1724/1724
f 1785/1725/1725 869/827/827 867/1726/1726
f 1703/1648/1648 1778/1727/1727 1701/1728/1728
f 1778/1727/1727 1785/1725/1725 1779/1729/1729
f 863/831/831 1785/1725/1725 867/1726/1726
f 1778/1727/1727 1780/1730/1730 1701/1728/1728
f 1778/1727/1727 1782/1731/1731 1780/1730/1730
f 1782/1731/1731 1787/1732/1732 1781/1733/1733
f 873/834/834 1788/1734/1734 872/835/835
f 871/886/886 1787/1732/1732 1782/1731/1731
f 860/833/833 870/837/837 1787/1732/1732
f 1717/1659/1659 1790/1735/1735 1718/1736/1736
f 1793/1737/1737 1720/1738/1738 1792/1739/1739
f 1794/1740/1740 1795/1741/1741 1792/1739/1739
f 1790/1735/1735 1720/1738/1738 1718/1736/1736
f 1794/1740/1740 1790/1735/1735 1791/1742/1742
f 1797/1743/1743 1790/1735/1735 1717/1659/1659
f 1797/1743/1743 1717/1659/1659 1716/1661/1661
f 1781/1733/1733 1787/1732/1732 1797/1743/1743
f 1798/1744/1744 1799/1745/1745 1788/1734/1734
f 1799/1745/1745 1796/1746/1746 1788/1734/1734
f 1813/1747/1747 1818/1748/1748 1819/1749/1749
f 1810/1750/1750 1815/1751/1751 1739/1681/1681
f 1808/1752/1752 1803/1753/1753 1807/1754/1754
f 1808/1752/1752 1804/1755/1755 1803/1753/1753
f 1811/1756/1756 1818/1748/1748 1814/1757/1757
f 1807/1754/1754 1801/1758/1758 1806/1759/1759
f 1810/1750/1750 1813/1747/1747 1816/1760/1760
f 1809/1761/1761 1811/1756/1756 1804/1755/1755
f 1821/1762/1762 911/866/866 1820/1763/1763
f 1822/1764/1764 1821/1762/1762 1820/1763/1763
f 1822/1764/1764 1829/1765/1765 1823/1766/1766
f 1825/1767/1767 1789/1768/1768 1824/1769/1769
f 1826/1770/1770 1825/1767/1767 1830/1771/1771
f 1821/1762/1762 916/874/874 912/875/875
f 1821/1762/1762 1825/1767/1767 1824/1769/1769
f 922/878/878 1829/1765/1765 1828/1772/1772
f 1829/1765/1765 1825/1767/1767 1823/1766/1766
f 1836/1773/1773 1768/1709/1709 1769/1708/1708
f 1836/1773/1773 1837/1774/1774 1835/1775/1775
f 1837/1774/1774 1839/1776/1776 1838/1777/1777
f 1843/1778/1778 1844/1779/1779 1819/1749/1749
f 1847/1780/1780 1846/1781/1781 1844/1779/1779
f 1839/1776/1776 1847/1780/1780 1838/1777/1777
f 1835/1775/1775 1831/1782/1782 1768/1709/1709
f 1840/1783/1783 1841/1784/1784 1845/1785/1785
f 1835/1775/1775 1833/1786/1786 1832/1787/1787
f 1833/1786/1786 1838/1777/1777 1834/1788/1788
f 1838/1777/1777 1843/1778/1778 1842/1789/1789
f 1819/1749/1749 1841/1784/1784 1816/1760/1760
f 1844/1779/1779 1846/1781/1781 1841/1784/1784
f 1834/1788/1788 1838/1777/1777 1842/1789/1789
f 1850/1790/1790 1851/1791/1791 1849/1792/1792
f 1856/1793/1793 1851/1791/1791 1852/1794/1794
f 1857/1795/1795 1854/1796/1796 1853/1797/1797
f 1848/1798/1798 1857/1795/1795 1798/1744/1744
f 1854/1796/1796 1850/1790/1790 1853/1797/1797
f 1854/1796/1796 1856/1793/1793 1852/1794/1794
f 1704/1716/1716 1801/1758/1758 1784/1723/1723
f 1803/1753/1753 1786/1799/1799 1784/1723/1723
f 1786/1799/1799 1802/1800/1800 869/827/827
f 916/874/874 1789/1768/1768 873/834/834
f 1795/1741/1741 1836/1773/1773 1793/1737/1737
f 1831/1782/1782 1806/1759/1759 1805/1801/1801
f 1816/1760/1760 1840/1783/1783 1815/1751/1751
f 1833/1786/1786 1807/1754/1754 1832/1787/1787
f 1833/1786/1786 1809/1761/1761 1808/1752/1752
f 1817/1802/1802 1843/1778/1778 1818/1748/1748
f 1834/1788/1788 1817/1802/1802 1809/1761/1761
f 1788/1734/1734 1796/1746/1746 870/837/837
f 1827/1803/1803 1798/1744/1744 1789/1768/1768
f 863/831/831 871/886/886 1779/1729/1729
f 1820/1763/1763 1802/1800/1800 1803/1753/1753
f 1804/1755/1755 1820/1763/1763 1803/1753/1753
f 1812/1804/1804 1829/1765/1765 1814/1757/1757
f 1811/1756/1756 1829/1765/1765 1822/1764/1764
f 1849/1792/1792 1839/1776/1776 1837/1774/1774
f 1855/1805/1805 1839/1776/1776 1851/1791/1791
f 1712/1654/1654 1863/1806/1806 1713/1717/1717
f 1423/1369/1369 1864/1807/1807 1421/1370/1370
f 1864/1807/1807 1863/1806/1806 1862/1808/1808
f 1859/1809/1809 1712/1654/1654 1708/1655/1655
f 1417/1373/1373 1864/1807/1807 1861/1810/1810
f 1859/1809/1809 1864/1807/1807 1862/1808/1808
f 1860/1811/1811 1859/1809/1809 1708/1655/1655
f 1859/1809/1809 1860/1811/1811 1861/1810/1810
f 1867/1660/1660 1869/1812/1812 1868/1813/1813
f 1873/1814/1814 1871/1815/1815 1721/1816/1816
f 1873/1814/1814 1874/1817/1817 1872/1818/1818
f 1871/1815/1815 1869/1812/1812 1867/1660/1660
f 1874/1817/1817 1869/1812/1812 1872/1818/1818
f 1715/1658/1658 1868/1813/1813 1866/1819/1819
f 1427/1425/1425 1877/1820/1820 1426/1375/1375
f 1879/1821/1821 1880/1822/1822 1424/1376/1376
f 1866/1819/1819 1882/1823/1823 1877/1820/1820
f 1882/1823/1823 1878/1824/1824 1877/1820/1820
f 1897/1825/1825 1898/1826/1826 1895/1827/1827
f 1900/1828/1828 1905/1829/1829 1902/1830/1830
f 1898/1826/1826 1904/1831/1831 1900/1828/1828
f 1886/1832/1832 1887/1833/1833 1885/1834/1834
f 1893/1835/1835 1886/1832/1832 1890/1836/1836
f 1891/1837/1837 1893/1835/1835 1890/1836/1836
f 1899/1838/1838 1902/1830/1830 1903/1839/1839
f 1899/1838/1838 1894/1840/1840 1891/1837/1837
f 1908/1841/1841 1766/1706/1706 1909/1842/1842
f 1913/1843/1843 1912/1844/1844 1909/1842/1842
f 1897/1825/1825 1917/1845/1845 1898/1826/1826
f 1916/1846/1846 1918/1847/1847 1917/1845/1845
f 1920/1848/1848 1905/1829/1829 1904/1831/1831
f 1922/1849/1849 1921/1850/1850 1920/1848/1848
f 1921/1850/1850 1915/1851/1851 1914/1852/1852
f 1917/1845/1845 1904/1831/1831 1898/1826/1826
f 1918/1847/1847 1920/1848/1848 1917/1845/1845
f 1909/1842/1842 1906/1853/1853 1907/1854/1854
f 1910/1855/1855 1909/1842/1842 1907/1854/1854
f 1910/1855/1855 1914/1852/1852 1913/1843/1843
f 1921/1850/1850 1914/1852/1852 1919/1856/1856
f 1924/1857/1857 1467/1410/1410 1469/1858/1858
f 1924/1857/1857 1925/1859/1859 1923/1860/1860
f 1474/1413/1413 1924/1857/1857 1469/1858/1858
f 1924/1857/1857 1928/1861/1861 1926/1862/1862
f 1932/1863/1863 1479/1418/1418 1931/1864/1864
f 1928/1861/1861 1932/1863/1863 1926/1862/1862
f 1929/1865/1865 1928/1861/1861 1927/1866/1866
f 1934/1867/1867 1928/1861/1861 1929/1865/1865
f 1937/1868/1868 1936/1869/1869 1935/1870/1870
f 1942/1871/1871 1940/1872/1872 1941/1873/1873
f 1944/1874/1874 1937/1868/1868 1943/1875/1875
f 1942/1871/1871 1945/1876/1876 1940/1872/1872
f 2136/1877/1877 1930/1878/1878 1939/1879/1879
f 1942/1871/1871 1936/1869/1869 1938/1880/1880
f 1944/1874/1874 1942/1871/1871 1938/1880/1880
f 1713/1717/1717 1886/1832/1832 1885/1834/1834
f 1889/1881/1881 1865/1882/1882 1423/1369/1369
f 1865/1882/1882 1886/1832/1832 1863/1806/1806
f 1912/1844/1844 1875/1883/1883 1873/1814/1814
f 1879/1821/1821 1929/1865/1865 1880/1822/1822
f 1417/1373/1373 1876/1884/1884 1427/1425/1425
f 1923/1860/1860 1889/1881/1881 1467/1410/1410
f 1923/1860/1860 1891/1837/1837 1890/1836/1836
f 1901/1885/1885 1932/1863/1863 1931/1864/1864
f 1899/1838/1838 1932/1863/1863 1902/1830/1830
f 1891/1837/1837 1925/1859/1859 1899/1838/1838
f 1915/1851/1851 1935/1870/1870 1913/1843/1843
f 1943/1875/1875 1915/1851/1851 1922/1849/1849
f 1888/1886/1886 1906/1853/1853 1887/1833/1833
f 1910/1855/1855 1892/1887/1887 1893/1835/1835
f 1894/1840/1840 1910/1855/1855 1893/1835/1835
f 1903/1839/1839 1905/1829/1829 1919/1856/1856
f 1907/1854/1854 1888/1886/1886 1892/1887/1887
f 1903/1839/1839 1911/1888/1888 1894/1840/1840
f 1939/1879/1879 1930/1878/1878 1879/1821/1821
f 1794/1740/1740 1952/1889/1889 1951/1890/1890
f 1874/1817/1817 1954/1891/1891 1953/1892/1892
f 1956/1893/1893 1955/1894/1894 1953/1892/1892
f 1955/1894/1894 1952/1889/1889 1950/1895/1895
f 1947/1896/1896 1794/1740/1740 1791/1742/1742
f 1874/1817/1817 1948/1897/1897 1870/1898/1898
f 1948/1897/1897 1955/1894/1894 1949/1899/1899
f 1947/1896/1896 1955/1894/1894 1950/1895/1895
f 1957/1900/1900 1961/1901/1901 1960/1902/1902
f 1959/1903/1903 1958/1904/1904 1799/1745/1745
f 1787/1732/1732 1796/1746/1746 1961/1901/1901
f 1960/1902/1902 1961/1901/1901 1882/1823/1823
f 1964/1905/1905 1883/1906/1906 1963/1907/1907
f 1958/1904/1904 1965/1908/1908 1796/1746/1746
f 1965/1908/1908 1963/1907/1907 1962/1909/1909
f 1961/1901/1901 1965/1908/1908 1962/1909/1909
f 1978/1910/1910 1977/1911/1911 1849/1792/1792
f 1980/1912/1912 1978/1910/1910 1981/1913/1913
f 1982/1914/1914 1980/1912/1912 1981/1913/1913
f 1986/1915/1915 1987/1916/1916 1972/1917/1917
f 1987/1916/1916 1991/1918/1918 1990/1919/1919
f 1982/1914/1914 1991/1918/1918 1983/1920/1920
f 1980/1912/1912 1985/1921/1921 1984/1922/1922
f 1992/1923/1923 1991/1918/1918 1989/1924/1924
f 1991/1918/1918 1985/1921/1921 1983/1920/1920
f 1980/1912/1912 1979/1925/1925 1977/1911/1911
f 1988/1926/1926 1989/1924/1924 1986/1915/1915
f 1936/1869/1869 1993/1927/1927 1935/1870/1870
f 1996/1928/1928 1993/1927/1927 1994/1929/1929
f 1996/1928/1928 1997/1930/1930 1995/1931/1931
f 2003/1932/1932 2006/1933/1933 2004/1934/1934
f 1997/1930/1930 2006/1933/1933 2005/1935/1935
f 1999/1936/1936 1936/1869/1869 1941/1873/1873
f 2002/1937/1937 2007/1938/1938 1946/1939/1939
f 1999/1936/1936 1996/1928/1928 1994/1929/1929
f 1996/1928/1928 2001/1940/1940 1998/1941/1941
f 2006/1933/1933 2007/1938/1938 2004/1934/1934
f 2001/1940/1940 2006/1933/1933 1998/1941/1941
f 1963/1907/1907 2010/1942/1942 1964/1905/1905
f 2009/1943/1943 1959/1903/1903 2011/1944/1944
f 2012/1945/1945 2010/1942/1942 1963/1907/1907
f 2009/1943/1943 1966/1946/1946 1958/1904/1904
f 1956/1893/1893 1967/1947/1947 1952/1889/1889
f 1969/1948/1948 1956/1893/1893 1954/1891/1891
f 1979/1925/1925 1959/1903/1903 1800/1949/1949
f 1999/1936/1936 1884/1950/1950 1964/1905/1905
f 1948/1897/1897 1881/1951/1951 1870/1898/1898
f 1948/1897/1897 1960/1902/1902 1881/1951/1951
f 1935/1870/1870 1969/1948/1948 1968/1952/1952
f 1975/1953/1953 2002/1937/1937 1974/1954/1954
f 1995/1931/1931 1969/1948/1948 1993/1927/1927
f 1995/1931/1931 1971/1955/1955 1970/1956/1956
f 1975/1953/1953 2005/1935/1935 2003/1932/1932
f 1971/1955/1955 2005/1935/1935 1976/1957/1957
f 1985/1921/1921 1959/1903/1903 1984/1922/1922
f 2011/1944/1944 1985/1921/1921 1992/1923/1923
f 1957/1900/1900 1947/1896/1896 1791/1742/1742
f 1947/1896/1896 1960/1902/1902 1949/1899/1899
f 1967/1947/1947 1849/1792/1792 1951/1890/1890
f 1981/1913/1913 1967/1947/1947 1970/1956/1956
f 1971/1955/1955 1981/1913/1913 1970/1956/1956
f 1973/1958/1958 1990/1919/1919 1976/1957/1957
f 1971/1955/1955 1990/1919/1919 1982/1914/1914
f 1964/1905/1905 2001/1940/1940 2000/1959/1959
f 2013/1960/1960 2001/1940/1940 2010/1942/1942
f 2015/1961/1961 1738/1673/1673 1070/1962/1962
f 2016/1963/1963 1077/1032/1032 1076/1027/1027
f 1081/1022/1022 2017/1964/1964 1079/1025/1025
f 1079/1025/1025 2015/1961/1961 1070/1962/1962
f 1740/1722/1722 2020/1965/1965 2014/1966/1966
f 2020/1965/1965 2016/1963/1963 1075/1967/1967
f 2024/1968/1968 1559/1969/1969 2023/1970/1970
f 1566/1971/1971 2025/1972/1972 1565/1505/1505
f 2028/1973/1973 2027/1974/1974 1567/1496/1496
f 2027/1974/1974 2026/1975/1975 2025/1972/1972
f 1574/1499/1499 2029/1976/1976 1572/1500/1500
f 2024/1968/1968 1574/1499/1499 1571/1503/1503
f 2025/1972/1972 1756/1702/1702 1557/1977/1977
f 2024/1968/1968 1571/1503/1503 1560/1507/1507
f 2028/1973/1973 1567/1496/1496 2029/1976/1976
f 2037/1978/1978 2038/1979/1979 2036/1980/1980
f 2038/1979/1979 2045/1981/1981 2039/1982/1982
f 2038/1979/1979 2046/1983/1983 2044/1984/1984
f 2047/1985/1985 2050/1986/1986 2048/1987/1987
f 2050/1986/1986 2049/1988/1988 2048/1987/1987
f 2053/1989/1989 2054/1990/1990 2052/1991/1991
f 2061/1992/1992 2057/1993/1993 2058/1994/1994
f 2061/1992/1992 2056/1995/1995 2059/1996/1996
f 2040/1997/1997 2042/1998/1998 2046/1983/1983
f 2059/1996/1996 2049/1988/1988 2051/1999/1999
f 2039/1982/1982 2041/2000/2000 2036/1980/1980
f 2060/2001/2001 2053/1989/1989 2057/1993/1993
f 2036/1980/1980 2033/2002/2002 2032/2003/2003
f 2034/2004/2004 2037/1978/1978 2032/2003/2003
f 2033/2002/2002 2016/1963/1963 2032/2003/2003
f 2026/1975/1975 2016/1963/1963 2020/1965/1965
f 1763/1721/1721 2020/1965/1965 1740/1722/1722
f 2032/2003/2003 2027/1974/1974 2028/1973/1973
f 2026/1975/1975 1763/1721/1721 1756/1702/1702
f 2017/1964/1964 2067/2005/2005 2063/2006/2006
f 2068/2007/2007 1117/1054/1054 1115/1058/1058
f 2068/2007/2007 2066/2008/2008 2065/2009/2009
f 2066/2008/2008 1115/1058/1058 2064/2010/2010
f 2067/2005/2005 2068/2007/2007 2063/2006/2006
f 1122/1066/1066 1121/1065/1065 2071/2011/2011
f 2070/2012/2012 2073/2013/2013 2071/2011/2011
f 2072/2014/2014 1122/1066/1066 2073/2013/2013
f 2075/2015/2015 2035/2016/2016 2074/2017/2017
f 2079/2018/2018 2075/2015/2015 2076/2019/2019
f 1848/1798/1798 2080/2020/2020 1857/1795/1795
f 2091/2021/2021 2090/2022/2022 2048/1987/1987
f 2093/2023/2023 2090/2022/2022 2092/2024/2024
f 2093/2023/2023 2094/2025/2025 2086/2026/2026
f 2097/2027/2027 2091/2021/2021 2058/1994/1994
f 2097/2027/2027 2098/2028/2028 2096/2029/2029
f 2098/2028/2028 2101/2030/2030 2100/2031/2031
f 2041/2000/2000 2090/2022/2022 2085/2032/2032
f 2097/2027/2027 2087/2033/2033 2088/2034/2034
f 2089/2035/2035 2097/2027/2027 2088/2034/2034
f 2096/2029/2029 2093/2023/2023 2092/2024/2024
f 2093/2023/2023 2100/2031/2031 2095/2036/2036
f 2090/2022/2022 2086/2026/2026 2085/2032/2032
f 2083/2037/2037 2105/2038/2038 2108/2039/2039
f 2110/2040/2040 2111/2041/2041 2109/2042/2042
f 2107/2043/2043 2105/2038/2038 2104/2044/2044
f 2114/2045/2045 2110/2040/2040 2113/2046/2046
f 2088/2034/2034 2035/2016/2016 2078/2047/2047
f 2079/2018/2018 2088/2034/2034 2078/2047/2047
f 2085/2032/2032 2077/2048/2048 2033/2002/2002
f 2105/2038/2038 2083/2037/2037 2082/2049/2049
f 2077/2048/2048 2105/2038/2038 2082/2049/2049
f 2077/2048/2048 2070/2012/2012 2033/2002/2002
f 2077/2048/2048 2073/2013/2013 2070/2012/2012
f 2072/2014/2014 2081/2050/2050 1123/2051/2051
f 2077/2048/2048 2072/2014/2014 2073/2013/2013
f 1123/2051/2051 1848/1798/1798 1827/1803/1803
f 2071/2011/2011 1117/1054/1054 2069/2052/2052
f 2086/2026/2026 2102/2053/2053 2085/2032/2032
f 2094/2025/2025 2103/2054/2054 2086/2026/2026
f 2109/2042/2042 2101/2030/2030 2099/2055/2055
f 2115/2056/2056 2116/2057/2057 2023/1970/1970
f 2116/2057/2057 2122/2058/2058 2121/2059/2059
f 1669/1629/1629 2124/2060/2060 2119/2061/2061
f 2124/2060/2060 2122/2058/2058 2120/2062/2062
f 2123/2063/2063 2121/2059/2059 2126/2064/2064
f 2118/2065/2065 2120/2062/2062 2117/2066/2066
f 2126/2064/2064 2122/2058/2058 2125/2067/2067
f 2117/2066/2066 2120/2062/2062 2115/2056/2056
f 2130/2068/2068 2128/2069/2069 2127/2070/2070
f 2133/2071/2071 2128/2069/2069 2131/2072/2072
f 1678/1610/1610 2123/2063/2063 2126/2064/2064
f 2135/2073/2073 1678/1610/1610 1679/1608/1608
f 1930/1878/1878 1675/1636/1636 1934/1867/1867
f 1930/1878/1878 1680/1609/1609 1674/1421/1421
f 2147/2074/2074 2146/2075/2075 2141/2076/2076
f 2149/2077/2077 2146/2075/2075 2150/2078/2078
f 2152/2079/2079 2147/2074/2074 2151/2080/2080
f 2153/2081/2081 2152/2079/2079 2151/2080/2080
f 2156/2082/2082 2155/2083/2083 2150/2078/2078
f 2156/2082/2082 2158/2084/2084 2155/2083/2083
f 2155/2083/2083 2145/2085/2085 2143/2086/2086
f 2150/2078/2078 2146/2075/2075 2148/2087/2087
f 2152/2079/2079 2150/2078/2078 2148/2087/2087
f 2152/2079/2079 2157/2088/2088 2156/2082/2082
f 2144/2089/2089 2147/2074/2074 2141/2076/2076
f 2140/2090/2090 2159/2091/2091 2144/2089/2089
f 2159/2091/2091 2162/2092/2092 2144/2089/2089
f 2166/2093/2093 2165/2094/2094 2164/2095/2095
f 2170/2096/2096 2161/2097/2097 2169/2098/2098
f 2160/2099/2099 2163/2100/2100 2159/2091/2091
f 2170/2096/2096 2165/2094/2094 2167/2101/2101
f 2161/2097/2097 2168/2102/2102 2137/2103/2103
f 2143/2086/2086 2130/2068/2068 2142/2104/2104
f 2143/2086/2086 2133/2071/2071 2131/2072/2072
f 2132/2105/2105 2140/2090/2090 2034/2004/2004
f 2132/2105/2105 2159/2091/2091 2140/2090/2090
f 2137/2103/2103 2160/2099/2099 2138/2106/2106
f 2134/2107/2107 2160/2099/2099 2159/2091/2091
f 2126/2064/2064 1669/1629/1629 1676/1628/1628
f 2144/2089/2089 2153/2081/2081 2151/2080/2080
f 2158/2084/2084 2164/2095/2095 2155/2083/2083
f 2134/2107/2107 2132/2105/2105 2123/2063/2063
f 2137/2103/2103 2135/2073/2073 1680/1609/1609
f 2136/1877/1877 1680/1609/1609 1930/1878/1878
f 2172/2108/2108 2079/2018/2018 2171/2109/2109
f 2133/2071/2071 2174/2110/2110 2173/2111/2111
f 2176/2112/2112 2180/2113/2113 2177/2114/2114
f 2175/2115/2115 2180/2113/2113 2178/2116/2116
f 2174/2110/2110 2179/2117/2117 2176/2112/2112
f 2181/2118/2118 2080/2020/2020 1848/1798/1798
f 2181/2118/2118 1848/1798/1798 2081/2050/2050
f 2182/2119/2119 2136/1877/1877 1945/1876/1876
f 2183/2120/2120 2136/1877/1877 2013/1960/1960
f 2009/1943/1943 2011/1944/1944 2181/2118/2118
f 2009/1943/1943 2181/2118/2118 2184/2121/2121
f 2187/2122/2122 2192/2123/2123 2188/2124/2124
f 2192/2123/2123 2189/2125/2125 2188/2124/2124
f 2189/2125/2125 2193/2126/2126 2186/2127/2127
f 2197/2128/2128 2110/2040/2040 2109/2042/2042
f 2201/2129/2129 2197/2128/2128 2200/2130/2130
f 2202/2131/2131 2201/2129/2129 2200/2130/2130
f 2204/2132/2132 2196/2133/2133 2195/2134/2134
f 2199/2135/2135 2110/2040/2040 2198/2136/2136
f 2201/2129/2129 2204/2132/2132 2198/2136/2136
f 2201/2129/2129 2205/2137/2137 2204/2132/2132
f 2206/2138/2138 2139/2139/2139 2183/2120/2120
f 2212/2140/2140 2209/2141/2141 2210/2142/2142
f 2212/2140/2140 2213/2143/2143 2211/2144/2144
f 2215/2145/2145 2139/2139/2139 2206/2138/2138
f 2207/2146/2146 2215/2145/2145 2206/2138/2138
f 2215/2145/2145 2208/2147/2147 2169/2098/2098
f 2215/2145/2145 2212/2140/2140 2210/2142/2142
f 2212/2140/2140 2217/2148/2148 2214/2149/2149
f 2196/2133/2133 2009/1943/1943 2184/2121/2121
f 2196/2133/2133 2218/2150/2150 2009/1943/1943
f 2079/2018/2018 2186/2127/2127 2185/2151/2151
f 2133/2071/2071 2188/2124/2124 2179/2117/2117
f 2188/2124/2124 2180/2113/2113 2179/2117/2117
f 2180/2113/2113 2186/2127/2127 2178/2116/2116
f 2184/2121/2121 2181/2118/2118 2081/2050/2050
f 1966/1946/1946 2207/2146/2146 2012/1945/1945
f 2208/2147/2147 2192/2123/2123 2191/2152/2152
f 2211/2144/2144 2192/2123/2123 2209/2141/2141
f 2211/2144/2144 2194/2153/2153 2193/2126/2126
f 2205/2137/2137 2219/2154/2154 2204/2132/2132
f 2194/2153/2153 2200/2130/2130 2193/2126/2126
f 2197/2128/2128 2190/2155/2155 2193/2126/2126
f 2220/2156/2156 2217/2148/2148 2216/2157/2157
f 851/803/803 2014/1966/1966 1067/2158/2158
f 1733/1669/1669 1740/1722/1722 2014/1966/1966
f 1309/1247/1247 2022/1701/1701 1753/1699/1699
f 2023/1970/1970 1758/1693/1693 1759/2159/2159
f 2062/2160/2160 1810/1750/1750 1739/1681/1681
f 1813/1747/1747 2066/2008/2008 1814/1757/1757
f 1812/1804/1804 2066/2008/2008 2064/2010/2010
f 1810/1750/1750 2065/2009/2009 1813/1747/1747
f 1826/1770/1770 922/878/878 1118/1059/1059
f 1846/1781/1781 2074/2017/2017 1845/1785/1785
f 2076/2019/2019 1846/1781/1781 1847/1780/1780
f 1896/2161/2161 2023/1970/1970 1895/1827/1827
f 1901/1885/1885 2118/2065/2065 1902/1830/1830
f 1900/1828/1828 2118/2065/2065 2117/2066/2066
f 1896/2161/2161 2117/2066/2066 2115/2056/2056
f 2129/2162/2162 1922/1849/1849 2128/2069/2069
f 1675/1636/1636 1479/1418/1418 1933/2163/2163
f 1973/1958/1958 2171/2109/2109 1972/1917/1917
f 2173/2111/2111 1975/1953/1953 1974/1954/1954
f 1975/1953/1953 2177/2114/2114 1976/1957/1957
f 1973/1958/1958 2177/2114/2114 2175/2115/2115
f 1973/1958/1958 2175/2115/2115 2172/2108/2108
f 2011/1944/1944 1992/1923/1923 2080/2020/2020
f 2007/1938/1938 1945/1876/1876 1946/1939/1939
f 2182/2119/2119 2007/1938/1938 2008/2164/2164
f 1887/1833/1833 1751/1688/1688 1748/1690/1690
f 1762/1695/1695 1895/1827/1827 1760/1696/1696
f 1760/1696/1696 1895/1827/1827 1759/2159/2159
f 1720/1738/1738 1867/1660/1660 1718/1736/1736
f 1762/1695/1695 1916/1846/1846 1897/1825/1825
f 1774/1712/1712 1918/1847/1847 1916/1846/1846
f 1715/1658/1658 1876/1884/1884 1709/1653/1653
f 1713/1717/1717 1885/1834/1834 1748/1690/1690
f 1908/1841/1841 1721/1816/1816 1769/1708/1708
f 2024/1968/1968 2121/2059/2059 2030/2165/2165
f 2121/2059/2059 2028/1973/1973 2029/1976/1976
f 2121/2059/2059 2029/1976/1976 2030/2165/2165
f 2035/2016/2016 2127/2070/2070 2031/2166/2166
f 2037/1978/1978 2141/2076/2076 2042/1998/1998
f 2141/2076/2076 2053/1989/1989 2052/1991/1991
f 2149/2077/2077 2057/1993/1993 2146/2075/2075
f 2042/1998/1998 2141/2076/2076 2052/1991/1991
f 2149/2077/2077 2043/2167/2167 2058/1994/1994
f 2123/2063/2063 2034/2004/2004 2028/1973/1973
f 2034/2004/2004 2140/2090/2090 2037/1978/1978
f 2142/2104/2104 2035/2016/2016 2043/2167/2167
f 1794/1740/1740 1951/1890/1890 1795/1741/1741
f 1787/1732/1732 1957/1900/1900 1797/1743/1743
f 1856/1793/1793 1972/1917/1917 1855/1805/1805
f 1979/1925/1925 1850/1790/1790 1977/1911/1911
f 1856/1793/1793 1988/1926/1926 1986/1915/1915
f 1951/1890/1890 1849/1792/1792 1837/1774/1774
f 1855/1805/1805 1972/1917/1917 1847/1780/1780
f 1795/1741/1741 1951/1890/1890 1837/1774/1774
f 1979/1925/1925 1800/1949/1949 1853/1797/1797
f 2171/2109/2109 2079/2018/2018 2076/2019/2019
f 2089/2035/2035 2190/2155/2155 2099/2055/2055
f 2199/2135/2135 2084/2168/2168 2113/2046/2046
f 2190/2155/2155 2109/2042/2042 2099/2055/2055
f 2079/2018/2018 2185/2151/2151 2089/2035/2035
f 2184/2121/2121 2081/2050/2050 2084/2168/2168
f 1731/1679/1679 1801/1758/1758 1727/1668/1668
f 1775/1713/1713 1845/1785/1785 1777/2169/2169
f 1772/1714/1714 1845/1785/1785 1775/1713/1713
f 1781/1733/1733 1716/1661/1661 1702/2170/2170
f 1764/1704/1704 1805/1801/1801 1731/1679/1679
f 1815/1751/1751 1772/1714/1714 1742/1680/1680
f 1769/1708/1708 1721/1816/1816 1793/1737/1737
f 1883/1906/1906 1878/1824/1824 1962/1909/1909
f 2002/1937/1937 1944/1874/1874 1943/1875/1875
f 1935/1870/1870 1968/1952/1952 1913/1843/1843
f 1974/1954/1954 1943/1875/1875 1922/1849/1849
f 1875/1883/1883 1968/1952/1952 1954/1891/1891
f 2021/2171/2171 2067/2005/2005 2018/2172/2172
f 2015/1961/1961 2017/1964/1964 2062/2160/2160
f 2074/2017/2017 2035/2016/2016 2031/2166/2166
f 2091/2021/2021 2049/1988/1988 2056/1995/1995
f 2058/1994/1994 2043/2167/2167 2087/2033/2033
f 2033/2002/2002 2070/2012/2012 2021/2171/2171
f 2133/2071/2071 2173/2111/2111 2129/2162/2162
f 2145/2085/2085 2191/2152/2152 2187/2122/2122
f 2165/2094/2094 2208/2147/2147 2164/2095/2095
f 2164/2095/2095 2191/2152/2152 2155/2083/2083
f 1845/1785/1785 2031/2166/2166 1777/2169/2169
f 2129/2162/2162 1974/1954/1954 1922/1849/1849
f 1895/1827/1827 2023/1970/1970 1759/2159/2159
f 2031/2166/2166 1918/1847/1847 1777/2169/2169
f 1972/1917/1917 2076/2019/2019 1847/1780/1780
f 2080/2020/2020 1988/1926/1926 1858/2173/2173
f 2222/2174/2174 391/2175/359 390/2176/358
f 2223/2177/2175 2224/2178/2176 362/2179/334
f 2229/2180/2177 2232/2181/2178 2231/2182/2179
f 2229/2180/2177 405/2183/364 404/2184/365
f 2234/2185/2180 2232/2181/2178 2230/2186/2181
f 2225/2187/2182 2227/2188/2183 2226/2189/2184
f 2227/2188/2183 2235/2190/2185 2228/2191/2186
f 2227/2188/2183 2229/2180/2177 2226/2189/2184
f 2229/2180/2177 397/2192/370 2226/2189/2184
f 2227/2188/2183 2234/2185/2180 2230/2186/2181
f 399/2193/371 2234/2185/2180 2228/2191/2186
f 2239/2194/2187 2242/2195/2188 2241/2196/2189
f 419/2197/379 2239/2194/2187 418/2198/2190
f 2242/2195/2188 2245/2199/2191 2241/2196/2189
f 2238/2200/2192 2246/2201/2193 2237/2202/2194
f 2238/2200/2192 2247/2203/2195 2246/2201/2193
f 2239/2194/2187 2238/2200/2192 2237/2202/2194
f 2239/2194/2187 413/2204/386 418/2198/2190
f 2238/2200/2192 2245/2199/2191 2243/2205/2196
f 421/2206/388 2245/2199/2191 2244/2207/2197
f 2271/2208/2198 2259/2209/2199 2258/2210/2200
f 2250/2211/2201 2264/2212/2202 2249/2213/2203
f 2264/2212/2202 2251/2214/2204 2249/2213/2203
f 2268/2215/2205 2253/2216/2206 2254/2217/2207
f 2255/2218/2208 2268/2215/2205 2254/2217/2207
f 2258/2210/2200 2257/2219/2209 2270/2220/2210
f 2262/2221/2211 2275/2222/2212 2263/2223/2213
f 2261/2224/2214 2275/2222/2212 2273/2225/2215
f 2267/2226/2216 2266/2227/2217 2250/2211/2201
f 2272/2228/2218 2274/2229/2219 2259/2209/2199
f 2265/2230/2220 2257/2219/2209 2251/2214/2204
f 2261/2224/2214 2269/2231/2221 2255/2218/2208
f 2279/2232/2222 2276/2233/2223 2222/2174/2174
f 2221/2234/2224 2279/2232/2222 2222/2174/2174
f 2291/2235/2225 2288/2236/2226 2290/2237/2227
f 2291/2235/2225 2292/2238/2228 2289/2239/2229
f 2286/2240/2230 2282/2241/2231 2276/2233/2223
f 2288/2236/2226 2285/2242/2232 2284/2243/2233
f 2292/2238/2228 2285/2242/2232 2289/2239/2229
f 2285/2242/2232 2286/2240/2230 2283/2244/2234
f 2296/2245/2235 2298/2246/2236 2297/2247/2237
f 2302/2248/2238 2299/2249/2239 2301/2250/2240
f 2303/2251/2241 2298/2246/2236 2296/2245/2235
f 2305/2252/2242 2302/2248/2238 2301/2250/2240
f 2295/2253/2243 2294/2254/2244 2278/2255/2245
f 2298/2246/2236 2299/2249/2239 2297/2247/2237
f 2305/2252/2242 2298/2246/2236 2304/2256/2246
f 2309/2257/2247 2307/2258/2248 2266/2227/2217
f 2271/2208/2198 2315/2259/2249 2272/2228/2218
f 2317/2260/2250 2275/2222/2212 2274/2229/2219
f 2275/2222/2212 2316/2261/2251 2273/2225/2215
f 2321/2262/2252 2319/2263/2253 2309/2257/2247
f 2322/2264/2254 2321/2262/2252 2310/2265/2255
f 2314/2266/2256 2326/2267/2257 2315/2259/2249
f 2324/2268/2258 2314/2266/2256 2313/2269/2259
f 2328/2270/2260 2318/2271/2261 2317/2260/2250
f 2318/2271/2261 2327/2272/2262 2316/2261/2251
f 2320/2273/2263 2307/2258/2248 2319/2263/2253
f 2311/2274/2264 2323/2275/2265 2322/2264/2254
f 2272/2228/2218 2317/2260/2250 2274/2229/2219
f 2321/2262/2252 2309/2257/2247 2310/2265/2255
f 2315/2259/2249 2328/2270/2260 2317/2260/2250
f 2313/2269/2259 2308/2276/2266 2320/2273/2263
f 2312/2277/2267 2316/2261/2251 2323/2275/2265
f 2276/2233/2223 2236/2278/2268 2225/2187/2182
f 2295/2253/2243 2278/2255/2245 2224/2178/2176
f 2266/2227/2217 2307/2258/2248 2264/2212/2202
f 2307/2258/2248 2265/2230/2220 2264/2212/2202
f 2311/2274/2264 2267/2226/2216 2268/2215/2205
f 2269/2231/2221 2311/2274/2264 2268/2215/2205
f 2271/2208/2198 2270/2220/2210 2313/2269/2259
f 2308/2276/2266 2270/2220/2210 2265/2230/2220
f 2273/2225/2215 2312/2277/2267 2269/2231/2221
f 2246/2201/2193 2224/2178/2176 2223/2177/2175
f 2231/2182/2179 2250/2211/2201 2249/2213/2203
f 2231/2182/2179 2248/2279/2269 405/2183/364
f 2234/2185/2180 2253/2216/2206 2232/2181/2178
f 2252/2280/2270 2234/2185/2180 2233/2281/2271
f 2321/2262/2252 2290/2237/2227 2319/2263/2253
f 2321/2262/2252 2293/2282/2272 2291/2235/2225
f 2225/2187/2182 397/2192/370 391/2175/359
f 2240/2283/2273 2251/2214/2204 2242/2195/2188
f 2248/2279/2269 2240/2283/2273 419/2197/379
f 2257/2219/2209 2245/2199/2191 2242/2195/2188
f 2245/2199/2191 2256/2284/2274 2244/2207/2197
f 2320/2273/2263 2300/2285/2275 2302/2248/2238
f 2306/2286/2276 2324/2268/2258 2302/2248/2238
f 2331/2287/2277 487/2288/447 2332/2289/2278
f 2336/2290/2279 2337/2291/2280 2335/2292/2281
f 496/2293/451 2336/2290/2279 495/2294/458
f 2260/2295/2282 2340/2296/2283 2338/2297/2284
f 2342/2298/2285 504/2299/453 2338/2297/2284
f 2466/2300/2286 2341/2301/2287 2344/2302/2288
f 495/2294/458 2334/2303/2289 2333/2304/2290
f 2339/2305/2291 2342/2298/2285 2340/2296/2283
f 2335/2292/2281 2341/2301/2287 2339/2305/2291
f 2349/2306/2292 2282/2241/2231 2286/2240/2230
f 2351/2307/2293 2347/2308/2294 2352/2309/2295
f 2353/2310/2296 2357/2311/2297 2355/2312/2298
f 2364/2313/2299 2361/2314/2300 2363/2315/2301
f 2351/2307/2293 2356/2316/2302 2353/2310/2296
f 2361/2314/2300 2360/2317/2303 2359/2318/2304
f 2367/2319/2305 2368/2320/2306 2366/2321/2307
f 2372/2322/2308 2370/2323/2309 2371/2324/2310
f 2370/2323/2309 2369/2325/2311 2367/2319/2305
f 2374/2326/2312 2375/2327/2313 2373/2328/2314
f 2375/2327/2313 2379/2329/2315 2373/2328/2314
f 2383/2330/2316 2382/2331/2317 2381/2332/2318
f 2383/2330/2316 2379/2329/2315 2377/2333/2319
f 2391/2334/2320 2387/2335/2321 2388/2336/2322
f 2392/2337/2323 2387/2335/2321 2390/2338/2324
f 2383/2330/2316 2397/2339/2325 2384/2340/2326
f 2395/2341/2327 2383/2330/2316 2389/2342/2328
f 2388/2336/2322 2375/2327/2313 2376/2343/2329
f 2389/2342/2328 2375/2327/2313 2387/2335/2321
f 2389/2342/2328 2383/2330/2316 2377/2333/2319
f 2373/2328/2314 2379/2329/2315 2354/2344/2330
f 2392/2337/2323 2385/2345/2331 2386/2346/2332
f 2394/2347/2333 2395/2341/2327 2393/2348/2334
f 2395/2341/2327 2386/2346/2332 2393/2348/2334
f 2345/2349/2335 485/2350/444 484/2351/2336
f 2282/2241/2231 484/2351/2336 2236/2278/2268
f 2332/2289/2278 485/2350/444 2346/2352/2337
f 2348/2353/2338 2344/2302/2288 2331/2287/2277
f 2365/2354/2339 2344/2302/2288 2348/2353/2338
f 2337/2291/2280 2330/2355/2340 2331/2287/2277
f 2355/2312/2298 2374/2326/2312 2373/2328/2314
f 2391/2334/2320 2363/2315/2301 2390/2338/2324
f 2347/2308/2294 2351/2307/2293 2346/2352/2337
f 2353/2310/2296 2348/2353/2338 2332/2289/2278
f 2351/2307/2293 2332/2289/2278 2346/2352/2337
f 2386/2346/2332 2368/2320/2306 2369/2325/2311
f 2372/2322/2308 2393/2348/2334 2369/2325/2311
f 2354/2344/2330 2365/2354/2339 2348/2353/2338
f 536/2356/495 2398/2357/2341 535/2358/514
f 2402/2359/2342 541/2360/494 2400/2361/2343
f 540/2362/552 2295/2253/2243 2247/2203/2195
f 541/2360/494 2399/2363/2344 536/2356/495
f 2398/2357/2341 2295/2253/2243 410/2364/385
f 2411/2365/2345 555/2366/499 554/2367/500
f 559/2368/502 2413/2369/2346 2408/2370/2347
f 2414/2371/2348 2402/2359/2342 2400/2361/2343
f 2404/2372/2349 2406/2373/2350 2411/2365/2345
f 2404/2372/2349 554/2367/500 2403/2374/2351
f 2405/2375/2352 2409/2376/2353 2406/2373/2350
f 2406/2373/2350 2414/2371/2348 2412/2377/2354
f 2426/2378/2355 2423/2379/2356 2422/2380/2357
f 2428/2381/2358 2424/2382/2359 2427/2383/2360
f 2427/2383/2360 2424/2382/2359 2423/2379/2356
f 2429/2384/2361 2417/2385/2362 2418/2386/2363
f 2430/2387/2364 2433/2388/2365 2434/2389/2366
f 2435/2390/2367 2437/2391/2368 2436/2392/2369
f 2441/2393/2370 2438/2394/2371 2440/2395/2372
f 2430/2387/2364 2429/2384/2361 2418/2386/2363
f 2437/2391/2368 2438/2394/2371 2436/2392/2369
f 2432/2396/2373 2435/2390/2367 2417/2385/2362
f 2446/2397/2374 2445/2398/2375 2444/2399/2376
f 2450/2400/2377 2451/2401/2378 2449/2402/2379
f 2461/2403/2380 2457/2404/2381 2458/2405/2382
f 2462/2406/2383 2457/2404/2381 2460/2407/2384
f 2451/2401/2378 2463/2408/2385 2458/2405/2382
f 2451/2401/2378 2465/2409/2386 2464/2410/2387
f 2458/2405/2382 2446/2397/2374 2447/2411/2388
f 2459/2412/2389 2446/2397/2374 2457/2404/2381
f 2451/2401/2378 2458/2405/2382 2447/2411/2388
f 2461/2403/2380 2453/2413/2390 2460/2407/2384
f 2443/2414/2391 2449/2402/2379 2442/2415/2392
f 2463/2408/2385 2456/2416/2393 2455/2417/2394
f 2449/2402/2379 2447/2411/2388 2444/2399/2376
f 2463/2408/2385 2454/2418/2395 2461/2403/2380
f 2399/2363/2344 2417/2385/2362 2398/2357/2341
f 2419/2419/2396 2401/2420/2397 2402/2359/2342
f 2398/2357/2341 2294/2254/2244 2295/2253/2243
f 2421/2421/2398 2402/2359/2342 2416/2422/2399
f 2419/2419/2396 2430/2387/2364 2401/2420/2397
f 2419/2419/2396 2442/2415/2392 2431/2423/2400
f 2454/2418/2395 2426/2378/2355 2453/2413/2390
f 2455/2417/2394 2428/2381/2358 2427/2383/2360
f 2455/2417/2394 2427/2383/2360 2454/2418/2395
f 555/2366/499 2400/2361/2343 542/2424/491
f 2462/2406/2383 2439/2425/2401 2441/2393/2370
f 2444/2399/2376 2433/2388/2365 2431/2423/2400
f 2469/2426/2402 581/2427/529 577/2428/531
f 2469/2426/2402 2470/2429/2403 583/2430/2404
f 2344/2302/2288 2469/2426/2402 582/2431/2405
f 2470/2429/2403 2416/2422/2399 2468/2432/2406
f 2380/2433/2407 2472/2434/2408 2378/2435/2409
f 2490/2436/2410 2487/2437/2411 2489/2438/2412
f 2486/2439/2413 2479/2440/2414 2482/2441/2415
f 2488/2442/2416 2484/2443/2417 2487/2437/2411
f 2475/2444/2418 2481/2445/2419 2477/2446/2420
f 2481/2445/2419 2479/2440/2414 2477/2446/2420
f 2498/2447/2421 2493/2448/2422 2494/2449/2423
f 2508/2450/2424 2505/2451/2425 2507/2452/2426
f 2508/2450/2424 2504/2453/2427 2506/2454/2428
f 2499/2455/2429 2494/2449/2423 2492/2456/2430
f 2491/2457/2431 2493/2448/2422 2496/2458/2432
f 2442/2415/2392 2491/2457/2431 2496/2458/2432
f 2507/2452/2426 2501/2459/2433 2503/2460/2434
f 2471/2461/2435 2473/2462/2436 2470/2429/2403
f 2470/2429/2403 2421/2421/2398 2416/2422/2399
f 2365/2354/2339 2471/2461/2435 2344/2302/2288
f 2473/2462/2436 2492/2456/2430 2491/2457/2431
f 2474/2463/2437 2492/2456/2430 2473/2462/2436
f 2421/2421/2398 2491/2457/2431 2442/2415/2392
f 2472/2434/2408 2477/2446/2420 2473/2462/2436
f 2477/2446/2420 2474/2463/2437 2473/2462/2436
f 2277/2464/2438 2511/2465/2439 2510/2466/2440
f 2512/2467/2441 2569/2468/2442 2279/2232/2222
f 2515/2469/2443 2288/2236/2226 2516/2470/2444
f 2524/2471/2445 2526/2472/2446 2523/2473/2447
f 2524/2471/2445 2523/2473/2447 2516/2470/2444
f 2529/2474/2448 2526/2472/2446 2525/2475/2449
f 2528/2476/2450 2529/2474/2448 2527/2477/2451
f 2513/2478/2452 2288/2236/2226 2284/2243/2233
f 2521/2479/2453 2524/2471/2445 2520/2480/2454
f 2524/2471/2445 2513/2478/2452 2520/2480/2454
f 2517/2481/2455 2514/2482/2456 2287/2483/2457
f 2521/2479/2453 2529/2474/2448 2525/2475/2449
f 2514/2482/2456 2529/2474/2448 2522/2484/2458
f 2532/2485/2459 2299/2249/2239 2300/2285/2275
f 2539/2486/2460 2542/2487/2461 2541/2488/2462
f 2532/2485/2459 2539/2486/2460 2531/2489/2463
f 2542/2487/2461 2544/2490/2464 2541/2488/2462
f 2544/2490/2464 2536/2491/2465 2535/2492/2466
f 2299/2249/2239 2530/2493/2467 2297/2247/2237
f 2533/2494/2468 2534/2495/2469 2304/2256/2246
f 2539/2486/2460 2538/2496/2470 2537/2497/2471
f 2539/2486/2460 2530/2493/2467 2531/2489/2463
f 2538/2496/2470 2544/2490/2464 2543/2498/2472
f 2533/2494/2468 2544/2490/2464 2535/2492/2466
f 2510/2466/2440 2564/2499/2473 2509/2500/2474
f 2564/2499/2473 2512/2467/2441 2509/2500/2474
f 2567/2501/2475 2564/2499/2473 2566/2502/2476
f 2572/2503/2477 2567/2501/2475 2568/2504/2478
f 2565/2505/2479 2570/2506/2480 2512/2467/2441
f 2569/2468/2442 2570/2506/2480 2571/2507/2481
f 2572/2503/2477 2573/2508/2482 2567/2501/2475
f 2574/2509/2483 2510/2466/2440 2511/2465/2439
f 2577/2510/2484 2567/2501/2475 2578/2511/2485
f 2576/2512/2486 2579/2513/2487 2566/2502/2476
f 2574/2509/2483 2576/2512/2486 2510/2466/2440
f 2579/2513/2487 2578/2511/2485 2566/2502/2476
f 2582/2514/2488 2584/2515/2489 2581/2516/2490
f 2584/2515/2489 2583/2517/2491 2581/2516/2490
f 2589/2518/2492 2582/2514/2488 2587/2519/2493
f 2588/2520/2494 2589/2518/2492 2587/2519/2493
f 2592/2521/2495 2591/2522/2496 2590/2523/2497
f 2592/2521/2495 2583/2517/2491 2586/2524/2498
f 2597/2525/2499 2584/2515/2489 2585/2526/2500
f 2598/2527/2501 2584/2515/2489 2596/2528/2502
f 2589/2518/2492 2597/2525/2499 2585/2526/2500
f 2589/2518/2492 2600/2529/2503 2599/2530/2504
f 2592/2521/2495 2602/2531/2505 2591/2522/2496
f 2598/2527/2501 2592/2521/2495 2586/2524/2498
f 2602/2531/2505 2595/2532/2506 2594/2533/2507
f 2595/2532/2506 2600/2529/2503 2593/2534/2508
f 2591/2522/2496 2602/2531/2505 2594/2533/2507
f 2569/2468/2442 2521/2479/2453 2520/2480/2454
f 2521/2479/2453 2571/2507/2481 2522/2484/2458
f 2538/2496/2470 2511/2465/2439 2537/2497/2471
f 2538/2496/2470 2575/2535/2509 2574/2509/2483
f 2553/2536/2510 2581/2516/2490 2552/2537/2511
f 2581/2516/2490 2554/2538/2512 2552/2537/2511
f 2587/2519/2493 2555/2539/2513 2556/2540/2514
f 2557/2541/2515 2587/2519/2493 2556/2540/2514
f 2590/2523/2497 2560/2542/2516 2559/2543/2517
f 2590/2523/2497 2558/2544/2518 2583/2517/2491
f 2562/2545/2519 2595/2532/2506 2563/2546/2520
f 2561/2547/2521 2595/2532/2506 2593/2534/2508
f 2582/2514/2488 2553/2536/2510 2555/2539/2513
f 2560/2542/2516 2594/2533/2507 2562/2545/2519
f 2557/2541/2515 2593/2534/2508 2588/2520/2494
f 2281/2548/2522 2530/2493/2467 2511/2465/2439
f 2523/2473/2447 2553/2536/2510 2552/2537/2511
f 2518/2549/2523 2548/2550/2524 2519/2551/2525
f 2529/2474/2448 2555/2539/2513 2526/2472/2446
f 2526/2472/2446 2555/2539/2513 2553/2536/2510
f 2523/2473/2447 2547/2552/2526 2515/2469/2443
f 2548/2550/2524 2528/2476/2450 2519/2551/2525
f 2597/2525/2499 2568/2504/2478 2596/2528/2502
f 2280/2553/2527 2513/2478/2452 2284/2243/2233
f 2569/2468/2442 2513/2478/2452 2280/2553/2527
f 2547/2552/2526 2300/2285/2275 2546/2554/2528
f 2534/2495/2469 2549/2555/2529 2325/2556/2530
f 2540/2557/2531 2554/2538/2512 2542/2487/2461
f 2547/2552/2526 2540/2557/2531 2532/2485/2459
f 2558/2544/2518 2545/2558/2532 2542/2487/2461
f 2545/2558/2532 2549/2555/2529 2536/2491/2465
f 2580/2559/2533 2598/2527/2501 2577/2510/2484
f 2349/2306/2292 2604/2560/2534 2282/2241/2231
f 2282/2241/2231 2604/2560/2534 2345/2349/2335
f 2609/2561/2535 2361/2314/2300 2608/2562/2536
f 2613/2563/2537 2616/2564/2538 2615/2565/2539
f 2613/2563/2537 2609/2561/2535 2608/2562/2536
f 2607/2566/2540 2361/2314/2300 2359/2318/2304
f 2612/2567/2541 2613/2563/2537 2611/2568/2542
f 2613/2563/2537 2607/2566/2540 2611/2568/2542
f 2606/2569/2543 2607/2566/2540 2359/2318/2304
f 2610/2570/2544 2607/2566/2540 2606/2569/2543
f 2368/2320/2306 2618/2571/2545 2617/2572/2546
f 2621/2573/2547 2622/2574/2548 2620/2575/2549
f 2627/2576/2550 2626/2577/2551 2625/2578/2552
f 2627/2576/2550 2624/2579/2553 2619/2580/2554
f 2630/2581/2555 2632/2582/2556 2631/2583/2557
f 2628/2584/2558 2630/2581/2555 2626/2577/2551
f 2621/2573/2547 2629/2585/2559 2623/2586/2560
f 2642/2587/2561 2636/2588/2562 2623/2586/2560
f 2622/2574/2548 2636/2588/2562 2396/2589/2563
f 2637/2590/2564 2641/2591/2565 2638/2592/2566
f 2639/2593/2567 2637/2590/2564 2634/2594/2568
f 2646/2595/2569 2644/2596/2570 2643/2597/2571
f 2644/2596/2570 2645/2598/2572 2642/2587/2561
f 2638/2592/2566 2646/2595/2569 2643/2597/2571
f 2571/2507/2481 2570/2506/2480 2604/2560/2534
f 2604/2560/2534 2570/2506/2480 2605/2599/2573
f 2570/2506/2480 2610/2570/2544 2605/2599/2573
f 2652/2600/2574 2651/2601/2575 2654/2602/2576
f 2650/2603/2577 2610/2570/2544 2570/2506/2480
f 2657/2604/2578 2659/2605/2579 2656/2606/2580
f 2659/2605/2579 2658/2607/2581 2656/2606/2580
f 2662/2608/2582 2658/2607/2581 2661/2609/2583
f 2666/2610/2584 2659/2605/2579 2660/2611/2585
f 2667/2612/2586 2659/2605/2579 2665/2613/2587
f 2662/2608/2582 2670/2614/2588 2663/2615/2589
f 2667/2612/2586 2662/2608/2582 2661/2609/2583
f 2655/2616/2590 2664/2617/2591 2654/2602/2576
f 2668/2618/2592 2667/2612/2586 2664/2617/2591
f 2649/2619/2593 2612/2567/2541 2611/2568/2542
f 2640/2620/2594 2656/2606/2580 2639/2593/2567
f 2656/2606/2580 2641/2591/2565 2639/2593/2567
f 2662/2608/2582 2647/2621/2595 2645/2598/2572
f 2662/2608/2582 2646/2595/2569 2658/2607/2581
f 2653/2622/2596 2648/2623/2597 2572/2503/2477
f 2635/2624/2598 2363/2315/2301 2609/2561/2535
f 2615/2565/2539 2640/2620/2594 2639/2593/2567
f 2615/2565/2539 2639/2593/2567 2609/2561/2535
f 2666/2610/2584 2652/2600/2574 2665/2613/2587
f 2604/2560/2534 2605/2599/2573 2345/2349/2335
f 2634/2594/2568 2368/2320/2306 2633/2625/2599
f 2627/2576/2550 2638/2592/2566 2628/2584/2558
f 2634/2594/2568 2627/2576/2550 2619/2580/2554
f 2643/2597/2571 2632/2582/2556 2628/2584/2558
f 2632/2582/2556 2642/2587/2561 2629/2585/2559
f 2654/2602/2576 2573/2508/2482 2648/2623/2597
f 2651/2601/2575 2565/2505/2479 2573/2508/2482
f 2294/2254/2244 2671/2626/2600 2303/2251/2241
f 2294/2254/2244 2672/2627/2601 2575/2535/2509
f 2674/2628/2602 2426/2378/2355 2673/2629/2603
f 2682/2630/2604 2686/2631/2605 2681/2632/2606
f 2686/2631/2605 2680/2633/2607 2681/2632/2606
f 2678/2634/2608 2676/2635/2609 2675/2636/2610
f 2684/2637/2611 2689/2638/2612 2687/2639/2613
f 2683/2640/2614 2689/2638/2612 2685/2641/2615
f 2684/2637/2611 2687/2639/2613 2682/2630/2604
f 2677/2642/2616 2674/2628/2602 2680/2633/2607
f 2676/2635/2609 2688/2643/2617 2683/2640/2614
f 2420/2644/2618 2690/2645/2619 2672/2627/2601
f 2693/2646/2620 2438/2394/2371 2439/2425/2401
f 2696/2647/2621 2699/2648/2622 2698/2649/2623
f 2693/2646/2620 2696/2647/2621 2692/2650/2624
f 2420/2644/2618 2691/2651/2625 2690/2645/2619
f 2691/2651/2625 2722/2652/2626 2690/2645/2619
f 2438/2394/2371 2691/2651/2625 2436/2392/2369
f 2696/2647/2621 2695/2653/2627 2694/2654/2628
f 2696/2647/2621 2691/2651/2625 2692/2650/2624
f 2678/2634/2608 2702/2655/2629 2679/2656/2630
f 2702/2655/2629 2688/2643/2617 2679/2656/2630
f 2703/2657/2631 2700/2658/2632 2701/2659/2633
f 2706/2660/2634 2711/2661/2635 2710/2662/2636
f 2706/2660/2634 2703/2657/2631 2705/2663/2637
f 2709/2664/2638 2714/2665/2639 2708/2666/2640
f 2713/2667/2641 2709/2664/2638 2688/2643/2617
f 2707/2668/2642 2714/2665/2639 2711/2661/2635
f 2705/2663/2637 2703/2657/2631 2701/2659/2633
f 2716/2669/2643 2580/2559/2533 2578/2511/2485
f 2717/2670/2644 2719/2671/2645 2580/2559/2533
f 2726/2672/2646 2728/2673/2647 2725/2674/2648
f 2728/2673/2647 2727/2675/2649 2725/2674/2648
f 2735/2676/2650 2728/2673/2647 2729/2677/2651
f 2736/2678/2652 2728/2673/2647 2734/2679/2653
f 2731/2680/2654 2735/2676/2650 2729/2677/2651
f 2731/2680/2654 2738/2681/2655 2737/2682/2656
f 2735/2676/2650 2733/2683/2657 2734/2679/2653
f 2735/2676/2650 2777/2684/2658 2733/2683/2657
f 2695/2653/2627 2723/2685/2659 2694/2654/2628
f 2711/2661/2635 2725/2674/2648 2710/2662/2636
f 2725/2674/2648 2712/2686/2660 2710/2662/2636
f 2731/2680/2654 2714/2665/2639 2713/2667/2641
f 2715/2687/2661 2731/2680/2654 2713/2667/2641
f 2726/2672/2646 2711/2661/2635 2714/2665/2639
f 2722/2652/2626 2579/2513/2487 2576/2512/2486
f 2701/2659/2633 2426/2378/2355 2677/2642/2616
f 2686/2631/2605 2707/2668/2642 2706/2660/2634
f 2686/2631/2605 2705/2663/2637 2677/2642/2616
f 2689/2638/2612 2708/2666/2640 2687/2639/2613
f 2687/2639/2613 2708/2666/2640 2707/2668/2642
f 2703/2657/2631 2439/2425/2401 2460/2407/2384
f 2697/2688/2662 2712/2686/2660 2699/2648/2622
f 2703/2657/2631 2697/2688/2662 2693/2646/2620
f 2733/2683/2657 2717/2670/2644 2724/2689/2663
f 2744/2690/2664 2487/2437/2411 2742/2691/2665
f 2749/2692/2666 2752/2693/2667 2750/2694/2668
f 2749/2692/2666 2744/2690/2664 2742/2691/2665
f 2746/2695/2669 2751/2696/2670 2749/2692/2666
f 2746/2695/2669 2749/2692/2666 2745/2697/2671
f 2753/2698/2672 2754/2699/2673 2704/2700/2674
f 2756/2701/2675 2753/2698/2672 2506/2454/2428
f 2756/2701/2675 2762/2702/2676 2755/2703/2677
f 2756/2701/2675 2500/2704/2678 2499/2455/2429
f 2760/2705/2679 2762/2702/2676 2761/2706/2680
f 2755/2703/2677 2760/2705/2679 2759/2707/2681
f 2755/2703/2677 2759/2707/2681 2754/2699/2673
f 2758/2708/2682 2756/2701/2675 2499/2455/2429
f 2766/2709/2683 2719/2671/2645 2765/2710/2684
f 2768/2711/2685 2743/2712/2686 2748/2713/2687
f 2769/2714/2688 2768/2711/2685 2748/2713/2687
f 2771/2715/2689 2668/2618/2592 2655/2616/2590
f 2772/2716/2690 2766/2709/2683 2767/2717/2691
f 2770/2718/2692 2772/2716/2690 2768/2711/2685
f 2775/2719/2693 2757/2720/2694 2764/2721/2695
f 2778/2722/2696 2765/2710/2684 2780/2723/2697
f 2778/2722/2696 2775/2719/2693 2764/2721/2695
f 2778/2722/2696 2776/2724/2698 2775/2719/2693
f 2752/2693/2667 2748/2713/2687 2750/2694/2668
f 2774/2725/2699 2763/2726/2700 2758/2708/2682
f 2739/2727/2701 2499/2455/2429 2474/2463/2437
f 2765/2710/2684 2719/2671/2645 2777/2684/2658
f 2778/2722/2696 2764/2721/2695 2767/2717/2691
f 2743/2712/2686 2739/2727/2701 2474/2463/2437
f 2768/2711/2685 2739/2727/2701 2743/2712/2686
f 2771/2715/2689 2655/2616/2590 2719/2671/2645
f 2767/2717/2691 2764/2721/2695 2768/2711/2685
f 2221/2234/2224 2277/2464/2438 2509/2500/2474
f 2292/2238/2228 2518/2549/2523 2517/2481/2455
f 2305/2252/2242 2534/2495/2469 2306/2286/2276
f 2546/2554/2528 2300/2285/2275 2319/2263/2253
f 2546/2554/2528 2290/2237/2227 2515/2469/2443
f 2368/2320/2306 2617/2572/2546 2366/2321/2307
f 2620/2575/2549 2372/2322/2308 2371/2324/2310
f 2635/2624/2598 2385/2345/2331 2390/2338/2324
f 2345/2349/2335 2605/2599/2573 2350/2728/2702
f 2633/2625/2599 2368/2320/2306 2385/2345/2331
f 2372/2322/2308 2622/2574/2548 2394/2347/2333
f 2673/2629/2603 2426/2378/2355 2422/2380/2357
f 2428/2381/2358 2675/2636/2610 2425/2729/2703
f 2460/2407/2384 2453/2413/2390 2700/2658/2632
f 2456/2416/2393 2704/2700/2674 2678/2634/2608
f 2740/2730/2704 2484/2443/2417 2483/2731/2705
f 2744/2690/2664 2478/2732/2706 2486/2439/2413
f 2487/2437/2411 2484/2443/2417 2740/2730/2704
f 2753/2698/2672 2501/2459/2433 2505/2451/2425
f 2743/2712/2686 2474/2463/2437 2478/2732/2706
f 421/2206/388 540/2362/552 2243/2205/2196
f 2259/2209/2199 2404/2372/2349 2258/2210/2200
f 2404/2372/2349 2256/2284/2274 2258/2210/2200
f 2262/2221/2211 2410/2733/2707 2409/2376/2353
f 2260/2295/2282 2410/2733/2707 2263/2223/2213
f 2262/2221/2211 2405/2375/2352 2259/2209/2199
f 2422/2380/2357 2326/2267/2257 2325/2556/2530
f 2425/2729/2703 2328/2270/2260 2424/2382/2359
f 2423/2379/2356 2328/2270/2260 2326/2267/2257
f 2303/2251/2241 2533/2494/2468 2304/2256/2246
f 2533/2494/2468 2671/2626/2600 2543/2498/2472
f 2549/2555/2529 2673/2629/2603 2325/2556/2530
f 2560/2542/2516 2681/2632/2606 2559/2543/2517
f 2681/2632/2606 2549/2555/2529 2559/2543/2517
f 2675/2636/2610 2551/2734/2708 2550/2735/2709
f 2562/2545/2519 2685/2641/2615 2684/2637/2611
f 2551/2734/2708 2685/2641/2615 2563/2546/2520
f 2562/2545/2519 2682/2630/2604 2560/2542/2516
f 2718/2736/2710 2602/2531/2505 2601/2737/2711
f 2720/2738/2712 2602/2531/2505 2718/2736/2710
f 2466/2300/2286 504/2299/453 2343/2739/2713
f 2382/2331/2317 2380/2433/2407 2381/2332/2318
f 2483/2731/2705 2397/2339/2325 2396/2589/2563
f 2719/2671/2645 2653/2622/2596 2720/2738/2712
f 2655/2616/2590 2648/2623/2597 2719/2671/2645
f 2636/2588/2562 2740/2730/2704 2396/2589/2563
f 2647/2621/2595 2746/2695/2669 2645/2598/2572
f 2745/2697/2671 2636/2588/2562 2645/2598/2572
f 2771/2715/2689 2670/2614/2588 2669/2740/2714
f 399/2193/371 2235/2190/2185 480/2741/440
f 2334/2303/2289 2255/2218/2208 2254/2217/2207
f 2334/2303/2289 2252/2280/2270 2333/2304/2290
f 2261/2224/2214 2340/2296/2283 2263/2223/2213
f 2323/2275/2265 2366/2321/2307 2322/2264/2254
f 2371/2324/2310 2327/2272/2262 2329/2742/2715
f 2327/2272/2262 2367/2319/2305 2323/2275/2265
f 2468/2432/2406 559/2368/502 2467/2743/2716
f 2416/2422/2399 2414/2371/2348 2468/2432/2406
f 2443/2414/2391 2450/2400/2377 2449/2402/2379
f 2465/2409/2386 2501/2459/2433 2464/2410/2387
f 2514/2482/2456 2349/2306/2292 2287/2483/2457
f 2514/2482/2456 2571/2507/2481 2349/2306/2292
f 2617/2572/2546 2548/2550/2524 2518/2549/2523
f 2551/2734/2708 2620/2575/2549 2550/2735/2709
f 2625/2578/2552 2557/2541/2515 2556/2540/2514
f 2625/2578/2552 2528/2476/2450 2624/2579/2553
f 2561/2547/2521 2631/2583/2557 2563/2546/2520
f 2551/2734/2708 2631/2583/2557 2629/2585/2559
f 2626/2577/2551 2561/2547/2521 2557/2541/2515
f 2624/2579/2553 2548/2550/2524 2618/2571/2545
f 2551/2734/2708 2629/2585/2559 2621/2573/2547
f 2600/2529/2503 2653/2622/2596 2599/2530/2504
f 2653/2622/2596 2600/2529/2503 2603/2744/2717
f 2760/2705/2679 2715/2687/2661 2713/2667/2641
f 2760/2705/2679 2713/2667/2641 2759/2707/2681
f 2759/2707/2681 2702/2655/2629 2754/2699/2673
f 2738/2681/2655 2779/2745/2718 2737/2682/2656
f 2366/2321/2307 2518/2549/2523 2322/2264/2254
f 2550/2735/2709 2371/2324/2310 2329/2742/2715
f 2501/2459/2433 2704/2700/2674 2464/2410/2387
f 2425/2729/2703 2550/2735/2709 2329/2742/2715
f 2781/2746/2719 956/2747/920 952/2748/908
f 2787/2749/2720 958/2750/912 953/2751/911
f 2785/2752/2721 964/2753/917 963/2754/919
f 960/2755/916 2781/2746/2719 952/2748/908
f 2785/2752/2721 958/2750/912 2783/2756/2722
f 2782/2757/2723 953/2751/911 956/2747/920
f 2790/2758/2724 974/2759/922 975/2760/2725
f 2793/2761/2726 2796/2762/2727 2795/2763/2728
f 2792/2764/2729 2793/2761/2726 980/2765/941
f 984/2766/929 2799/2767/2730 2797/2768/2731
f 2801/2769/2732 2799/2767/2730 2795/2763/2728
f 2799/2767/2730 2800/2770/2733 2797/2768/2731
f 2804/2771/2734 2803/2772/2735 2794/2773/2736
f 2808/2774/2737 2806/2775/2738 2807/2776/2739
f 2798/2777/2740 2947/2778/2741 2805/2779/2742
f 2791/2780/2743 2798/2777/2740 2789/2781/2744
f 2790/2758/2724 2795/2763/2728 2791/2780/2743
f 980/2765/941 2790/2758/2724 975/2760/2725
f 2795/2763/2728 2799/2767/2730 2791/2780/2743
f 2803/2772/2735 2801/2769/2732 2796/2762/2727
f 2356/2316/2302 2810/2782/2745 2826/2783/2746
f 2364/2313/2299 2813/2784/2747 2362/2785/2748
f 2813/2784/2747 2360/2317/2303 2362/2785/2748
f 2352/2309/2295 2810/2782/2745 2356/2316/2302
f 2815/2786/2749 2816/2787/2750 2782/2757/2723
f 2819/2788/2751 2906/2789/2752 2818/2790/2753
f 2809/2791/2754 2818/2790/2753 2816/2787/2750
f 2824/2792/2755 2374/2326/2312 2823/2793/2756
f 2810/2782/2745 2827/2794/2757 2826/2783/2746
f 2382/2331/2317 2830/2795/2758 2828/2796/2759
f 2827/2794/2757 2830/2795/2758 2825/2797/2760
f 2832/2798/2761 2834/2799/2762 2388/2336/2322
f 2832/2798/2761 2836/2800/2763 2835/2801/2764
f 2840/2802/2765 2830/2795/2758 2829/2803/2766
f 2830/2795/2758 2839/2804/2767 2833/2805/2768
f 2824/2792/2755 2388/2336/2322 2376/2343/2329
f 2824/2792/2755 2833/2805/2768 2832/2798/2761
f 2830/2795/2758 2833/2805/2768 2825/2797/2760
f 2827/2794/2757 2825/2797/2760 2823/2793/2756
f 2842/2806/2769 2838/2807/2770 2836/2800/2763
f 2836/2800/2763 2837/2808/2771 2835/2801/2764
f 2843/2809/2772 2839/2804/2767 2841/2810/2773
f 2845/2811/2774 2804/2771/2734 2846/2812/2775
f 2847/2813/2776 2808/2774/2737 2807/2776/2739
f 2850/2814/2777 2849/2815/2778 2838/2807/2770
f 2851/2816/2779 2852/2817/2780 2850/2814/2777
f 2851/2816/2779 2846/2812/2775 2853/2818/2781
f 2857/2819/2782 2848/2820/2783 2847/2813/2776
f 2857/2819/2782 2850/2814/2777 2856/2821/2784
f 2855/2822/2785 2856/2821/2784 2854/2823/2786
f 2856/2821/2784 2850/2814/2777 2854/2823/2786
f 2847/2813/2776 2845/2811/2774 2851/2816/2779
f 2782/2757/2723 2816/2787/2750 2787/2749/2720
f 2781/2746/2719 2817/2824/2787 2815/2786/2749
f 2805/2779/2742 2817/2824/2787 2788/2825/2788
f 2845/2811/2774 2807/2776/2739 2803/2772/2735
f 2826/2783/2746 2374/2326/2312 2357/2311/2297
f 2834/2799/2762 2814/2826/2789 2364/2313/2299
f 2786/2827/2790 2792/2764/2729 964/2753/917
f 2784/2828/2791 2789/2781/2744 2788/2825/2788
f 2352/2309/2295 2809/2791/2754 2815/2786/2749
f 2352/2309/2295 2817/2824/2787 2810/2782/2745
f 2810/2782/2745 2844/2829/2792 2831/2830/2793
f 2838/2807/2770 2849/2815/2778 2837/2808/2771
f 2855/2822/2785 2842/2806/2769 2843/2809/2772
f 2785/2752/2721 2862/2831/2794 2786/2827/2790
f 2863/2832/2795 2862/2831/2794 2861/2833/2796
f 1023/2834/975 2863/2832/2795 1022/2835/976
f 2865/2836/2797 2859/2837/2798 2783/2756/2722
f 2859/2837/2798 2865/2836/2797 2860/2838/2799
f 2859/2837/2798 2785/2752/2721 2783/2756/2722
f 2859/2837/2798 2863/2832/2795 2861/2833/2796
f 1017/2839/979 2863/2832/2795 2860/2838/2799
f 1026/2840/1011 2867/2841/2800 1024/2842/978
f 2870/2843/2801 2869/2844/2802 991/2845/951
f 2888/2846/2803 2887/2847/2804 2876/2848/2805
f 2880/2849/2806 2891/2850/2807 2881/2851/2808
f 2872/2852/2809 2882/2853/2810 2871/2854/2811
f 2885/2855/2812 2872/2852/2809 2874/2856/2813
f 2875/2857/2814 2885/2855/2812 2874/2856/2813
f 2879/2858/2815 2881/2851/2808 2889/2859/2816
f 2887/2847/2804 2890/2860/2817 2880/2849/2806
f 2879/2858/2815 2886/2861/2818 2875/2857/2814
f 2893/2862/2819 2894/2863/2820 2892/2864/2821
f 2893/2862/2819 1048/2865/998 1049/2866/2822
f 2901/2867/2823 2897/2868/2824 2896/2869/2825
f 2903/2870/2826 2897/2868/2824 2901/2867/2823
f 2893/2862/2819 2897/2868/2824 2895/2871/2827
f 1052/2872/1004 2893/2862/2819 1049/2866/2822
f 2897/2868/2824 2899/2873/2828 2895/2871/2827
f 2899/2873/2828 1056/2874/1006 2898/2875/2829
f 2906/2789/2752 2907/2876/2830 2905/2877/2831
f 2911/2878/2832 2909/2879/2833 2822/2880/2834
f 2911/2878/2832 2912/2881/2835 2910/2882/2836
f 2816/2787/2750 2905/2877/2831 2904/2883/2837
f 2909/2879/2833 2907/2876/2830 2906/2789/2752
f 2912/2881/2835 2907/2876/2830 2910/2882/2836
f 2904/2883/2837 2916/2884/2838 2867/2841/2800
f 2916/2884/2838 2868/2885/2839 2867/2841/2800
f 2888/2846/2803 2923/2886/2840 2887/2847/2804
f 2925/2887/2841 2891/2850/2807 2890/2860/2817
f 2928/2888/2842 2846/2812/2775 2927/2889/2843
f 2929/2890/2844 2931/2891/2845 2927/2889/2843
f 2922/2892/2846 2933/2893/2847 2923/2886/2840
f 2934/2894/2848 2926/2895/2849 2925/2887/2841
f 2926/2895/2849 2932/2896/2850 2930/2897/2851
f 2927/2889/2843 2918/2898/2852 2919/2899/2853
f 2920/2900/2854 2927/2889/2843 2919/2899/2853
f 2920/2900/2854 2930/2897/2851 2929/2890/2844
f 2926/2895/2849 2930/2897/2851 2924/2901/2855
f 2923/2886/2840 2890/2860/2817 2887/2847/2804
f 2933/2893/2847 2925/2887/2841 2923/2886/2840
f 2938/2902/2856 2937/2903/2857 2936/2904/2858
f 2942/2905/2859 2940/2906/2860 2941/2907/2861
f 2944/2908/2862 2938/2902/2856 2943/2909/2863
f 2942/2905/2859 2945/2910/2864 2940/2906/2860
f 3016/2911/2865 2902/2912/2866 2935/2913/2867
f 2942/2905/2859 2937/2903/2857 2939/2914/2868
f 2944/2908/2862 2942/2905/2859 2939/2914/2868
f 2883/2915/2869 2918/2898/2852 2882/2853/2810
f 2920/2900/2854 2884/2916/2870 2885/2855/2812
f 2886/2861/2818 2920/2900/2854 2885/2855/2812
f 2889/2859/2816 2891/2850/2807 2924/2901/2855
f 2919/2899/2853 2883/2915/2869 2884/2916/2870
f 2889/2859/2816 2921/2917/2871 2886/2861/2818
f 2935/2913/2867 2902/2912/2866 2870/2843/2801
f 2786/2827/2790 2872/2852/2809 2871/2854/2811
f 2864/2918/2872 2872/2852/2809 2862/2831/2794
f 2873/2919/2873 2864/2918/2872 1023/2834/975
f 2931/2891/2845 2913/2920/2874 2911/2878/2832
f 2870/2843/2801 2901/2867/2823 2869/2844/2802
f 1017/2839/979 2866/2921/2875 1026/2840/1011
f 2892/2864/2821 2875/2857/2814 2874/2856/2813
f 2892/2864/2821 2873/2919/2873 1048/2865/998
f 2879/2858/2815 2899/2873/2828 2881/2851/2808
f 2878/2922/2876 2899/2873/2828 2898/2875/2829
f 2875/2857/2814 2894/2863/2820 2879/2858/2815
f 2932/2896/2850 2936/2904/2858 2929/2890/2844
f 2943/2909/2863 2932/2896/2850 2934/2894/2848
f 2949/2923/2877 1090/2924/2878 2948/2925/2879
f 1093/2926/2880 2950/2927/2881 1092/2928/1042
f 1099/2929/1036 2951/2930/2882 1096/2931/1037
f 2949/2923/2877 1099/2929/1036 1098/2932/1040
f 2955/2933/2883 2953/2934/2884 1094/2935/1033
f 2953/2934/2884 2954/2936/2885 2950/2927/2881
f 2950/2927/2881 2805/2779/2742 1088/2937/2886
f 2949/2923/2877 1098/2932/1040 1091/2938/1044
f 2955/2933/2883 1094/2935/1033 2951/2930/2882
f 2957/2939/2887 2482/2441/2415 2481/2445/2419
f 2960/2940/2888 2840/2802/2765 2485/2941/2889
f 2490/2436/2410 2962/2942/2890 2488/2442/2416
f 2488/2442/2416 2960/2940/2888 2485/2941/2889
f 2831/2830/2793 2958/2943/2891 2956/2944/2892
f 2958/2943/2891 2957/2939/2887 2480/2945/2893
f 2970/2946/2894 2971/2947/2895 2969/2948/2896
f 2971/2947/2895 2976/2949/2897 2975/2950/2898
f 2971/2947/2895 2977/2951/2899 2973/2952/2900
f 2980/2953/2901 2979/2954/2902 2978/2955/2903
f 2987/2956/2904 2986/2957/2905 2985/2958/2906
f 2984/2959/2907 2987/2956/2904 2985/2958/2906
f 2994/2960/2908 2991/2961/2909 2993/2962/2910
f 2994/2960/2908 2989/2963/2911 2992/2964/2912
f 2973/2952/2900 2982/2965/2913 2969/2948/2896
f 2990/2966/2914 2980/2953/2901 2989/2963/2911
f 2972/2967/2915 2974/2968/2916 2976/2949/2897
f 2993/2962/2910 2986/2957/2905 2988/2969/2917
f 2964/2970/2918 2953/2934/2884 2955/2933/2883
f 2954/2936/2885 2844/2829/2792 2805/2779/2742
f 2969/2948/2896 2965/2971/2919 2964/2970/2918
f 2966/2972/2920 2970/2946/2894 2964/2970/2918
f 2954/2936/2885 2957/2939/2887 2958/2943/2891
f 2965/2971/2919 2957/2939/2887 2964/2970/2918
f 2844/2829/2792 2958/2943/2891 2831/2830/2793
f 2995/2973/2921 2996/2974/2922 2948/2925/2879
f 2996/2974/2922 3002/2975/2923 3001/2976/2924
f 3003/2977/2925 3002/2975/2923 3000/2978/2926
f 1134/2979/1086 3003/2977/2925 2997/2980/2927
f 3005/2981/2928 3001/2976/2924 3006/2982/2929
f 3006/2982/2929 3002/2975/2923 3004/2983/2930
f 2999/2984/2931 3000/2978/2926 2998/2985/2932
f 2998/2985/2932 3000/2978/2926 2995/2973/2921
f 1140/2986/1083 3005/2981/2928 3006/2982/2929
f 2902/2912/2866 1139/2987/1101 2903/2870/2826
f 3007/2988/2933 1140/2986/1083 1138/2989/1081
f 2902/2912/2866 1141/2990/1082 1135/2991/1002
f 3013/2992/2934 3011/2993/2935 3010/2994/2936
f 3015/2995/2937 3011/2993/2935 3014/2996/2938
f 3023/2997/2939 3024/2998/2940 3021/2999/2941
f 3028/3000/2942 3023/2997/2939 3026/3001/2943
f 3027/3002/2944 3028/3000/2942 3026/3001/2943
f 3034/3003/2945 3024/2998/2940 3033/3004/2946
f 3035/3005/2947 3037/3006/2948 3033/3004/2946
f 3035/3005/2947 3038/3007/2949 3037/3006/2948
f 3033/3004/2946 3024/2998/2940 3025/3008/2950
f 3028/3000/2942 3033/3004/2946 3025/3008/2950
f 3028/3000/2942 3036/3009/2951 3035/3005/2947
f 3037/3006/2948 3032/3010/2952 3031/3011/2953
f 3022/3012/2954 3023/2997/2939 3021/2999/2941
f 3020/3013/2955 3039/3014/2956 3022/3012/2954
f 3039/3014/2956 3041/3015/2957 3022/3012/2954
f 3047/3016/2958 3046/3017/2959 3045/3018/2960
f 3050/3019/2961 3044/3020/2962 3049/3021/2963
f 3040/3022/2964 3042/3023/2965 3039/3014/2956
f 3050/3019/2961 3046/3017/2959 3048/3024/2966
f 3044/3020/2962 3043/3025/2967 3017/3026/2968
f 3008/3027/2969 3009/3028/2970 3005/2981/2928
f 3017/3026/2968 3007/2988/2933 1141/2990/1082
f 3016/2911/2865 1141/2990/1082 2902/2912/2866
f 3031/3011/2953 3013/2992/2934 3030/3029/2971
f 3031/3011/2953 3015/2995/2937 3014/2996/2938
f 3009/3028/2970 3020/3013/2955 2966/2972/2920
f 3009/3028/2970 3039/3014/2956 3020/3013/2955
f 3017/3026/2968 3040/3022/2964 3018/3030/2972
f 3008/3027/2969 3040/3022/2964 3039/3014/2956
f 3006/2982/2929 1134/2979/1086 1136/3031/1085
f 3022/3012/2954 3027/3002/2944 3026/3001/2943
f 3038/3007/2949 3045/3018/2960 3037/3006/2948
f 2813/2784/2747 3055/3032/2973 3054/3033/2974
f 3058/3034/2975 2616/2564/2538 2614/3035/2976
f 3055/3032/2973 3058/3034/2975 3054/3033/2974
f 2813/2784/2747 3051/3036/2977 2811/3037/2978
f 2612/2567/2541 3058/3034/2975 2614/3035/2976
f 3051/3036/2977 3058/3034/2975 3056/3038/2979
f 3051/3036/2977 3052/3039/2980 2811/3037/2978
f 3051/3036/2977 3057/3040/2981 3052/3039/2980
f 2819/2788/2751 3060/3041/2982 2820/3042/2983
f 3061/3043/2984 2821/3044/2985 3062/3045/2986
f 3065/3046/2987 3064/3047/2988 3062/3045/2986
f 3105/3048/2989 3060/3041/2982 2819/2788/2751
f 3060/3041/2982 2821/3044/2985 2820/3042/2983
f 3065/3046/2987 3060/3041/2982 3063/3049/2990
f 3105/3048/2989 2819/2788/2751 2818/2790/2753
f 3078/3050/2991 3084/3051/2992 3082/3052/2993
f 3069/3053/2994 3070/3054/2995 2841/2810/2773
f 3076/3055/2996 3074/3056/2997 3072/3057/2998
f 3076/3055/2996 3072/3057/2998 3075/3058/2999
f 3079/3059/3000 3084/3051/2992 3081/3060/3001
f 3077/3061/3002 3079/3059/3000 3074/3056/2997
f 3075/3058/2999 3066/3062/3003 3068/3063/3004
f 3069/3053/2994 3078/3050/2991 3071/3064/3005
f 3088/3065/3006 2852/2817/2780 2853/2818/2781
f 3095/3066/3007 3097/3067/3008 3096/3068/3009
f 3088/3065/3006 3095/3066/3007 3087/3069/3010
f 3100/3070/3011 3098/3071/3012 3082/3052/2993
f 3097/3067/3008 3101/3072/3013 3096/3068/3009
f 3101/3072/3013 3092/3073/3014 3098/3071/3012
f 3082/3052/2993 3090/3074/3015 3071/3064/3005
f 3098/3071/3012 3092/3073/3014 3090/3074/3015
f 3087/3069/3010 3085/3075/3016 2852/2817/2780
f 3089/3076/3017 3090/3074/3015 3091/3077/3018
f 3093/3078/3019 3096/3068/3009 3094/3079/3020
f 3087/3069/3010 3093/3078/3019 3086/3080/3021
f 3096/3068/3009 3100/3070/3011 3099/3081/3022
f 3094/3079/3020 3096/3068/3009 3099/3081/3022
f 3057/3040/2981 3102/3082/3023 3053/3083/3024
f 2652/2600/2574 3103/3084/3025 2651/2601/2575
f 2649/2619/2593 3102/3082/3023 3057/3040/2981
f 2610/2570/2544 2650/2603/2577 3102/3082/3023
f 3053/3083/3024 3102/3082/3023 3105/3048/2989
f 3107/3085/3026 3108/3086/3027 3103/3084/3025
f 3108/3086/3027 3106/3087/3028 3103/3084/3025
f 3112/3088/3029 2657/2604/2578 3110/3089/3030
f 3111/3090/3031 3112/3088/3029 3110/3089/3030
f 3111/3090/3031 3115/3091/3032 3113/3092/3033
f 3112/3088/3029 2666/2610/2584 2660/2611/2585
f 3112/3088/3029 3117/3093/3034 3116/3094/3035
f 2670/2614/2588 3115/3091/3032 3114/3095/3036
f 3115/3091/3032 3117/3093/3034 3113/3092/3033
f 3117/3093/3034 3104/3096/3037 3116/3094/3035
f 3118/3097/3038 3117/3093/3034 3120/3098/3039
f 3123/3099/3040 3122/3100/3041 3121/3101/3042
f 3126/3102/3043 3122/3100/3041 3124/3103/3044
f 3129/3104/3045 3123/3099/3040 3128/3105/3046
f 3129/3104/3045 3126/3102/3043 3124/3103/3044
f 3130/3106/3047 3129/3104/3045 3128/3105/3046
f 3127/3107/3048 3130/3106/3047 3107/3085/3026
f 2612/2567/2541 2649/2619/2593 3056/3038/2979
f 3110/3089/3030 3073/3108/3049 3072/3057/2998
f 3074/3056/2997 3110/3089/3030 3072/3057/2998
f 3080/3109/3050 3115/3091/3032 3081/3060/3001
f 3079/3059/3000 3115/3091/3032 3111/3090/3031
f 3121/3101/3042 3097/3067/3008 3095/3066/3007
f 3125/3110/3051 3097/3067/3008 3122/3100/3041
f 2814/2826/2789 3066/3062/3003 3055/3032/2973
f 3059/3111/3052 3073/3108/3049 2616/2564/2538
f 3072/3057/2998 3059/3111/3052 3055/3032/2973
f 2666/2610/2584 3104/3096/3037 2652/2600/2574
f 3064/3047/2988 3088/3065/3006 3061/3043/2984
f 3085/3075/3016 3068/3063/3004 3067/3112/3053
f 3071/3064/3005 3089/3076/3017 3070/3054/2995
f 3093/3078/3019 3077/3061/3002 3076/3055/2996
f 3093/3078/3019 3075/3058/2999 3086/3080/3021
f 3083/3113/3054 3100/3070/3011 3084/3051/2992
f 3094/3079/3020 3083/3113/3054 3077/3061/3002
f 3103/3084/3025 3106/3087/3028 2650/2603/2577
f 3119/3114/3055 3107/3085/3026 3104/3096/3037
f 2912/2881/2835 3133/3115/3056 3134/3116/3057
f 3065/3046/2987 3139/3117/3058 3138/3118/3059
f 3141/3119/3060 3139/3117/3058 3137/3120/3061
f 3140/3121/3062 3141/3119/3060 3134/3116/3057
f 3135/3122/3063 3065/3046/2987 3063/3049/2990
f 2912/2881/2835 3132/3123/3064 2908/3124/3065
f 3135/3122/3063 3141/3119/3060 3137/3120/3061
f 3132/3123/3064 3141/3119/3060 3136/3125/3066
f 3144/3126/3067 2914/3127/3068 3143/3128/3069
f 3145/3129/3070 3146/3130/3071 2916/2884/2838
f 2937/2903/2857 3157/3131/3072 2936/2904/2858
f 3165/3132/3073 3166/3133/3074 3164/3134/3075
f 3165/3132/3073 3157/3131/3072 3158/3135/3076
f 3166/3133/3074 3171/3136/3077 3170/3137/3078
f 3161/3138/3079 3171/3136/3077 3162/3139/3080
f 3159/3140/3081 2937/2903/2857 2941/2907/2861
f 3160/3141/3082 3163/3142/3083 2946/3143/3084
f 3165/3132/3073 3169/3144/3085 3167/3145/3086
f 3159/3140/3081 3165/3132/3073 3158/3135/3076
f 3169/3144/3085 3171/3136/3077 3167/3145/3086
f 3171/3136/3077 3163/3142/3083 3162/3139/3080
f 3173/3146/3087 3146/3130/3071 3145/3129/3070
f 3175/3147/3088 3174/3148/3089 3108/3086/3027
f 3102/3082/3023 3106/3087/3028 3146/3130/3071
f 3174/3148/3089 3176/3149/3090 3106/3087/3028
f 3176/3149/3090 3143/3128/3069 3142/3150/3091
f 3146/3130/3071 3176/3149/3090 3142/3150/3091
f 3178/3151/3092 3179/3152/3093 3121/3101/3042
f 3182/3153/3094 3178/3151/3092 3180/3154/3095
f 3181/3155/3096 3182/3153/3094 3180/3154/3095
f 3185/3156/3097 3184/3157/3098 3154/3158/3099
f 3184/3157/3098 3188/3159/3100 3186/3160/3101
f 3181/3155/3096 3188/3159/3100 3183/3161/3102
f 3182/3153/3094 3191/3162/3103 3190/3163/3104
f 3193/3164/3105 3188/3159/3100 3187/3165/3106
f 3188/3159/3100 3191/3162/3103 3183/3161/3102
f 3182/3153/3094 3189/3166/3107 3179/3152/3093
f 3192/3167/3108 3187/3165/3106 3185/3156/3097
f 3143/3128/3069 3194/3168/3109 3144/3126/3067
f 3197/3169/3110 3175/3147/3088 3198/3170/3111
f 3196/3171/3112 3194/3168/3109 3143/3128/3069
f 3197/3169/3110 3177/3172/3113 3174/3148/3089
f 3173/3146/3087 3135/3122/3063 3063/3049/2990
f 3135/3122/3063 3145/3129/3070 3136/3125/3066
f 3151/3173/3114 3121/3101/3042 3138/3118/3059
f 3180/3154/3095 3151/3173/3114 3152/3174/3115
f 3153/3175/3116 3180/3154/3095 3152/3174/3115
f 3155/3176/3117 3186/3160/3101 3156/3177/3118
f 3153/3175/3116 3186/3160/3101 3181/3155/3096
f 3144/3126/3067 3169/3144/3085 3168/3178/3119
f 3195/3179/3120 3169/3144/3085 3194/3168/3109
f 3140/3121/3062 3151/3173/3114 3139/3117/3058
f 3148/3180/3121 3140/3121/3062 3133/3115/3056
f 3189/3166/3107 3175/3147/3088 3109/3181/3122
f 3159/3140/3081 2917/3182/3123 3144/3126/3067
f 3132/3123/3064 2915/3183/3124 2908/3124/3065
f 3132/3123/3064 3145/3129/3070 2915/3183/3124
f 2936/2904/2858 3148/3180/3121 3147/3184/3125
f 3150/3185/3126 3160/3141/3082 3149/3186/3127
f 3164/3134/3075 3153/3175/3116 3152/3174/3115
f 3164/3134/3075 3148/3180/3121 3157/3131/3072
f 3153/3175/3116 3170/3137/3078 3156/3177/3118
f 3150/3185/3126 3170/3137/3078 3161/3138/3079
f 3191/3162/3103 3175/3147/3088 3190/3163/3104
f 3198/3170/3111 3191/3162/3103 3193/3164/3105
f 2962/2942/2890 3201/3187/3128 3200/3188/3129
f 3206/3189/3130 2752/2693/2667 2751/2696/2670
f 3201/3187/3128 3206/3189/3130 3200/3188/3129
f 3205/3190/3131 2751/2696/2670 3204/3191/3132
f 3206/3189/3130 3205/3190/3131 3203/3192/3133
f 3209/3193/3134 2968/3194/3135 3208/3195/3136
f 3213/3196/3137 3209/3193/3134 3211/3197/3138
f 3217/3198/3139 3218/3199/3140 2985/2958/2906
f 3221/3200/3141 3217/3198/3139 2992/2964/2912
f 3224/3201/3142 3225/3202/3143 3222/3203/3144
f 3224/3201/3142 3218/3199/3140 3219/3204/3145
f 3227/3205/3146 3230/3206/3147 3229/3207/3148
f 3221/3200/3141 3227/3205/3146 3220/3208/3149
f 2982/2965/2913 3218/3199/3140 3214/3209/3150
f 3221/3200/3141 3215/3210/3151 3216/3211/3152
f 3223/3212/3153 3221/3200/3141 3216/3211/3152
f 3224/3201/3142 3229/3207/3148 3226/3213/3154
f 3220/3208/3149 3224/3201/3142 3219/3204/3145
f 3218/3199/3140 3222/3203/3144 3214/3209/3150
f 2770/2718/2692 2769/2714/2688 3231/3214/3155
f 3202/3215/3156 3232/3216/3157 3231/3214/3155
f 3233/3217/3158 2770/2718/2692 3232/3216/3157
f 3127/3107/3048 3234/3218/3159 3130/3106/3047
f 3245/3219/3160 3244/3220/3161 3243/3221/3162
f 3237/3222/3163 3247/3223/3164 3249/3224/3165
f 3242/3225/3166 3247/3223/3164 3241/3226/3167
f 3251/3227/3168 3245/3219/3160 3250/3228/3169
f 3231/3214/3155 2752/2693/2667 3207/3229/3170
f 3222/3203/3144 3239/3230/3171 3214/3209/3150
f 3225/3202/3143 3240/3231/3172 3222/3203/3144
f 3243/3221/3162 3230/3206/3147 3228/3232/3173
f 3216/3211/3152 2968/3194/3135 3210/3233/3174
f 3213/3196/3137 3216/3211/3152 3210/3233/3174
f 3214/3209/3150 3212/3234/3175 2965/2971/2919
f 3247/3223/3164 3237/3222/3163 3236/3235/3176
f 3212/3234/3175 3247/3223/3164 3236/3235/3176
f 3212/3234/3175 3202/3215/3156 2965/2971/2919
f 3212/3234/3175 3232/3216/3157 3202/3215/3156
f 3233/3217/3158 3235/3236/3177 2773/3237/3178
f 2773/3237/3178 3127/3107/3048 3119/3114/3055
f 3212/3234/3175 3233/3217/3158 3232/3216/3157
f 3256/3238/3179 3213/3196/3137 3255/3239/3180
f 3015/2995/2937 3253/3240/3181 3252/3241/3182
f 3258/3242/3183 3261/3243/3184 3260/3244/3185
f 3257/3245/3186 3261/3243/3184 3259/3246/3187
f 3253/3240/3181 3254/3247/3188 3257/3245/3186
f 3262/3248/3189 3016/2911/2865 2945/2910/2864
f 3263/3249/3190 3016/2911/2865 3195/3179/3120
f 3264/3250/3191 3267/3251/3192 3265/3252/3193
f 3270/3253/3194 3272/3254/3195 3269/3255/3196
f 3267/3251/3192 3270/3253/3194 3265/3252/3193
f 3274/3256/3197 3019/3257/3198 3263/3249/3190
f 3281/3258/3199 3282/3259/3200 3280/3260/3201
f 3281/3258/3199 3276/3261/3202 3277/3262/3203
f 3278/3263/3204 3019/3257/3198 3274/3256/3197
f 3279/3264/3205 3278/3263/3204 3274/3256/3197
f 3278/3263/3204 3275/3265/3206 3049/3021/2963
f 3281/3258/3199 3285/3266/3207 3283/3267/3208
f 3278/3263/3204 3281/3258/3199 3277/3262/3203
f 3286/3268/3209 3234/3218/3159 3127/3107/3048
f 3286/3268/3209 3127/3107/3048 3235/3236/3177
f 3197/3169/3110 3198/3170/3111 3286/3268/3209
f 3197/3169/3110 3286/3268/3209 3287/3269/3210
f 3288/3270/3211 3245/3219/3160 3243/3221/3162
f 3292/3271/3212 3288/3270/3211 3290/3272/3213
f 3291/3273/3214 3292/3271/3212 3290/3272/3213
f 3296/3274/3215 3245/3219/3160 3289/3275/3216
f 3292/3271/3212 3297/3276/3217 3289/3275/3216
f 3292/3271/3212 3298/3277/3218 3297/3276/3217
f 3297/3276/3217 3295/3278/3219 3294/3279/3220
f 3295/3278/3219 3197/3169/3110 3287/3269/3210
f 3295/3278/3219 3300/3280/3221 3197/3169/3110
f 3273/3281/3222 3290/3272/3213 3272/3254/3195
f 3288/3270/3211 3271/3282/3223 3272/3254/3195
f 3299/3283/3224 3285/3266/3207 3284/3284/3225
f 3213/3196/3137 3269/3255/3196 3268/3285/3226
f 3015/2995/2937 3265/3252/3193 3254/3247/3188
f 3261/3243/3184 3269/3255/3196 3260/3244/3185
f 3265/3252/3193 3261/3243/3184 3254/3247/3188
f 3287/3269/3210 3286/3268/3209 3235/3236/3177
f 3177/3172/3113 3279/3264/3205 3196/3171/3112
f 3275/3265/3206 3267/3251/3192 3266/3286/3227
f 3280/3260/3201 3273/3281/3222 3272/3254/3195
f 3280/3260/3201 3267/3251/3192 3276/3261/3202
f 3298/3277/3218 3301/3287/3228 3297/3276/3217
f 2837/2808/2771 3066/3062/3003 2835/2801/2764
f 2856/2821/2784 3091/3077/3018 2858/3288/3229
f 2855/2822/2785 3091/3077/3018 2856/2821/2784
f 3053/3083/3024 2818/2790/2753 2812/3289/3230
f 2849/2815/2778 3067/3112/3053 2837/2808/2771
f 3070/3054/2995 2855/2822/2785 2843/2809/2772
f 2853/2818/2781 2822/2880/2834 3061/3043/2984
f 2914/3127/3068 2868/2885/2839 3142/3150/3091
f 3160/3141/3082 2944/2908/2862 2943/2909/2863
f 2936/2904/2858 3147/3184/3125 2929/2890/2844
f 3149/3186/3127 2943/2909/2863 2934/2894/2848
f 2913/2920/2874 3147/3184/3125 3133/3115/3056
f 2959/3290/3231 3201/3187/3128 2961/3291/3232
f 2960/2940/2888 2962/2942/2890 3199/3292/3233
f 3208/3195/3136 2968/3194/3135 2967/3293/3234
f 3217/3198/3139 2986/2957/2905 2991/2961/2909
f 2992/2964/2912 2983/3294/3235 3215/3210/3151
f 2965/2971/2919 3202/3215/3156 2959/3290/3231
f 3015/2995/2937 3252/3241/3182 3012/3295/3236
f 3032/3010/2952 3266/3286/3227 3264/3250/3191
f 3046/3017/2959 3275/3265/3206 3045/3018/2960
f 3045/3018/2960 3266/3286/3227 3037/3006/2948
f 2382/2331/2317 2956/2944/2892 2476/3296/3237
f 2827/2794/2757 2831/2830/2793 2956/2944/2892
f 984/2766/929 2947/2778/2741 2798/2777/2740
f 2948/2925/2879 2800/2770/2733 2802/3297/3238
f 3199/3292/3233 3069/3053/2994 2841/2810/2773
f 3080/3109/3050 3205/3190/3131 3204/3191/3132
f 3078/3050/2991 3205/3190/3131 3081/3060/3001
f 3069/3053/2994 3203/3192/3133 3078/3050/2991
f 3118/3097/3038 2670/2614/2588 2771/2715/2689
f 3092/3073/3014 3208/3195/3136 3091/3077/3018
f 3211/3197/3138 3092/3073/3014 3101/3072/3013
f 2877/3298/3239 2948/2925/2879 2876/2848/2805
f 2880/2849/2806 2999/2984/2931 2998/2985/2932
f 2878/2922/2876 2999/2984/2931 2881/2851/2808
f 2877/3298/3239 2998/2985/2932 2995/2973/2921
f 3012/3295/3236 2934/2894/2848 3011/2993/2935
f 1139/2987/1101 1056/2874/1006 2900/3299/3240
f 3155/3176/3117 3255/3239/3180 3154/3158/3099
f 3252/3241/3182 3150/3185/3126 3149/3186/3127
f 3155/3176/3117 3259/3246/3187 3258/3242/3183
f 3150/3185/3126 3259/3246/3187 3156/3177/3118
f 3155/3176/3117 3258/3242/3183 3256/3238/3179
f 3198/3170/3111 3193/3164/3105 3234/3218/3159
f 3163/3142/3083 2945/2910/2864 2946/3143/3084
f 3262/3248/3189 3163/3142/3083 3172/3300/3241
f 2882/2853/2810 2804/2771/2734 2794/2773/2736
f 2808/2774/2737 2876/2848/2805 2806/2775/2738
f 2806/2775/2738 2876/2848/2805 2802/3297/3238
f 2821/3044/2985 2906/2789/2752 2820/3042/2983
f 2808/2774/2737 2922/2892/2846 2888/2846/2803
f 2848/2820/2783 2933/2893/2847 2922/2892/2846
f 2786/2827/2790 2871/2854/2811 2794/2773/2736
f 2928/2888/2842 2822/2880/2834 2853/2818/2781
f 2816/2787/2750 2866/2921/2875 2787/2749/2720
f 2949/2923/2877 3001/2976/2924 2952/3301/3242
f 3001/2976/2924 2955/2933/2883 2951/2930/2882
f 3001/2976/2924 2951/2930/2882 2952/3301/3242
f 2968/3194/3135 3010/2994/2936 2967/3293/3234
f 2970/2946/2894 3021/2999/2941 2974/2968/2916
f 3021/2999/2941 2980/2953/2901 2978/2955/2903
f 3034/3003/2945 2989/2963/2911 3024/2998/2940
f 2974/2968/2916 3021/2999/2941 2978/2955/2903
f 3034/3003/2945 2983/3294/3235 2992/2964/2912
f 2966/2972/2920 3020/3013/2955 2970/2946/2894
f 3030/3029/2971 2968/3194/3135 2983/3294/3235
f 3005/2981/2928 2966/2972/2920 2955/2933/2883
f 3065/3046/2987 3138/3118/3059 3064/3047/2988
f 3102/3082/3023 3173/3146/3087 3105/3048/2989
f 3126/3102/3043 3154/3158/3099 3125/3110/3051
f 3189/3166/3107 3123/3099/3040 3179/3152/3093
f 3126/3102/3043 3192/3167/3108 3185/3156/3097
f 3064/3047/2988 3138/3118/3059 3095/3066/3007
f 3189/3166/3107 3109/3181/3122 3128/3105/3046
f 3138/3118/3059 3121/3101/3042 3095/3066/3007
f 3125/3110/3051 3154/3158/3099 3101/3072/3013
f 3255/3239/3180 3213/3196/3137 3211/3197/3138
f 3223/3212/3153 3271/3282/3223 3228/3232/3173
f 3296/3274/3215 3238/3302/3243 3250/3228/3169
f 3213/3196/3137 3268/3285/3226 3223/3212/3153
f 3287/3269/3210 3235/3236/3177 3238/3302/3243
f 3271/3282/3223 3243/3221/3162 3228/3232/3173
f 2876/2848/2805 2948/2925/2879 2802/3297/3238
f 2967/3293/3234 2933/2893/2847 2858/3288/3229
f 3154/3158/3099 3211/3197/3138 3101/3072/3013
f 3234/3218/3159 3192/3167/3108 3131/3303/3244
f 3091/3077/3018 2967/3293/3234 2858/3288/3229
f 3012/3295/3236 3149/3186/3127 2934/2894/2848
f 1522/1455/1455 3304/3304/3245 1521/3305/3246
f 1515/1458/1458 3306/3306/3247 3323/3307/3248
f 3304/3304/3245 1518/1459/1459 1521/3305/3246
f 1514/1451/1451 3306/3306/3247 1515/1458/1458
f 3309/3308/3249 1533/1464/1464 3308/3309/3250
f 3312/3310/3251 3314/3311/3252 3310/3312/3253
f 1537/1467/1467 3314/3311/3252 3313/3313/3254
f 3316/3314/3255 3319/3315/3256 3318/3316/3257
f 3316/3314/3255 3315/3317/3258 1543/1473/1473
f 3314/3311/3252 3321/3318/3259 3317/3319/3260
f 3320/3320/3261 3314/3311/3252 3311/3321/3262
f 3306/3306/3247 3312/3310/3251 3323/3307/3248
f 3319/3315/3256 3325/3322/3263 3318/3316/3257
f 3328/3323/3264 3321/3318/3259 3322/3324/3265
f 3309/3308/3249 3317/3319/3260 3316/3314/3255
f 3309/3308/3249 1543/1473/1473 1534/1483/1483
f 3314/3311/3252 3317/3319/3260 3310/3312/3253
f 3312/3310/3251 3310/3312/3253 3308/3309/3250
f 3327/3325/3266 3326/3326/3267 3319/3315/3256
f 3329/3327/3268 2432/2396/2373 2429/2384/2361
f 3336/3328/3269 2437/2391/2368 2435/2390/2367
f 3334/3329/3270 2441/2393/2370 2440/2395/2372
f 3330/3330/3271 2435/2390/2367 2432/2396/2373
f 2434/2389/2366 3329/3327/3268 2429/2384/2361
f 3334/3329/3270 2437/2391/2368 3333/3331/3272
f 3338/3332/3273 2445/2398/2375 2448/3333/3274
f 2450/2400/2377 3342/3334/3275 3341/3335/3276
f 3344/3336/3277 3348/3337/3278 3345/3338/3279
f 3346/3339/3280 3344/3336/3277 2459/2412/2389
f 3350/3340/3281 3342/3334/3275 3345/3338/3279
f 3342/3334/3275 3349/3341/3282 3341/3335/3276
f 3353/3342/3283 3352/3343/3284 3347/3344/3285
f 3356/3345/3286 3354/3346/3287 3355/3347/3288
f 3338/3332/3273 3345/3338/3279 3339/3348/3289
f 2459/2412/2389 3338/3332/3273 2448/3333/3274
f 3345/3338/3279 3342/3334/3275 3339/3348/3289
f 3340/3349/3290 3388/3350/3291 3343/3351/3292
f 3339/3348/3289 3340/3349/3290 3337/3352/3293
f 3352/3343/3284 3350/3340/3281 3348/3337/3278
f 3357/3353/3294 3358/3354/3295 3330/3330/3271
f 3361/3355/3296 3591/3356/3297 3360/3357/3298
f 3302/3358/3299 3360/3357/3298 3358/3354/3295
f 3367/3359/3300 3366/3360/3301 3326/3326/3267
f 3370/3361/3302 3353/3342/3283 3371/3362/3303
f 3372/3363/3304 3356/3345/3286 3355/3347/3288
f 3375/3364/3305 3371/3362/3303 3376/3365/3306
f 3375/3364/3305 3374/3366/3307 3367/3359/3300
f 3378/3367/3308 3373/3368/3309 3372/3363/3304
f 3369/3369/3310 3377/3370/3311 3368/3371/3312
f 3378/3367/3308 3367/3359/3300 3377/3370/3311
f 3372/3363/3304 3370/3361/3302 3375/3364/3305
f 3377/3370/3311 3367/3359/3300 3368/3371/3312
f 1514/1451/1451 3302/3358/3299 3357/3353/3294
f 1514/1451/1451 3359/3372/3313 3306/3306/3247
f 3306/3306/3247 3365/3373/3314 3324/3374/3315
f 3326/3326/3267 3366/3360/3301 3325/3322/3263
f 3369/3369/3310 3327/3325/3266 3328/3323/3264
f 3329/3327/3268 3359/3372/3313 3357/3353/3294
f 3330/3330/3271 3358/3354/3295 3336/3328/3269
f 3343/3351/3292 3359/3372/3313 3332/3375/3316
f 3370/3361/3302 3355/3347/3288 3352/3343/3284
f 3323/3307/3248 1533/1464/1464 1516/1453/1453
f 3315/3317/3258 3305/3376/3317 1522/1455/1455
f 3335/3377/3318 3346/3339/3280 2441/2393/2370
f 3331/3378/3319 3337/3352/3293 3332/3375/3316
f 3381/3379/3320 1583/1521/1521 1581/1517/1517
f 3382/3380/3321 3320/3320/3261 1586/3381/3322
f 1590/1513/1513 3384/3382/3323 1589/1522/1522
f 3386/3383/3324 3381/3379/3320 1582/3384/3325
f 1589/1522/1522 3382/3380/3321 1586/3381/3322
f 3324/3374/3315 3386/3383/3324 3380/3385/3326
f 2497/3386/3327 3389/3387/3328 2496/2458/2432
f 3390/3388/3329 3391/3389/3330 3389/3387/3328
f 3392/3390/3331 3390/3388/3329 2498/2447/2421
f 3394/3391/3332 2502/3392/3333 3393/3393/3334
f 3394/3391/3332 2508/2450/2424 2507/2452/2426
f 2508/2450/2424 3395/3394/3335 2504/2453/2427
f 3392/3390/3331 2498/2447/2421 3395/3394/3335
f 3389/3387/3328 3343/3351/3292 2495/3395/3336
f 3394/3391/3332 2507/2452/2426 2503/2460/2434
f 3405/3396/3337 3403/3397/3338 3402/3398/3339
f 3403/3397/3338 3408/3399/3340 3404/3400/3341
f 3403/3397/3338 3409/3401/3342 3407/3402/3343
f 3411/3403/3344 3413/3404/3345 3412/3405/3346
f 3413/3404/3345 3414/3406/3347 3412/3405/3346
f 3419/3407/3348 3418/3408/3349 3417/3409/3350
f 3427/3410/3351 3424/3411/3352 3426/3412/3353
f 3427/3410/3351 3422/3413/3354 3423/3414/3355
f 3406/3415/3356 3416/3416/3357 3409/3401/3342
f 3423/3414/3355 3414/3406/3347 3415/3417/3358
f 3404/3400/3341 3410/3418/3359 3402/3398/3339
f 3425/3419/3360 3419/3407/3348 3424/3411/3352
f 3391/3389/3330 3381/3379/3320 3386/3383/3324
f 3398/3420/3361 3381/3379/3320 3397/3421/3362
f 3365/3373/3314 3386/3383/3324 3324/3374/3315
f 3397/3421/3362 3390/3388/3329 3392/3390/3331
f 3391/3389/3330 3365/3373/3314 3343/3351/3292
f 3402/3398/3339 3398/3420/3361 3397/3421/3362
f 3399/3422/3363 3405/3396/3337 3397/3421/3362
f 3304/3304/3245 3430/3423/3364 3429/3424/3365
f 3430/3423/3364 3432/3425/3366 3429/3424/3365
f 3432/3425/3366 1623/1547/1547 1622/3426/3367
f 3428/3427/3368 3434/3428/3369 3303/3429/3370
f 3428/3427/3368 3436/3430/3371 3434/3428/3369
f 3304/3304/3245 3428/3427/3368 3303/3429/3370
f 3428/3427/3368 3432/3425/3366 3431/3431/3372
f 1619/1553/1553 3432/3425/3366 1622/3426/3367
f 3443/3432/3373 3454/3433/3374 3455/3434/3375
f 3438/3435/3376 3448/3436/3377 3322/3324/3265
f 3451/3437/3378 3441/3438/3379 3440/3439/3380
f 3451/3437/3378 3440/3439/3380 3450/3440/3381
f 3444/3441/3382 3454/3433/3374 3445/3442/3383
f 3452/3443/3384 3444/3441/3382 3441/3438/3379
f 3450/3440/3381 3437/3444/3385 3447/3445/3386
f 3438/3435/3376 3443/3432/3373 3449/3446/3387
f 1641/1566/1566 3456/3447/3388 1640/1567/1567
f 3436/3430/3371 3458/3448/3389 3435/3449/3390
f 1642/1587/1587 3458/3448/3389 3436/3430/3371
f 1614/1551/1551 1639/1569/1569 3458/3448/3389
f 3460/3450/3391 3461/3451/3392 3459/3452/3393
f 3461/3451/3392 1649/1573/1573 3459/3452/3393
f 3460/3450/3391 3464/3453/3394 3462/3454/3395
f 3466/3455/3396 3457/3456/3397 3465/3457/3398
f 3468/3458/3399 3466/3455/3396 3467/3459/3400
f 3461/3451/3392 3466/3455/3396 3465/3457/3398
f 3461/3451/3392 1655/1578/1578 1650/1579/1579
f 3464/3453/3394 3466/3455/3396 3462/3454/3395
f 1657/1580/1580 3464/3453/3394 3463/3460/3401
f 3361/3355/3296 3470/3461/3402 3362/3462/3403
f 3471/3463/3404 3363/3464/3405 3472/3465/3406
f 3475/3466/3407 3474/3467/3408 3472/3465/3406
f 3495/3468/3409 3470/3461/3402 3361/3355/3296
f 3470/3461/3402 3363/3464/3405 3362/3462/3403
f 3475/3466/3407 3470/3461/3402 3473/3469/3410
f 3495/3468/3409 3361/3355/3296 3360/3357/3298
f 3483/3470/3411 3484/3471/3412 3455/3434/3375
f 3486/3472/3413 3374/3366/3307 3376/3365/3306
f 3489/3473/3414 3491/3474/3415 3490/3475/3416
f 3486/3472/3413 3489/3473/3414 3485/3476/3417
f 3491/3474/3415 3492/3477/3418 3490/3475/3416
f 3492/3477/3418 3488/3478/3419 3484/3471/3412
f 3485/3476/3417 3476/3479/3420 3374/3366/3307
f 3478/3480/3421 3479/3481/3422 3487/3482/3423
f 3480/3483/3424 3490/3475/3416 3481/3484/3425
f 3485/3476/3417 3480/3483/3424 3477/3485/3426
f 3490/3475/3416 3483/3470/3411 3482/3486/3427
f 3455/3434/3375 3479/3481/3422 3449/3446/3387
f 3484/3471/3412 3488/3478/3419 3479/3481/3422
f 3481/3484/3425 3490/3475/3416 3482/3486/3427
f 3435/3449/3390 3458/3448/3389 3495/3468/3409
f 3494/3487/3428 3496/3488/3429 3456/3447/3388
f 3496/3488/3429 3493/3489/3430 3456/3447/3388
f 3501/3490/3431 3500/3491/3432 3499/3492/3433
f 3504/3493/3434 3500/3491/3432 3502/3494/3435
f 3498/3495/3436 3507/3496/3437 3494/3487/3428
f 3506/3497/3438 3501/3490/3431 3505/3498/3439
f 3506/3497/3438 3504/3493/3434 3502/3494/3435
f 3507/3496/3437 3506/3497/3438 3505/3498/3439
f 3476/3479/3420 3447/3445/3386 3446/3499/3440
f 3449/3446/3387 3478/3480/3421 3448/3436/3377
f 3480/3483/3424 3452/3443/3384 3451/3437/3378
f 3480/3483/3424 3450/3440/3381 3477/3485/3426
f 3453/3500/3441 3483/3470/3411 3454/3433/3374
f 3481/3484/3425 3453/3500/3441 3452/3443/3384
f 3456/3447/3388 3493/3489/3430 1639/1569/1569
f 3469/3501/3442 3494/3487/3428 3457/3456/3397
f 1619/1553/1553 1642/1587/1587 3431/3431/3372
f 3441/3438/3379 3459/3452/3393 3440/3439/3380
f 3459/3452/3393 3439/3502/3443 3440/3439/3380
f 3444/3441/3382 3464/3453/3394 3460/3450/3391
f 3442/3503/3444 3464/3453/3394 3445/3442/3383
f 3499/3492/3433 3491/3474/3415 3489/3473/3414
f 3503/3504/3445 3491/3474/3415 3500/3491/3432
f 3305/3376/3317 3437/3444/3385 3430/3423/3364
f 3440/3439/3380 3433/3505/3446 3430/3423/3364
f 3433/3505/3446 3439/3502/3443 1623/1547/1547
f 1655/1578/1578 3457/3456/3397 1641/1566/1566
f 3474/3467/3408 3486/3472/3413 3471/3463/3404
f 3384/3382/3323 3511/3506/3447 3510/3507/3448
f 3515/3508/3449 1693/1614/1614 1692/1618/1618
f 3511/3506/3447 3515/3508/3449 3510/3507/3448
f 3515/3508/3449 3514/3509/3450 3513/3510/3451
f 3514/3509/3450 1692/1618/1618 3512/3511/3452
f 1697/1626/1626 1696/1625/1625 3518/3512/3453
f 3517/3513/3454 3520/3514/3455 3518/3512/3453
f 3519/3515/3456 1697/1626/1626 3520/3514/3455
f 3523/3516/3457 3401/3517/3458 3522/3518/3459
f 3526/3519/3460 3523/3516/3457 3525/3520/3461
f 3529/3521/3462 3528/3522/3463 3412/3405/3346
f 3533/3523/3464 3532/3524/3465 3531/3525/3466
f 3533/3523/3464 3528/3522/3463 3530/3526/3467
f 3538/3527/3468 3529/3521/3462 3426/3412/3353
f 3540/3528/3469 3543/3529/3470 3541/3530/3471
f 3538/3527/3468 3540/3528/3469 3537/3531/3472
f 3533/3523/3464 3541/3530/3471 3534/3532/3473
f 3537/3531/3472 3533/3523/3464 3530/3526/3467
f 3410/3418/3359 3528/3522/3463 3527/3533/3474
f 3538/3527/3468 3535/3534/3475 3536/3535/3476
f 3539/3536/3477 3538/3527/3468 3536/3535/3476
f 3528/3522/3463 3531/3525/3466 3527/3533/3474
f 3498/3495/3436 3547/3537/3478 3507/3496/3437
f 3546/3538/3479 3553/3539/3480 3554/3540/3481
f 3557/3541/3482 3556/3542/3483 3555/3543/3484
f 3552/3544/3485 3553/3539/3480 3551/3545/3486
f 3561/3546/3487 3557/3541/3482 3560/3547/3488
f 3521/3548/3489 3517/3513/3454 3398/3420/3361
f 3521/3548/3489 3520/3514/3455 3517/3513/3454
f 3519/3515/3456 3544/3549/3490 1699/3550/3491
f 1699/3550/3491 3498/3495/3436 3469/3501/3442
f 3521/3548/3489 3519/3515/3456 3520/3514/3455
f 3518/3512/3453 1693/1614/1614 3516/3551/3492
f 3531/3525/3466 3549/3552/3493 3527/3533/3474
f 3532/3524/3465 3550/3553/3494 3531/3525/3466
f 3555/3543/3484 3543/3529/3470 3542/3554/3495
f 3536/3535/3476 3401/3517/3458 3524/3555/3496
f 3526/3519/3460 3536/3535/3476 3524/3555/3496
f 3527/3533/3474 3521/3548/3489 3398/3420/3361
f 3553/3539/3480 3546/3538/3479 3545/3556/3497
f 3521/3548/3489 3553/3539/3480 3545/3556/3497
f 3334/3329/3270 3564/3557/3498 3335/3377/3318
f 2699/2648/2622 3567/3558/3499 2698/2649/2623
f 3567/3558/3499 3564/3557/3498 3563/3559/3500
f 3565/3560/3501 3562/3561/3502 3333/3331/3272
f 3562/3561/3502 3565/3560/3501 3566/3562/3503
f 3562/3561/3502 3334/3329/3270 3333/3331/3272
f 2695/2653/2627 3567/3558/3499 3566/3562/3503
f 3562/3561/3502 3567/3558/3499 3563/3559/3500
f 3575/3563/3504 3576/3564/3505 3571/3565/3506
f 3580/3566/3507 3589/3567/3508 3583/3568/3509
f 3576/3564/3505 3587/3569/3510 3580/3566/3507
f 3570/3570/3511 3573/3571/3512 3569/3572/3513
f 3579/3573/3514 3585/3574/3515 3578/3575/3516
f 3585/3574/3515 3570/3570/3511 3578/3575/3516
f 3582/3576/3517 3583/3568/3509 3588/3577/3518
f 3582/3576/3517 3586/3578/3519 3579/3573/3514
f 3591/3356/3297 3593/3579/3520 3592/3580/3521
f 3596/3581/3522 3594/3582/3523 3364/3583/3524
f 3596/3581/3522 3598/3584/3525 3595/3585/3526
f 3358/3354/3295 3592/3580/3521 3590/3586/3527
f 3594/3582/3523 3593/3579/3520 3591/3356/3297
f 3598/3584/3525 3593/3579/3520 3595/3585/3526
f 3575/3563/3504 3603/3587/3528 3576/3564/3505
f 3604/3588/3529 3371/3362/3303 3605/3589/3530
f 3602/3590/3531 3606/3591/3532 3603/3587/3528
f 3609/3592/3533 3589/3567/3508 3587/3569/3510
f 3613/3593/3534 3612/3594/3535 3605/3589/3530
f 3611/3595/3536 3615/3596/3537 3614/3597/3538
f 3616/3598/3539 3611/3595/3536 3609/3592/3533
f 3603/3587/3528 3587/3569/3510 3576/3564/3505
f 3606/3591/3532 3609/3592/3533 3603/3587/3528
f 3605/3589/3530 3600/3599/3540 3601/3600/3541
f 3607/3601/3542 3614/3597/3538 3613/3593/3534
f 3607/3601/3542 3605/3589/3530 3601/3600/3541
f 3611/3595/3536 3614/3597/3538 3610/3602/3543
f 2723/2685/2659 3618/3603/3544 2722/2652/2626
f 3621/3604/3545 3620/3605/3546 2716/2669/2643
f 3624/3606/3547 3623/3607/3548 3622/3608/3549
f 3624/3606/3547 2727/2675/2649 2730/3609/3550
f 3624/3606/3547 3629/3610/3551 3625/3611/3552
f 2736/2678/2652 3624/3606/3547 2730/3609/3550
f 3629/3610/3551 3627/3612/3553 3625/3611/3552
f 3627/3612/3553 2738/2681/2655 3626/3613/3554
f 3631/3614/3555 3629/3610/3551 3628/3615/3556
f 3633/3616/3557 3629/3610/3551 3631/3614/3555
f 3590/3586/3527 3635/3617/3558 3618/3603/3544
f 3635/3617/3558 3619/3618/3559 3618/3603/3544
f 3639/3619/3560 3640/3620/3561 3638/3621/3562
f 3643/3622/3563 3639/3619/3560 3642/3623/3564
f 3647/3624/3565 3645/3625/3566 3646/3626/3567
f 3647/3624/3565 3648/3627/3568 3645/3625/3566
f 3647/3624/3565 3640/3620/3561 3641/3628/3569
f 3643/3622/3563 3647/3624/3565 3641/3628/3569
f 3690/3629/3570 3632/3630/3571 3644/3631/3572
f 2695/2653/2627 3617/3632/3573 2723/2685/2659
f 3622/3608/3549 3579/3573/3514 3578/3575/3516
f 3622/3608/3549 3577/3633/3574 2727/2675/2649
f 3582/3576/3517 3627/3612/3553 3583/3568/3509
f 3581/3634/3575 3627/3612/3553 3626/3613/3554
f 3579/3573/3514 3623/3607/3548 3582/3576/3517
f 3615/3596/3537 3638/3621/3562 3613/3593/3534
f 3642/3623/3564 3615/3596/3537 3616/3598/3539
f 3574/3635/3576 3600/3599/3540 3573/3571/3512
f 3586/3578/3519 3607/3601/3542 3585/3574/3515
f 3607/3601/3542 3584/3636/3577 3585/3574/3515
f 3588/3577/3518 3589/3567/3508 3610/3602/3543
f 3588/3577/3518 3608/3637/3578 3586/3578/3519
f 3601/3600/3541 3574/3635/3576 3584/3636/3577
f 3644/3631/3572 3632/3630/3571 3621/3604/3545
f 3335/3377/3318 3570/3570/3511 3569/3572/3513
f 3577/3633/3574 3568/3638/3579 2699/2648/2622
f 3568/3638/3579 3570/3570/3511 3564/3557/3498
f 3612/3594/3535 3599/3639/3580 3596/3581/3522
f 3621/3604/3545 3631/3614/3555 3620/3605/3546
f 3651/3640/3581 3650/3641/3582 3393/3393/3334
f 3650/3641/3582 3654/3642/3583 3652/3643/3584
f 2763/2726/2700 3659/3644/3585 3657/3645/3586
f 3659/3644/3585 3654/3642/3583 3653/3646/3587
f 3655/3647/3588 3652/3643/3584 3661/3648/3589
f 3661/3648/3589 3654/3642/3583 3660/3649/3590
f 3658/3650/3591 3653/3646/3587 3656/3651/3592
f 3656/3651/3592 3653/3646/3587 3651/3640/3581
f 3664/3652/3593 3663/3653/3594 3662/3654/3595
f 3668/3655/3596 3663/3653/3594 3665/3656/3597
f 3672/3657/3598 3671/3658/3599 3670/3659/3600
f 3676/3660/3601 3671/3658/3599 3677/3661/3602
f 3680/3662/3603 3681/3663/3604 3679/3664/3605
f 3681/3663/3604 3672/3657/3598 3679/3664/3605
f 3685/3665/3606 3687/3666/3607 3684/3667/3608
f 3685/3665/3606 3684/3667/3608 3677/3661/3602
f 3677/3661/3602 3671/3658/3599 3673/3668/3609
f 3681/3663/3604 3686/3669/3610 3685/3665/3606
f 3681/3663/3604 3677/3661/3602 3673/3668/3609
f 3684/3667/3608 3683/3670/3611 3675/3671/3612
f 3678/3672/3613 3672/3657/3598 3670/3659/3600
f 2776/2724/2698 3655/3647/3588 3661/3648/3589
f 3689/3673/3614 2776/2724/2698 2778/2722/2696
f 3632/3630/3571 2779/2745/2718 3633/3616/3557
f 3632/3630/3571 2780/2723/2697 2777/2684/2658
f 3669/3674/3615 3694/3675/3616 3678/3672/3613
f 3694/3675/3616 3695/3676/3617 3678/3672/3613
f 3698/3677/3618 3699/3678/3619 3697/3679/3620
f 3705/3680/3621 3703/3681/3622 3704/3682/3623
f 3701/3683/3624 3696/3684/3625 3694/3675/3616
f 3705/3680/3621 3699/3678/3619 3700/3685/3626
f 3703/3681/3622 3702/3686/3627 3691/3687/3628
f 3661/3648/3589 2763/2726/2700 2774/2725/2699
f 3678/3672/3613 3680/3662/3603 3679/3664/3605
f 3687/3666/3607 3697/3679/3620 3684/3667/3608
f 3688/3688/3629 3666/3689/3630 3655/3647/3588
f 3691/3687/3628 3689/3673/3614 2780/2723/2697
f 3690/3629/3570 2780/2723/2697 3632/3630/3571
f 3675/3671/3612 3664/3652/3593 3674/3690/3631
f 3675/3671/3612 3668/3655/3596 3665/3656/3597
f 3666/3689/3630 3669/3674/3615 3399/3422/3363
f 3666/3689/3630 3694/3675/3616 3669/3674/3615
f 3691/3687/3628 3701/3683/3624 3692/3691/3632
f 3688/3688/3629 3701/3683/3624 3694/3675/3616
f 3475/3466/3407 3709/3692/3633 3707/3693/3634
f 3598/3584/3525 3711/3694/3635 3712/3695/3636
f 3714/3696/3637 3715/3697/3638 3712/3695/3636
f 3715/3697/3638 3709/3692/3633 3708/3698/3639
f 3706/3699/3640 3475/3466/3407 3473/3469/3410
f 3598/3584/3525 3710/3700/3641 3597/3701/3642
f 3710/3700/3641 3715/3697/3638 3713/3702/3643
f 3706/3699/3640 3715/3697/3638 3708/3698/3639
f 3726/3703/3644 3746/3704/3645 3745/3705/3646
f 3727/3706/3647 3728/3707/3648 3496/3488/3429
f 3458/3448/3389 3493/3489/3430 3746/3704/3645
f 3730/3708/3649 3729/3709/3650 3499/3492/3433
f 3731/3710/3651 3732/3711/3652 3717/3712/3653
f 3737/3713/3654 3735/3714/3655 3736/3715/3656
f 3735/3714/3655 3730/3708/3649 3736/3715/3656
f 3737/3713/3654 3741/3716/3657 3738/3717/3658
f 3732/3711/3652 3741/3716/3657 3740/3718/3659
f 3735/3714/3655 3743/3719/3660 3742/3720/3661
f 3741/3716/3657 3743/3719/3660 3738/3717/3658
f 3744/3721/3662 3741/3716/3657 3739/3722/3663
f 3735/3714/3655 3733/3723/3664 3729/3709/3650
f 3734/3724/3665 3739/3722/3663 3731/3710/3651
f 3745/3705/3646 3746/3704/3645 3635/3617/3558
f 3749/3725/3666 3636/3726/3667 3748/3727/3668
f 3640/3620/3561 3750/3728/3669 3638/3621/3562
f 3757/3729/3670 3756/3730/3671 3755/3731/3672
f 3757/3729/3670 3750/3728/3669 3751/3732/3673
f 3756/3730/3671 3760/3733/3674 3759/3734/3675
f 3753/3735/3676 3760/3733/3674 3754/3736/3677
f 3761/3737/3678 3640/3620/3561 3646/3626/3567
f 3752/3738/3679 3762/3739/3680 3649/3740/3681
f 3757/3729/3670 3764/3741/3682 3758/3742/3683
f 3761/3737/3678 3757/3729/3670 3751/3732/3673
f 3764/3741/3682 3760/3733/3674 3758/3742/3683
f 3760/3733/3674 3762/3739/3680 3754/3736/3677
f 3746/3704/3645 3766/3743/3684 3747/3744/3685
f 3728/3707/3648 3766/3743/3684 3493/3489/3430
f 3766/3743/3684 3748/3727/3668 3747/3744/3685
f 3748/3727/3668 3770/3745/3686 3749/3725/3666
f 3768/3746/3687 3767/3747/3688 3728/3707/3648
f 3768/3746/3687 3727/3706/3647 3769/3748/3689
f 3772/3749/3690 3770/3745/3686 3748/3727/3668
f 3710/3700/3641 3634/3750/3691 3597/3701/3642
f 3710/3700/3641 3745/3705/3646 3634/3750/3691
f 3638/3621/3562 3720/3751/3692 3719/3752/3693
f 3722/3753/3694 3752/3738/3679 3721/3754/3695
f 3755/3731/3672 3724/3755/3696 3723/3756/3697
f 3755/3731/3672 3720/3751/3692 3750/3728/3669
f 3724/3755/3696 3759/3734/3675 3725/3757/3698
f 3722/3753/3694 3759/3734/3675 3753/3735/3676
f 3743/3719/3660 3727/3706/3647 3742/3720/3661
f 3769/3748/3689 3743/3719/3660 3744/3721/3662
f 3726/3703/3644 3706/3699/3640 3473/3469/3410
f 3706/3699/3640 3745/3705/3646 3713/3702/3643
f 3716/3758/3699 3499/3492/3433 3707/3693/3634
f 3724/3755/3696 3736/3715/3656 3723/3756/3697
f 3736/3715/3656 3716/3758/3699 3723/3756/3697
f 3724/3755/3696 3740/3718/3659 3737/3713/3654
f 3718/3759/3700 3740/3718/3659 3725/3757/3698
f 3749/3725/3666 3764/3741/3682 3763/3760/3701
f 3771/3761/3702 3764/3741/3682 3770/3745/3686
f 3714/3696/3637 3716/3758/3699 3709/3692/3633
f 3720/3751/3692 3714/3696/3637 3711/3694/3635
f 3733/3723/3664 3727/3706/3647 3497/3762/3703
f 3761/3737/3678 3637/3763/3704 3749/3725/3666
f 3774/3764/3705 3526/3519/3460 3773/3765/3706
f 3668/3655/3596 3777/3766/3707 3776/3767/3708
f 3780/3768/3709 3782/3769/3710 3781/3770/3711
f 3779/3771/3712 3782/3769/3710 3775/3772/3713
f 3777/3766/3707 3778/3773/3714 3780/3768/3709
f 3786/3774/3715 3789/3775/3716 3787/3776/3717
f 3789/3775/3716 3790/3777/3718 3787/3776/3717
f 3790/3777/3718 3791/3778/3719 3784/3779/3720
f 3793/3780/3721 3547/3537/3478 3498/3495/3436
f 3793/3780/3721 3498/3495/3436 3544/3549/3490
f 3794/3781/3722 3557/3541/3482 3555/3543/3484
f 3799/3782/3723 3800/3783/3724 3798/3784/3725
f 3800/3783/3724 3794/3781/3722 3798/3784/3725
f 3797/3785/3726 3557/3541/3482 3795/3786/3727
f 3800/3783/3724 3804/3787/3728 3803/3788/3729
f 3800/3783/3724 3803/3788/3729 3795/3786/3727
f 3803/3788/3729 3802/3789/3730 3796/3790/3731
f 3805/3791/3732 3690/3629/3570 3648/3627/3568
f 3806/3792/3733 3690/3629/3570 3771/3761/3702
f 3812/3793/3734 3811/3794/3735 3810/3795/3736
f 3812/3793/3734 3808/3796/3737 3809/3797/3738
f 3814/3798/3739 3693/3799/3740 3806/3792/3733
f 3815/3800/3741 3807/3801/3742 3704/3682/3623
f 3812/3793/3734 3818/3802/3743 3813/3803/3744
f 3815/3800/3741 3812/3793/3734 3809/3797/3738
f 3815/3800/3741 3693/3799/3740 3814/3798/3739
f 3816/3804/3745 3815/3800/3741 3814/3798/3739
f 3768/3746/3687 3769/3748/3689 3793/3780/3721
f 3768/3746/3687 3793/3780/3721 3819/3805/3746
f 3802/3789/3730 3768/3746/3687 3819/3805/3746
f 3802/3789/3730 3822/3806/3747 3768/3746/3687
f 3807/3801/3742 3789/3775/3716 3788/3807/3748
f 3810/3795/3736 3792/3808/3749 3791/3778/3719
f 3810/3795/3736 3789/3775/3716 3808/3796/3737
f 3804/3787/3728 3820/3809/3750 3803/3788/3729
f 3792/3808/3749 3798/3784/3725 3791/3778/3719
f 3794/3781/3722 3785/3810/3751 3791/3778/3719
f 3821/3811/3752 3818/3802/3743 3817/3812/3753
f 3526/3519/3460 3784/3779/3720 3783/3813/3754
f 3668/3655/3596 3787/3776/3717 3778/3773/3714
f 3787/3776/3717 3782/3769/3710 3778/3773/3714
f 3782/3769/3710 3784/3779/3720 3775/3772/3713
f 3819/3805/3746 3793/3780/3721 3544/3549/3490
f 3767/3747/3688 3816/3804/3745 3772/3749/3690
f 3573/3571/3512 3353/3342/3283 3347/3344/3285
f 3356/3345/3286 3571/3565/3506 3354/3346/3287
f 3354/3346/3287 3571/3565/3506 3351/3814/3755
f 3363/3464/3405 3591/3356/3297 3362/3462/3403
f 3356/3345/3286 3602/3590/3531 3575/3563/3504
f 3373/3368/3309 3606/3591/3532 3602/3590/3531
f 3335/3377/3318 3569/3572/3513 3347/3344/3285
f 3604/3588/3529 3364/3583/3524 3376/3365/3306
f 3358/3354/3295 3617/3632/3573 3336/3328/3269
f 3394/3391/3332 3652/3643/3584 3396/3815/3756
f 3652/3643/3584 3392/3390/3331 3395/3394/3335
f 3652/3643/3584 3395/3394/3335 3396/3815/3756
f 3401/3517/3458 3662/3654/3595 3400/3816/3757
f 3405/3396/3337 3670/3659/3600 3416/3416/3357
f 3670/3659/3600 3419/3407/3348 3417/3409/3350
f 3676/3660/3601 3424/3411/3352 3671/3658/3599
f 3416/3416/3357 3670/3659/3600 3417/3409/3350
f 3676/3660/3601 3421/3817/3758 3426/3412/3353
f 3399/3422/3363 3669/3674/3615 3405/3396/3337
f 3674/3690/3631 3401/3517/3458 3421/3817/3758
f 3655/3647/3588 3399/3422/3363 3392/3390/3331
f 3475/3466/3407 3707/3693/3634 3474/3467/3408
f 3458/3448/3389 3726/3703/3644 3495/3468/3409
f 3504/3493/3434 3717/3712/3653 3503/3504/3445
f 3733/3723/3664 3501/3490/3431 3729/3709/3650
f 3504/3493/3434 3734/3724/3665 3731/3710/3651
f 3474/3467/3408 3707/3693/3634 3489/3473/3414
f 3733/3723/3664 3497/3762/3703 3505/3498/3439
f 3707/3693/3634 3499/3492/3433 3489/3473/3414
f 3503/3504/3445 3717/3712/3653 3492/3477/3418
f 3773/3765/3706 3526/3519/3460 3525/3520/3461
f 3539/3536/3477 3785/3810/3751 3542/3554/3495
f 3797/3785/3726 3548/3818/3759 3560/3547/3488
f 3526/3519/3460 3783/3813/3754 3539/3536/3477
f 3819/3805/3746 3544/3549/3490 3548/3818/3759
f 3785/3810/3751 3555/3543/3484 3542/3554/3495
f 3325/3322/3263 3437/3444/3385 3318/3316/3257
f 3377/3370/3311 3487/3482/3423 3379/3819/3760
f 3369/3369/3310 3487/3482/3423 3377/3370/3311
f 3376/3365/3306 3364/3583/3524 3471/3463/3404
f 3435/3449/3390 3360/3357/3298 3307/3820/3761
f 3366/3360/3301 3446/3499/3440 3325/3322/3263
f 3448/3436/3377 3369/3369/3310 3328/3323/3264
f 3636/3726/3667 3619/3618/3559 3747/3744/3685
f 3752/3738/3679 3643/3622/3563 3642/3623/3564
f 3599/3639/3580 3719/3752/3693 3711/3694/3635
f 3638/3621/3562 3719/3752/3693 3613/3593/3534
f 3721/3754/3695 3642/3623/3564 3616/3598/3539
f 3387/3821/3762 3511/3506/3447 3383/3822/3763
f 3382/3380/3321 3384/3382/3323 3509/3823/3764
f 3522/3518/3459 3401/3517/3458 3400/3816/3757
f 3426/3412/3353 3421/3817/3758 3535/3534/3475
f 3529/3521/3462 3414/3406/3347 3422/3413/3354
f 3398/3420/3361 3517/3513/3454 3387/3821/3762
f 3668/3655/3596 3776/3767/3708 3667/3824/3765
f 3683/3670/3611 3788/3807/3748 3786/3774/3715
f 3699/3678/3619 3807/3801/3742 3697/3679/3620
f 3697/3679/3620 3788/3807/3748 3684/3667/3608
f 1537/1467/1467 3380/3385/3326 1580/3825/3766
f 3312/3310/3251 3324/3374/3315 3380/3385/3326
f 2450/2400/2377 3388/3350/3291 3340/3349/3290
f 3393/3393/3334 3349/3341/3282 3351/3814/3755
f 3509/3823/3764 3438/3435/3376 3322/3324/3265
f 3443/3432/3373 3514/3509/3450 3445/3442/3383
f 3442/3503/3444 3514/3509/3450 3512/3511/3452
f 3438/3435/3376 3513/3510/3451 3443/3432/3373
f 3468/3458/3399 1657/1580/1580 1698/1622/1622
f 3488/3478/3419 3522/3518/3459 3487/3482/3423
f 3525/3520/3461 3488/3478/3419 3492/3477/3418
f 3572/3826/3767 3393/3393/3334 3571/3565/3506
f 3581/3634/3575 3658/3650/3591 3583/3568/3509
f 3580/3566/3507 3658/3650/3591 3656/3651/3592
f 3572/3826/3767 3656/3651/3592 3651/3640/3581
f 3667/3824/3765 3616/3598/3539 3663/3653/3594
f 2779/2745/2718 2738/2681/2655 3630/3827/3768
f 3718/3759/3700 3773/3765/3706 3717/3712/3653
f 3776/3767/3708 3722/3753/3694 3721/3754/3695
f 3722/3753/3694 3781/3770/3711 3725/3757/3698
f 3718/3759/3700 3781/3770/3711 3779/3771/3712
f 3718/3759/3700 3779/3771/3712 3774/3764/3705
f 3769/3748/3689 3744/3721/3662 3547/3537/3478
f 3762/3739/3680 3648/3627/3568 3649/3740/3681
f 3805/3791/3732 3762/3739/3680 3765/3828/3769
f 3487/3482/3423 3400/3816/3757 3379/3819/3760
f 3667/3824/3765 3721/3754/3695 3616/3598/3539
f 3571/3565/3506 3393/3393/3334 3351/3814/3755
f 3400/3816/3757 3606/3591/3532 3379/3819/3760
f 3717/3712/3653 3525/3520/3461 3492/3477/3418
f 3547/3537/3478 3734/3724/3665 3508/3829/3770
f 3834/3830/3771 2050/1986/1986 2047/1985/1985
f 3824/3831/3772 2050/1986/1986 3823/3832/3773
f 3827/3833/3774 2054/1990/1990 2055/3834/3775
f 2061/1992/1992 3829/3835/3776 2060/2001/2001
f 3828/3836/3777 2061/1992/1992 2059/1996/1996
f 3831/3837/3778 3832/3838/3779 2045/1981/1981
f 2044/1984/1984 2046/1983/1983 3831/3837/3778
f 3824/3831/3772 2059/1996/1996 2051/1999/1999
f 2060/2001/2001 3827/3833/3774 2055/3834/3775
f 2045/1981/1981 3832/3838/3779 3834/3830/3771
f 3838/3839/3780 2979/2954/2902 2981/3840/3781
f 3839/3841/3782 3841/3842/3783 2977/2951/2899
f 3843/3843/3784 2987/2956/2904 3842/3844/3785
f 3847/3845/3786 2987/2956/2904 2984/2959/2907
f 3845/3846/3787 2994/2960/2908 2993/2962/2910
f 2994/2960/2908 3844/3847/3788 2990/2966/2914
f 2990/2966/2914 3838/3839/3780 2981/3840/3781
f 2977/2951/2899 3841/3842/3783 3847/3845/3786
f 2975/2950/2898 2976/2949/2897 3839/3841/3782
f 3843/3843/3784 2993/2962/2910 2988/2969/2917
f 3849/3848/3789 3850/3849/3790 3408/3399/3340
f 3854/3850/3791 3413/3404/3345 3411/3403/3344
f 3853/3851/3792 3413/3404/3345 3852/3852/3793
f 3857/3853/3794 3418/3408/3349 3420/3854/3795
f 3427/3410/3351 3859/3855/3796 3425/3419/3360
f 3858/3856/3797 3427/3410/3351 3423/3414/3355
f 3853/3851/3792 3423/3414/3355 3415/3417/3358
f 3425/3419/3360 3857/3853/3794 3420/3854/3795
f 3408/3399/3340 3850/3849/3790 3854/3850/3791
f 3407/3402/3343 3409/3401/3342 3849/3848/3789
f 3831/3837/3778 3863/3857/3798 3832/3838/3779
f 3833/3858/3799 3865/3859/3800 3862/3860/3801
f 3839/3841/3782 3863/3857/3798 3862/3860/3801
f 3839/3841/3782 3864/3861/3802 3841/3842/3783
f 3849/3848/3789 3862/3860/3801 3850/3849/3790
f 3849/3848/3789 3864/3861/3802 3862/3860/3801
f 3874/3862/3803 3875/3863/3804 3873/3864/3805
f 3874/3862/3803 3878/3865/3806 3876/3866/3807
f 2094/2025/2025 3878/3865/3806 3877/3867/3808
f 3875/3863/3804 3880/3868/3809 3830/3869/3810
f 3881/3870/3811 3880/3868/3809 3879/3871/3812
f 2101/2030/2030 3881/3870/3811 2100/2031/2031
f 3873/3864/3805 3883/3872/3813 3888/3873/3814
f 3874/3862/3803 3888/3873/3814 3877/3867/3808
f 3880/3868/3809 3884/3874/3815 3830/3869/3810
f 3887/3875/3816 3880/3868/3809 3882/3876/3817
f 3878/3865/3806 3879/3871/3812 3876/3866/3807
f 2100/2031/2031 3878/3865/3806 2095/2036/2036
f 3891/3877/3818 2111/2041/2041 2112/3878/3819
f 3883/3872/3813 2107/2043/2043 3888/3873/3814
f 2114/2045/2045 3891/3877/3818 2112/3878/3819
f 3883/3872/3813 2108/2039/2039 2107/2043/2043
f 3896/3879/3820 3895/3880/3821 3894/3881/3822
f 3895/3880/3821 3899/3882/3823 3898/3883/3824
f 3027/3002/2944 3899/3882/3823 3029/3884/3825
f 3896/3879/3820 3903/3885/3826 3902/3886/3827
f 3905/3887/3828 3904/3888/3829 3902/3886/3827
f 3904/3888/3829 3038/3007/2949 3036/3009/2951
f 3896/3879/3820 3902/3886/3827 3897/3889/3830
f 3902/3886/3827 3899/3882/3823 3897/3889/3830
f 3899/3882/3823 3036/3009/2951 3029/3884/3825
f 3906/3890/3831 3905/3887/3828 3908/3891/3832
f 3895/3880/3821 3901/3892/3833 3894/3881/3822
f 3041/3015/2957 3042/3023/2965 3901/3892/3833
f 3043/3025/2967 3910/3893/3834 3040/3022/2964
f 3912/3894/3835 3900/3895/3836 3901/3892/3833
f 3914/3896/3837 3047/3016/2958 3913/3897/3838
f 3050/3019/2961 3915/3898/3839 3044/3020/2962
f 3044/3020/2962 3911/3899/3840 3043/3025/2967
f 3914/3896/3837 3050/3019/2961 3048/3024/2966
f 3042/3023/2965 3910/3893/3834 3912/3894/3835
f 3925/3900/3841 3869/3901/3842 3922/3902/3843
f 3927/3903/3844 4145/3904/3845 3924/3905/3846
f 3926/3906/3847 3927/3903/3844 3922/3902/3843
f 3922/3902/3843 3866/3907/3848 3918/3908/3849
f 3919/3909/3850 3922/3902/3843 3918/3908/3849
f 3924/3905/3846 3920/3910/3851 3923/3911/3852
f 3924/3905/3846 4145/3904/3845 3921/3912/3853
f 3929/3913/3854 3928/3914/3855 3911/3899/3840
f 3934/3915/3856 3933/3916/3857 3930/3917/3858
f 3930/3917/3858 3889/3918/3859 3929/3913/3854
f 3886/3919/3860 3866/3907/3848 3884/3874/3815
f 3919/3909/3850 3886/3919/3860 3887/3875/3816
f 3889/3918/3859 2108/2039/2039 3928/3914/3855
f 3917/3920/3861 2108/2039/2039 3883/3872/3813
f 3920/3910/3851 3908/3891/3832 3907/3921/3862
f 3909/3922/3863 3908/3891/3832 3921/3912/3853
f 3900/3895/3836 3917/3920/3861 3863/3857/3798
f 3912/3894/3835 3917/3920/3861 3900/3895/3836
f 3910/3893/3834 3917/3920/3861 3912/3894/3835
f 3929/3913/3854 3911/3899/3840 3915/3898/3839
f 2094/2025/2025 3888/3873/3814 2103/2054/2054
f 3890/3923/3864 2101/2030/2030 2111/2041/2041
f 3027/3002/2944 3901/3892/3833 3898/3883/3824
f 3913/3897/3838 3038/3007/2949 3906/3890/3831
f 3937/3924/3865 3938/3925/3866 3936/3926/3867
f 3937/3924/3865 3940/3927/3868 3941/3928/3869
f 3938/3925/3866 3943/3929/3870 3942/3930/3871
f 2153/2081/2081 3943/3929/3870 2154/3931/3872
f 3944/3932/3873 3945/3933/3874 3941/3928/3869
f 3945/3933/3874 2158/2084/2084 2157/2088/2088
f 3946/3934/3875 3944/3932/3873 3949/3935/3876
f 3937/3924/3865 3941/3928/3869 3939/3936/3877
f 3941/3928/3869 3943/3929/3870 3939/3936/3877
f 3943/3929/3870 2157/2088/2088 2154/3931/3872
f 3938/3925/3866 3950/3937/3878 3936/3926/3867
f 2162/2092/2092 2163/2100/2100 3950/3937/3878
f 3953/3938/3879 2166/2093/2093 3952/3939/3880
f 2168/2102/2102 3954/3940/3881 2160/2099/2099
f 2170/2096/2096 3956/3941/3882 2161/2097/2097
f 3958/3942/3883 3947/3943/3884 3950/3937/3878
f 3953/3938/3879 2170/2096/2096 2167/2101/2101
f 2161/2097/2097 3955/3944/3885 2168/2102/2102
f 2163/2100/2100 3954/3940/3881 3958/3942/3883
f 3960/3945/3886 3961/3946/3887 3959/3947/3888
f 3532/3524/3465 3965/3948/3889 3964/3949/3890
f 3960/3945/3886 3965/3948/3889 3962/3950/3891
f 3959/3947/3888 3963/3951/3892 3985/3952/3893
f 3961/3946/3887 3967/3953/3894 3860/3954/3895
f 3543/3529/3470 3971/3955/3896 3541/3530/3471
f 3971/3955/3896 3967/3953/3894 3966/3956/3897
f 3541/3530/3471 3965/3948/3889 3534/3532/3473
f 3965/3948/3889 3966/3956/3897 3962/3950/3891
f 3960/3945/3886 3985/3952/3893 3964/3949/3890
f 3967/3953/3894 3968/3957/3898 3860/3954/3895
f 3973/3958/3899 3967/3953/3894 3972/3959/3900
f 3980/3960/3901 3871/3961/3902 3981/3962/3903
f 3984/3963/3904 3983/3964/3905 3981/3962/3903
f 3983/3964/3905 4038/3965/3906 3979/3966/3907
f 3979/3966/3907 3974/3967/3908 3978/3968/3909
f 3979/3966/3907 4038/3965/3906 3975/3969/3910
f 3981/3962/3903 3868/3970/3911 3977/3971/3912
f 3982/3972/3913 3981/3962/3903 3977/3971/3912
f 3963/3951/3892 3552/3544/3485 3985/3952/3893
f 3988/3973/3914 3556/3542/3483 3558/3974/3915
f 3561/3546/3487 3988/3973/3914 3558/3974/3915
f 3963/3951/3892 3554/3540/3481 3552/3544/3485
f 3992/3975/3916 3991/3976/3917 3955/3944/3885
f 3996/3977/3918 3997/3978/3919 3995/3979/3920
f 3995/3979/3920 3986/3980/3921 3992/3975/3916
f 3974/3967/3908 3949/3935/3876 3948/3981/3922
f 3951/3982/3923 3949/3935/3876 3975/3969/3910
f 3947/3943/3884 3976/3983/3924 3865/3859/3800
f 3958/3942/3883 3976/3983/3924 3947/3943/3884
f 3992/3975/3916 3955/3944/3885 3956/3941/3882
f 3954/3940/3881 3976/3983/3924 3958/3942/3883
f 3532/3524/3465 3985/3952/3893 3550/3553/3494
f 3987/3984/3925 3543/3529/3470 3556/3542/3483
f 2153/2081/2081 3950/3937/3878 3942/3930/3871
f 3952/3939/3880 2158/2084/2084 3946/3934/3875
f 3970/3985/3926 3868/3970/3911 3968/3957/3898
f 3982/3972/3913 3970/3985/3926 3973/3958/3899
f 3986/3980/3921 3554/3540/3481 3991/3976/3917
f 3976/3983/3924 3554/3540/3481 3963/3951/3892
f 4005/3986/3927 4001/3987/3928 4000/3988/3929
f 4001/3987/3928 4009/3989/3930 4002/3990/3931
f 4002/3990/3931 4009/3989/3930 4007/3991/3932
f 3999/3992/3933 4007/3991/3932 4004/3993/3934
f 3891/3877/3818 4010/3994/3935 3890/3923/3864
f 4010/3994/3935 4014/3995/3936 4013/3996/3937
f 2202/2131/2131 4014/3995/3936 2203/3997/3938
f 4018/3998/3939 4015/3999/3940 4016/4000/3941
f 3891/3877/3818 4012/4001/3942 4011/4002/3943
f 4015/3999/3940 4014/3995/3936 4011/4002/3943
f 4014/3995/3936 2205/2137/2137 2203/3997/3938
f 4020/4003/3944 4023/4004/3945 4021/4005/3946
f 2213/2143/2143 4023/4004/3945 4022/4006/3947
f 4024/4007/3948 4026/4008/3949 3957/4009/3950
f 4026/4008/3949 4024/4007/3948 4025/4010/3951
f 4019/4011/3952 4024/4007/3948 3957/4009/3950
f 4023/4004/3945 4024/4007/3948 4021/4005/3946
f 2217/2148/2148 4023/4004/3945 2214/2149/2149
f 4028/4012/3953 2220/2156/2156 2207/2146/2146
f 4029/4013/3954 4018/3998/3939 4017/4014/3955
f 4029/4013/3954 2219/2154/2154 4018/3998/3939
f 2218/2150/2150 2196/2133/2133 4029/4013/3954
f 3926/3906/3847 4037/4015/3956 4036/4016/3957
f 4038/3965/3906 4040/4017/3958 4039/4018/3959
f 4042/4019/3960 4041/4020/3961 4039/4018/3959
f 4041/4020/3961 4037/4015/3956 4035/4021/3962
f 4030/4022/3963 4035/4021/3962 3926/3906/3847
f 4032/4023/3964 4039/4018/3959 4033/4024/3965
f 4039/4018/3959 4034/4025/3966 4033/4024/3965
f 4034/4025/3966 4035/4021/3962 4031/4026/3967
f 4045/4027/3968 4044/4028/3969 3931/4029/3970
f 4047/4030/3971 4045/4027/3968 4048/4031/3972
f 4046/4032/3973 4043/4033/3974 3933/3916/3857
f 4047/4030/3971 4046/4032/3973 4044/4028/3969
f 3933/3916/3857 4043/4033/3974 3930/3917/3858
f 3994/4034/3975 4051/4035/3976 3993/4036/3977
f 4054/4037/3978 4051/4035/3976 4052/4038/3979
f 4056/4039/3980 3996/3977/3918 4055/4040/3981
f 4055/4040/3981 3992/3975/3916 4050/4041/3982
f 4056/4039/3980 3994/4034/3975 3998/4042/3983
f 4056/4039/3980 4054/4037/3978 4052/4038/3979
f 4029/4013/3954 4017/4014/3955 4043/4033/3974
f 4060/4043/3984 4050/4041/3982 4028/4012/3953
f 4058/4044/3985 4060/4043/3984 4028/4012/3953
f 4004/3993/3934 4030/4022/3963 4003/4045/3986
f 4032/4023/3964 4006/4046/3987 4005/3986/3927
f 4008/4047/3988 4034/4025/3966 4009/3989/3930
f 4007/3991/3932 4034/4025/3966 4031/4026/3967
f 4006/4046/3987 4033/4024/3965 4008/4047/3988
f 4058/4044/3985 4028/4012/3953 2218/2150/2150
f 4001/3987/3928 4019/4011/3952 4000/3988/3929
f 4001/3987/3928 4022/4006/3947 4020/4003/3944
f 2194/2153/2153 4022/4006/3947 4002/3990/3931
f 4053/4048/3989 4042/4019/3960 4051/4035/3976
f 2219/2154/2154 2205/2137/2137 4015/3999/3940
f 2194/2153/2153 4013/3996/3937 2202/2131/2131
f 3999/3992/3933 4010/3994/3935 4002/3990/3931
f 4027/4049/3990 2217/2148/2148 2220/2156/2156
f 4037/4015/3956 3931/4029/3970 4036/4016/3957
f 4048/4031/3972 4037/4015/3956 4041/4020/3961
f 4063/4050/3991 4062/4051/3992 4061/4052/3993
f 4062/4051/3992 4066/4053/3994 3846/4054/3995
f 3225/3202/3143 4072/4055/3996 4071/4056/3997
f 4063/4050/3991 4072/4055/3996 4064/4057/3998
f 3230/3206/3147 4073/4058/3999 3229/3207/3148
f 4073/4058/3999 4066/4053/3994 4065/4059/4000
f 4061/4052/3993 4067/4060/4001 4103/4061/4002
f 4063/4050/3991 4103/4061/4002 4071/4056/3997
f 4066/4053/3994 4068/4062/4003 3846/4054/3995
f 4075/4063/4004 4066/4053/3994 4074/4064/4005
f 3229/3207/3148 4072/4055/3996 3226/3213/3154
f 4072/4055/3996 4065/4059/4000 4064/4057/3998
f 4077/4065/4006 4078/4066/4007 4076/4067/4008
f 4077/4065/4006 4081/4068/4009 4082/4069/4010
f 3680/3662/3603 4086/4070/4011 3682/4071/4012
f 4078/4066/4007 4086/4070/4011 4085/4072/4013
f 4089/4073/4014 3687/3666/3607 3686/3669/3610
f 4088/4074/4015 4089/4073/4014 4082/4069/4010
f 4077/4065/4006 4082/4069/4010 4079/4075/4016
f 4086/4070/4011 3686/3669/3610 3682/4071/4012
f 4082/4069/4010 4086/4070/4011 4079/4075/4016
f 4090/4076/4017 4088/4074/4015 4084/4077/4018
f 4078/4066/4007 4087/4078/4019 4076/4067/4008
f 4096/4079/4020 3870/4080/4021 4097/4081/4022
f 4101/4082/4023 4205/4083/4024 4098/4084/4025
f 4102/4085/4026 4101/4082/4023 4097/4081/4022
f 4097/4081/4022 3867/4086/4027 4092/4087/4028
f 4100/4088/4029 4097/4081/4022 4092/4087/4028
f 4098/4084/4025 4093/4089/4030 4095/4090/4031
f 4098/4084/4025 4205/4083/4024 4094/4091/4032
f 4105/4092/4033 3244/3220/3161 3246/4093/4034
f 4067/4060/4001 3242/3225/3166 4103/4061/4002
f 3251/3227/3168 4105/4092/4033 3246/4093/4034
f 4067/4060/4001 3249/3224/3165 3242/3225/3166
f 3695/3676/3617 3696/3684/3625 4087/4078/4019
f 4109/4094/4035 4080/4095/4036 4087/4078/4019
f 4111/4096/4037 3698/3677/3618 4110/4097/4038
f 3702/3686/3627 4112/4098/4039 3701/3683/3624
f 3705/3680/3621 4114/4099/4040 3703/3681/3622
f 4111/4096/4037 3705/3680/3621 3700/3685/3626
f 3703/3681/3622 4113/4100/4041 3702/3686/3627
f 3696/3684/3625 4112/4098/4039 4109/4094/4035
f 4119/4101/4042 4118/4102/4043 4113/4100/4041
f 4122/4103/4044 4121/4104/4045 4120/4105/4046
f 4120/4105/4046 4106/4106/4047 4119/4101/4042
f 3225/3202/3143 4103/4061/4002 3240/3231/3172
f 4104/4107/4048 3230/3206/3147 3244/3220/3161
f 3680/3662/3603 4087/4078/4019 4085/4072/4013
f 4110/4097/4038 3687/3666/3607 4090/4076/4017
f 4070/4108/4049 3867/4086/4027 4068/4062/4003
f 4100/4088/4029 4070/4108/4049 4075/4063/4004
f 4106/4106/4047 3249/3224/3165 4118/4102/4043
f 4099/4109/4050 3249/3224/3165 4067/4060/4001
f 4093/4089/4030 4084/4077/4018 4083/4110/4051
f 4091/4111/4052 4084/4077/4018 4094/4091/4032
f 4080/4095/4036 4099/4109/4050 3864/3861/3802
f 4109/4094/4035 4099/4109/4050 4080/4095/4036
f 4119/4101/4042 4113/4100/4041 4114/4099/4040
f 4112/4098/4039 4099/4109/4050 4109/4094/4035
f 4126/4112/4053 4125/4113/4054 4124/4114/4055
f 4129/4115/4056 4134/4116/4057 4133/4117/4058
f 4125/4113/4054 4134/4116/4057 4129/4115/4056
f 4128/4118/4059 4133/4117/4058 4131/4119/4060
f 3282/3259/3200 4141/4120/4061 4140/4121/4062
f 4136/4122/4063 4141/4120/4061 4137/4123/4064
f 4138/4124/4065 4139/4125/4066 3916/4126/4067
f 4139/4125/4066 4138/4124/4065 4142/4127/4068
f 4135/4128/4069 4138/4124/4065 3916/4126/4067
f 3285/3266/3207 4141/4120/4061 3283/3267/3208
f 4141/4120/4061 4138/4124/4065 4137/4123/4064
f 4145/3904/3845 4146/4129/4070 4147/4130/4071
f 4102/4085/4026 4153/4131/4072 4152/4132/4073
f 4155/4133/4074 4153/4131/4072 4151/4134/4075
f 4154/4135/4076 4155/4133/4074 4147/4130/4071
f 4148/4136/4077 4151/4134/4075 4102/4085/4026
f 4143/4137/4078 4147/4130/4071 4144/4138/4079
f 4150/4139/4080 4151/4134/4075 4149/4140/4081
f 4147/4130/4071 4150/4139/4080 4144/4138/4079
f 3932/4141/4082 4158/4142/4083 4157/4143/4084
f 4161/4144/4085 3934/3915/3856 4160/4145/4086
f 4163/4146/4087 4158/4142/4083 4159/4147/4088
f 4160/4145/4086 3929/3913/3854 4156/4148/4089
f 4161/4144/4085 3932/4141/4082 3935/4149/4090
f 4161/4144/4085 4163/4146/4087 4159/4147/4088
f 4105/4092/4033 4165/4150/4091 4104/4107/4048
f 4165/4150/4091 4168/4151/4092 4167/4152/4093
f 3291/3273/3214 4168/4151/4092 3293/4153/4094
f 4105/4092/4033 4169/4154/4095 4166/4155/4096
f 4170/4156/4097 4168/4151/4092 4166/4155/4096
f 4168/4151/4092 3298/3277/3218 3293/4153/4094
f 4173/4157/4098 4170/4156/4097 4171/4158/4099
f 4175/4159/4100 3299/3283/3224 3279/3264/3205
f 4176/4160/4101 4173/4157/4098 4172/4161/4102
f 4176/4160/4101 3301/3287/3228 4173/4157/4098
f 3300/3280/3221 3295/3278/3219 4176/4160/4101
f 4177/4162/4103 4178/4163/4104 4116/4164/4105
f 4180/4165/4106 4177/4162/4103 4179/4166/4107
f 4182/4167/4108 4181/4168/4109 4121/4104/4045
f 4121/4104/4045 4181/4168/4109 4120/4105/4046
f 4180/4165/4106 4182/4167/4108 4178/4163/4104
f 4176/4160/4101 4172/4161/4102 4181/4168/4109
f 4185/4169/4110 4156/4148/4089 4175/4159/4100
f 4186/4170/4111 4185/4169/4110 4175/4159/4100
f 3273/3281/3222 4167/4152/4093 3291/3273/3214
f 4128/4118/4059 4165/4150/4091 4129/4115/4056
f 4174/4171/4112 3285/3266/3207 3299/3283/3224
f 4153/4131/4072 4116/4164/4105 4152/4132/4073
f 4179/4166/4107 4153/4131/4072 4155/4133/4074
f 4131/4119/4060 4148/4136/4077 4130/4172/4113
f 4143/4137/4078 4127/4173/4114 4126/4112/4053
f 4133/4117/4058 4150/4139/4080 4149/4140/4081
f 4132/4174/4115 4150/4139/4080 4134/4116/4057
f 4127/4173/4114 4144/4138/4079 4132/4174/4115
f 4186/4170/4111 4175/4159/4100 3300/3280/3221
f 4125/4113/4054 4135/4128/4069 4124/4114/4055
f 3273/3281/3222 4140/4121/4062 4129/4115/4056
f 4125/4113/4054 4140/4121/4062 4136/4122/4063
f 4162/4175/4116 4154/4135/4076 4158/4142/4083
f 3301/3287/3228 3298/3277/3218 4170/4156/4097
f 4192/4176/4117 4191/4177/4118 4190/4178/4119
f 4191/4177/4118 4197/4179/4120 4194/4180/4121
f 4194/4180/4121 4197/4179/4120 4195/4181/4122
f 4187/4182/4123 4195/4181/4122 4189/4183/4124
f 3984/3963/3904 4202/4184/4125 4200/4185/4126
f 4205/4083/4024 4206/4186/4127 4207/4187/4128
f 4209/4188/4129 4210/4189/4130 4207/4187/4128
f 4210/4189/4130 4202/4184/4125 4201/4190/4131
f 4198/4191/4132 4201/4190/4131 3984/3963/3904
f 4203/4192/4133 4207/4187/4128 4204/4193/4134
f 4207/4187/4128 4208/4194/4135 4204/4193/4134
f 4208/4194/4135 4201/4190/4131 4199/4195/4136
f 3988/3973/3914 4211/4196/4137 3987/3984/3925
f 3799/3782/3723 4217/4197/4138 3801/4198/4139
f 4211/4196/4137 4217/4197/4138 4216/4199/4140
f 3988/3973/3914 4213/4200/4141 4212/4201/4142
f 4217/4197/4138 3804/3787/3728 3801/4198/4139
f 4218/4202/4143 4217/4197/4138 4212/4201/4142
f 4219/4203/4144 4218/4202/4143 4214/4204/4145
f 4221/4205/4146 4220/4206/4147 4200/4185/4126
f 4223/4207/4148 4221/4205/4146 4224/4208/4149
f 4222/4209/4150 4225/4210/4151 3997/3978/3919
f 3997/3978/3919 4225/4210/4151 3995/3979/3920
f 4223/4207/4148 4222/4209/4150 4220/4206/4147
f 3811/3794/3735 4231/4211/4152 4230/4212/4153
f 4228/4213/4154 4231/4211/4152 4229/4214/4155
f 4227/4215/4156 4232/4216/4157 4115/4217/4158
f 3818/3802/3743 4231/4211/4152 3813/3803/3744
f 4231/4211/4152 4232/4216/4157 4229/4214/4155
f 4232/4216/4157 4233/4218/4159 4115/4217/4158
f 4233/4218/4159 4232/4216/4157 4234/4219/4160
f 4117/4220/4161 4236/4221/4162 4235/4222/4163
f 4239/4223/4164 4236/4221/4162 4237/4224/4165
f 4242/4225/4166 4122/4103/4044 4241/4226/4167
f 4242/4225/4166 4117/4220/4161 4123/4227/4168
f 4242/4225/4166 4239/4223/4164 4237/4224/4165
f 4241/4226/4167 4119/4101/4042 4240/4228/4169
f 4244/4229/4170 4219/4203/4144 4215/4230/4171
f 4246/4231/4172 3821/3811/3752 3816/3804/3745
f 4244/4229/4170 3820/3809/3750 4219/4203/4144
f 3822/3806/3747 3802/3789/3730 4244/4229/4170
f 4244/4229/4170 4215/4230/4171 4225/4210/4151
f 4248/4232/4173 4240/4228/4169 4246/4231/4172
f 4249/4233/4174 4248/4232/4173 4246/4231/4172
f 4191/4177/4118 4227/4215/4156 4190/4178/4119
f 3792/3808/3749 4230/4212/4153 4194/4180/4121
f 4191/4177/4118 4230/4212/4153 4228/4213/4154
f 4238/4234/4175 4209/4188/4129 4236/4221/4162
f 3820/3809/3750 3804/3787/3728 4218/4202/4143
f 3792/3808/3749 4216/4199/4140 3799/3782/3723
f 4187/4182/4123 4211/4196/4137 4194/4180/4121
f 4245/4235/4176 3818/3802/3743 3821/3811/3752
f 4224/4208/4149 4202/4184/4125 4210/4189/4130
f 4189/4183/4124 4198/4191/4132 4188/4236/4177
f 4203/4192/4133 4193/4237/4178 4192/4176/4117
f 4196/4238/4179 4208/4194/4135 4197/4179/4120
f 4195/4181/4122 4208/4194/4135 4199/4195/4136
f 4193/4237/4178 4204/4193/4134 4196/4238/4179
f 4249/4233/4174 4246/4231/4172 3822/3806/3747
f 4258/4239/4180 4257/4240/4181 4048/4031/3972
f 4262/4241/4182 4263/4242/4183 4162/4175/4116
f 4263/4242/4183 4265/4243/4184 4266/4244/4185
f 4258/4239/4180 4265/4243/4184 4259/4245/4186
f 4257/4240/4181 4261/4246/4187 4260/4247/4188
f 4265/4243/4184 4261/4246/4187 4259/4245/4186
f 4264/4248/4189 4265/4243/4184 4262/4241/4182
f 4268/4249/4190 4269/4250/4191 4053/4048/3989
f 4271/4251/4192 4272/4252/4193 4224/4208/4149
f 4271/4251/4192 4274/4253/4194 4273/4254/4195
f 4269/4250/4191 4274/4253/4194 4275/4255/4196
f 4272/4252/4193 4277/4256/4197 4276/4257/4198
f 4274/4253/4194 4277/4256/4197 4273/4254/4195
f 4270/4258/4199 4274/4253/4194 4268/4249/4190
f 4292/4259/4200 4260/4247/4188 4279/4260/4201
f 4280/4261/4202 4294/4262/4203 4060/4043/3984
f 4058/4044/3985 4029/4013/3954 4292/4259/4200
f 4281/4263/4204 4282/4264/4205 4179/4166/4107
f 4285/4265/4206 4284/4266/4207 4238/4234/4175
f 4284/4266/4207 4287/4267/4208 4286/4268/4209
f 4281/4263/4204 4287/4267/4208 4283/4269/4210
f 4282/4264/4205 4289/4270/4211 4288/4271/4212
f 4287/4267/4208 4289/4270/4211 4283/4269/4210
f 4290/4272/4213 4287/4267/4208 4285/4265/4206
f 4292/4259/4200 4279/4260/4201 4185/4169/4110
f 4295/4273/4214 4288/4271/4212 4293/4274/4215
f 4186/4170/4111 4176/4160/4101 4295/4273/4214
f 4280/4261/4202 4276/4257/4198 4294/4262/4203
f 4295/4273/4214 4293/4274/4215 4248/4232/4173
f 4249/4233/4174 4244/4229/4170 4280/4261/4202
f 4296/4275/4216 4292/4259/4200 4186/4170/4111
f 4296/4275/4216 4295/4273/4214 4249/4233/4174
f 4296/4275/4216 4280/4261/4202 4058/4044/3985
f 4253/4276/4217 4179/4166/4107 4252/4277/4218
f 4238/4234/4175 4255/4278/4219 4254/4279/4220
f 4255/4278/4219 4286/4268/4209 4256/4280/4221
f 4253/4276/4217 4286/4268/4209 4281/4263/4204
f 4279/4260/4201 4264/4248/4189 4184/4281/4222
f 4294/4262/4203 4277/4256/4197 4278/4282/4223
f 4255/4278/4219 4224/4208/4149 4254/4279/4220
f 4053/4048/3989 4251/4283/4224 4250/4284/4225
f 4255/4278/4219 4275/4255/4196 4271/4251/4192
f 4251/4283/4224 4275/4255/4196 4256/4280/4221
f 4293/4274/4215 4290/4272/4213 4247/4285/4226
f 4279/4260/4201 4261/4246/4187 4267/4286/4227
f 4251/4283/4224 4048/4031/3972 4250/4284/4225
f 4162/4175/4116 4253/4276/4217 4252/4277/4218
f 4253/4276/4217 4266/4244/4185 4256/4280/4221
f 4251/4283/4224 4266/4244/4185 4258/4239/4180
f 4294/4262/4203 4270/4258/4199 4059/4287/4228
f 4293/4274/4215 4289/4270/4211 4291/4288/4229
f 4061/4052/3993 3843/3843/3784 3842/3844/3785
f 3841/3842/3783 4061/4052/3993 3847/3845/3786
f 3843/3843/3784 4062/4051/3992 3845/3846/3787
f 3847/3845/3786 4061/4052/3993 3842/3844/3785
f 3857/3853/3794 4076/4067/4008 3856/4289/4230
f 4076/4067/4008 3851/4290/4231 3855/4291/4232
f 3859/3855/3796 4081/4068/4009 4077/4065/4006
f 4076/4067/4008 3855/4291/4232 3856/4289/4230
f 3861/4292/4233 4081/4068/4009 3860/3954/3895
f 4096/4079/4020 3871/3961/3902 3872/4280/4234
f 4095/4090/4031 3868/3970/3911 3871/3961/3902
f 4080/4095/4036 3864/3861/3802 3851/4290/4231
f 3868/3970/3911 4083/4110/4051 3861/4292/4233
f 3864/3861/3802 4067/4060/4001 3841/3842/3783
f 4068/4062/4003 3867/4086/4027 3848/4293/4235
f 3909/3922/3863 4126/4112/4053 3906/3890/3831
f 4135/4128/4069 3914/3896/3837 3913/3897/3838
f 3932/4141/4082 4157/4143/4084 3931/4029/3970
f 4124/4114/4055 3913/3897/3838 3906/3890/3831
f 3931/4029/3970 4146/4129/4070 3927/3903/3844
f 4174/4171/4112 3929/3913/3854 3915/3898/3839
f 4187/4182/4123 3973/3958/3899 3972/3959/3900
f 3984/3963/3904 4200/4185/4126 3983/3964/3905
f 3989/4294/4236 4213/4200/4141 3990/4295/4237
f 4200/4185/4126 3994/4034/3975 3993/4036/3977
f 4222/4209/4150 3997/3978/3919 3998/4042/3983
f 4222/4209/4150 3994/4034/3975 4220/4206/4147
f 4188/4236/4177 3982/3972/3913 3973/3958/3899
f 3995/3979/3920 4215/4230/4171 3989/4294/4236
f 3987/3984/3925 4187/4182/4123 3972/3959/3900
f 4200/4185/4126 3993/4036/3977 3983/3964/3905
f 4047/4030/3971 4260/4247/4188 4049/4296/4238
f 4054/4037/3978 4270/4258/4199 4268/4249/4190
f 4260/4247/4188 4029/4013/3954 4043/4033/3974
f 4250/4284/4225 4048/4031/3972 4041/4020/3961
f 4059/4287/4228 4270/4258/4199 4057/4297/4239
f 4053/4048/3989 4250/4284/4225 4041/4020/3961
f 4260/4247/4188 4043/4033/3974 4049/4296/4238
f 3959/3947/3888 3853/3851/3792 3852/3852/3793
f 3850/3849/3790 3959/3947/3888 3854/3850/3791
f 3854/3850/3791 3959/3947/3888 3852/3852/3793
f 3853/3851/3792 3961/3946/3887 3858/3856/3797
f 3827/3833/3774 3936/3926/3867 3826/4298/4240
f 3936/3926/3867 3833/3858/3799 3825/4299/4241
f 3829/3835/3776 3940/3927/3868 3937/3924/3865
f 3936/3926/3867 3825/4299/4241 3826/4298/4240
f 3835/4300/4242 3940/3927/3868 3830/3869/3810
f 3980/3960/3901 3869/3901/3842 3872/4280/4234
f 3978/3968/3909 3866/3907/3848 3869/3901/3842
f 3865/3859/3800 3963/3951/3892 3850/3849/3790
f 3968/3957/3898 3868/3970/3911 3861/4292/4233
f 3947/3943/3884 3865/3859/3800 3833/3858/3799
f 3866/3907/3848 3948/3981/3922 3835/4300/4242
f 4091/4111/4052 4192/4176/4117 4090/4076/4017
f 4227/4215/4156 4111/4096/4037 4110/4097/4038
f 4117/4220/4161 4235/4222/4163 4116/4164/4105
f 4245/4235/4176 4119/4101/4042 4114/4099/4040
f 4190/4178/4119 4110/4097/4038 4090/4076/4017
f 4116/4164/4105 4206/4186/4127 4101/4082/4023
f 3999/3992/3933 3887/3875/3816 3882/3876/3817
f 3926/3906/3847 4036/4016/3957 3927/3903/3844
f 3892/4301/4243 4012/4001/3942 3893/4302/4244
f 4046/4032/3973 3933/3916/3857 3935/4149/4090
f 4046/4032/3973 3932/4141/4082 4044/4028/3969
f 3890/3923/3864 3999/3992/3933 3882/3876/3817
f 4036/4016/3957 3931/4029/3970 3927/3903/3844
f 4003/4045/3986 3919/3909/3850 3887/3875/3816
f 3930/3917/3858 4017/4014/3955 3892/4301/4243
f 4180/4165/4106 4288/4271/4212 4183/4303/4245
f 4163/4146/4087 4264/4248/4189 4262/4241/4182
f 4288/4271/4212 4176/4160/4101 4181/4168/4109
f 4162/4175/4116 4252/4277/4218 4155/4133/4074
f 4288/4271/4212 4181/4168/4109 4183/4303/4245
f 4252/4277/4218 4179/4166/4107 4155/4133/4074
f 4184/4281/4222 4264/4248/4189 4164/4304/4246
f 3873/3864/3805 3824/3831/3772 3823/3832/3773
f 3832/3838/3779 3873/3864/3805 3834/3830/3771
f 3824/3831/3772 3875/3863/3804 3828/3836/3777
f 3834/3830/3771 3873/3864/3805 3823/3832/3773
f 3838/3839/3780 3894/3881/3822 3837/4305/4247
f 3894/3881/3822 3840/4306/4248 3836/4307/4249
f 3844/3847/3788 3903/3885/3826 3896/3879/3820
f 3894/3881/3822 3836/4307/4249 3837/4305/4247
f 3848/4293/4235 3903/3885/3826 3846/4054/3995
f 3925/3900/3841 3870/4080/4021 3872/4280/4234
f 3923/3911/3852 3867/4086/4027 3870/4080/4021
f 3900/3895/3836 3863/3857/3798 3840/4306/4248
f 3867/4086/4027 3907/3921/3862 3848/4293/4235
f 3863/3857/3798 3883/3872/3813 3832/3838/3779
f 3884/3874/3815 3866/3907/3848 3835/4300/4242
f 3951/3982/3923 4005/3986/3927 3946/3934/3875
f 4019/4011/3952 3953/3938/3879 3952/3939/3880
f 4000/3988/3929 3952/3939/3880 3946/3934/3875
f 3993/4036/3977 4040/4017/3958 3983/3964/3905
f 4027/4049/3990 3992/3975/3916 3956/3941/3882
f 4128/4118/4059 4075/4063/4004 4074/4064/4005
f 4102/4085/4026 4152/4132/4073 4101/4082/4023
f 4107/4308/4250 4169/4154/4095 4108/4309/4251
f 4182/4167/4108 4121/4104/4045 4123/4227/4168
f 4182/4167/4108 4117/4220/4161 4178/4163/4104
f 4130/4172/4113 4100/4088/4029 4075/4063/4004
f 4120/4105/4046 4172/4161/4102 4107/4308/4250
f 4104/4107/4048 4128/4118/4059 4074/4064/4005
f 4152/4132/4073 4116/4164/4105 4101/4082/4023
f 4223/4207/4148 4276/4257/4198 4226/4310/4252
f 4239/4223/4164 4290/4272/4213 4285/4265/4206
f 4276/4257/4198 4244/4229/4170 4225/4210/4151
f 4254/4279/4220 4224/4208/4149 4210/4189/4130
f 4247/4285/4226 4290/4272/4213 4243/4311/4253
f 4238/4234/4175 4254/4279/4220 4210/4189/4130
f 4276/4257/4198 4225/4210/4151 4226/4310/4252
f 362/334/334 2221/4312/2224 48/43/43
f 421/388/388 2244/4313/2197 423/4314/4254
f 423/4314/4254 2256/4315/2274 445/415/415
f 413/386/386 2223/4316/2175 392/410/410
f 407/413/413 2252/4317/2270 2233/4318/2271
f 2236/4319/2268 484/4320/2336 480/440/440
f 2338/4321/2284 504/453/453 503/462/462
f 495/458/458 2333/4322/2290 493/4323/4255
f 2338/4321/2284 503/462/462 499/4324/4256
f 496/451/451 486/446/446 2330/4325/2340
f 559/502/502 2408/4326/2347 558/503/503
f 2403/4327/2351 554/500/500 548/509/509
f 558/503/503 2408/4326/2347 551/511/511
f 2466/4328/2286 582/4329/2405 490/456/456
f 2333/4322/2290 441/412/412 493/4323/4255
f 449/553/553 2260/4330/2282 499/4324/4256
f 2403/4327/2351 445/415/415 2256/4315/2274
f 449/553/553 2407/4331/4257 2260/4330/2282
f 2792/4332/2729 980/941/941 981/927/927
f 984/929/929 2797/4333/2731 985/4334/4258
f 985/4334/4258 2800/4335/2733 988/933/933
f 959/915/915 974/922/922 2784/4336/2791
f 1024/978/978 2868/4337/2839 745/712/712
f 991/951/951 745/712/712 2868/4337/2839
f 2898/4338/2829 1056/1006/1006 1054/4339/4259
f 2878/4340/2876 1054/4339/4259 1042/1012/1012
f 2869/4341/2802 1052/1004/1004 1025/1010/1010
f 1088/4342/2886 2947/4343/2741 968/936/936
f 1134/1086/1086 2997/4344/2927 1133/1071/1071
f 1133/1071/1071 2997/4344/2927 1130/1076/1076
f 1090/4345/2878 988/933/933 2800/4335/2733
f 1518/1459/1459 3307/3820/3761 1513/4346/4260
f 1513/4346/4260 3302/3358/3299 1498/1450/1450
f 1538/1477/1477 3320/3320/3261 3311/3321/3262
f 1586/3381/3322 3320/3320/3261 1584/1640/1640
f 1590/1513/1513 1579/1520/1520 3383/3822/3763
f 1657/1580/1580 3463/3460/3401 1652/1581/1581
f 3439/3502/3443 1649/1573/1573 1635/1588/1588
f 1652/1581/1581 3442/3503/3444 1638/1589/1589
f 3512/3511/3452 1692/1618/1618 1689/4347/4261
f 1699/3550/3491 3469/3501/3442 1698/1622/1622
f 3320/3320/3261 1547/1476/1476 1584/1640/1640
f 1638/1589/1589 3512/3511/3452 1689/4347/4261
f 2042/1998/1998 2054/1990/1990 3825/4299/4241
f 3892/4301/4243 2114/2045/2045 2106/4348/4262
f 3889/3918/3859 2106/4348/4262 2083/2037/2037
f 19/18/18 216/200/200 1142/1120/1120
f 1142/1120/1120 223/203/203 19/18/18
f 232/216/216 1156/1115/1115 240/4349/4263
f 230/214/214 1143/1104/1104 222/280/280
f 278/282/282 1203/1204/1204 1186/1205/1205
f 1188/1199/1199 238/209/209 286/277/277
f 240/4349/4263 1192/1200/1200 290/278/278
f 1184/1203/1203 514/1488/1488 510/467/467
f 528/483/483 1483/1434/1434 519/4350/4264
f 1486/1437/1437 532/487/487 523/4351/4265
f 529/479/479 516/474/474 1480/1489/1489
f 360/320/320 1279/1226/1226 359/321/321
f 1272/1232/1232 349/316/316 346/328/328
f 359/321/321 1279/1226/1226 356/330/330
f 1550/1438/1438 574/1495/1495 526/489/489
f 1272/1232/1232 290/278/278 1192/1200/1200
f 1483/1434/1434 300/281/281 519/4350/4264
f 1207/1630/1630 523/4351/4265 304/546/546
f 3346/3339/3280 2459/2412/2389 2462/2406/2383
f 2450/2400/2377 3341/3335/3276 2452/4352/4266
f 2452/4352/4266 3349/3341/3282 2465/2409/2386
f 2433/2388/2365 2445/2398/2375 3331/3378/3319
f 3619/3618/3559 2716/2669/2643 2579/2513/2487
f 3620/3605/3546 2736/2678/2652 2724/2689/2663
f 3581/3634/3575 2732/4353/4267 2715/2687/2661
f 2495/3395/3336 3388/3350/3291 2443/2414/2391
f 2763/2726/2700 3657/3645/3586 2762/2702/2676
f 2762/2702/2676 3657/3645/3586 2761/2706/2680
f 2502/3392/3333 2465/2409/2386 3349/3341/3282
f 801/772/772 1702/2170/2170 798/4354/4268
f 798/4354/4268 1700/1662/1662 794/763/763
f 852/807/807 1738/1673/1673 1734/1674/1674
f 1725/1666/1666 810/768/768 841/797/797
f 1070/1962/1962 1738/1673/1673 1068/1095/1095
f 1081/1022/1022 1074/1031/1031 2018/2172/2172
f 920/879/879 922/878/878 1828/1772/1772
f 911/866/866 899/884/884 1802/1800/1800
f 920/879/879 1812/1804/1804 907/887/887
f 869/827/827 1802/1800/1800 899/884/884
f 2064/2010/2010 1115/1058/1058 1110/4355/4269
f 1123/2051/2051 1827/1803/1803 1118/1059/1059
f 1738/1673/1673 855/806/806 1068/1095/1095
f 907/887/887 2064/2010/2010 1110/4355/4269
f 2974/2968/2916 2979/2954/2902 3836/4307/4249
f 4107/4308/4250 3251/3227/3168 3248/4356/4270
f 4106/4106/4047 3248/4356/4270 3237/3222/3163
f 128/117/117 584/565/565 11/12/12
f 167/147/147 627/593/593 169/4357/4271
f 642/654/654 162/138/138 194/193/193
f 169/4357/4271 657/659/659 207/198/198
f 157/144/144 588/561/561 132/192/192
f 150/195/195 650/655/655 604/656/656
f 598/662/662 312/821/821 310/285/285
f 333/306/306 811/779/779 328/4358/4272
f 817/781/781 341/309/309 337/4359/4273
f 334/299/299 317/291/291 788/816/816
f 933/892/892 472/466/466 471/426/426
f 933/892/892 471/426/426 465/432/432
f 477/430/430 936/898/898 469/435/435
f 1057/783/783 564/1014/1014 338/312/312
f 811/779/779 201/194/194 328/4358/4272
f 215/543/543 817/781/781 337/4359/4273
f 215/543/543 936/898/898 665/1087/1087
f 1747/1684/1684 1302/1254/1254 1304/1242/1242
f 1309/1247/1247 1754/1692/1692 1311/4360/4274
f 1311/4360/4274 1758/1693/1693 1316/1250/1250
f 1267/1217/1217 1295/1240/1240 1710/1718/1718
f 1424/1376/1376 1345/1293/1293 1878/1824/1824
f 1467/1410/1410 1889/1881/1881 1453/1423/1423
f 1901/1885/1885 1477/4361/4275 1461/1426/1426
f 1880/1822/1822 1474/1413/1413 1428/1424/1424
f 1557/1977/1977 2022/1701/1701 1307/1256/1256
f 1669/1629/1629 2119/2061/2061 1668/1596/1596
f 1668/1596/1596 2119/2061/2061 1663/1599/1599
f 1559/1969/1969 1316/1250/1250 1758/1693/1693
f 2360/2317/2303 2812/3289/3230 2358/4362/4276
f 2358/4362/4276 2809/2791/2754 2347/2308/2294
f 2384/2340/2326 2840/2802/2765 2829/2803/2766
f 2485/2941/2889 2840/2802/2765 2483/2731/2705
f 2961/3291/3232 2490/2436/2410 2486/2439/2413
f 2663/2615/2589 2670/2614/2588 3114/3095/3036
f 2616/2564/2538 3073/3108/3049 2640/2620/2594
f 2657/2604/2578 2640/2620/2594 3073/3108/3049
f 2663/2615/2589 3080/3109/3050 2647/2621/2595
f 3204/3191/3132 2751/2696/2670 2747/4363/4277
f 2773/3237/3178 3119/3114/3055 2771/2715/2689
f 2840/2802/2765 2397/2339/2325 2483/2731/2705
f 2647/2621/2595 3204/3191/3132 2747/4363/4277
f 3416/3416/3357 3418/3408/3349 3855/4291/4232
f 3989/4294/4236 3561/3546/3487 3559/4364/4278
f 3986/3980/3921 3559/4364/4278 3546/3538/3479
f 1/1/1 3/3/3 9/6/6
f 1/1/1 2/5/5 4/2/2
f 1/1/1 6/7/7 7/4/4
f 15/10/10 16/80/80 14/11/11
f 2/5/5 7/4/4 14/11/11
f 2/5/5 13/13/13 4/2/2
f 17/14/14 20/107/107 18/15/15
f 3/3/3 4/2/2 18/15/15
f 3/3/3 22/19/19 9/6/6
f 35/20/20 34/24/24 31/21/21
f 36/23/23 33/27/27 31/21/21
f 39/26/26 41/87/87 40/89/89
f 36/23/23 41/87/87 39/26/26
f 24/28/28 32/22/22 31/21/21
f 31/21/21 33/27/27 25/30/30
f 37/25/25 32/22/22 24/28/28
f 27/32/32 38/94/94 37/25/25
f 39/26/26 40/89/89 29/33/33
f 39/26/26 28/34/34 25/30/30
f 29/33/33 43/92/92 44/35/35
f 27/32/32 30/36/36 44/35/35
f 40/89/89 43/92/92 29/33/33
f 27/32/32 42/37/37 38/94/94
f 46/40/40 50/95/95 47/41/41
f 6/7/7 9/6/6 47/41/41
f 6/7/7 49/42/42 7/4/4
f 59/44/44 57/50/50 56/45/45
f 61/47/47 58/46/46 56/45/45
f 59/44/44 63/100/100 62/49/49
f 62/49/49 63/100/100 64/102/102
f 56/45/45 57/50/50 52/52/52
f 53/54/54 60/48/48 56/45/45
f 66/55/55 69/106/106 68/51/51
f 68/51/51 60/48/48 53/54/54
f 62/49/49 54/58/58 52/52/52
f 62/49/49 64/102/102 55/57/57
f 66/55/55 67/61/61 72/59/59
f 55/57/57 70/105/105 72/59/59
f 66/55/55 71/60/60 69/106/106
f 64/102/102 70/105/105 55/57/57
f 79/62/62 77/66/66 76/63/63
f 81/65/65 80/69/69 76/63/63
f 88/68/68 89/110/110 90/112/112
f 81/65/65 89/110/110 88/68/68
f 74/70/70 78/64/64 76/63/63
f 76/63/63 80/69/69 75/72/72
f 84/67/67 78/64/64 74/70/70
f 83/74/74 85/116/116 84/67/67
f 88/68/68 90/112/112 87/75/75
f 88/68/68 86/76/76 75/72/72
f 87/75/75 93/114/114 94/77/77
f 83/74/74 91/78/78 94/77/77
f 90/112/112 93/114/114 87/75/75
f 83/74/74 92/79/79 85/116/116
f 9/6/6 10/17/17 46/40/40
f 15/10/10 51/53/53 52/52/52
f 52/52/52 54/58/58 16/80/80
f 10/17/17 21/16/16 74/70/70
f 21/16/16 82/73/73 74/70/70
f 96/81/81 95/83/83 34/24/24
f 97/82/82 36/23/23 34/24/24
f 37/25/25 100/86/86 99/84/84
f 37/25/25 38/94/94 101/85/85
f 41/87/87 104/109/109 105/88/88
f 103/90/90 104/109/109 41/87/87
f 108/91/91 109/551/551 44/35/35
f 44/35/35 109/551/551 107/93/93
f 99/84/84 96/81/81 35/20/20
f 105/88/88 108/91/91 43/92/92
f 42/37/37 107/93/93 101/85/85
f 4/2/2 5/9/9 17/14/14
f 46/40/40 73/71/71 75/72/72
f 75/72/72 86/76/76 50/95/95
f 5/9/9 12/8/8 24/28/28
f 12/8/8 26/31/31 24/28/28
f 96/81/81 59/44/44 58/46/46
f 98/96/96 95/83/83 58/46/46
f 68/51/51 69/106/106 113/97/97
f 68/51/51 112/98/98 111/99/99
f 99/84/84 100/86/86 63/100/100
f 63/100/100 100/86/86 102/101/101
f 72/59/59 117/537/537 116/103/103
f 115/104/104 117/537/537 72/59/59
f 71/60/60 116/103/103 113/97/97
f 111/99/99 98/96/96 61/47/47
f 102/101/101 115/104/104 70/105/105
f 7/4/4 8/39/39 15/10/10
f 17/14/14 23/29/29 25/30/30
f 25/30/30 28/34/34 20/107/107
f 8/39/39 45/38/38 53/54/54
f 45/38/38 65/56/56 53/54/54
f 97/82/82 95/83/83 77/66/66
f 98/96/96 81/65/65 77/66/66
f 84/67/67 104/109/109 103/90/90
f 84/67/67 85/116/116 106/108/108
f 89/110/110 112/98/98 114/111/111
f 111/99/99 112/98/98 89/110/110
f 120/113/113 121/540/540 94/77/77
f 94/77/77 121/540/540 119/115/115
f 103/90/90 97/82/82 79/62/62
f 114/111/111 120/113/113 93/114/114
f 92/79/79 119/115/115 106/108/108
f 5/9/9 23/29/29 17/14/14
f 8/39/39 51/53/53 15/10/10
f 10/17/17 73/71/71 46/40/40
f 13/13/13 127/196/196 12/8/8
f 16/80/80 129/137/137 128/117/117
f 14/11/11 128/117/117 11/12/12
f 128/117/117 129/137/137 132/192/192
f 127/196/196 134/120/120 135/134/134
f 147/121/121 146/125/125 143/122/122
f 148/124/124 145/127/127 143/122/122
f 138/128/128 144/123/123 143/122/122
f 143/122/122 145/127/127 139/130/130
f 149/126/126 150/195/195 142/131/131
f 149/126/126 141/132/132 139/130/130
f 136/133/133 140/135/135 135/134/134
f 136/133/133 137/129/129 139/130/130
f 139/130/130 141/132/132 140/135/135
f 151/556/556 152/136/136 16/80/80
f 151/556/556 153/557/557 152/136/136
f 129/137/137 152/136/136 155/4365/4279
f 129/137/137 155/4365/4279 154/149/149
f 162/138/138 160/587/587 159/139/139
f 164/141/141 161/140/140 159/139/139
f 155/4365/4279 165/150/150 154/149/149
f 159/139/139 160/587/587 157/144/144
f 158/146/146 163/142/142 159/139/139
f 167/147/147 169/4357/4271 168/143/143
f 168/143/143 163/142/142 158/146/146
f 165/150/150 166/148/148 158/146/146
f 123/151/151 186/153/153 178/161/161
f 171/154/154 174/169/169 173/155/155
f 173/155/155 175/166/166 172/157/157
f 179/158/158 174/169/169 176/159/159
f 178/161/161 180/171/171 179/158/158
f 184/162/162 185/170/170 183/163/163
f 184/162/162 182/164/164 181/165/165
f 186/153/153 188/152/152 189/168/168
f 195/172/172 193/176/176 190/173/173
f 196/175/175 192/191/191 190/173/173
f 198/177/177 200/181/181 199/178/178
f 198/177/177 180/171/171 202/180/180
f 204/182/182 206/199/199 208/183/183
f 205/184/184 206/199/199 204/182/182
f 213/186/186 214/544/544 211/187/187
f 211/187/187 214/544/544 212/189/189
f 199/178/178 195/172/172 191/174/174
f 185/170/170 208/183/183 213/186/186
f 205/184/184 203/185/185 192/191/191
f 180/171/171 209/190/190 212/189/189
f 132/192/192 156/145/145 157/144/144
f 154/149/149 156/145/145 132/192/192
f 194/193/193 193/176/176 146/125/125
f 195/172/172 148/124/124 146/125/125
f 149/126/126 200/181/181 201/194/194
f 199/178/178 200/181/181 149/126/126
f 195/172/172 199/178/178 148/124/124
f 134/120/120 131/119/119 136/133/133
f 131/119/119 137/129/129 136/133/133
f 194/193/193 162/138/138 161/140/140
f 196/175/175 193/176/176 161/140/140
f 168/143/143 169/4357/4271 207/198/198
f 168/143/143 206/199/199 205/184/184
f 164/141/141 205/184/184 196/175/175
f 13/13/13 130/118/118 134/120/120
f 191/174/174 190/173/173 173/155/155
f 192/191/191 175/166/166 173/155/155
f 179/158/158 198/177/177 197/179/179
f 184/162/162 204/182/182 185/170/170
f 203/185/185 204/182/182 184/162/162
f 210/188/188 211/187/187 189/168/168
f 189/168/168 211/187/187 209/190/190
f 197/179/179 191/174/174 174/169/169
f 180/171/171 186/153/153 209/190/190
f 22/19/19 218/275/275 21/16/16
f 20/107/107 217/202/202 216/200/200
f 18/15/15 216/200/200 19/18/18
f 219/548/548 220/201/201 20/107/107
f 219/548/548 221/549/549 220/201/201
f 217/202/202 220/201/201 225/4366/4280
f 216/200/200 217/202/202 222/280/280
f 217/202/202 225/4366/4280 226/217/217
f 225/4366/4280 227/218/218 226/217/217
f 237/206/206 236/210/210 233/207/207
f 238/209/209 235/1110/1110 233/207/207
f 229/212/212 234/208/208 233/207/207
f 233/207/207 235/1110/1110 230/214/214
f 239/211/211 234/208/208 229/212/212
f 232/216/216 240/4349/4263 239/211/211
f 227/218/218 231/215/215 229/212/212
f 218/275/275 242/205/205 243/248/248
f 250/222/222 251/232/232 245/223/223
f 246/225/225 252/238/238 250/222/222
f 257/226/226 262/237/237 261/227/227
f 261/227/227 252/238/238 255/229/229
f 253/230/230 248/234/234 247/231/231
f 253/230/230 254/239/239 249/233/233
f 260/221/221 259/220/220 263/236/236
f 125/219/219 260/221/221 257/226/226
f 271/240/240 269/244/244 268/241/241
f 273/243/243 272/246/246 268/241/241
f 264/247/247 274/254/254 243/248/248
f 264/247/247 265/250/250 267/251/251
f 267/251/251 275/253/253 274/254/254
f 266/249/249 270/242/242 268/241/241
f 268/241/241 272/246/246 267/251/251
f 277/245/245 278/282/282 276/252/252
f 277/245/245 275/253/253 267/251/251
f 285/255/255 280/274/274 279/256/256
f 287/258/258 284/257/257 279/256/256
f 293/260/260 262/237/237 299/261/261
f 293/260/260 298/262/262 297/263/263
f 288/265/265 289/279/279 283/266/266
f 283/266/266 289/279/279 291/268/268
f 296/269/269 303/545/545 302/270/270
f 301/272/272 303/545/545 296/269/269
f 288/265/265 282/267/267 280/274/274
f 262/237/237 295/271/271 302/270/270
f 297/263/263 287/258/258 281/259/259
f 254/239/239 291/268/268 301/272/272
f 242/205/205 224/204/204 264/247/247
f 224/204/204 265/250/250 264/247/247
f 285/255/255 284/257/257 236/210/210
f 286/277/277 238/209/209 236/210/210
f 239/211/211 289/279/279 288/265/265
f 239/211/211 240/4349/4263 290/278/278
f 237/206/206 288/265/265 285/255/255
f 22/19/19 223/203/203 242/205/205
f 280/274/274 251/232/232 250/222/222
f 281/259/259 279/256/256 250/222/222
f 261/227/227 293/260/260 292/264/264
f 282/267/267 283/266/266 253/230/230
f 253/230/230 283/266/266 254/239/239
f 263/236/236 296/269/269 295/271/271
f 294/273/273 296/269/269 263/236/236
f 262/237/237 260/221/221 295/271/271
f 292/264/264 281/259/259 252/238/238
f 222/280/280 228/213/213 230/214/214
f 226/217/217 228/213/213 222/280/280
f 286/277/277 284/257/257 269/244/244
f 287/258/258 273/243/243 269/244/244
f 277/245/245 298/262/262 300/281/281
f 297/263/263 298/262/262 277/245/245
f 287/258/258 297/263/263 273/243/243
f 305/284/284 306/283/283 307/333/333
f 306/283/283 312/821/821 313/286/286
f 314/288/288 308/290/290 311/287/287
f 316/292/292 314/288/288 311/287/287
f 310/285/285 312/821/821 306/283/283
f 317/291/291 315/289/289 314/288/288
f 305/284/284 307/333/333 318/293/293
f 322/324/324 323/297/297 321/296/296
f 325/295/295 324/298/298 321/296/296
f 321/296/296 318/293/293 307/333/333
f 305/284/284 320/294/294 227/218/218
f 202/180/180 329/302/302 327/307/307
f 330/301/301 331/313/313 315/289/289
f 334/299/299 333/306/306 332/300/300
f 340/303/303 341/309/309 343/304/304
f 340/303/303 342/305/305 339/311/311
f 335/310/310 329/302/302 202/180/180
f 339/311/311 330/301/301 329/302/302
f 333/306/306 328/4358/4272 327/307/307
f 329/302/302 332/300/300 327/307/307
f 336/308/308 337/4359/4273 341/309/309
f 340/303/303 339/311/311 335/310/310
f 339/311/311 342/305/305 338/312/312
f 330/301/301 339/311/311 331/313/313
f 345/327/327 347/323/323 291/268/268
f 350/314/314 344/318/318 348/315/315
f 351/317/317 347/323/323 348/315/315
f 357/319/319 358/547/547 360/320/320
f 351/317/317 358/547/547 357/319/319
f 351/317/317 357/319/319 347/323/323
f 353/325/325 358/547/547 351/317/317
f 349/316/316 348/315/315 345/327/327
f 355/329/329 357/319/319 359/321/321
f 357/319/319 355/329/329 354/322/322
f 357/319/319 354/322/322 347/323/323
f 334/299/299 330/301/301 317/291/291
f 322/324/324 344/318/318 323/297/297
f 350/314/314 325/295/295 323/297/297
f 225/4366/4280 220/201/201 227/218/218
f 309/331/331 322/324/324 321/296/296
f 308/290/290 321/296/296 307/333/333
f 326/332/332 352/326/326 322/324/324
f 308/290/290 315/289/289 309/331/331
f 220/201/201 310/285/285 306/283/283
f 49/42/42 361/409/409 45/38/38
f 50/95/95 363/336/336 362/334/334
f 47/41/41 362/334/334 48/43/43
f 361/409/409 365/360/360 366/374/374
f 367/535/535 368/335/335 50/95/95
f 367/535/535 369/536/536 368/335/335
f 363/336/336 368/335/335 408/4367/4281
f 371/340/340 383/355/355 382/341/341
f 382/341/341 384/352/352 372/343/343
f 385/344/344 383/355/355 373/345/345
f 375/347/347 386/357/357 385/344/344
f 387/348/348 388/356/356 378/349/349
f 387/348/348 377/350/350 376/351/351
f 381/339/339 380/338/338 389/354/354
f 124/337/337 381/339/339 375/347/347
f 362/334/334 363/336/336 392/410/410
f 403/361/361 401/367/367 400/362/362
f 405/364/364 402/363/363 400/362/362
f 393/373/373 395/369/369 396/368/368
f 396/368/368 398/372/372 394/375/375
f 400/362/362 401/367/367 396/368/368
f 397/370/370 404/365/365 400/362/362
f 406/366/366 398/372/372 396/368/368
f 406/366/366 407/413/413 399/371/371
f 393/373/373 394/375/375 366/374/374
f 363/336/336 408/4367/4281 409/382/382
f 408/4367/4281 410/385/385 409/382/382
f 417/376/376 415/380/380 414/377/377
f 419/379/379 418/4368/2190 414/377/377
f 410/385/385 420/387/387 412/383/383
f 412/383/383 416/378/378 414/377/377
f 414/377/377 418/4368/2190 413/386/386
f 422/381/381 416/378/378 412/383/383
f 421/388/388 423/4314/4254 422/381/381
f 435/389/389 434/393/393 424/390/390
f 436/392/392 426/408/408 424/390/390
f 428/394/394 439/398/398 438/395/395
f 428/394/394 386/357/357 440/397/397
f 430/399/399 443/416/416 444/400/400
f 442/401/401 443/416/416 430/399/399
f 447/403/403 448/554/554 433/404/404
f 433/404/404 448/554/554 446/406/406
f 438/395/395 435/389/389 425/391/391
f 388/356/356 444/400/400 447/403/403
f 442/401/401 429/402/402 426/408/408
f 386/357/357 431/407/407 446/406/406
f 49/42/42 390/358/358 365/360/360
f 425/391/391 424/390/390 382/341/341
f 426/408/408 384/352/352 382/341/341
f 385/344/344 428/394/394 427/396/396
f 387/348/348 430/399/399 388/356/356
f 429/402/402 430/399/399 387/348/348
f 432/405/405 433/404/404 389/354/354
f 389/354/354 433/404/404 431/407/407
f 427/396/396 425/391/391 383/355/355
f 386/357/357 381/339/339 431/407/407
f 392/410/410 411/384/384 413/386/386
f 409/382/382 411/384/384 392/410/410
f 435/389/389 403/361/361 402/363/363
f 437/411/411 434/393/393 402/363/363
f 438/395/395 439/398/398 406/366/366
f 406/366/366 439/398/398 441/412/412
f 435/389/389 438/395/395 403/361/361
f 365/360/360 391/359/359 393/373/373
f 391/359/359 395/369/369 393/373/373
f 436/392/392 434/393/393 415/380/380
f 437/411/411 419/379/379 415/380/380
f 422/381/381 443/416/416 442/401/401
f 422/381/381 423/4314/4254 445/415/415
f 417/376/376 442/401/401 436/392/392
f 450/418/418 451/417/417 452/463/463
f 450/418/418 452/463/463 456/419/419
f 459/437/437 460/423/423 458/422/422
f 462/421/421 461/424/424 458/422/422
f 450/418/418 457/420/420 165/150/150
f 458/422/422 456/419/419 452/463/463
f 464/431/431 466/433/433 208/183/183
f 472/466/466 470/427/427 471/426/426
f 473/425/425 466/433/433 471/426/426
f 476/428/428 478/555/555 479/429/429
f 473/425/425 478/555/555 476/428/428
f 468/434/434 476/428/428 477/430/430
f 476/428/428 468/434/434 467/436/436
f 473/425/425 476/428/428 466/433/433
f 475/438/438 478/555/555 473/425/425
f 476/428/428 467/436/436 466/433/433
f 451/417/417 484/4320/2336 485/444/444
f 486/446/446 482/442/442 483/441/441
f 483/441/441 453/443/443 481/445/445
f 487/447/447 483/441/441 481/445/445
f 480/440/440 484/4320/2336 451/417/417
f 489/448/448 488/457/457 482/442/442
f 440/397/397 492/450/450 491/459/459
f 496/451/451 495/458/458 494/449/449
f 501/452/452 502/454/454 500/455/455
f 501/452/452 503/462/462 504/453/453
f 500/455/455 502/454/454 490/456/456
f 497/460/460 492/450/450 440/397/397
f 500/455/455 489/448/448 492/450/450
f 492/450/450 494/449/449 491/459/459
f 495/458/458 493/4323/4255 491/459/459
f 501/452/452 500/455/455 497/460/460
f 498/461/461 499/4324/4256 503/462/462
f 489/448/448 500/455/455 488/457/457
f 453/443/443 482/442/442 454/464/464
f 152/136/136 480/440/440 451/417/417
f 496/451/451 489/448/448 486/446/446
f 459/437/437 470/427/427 460/423/423
f 472/466/466 462/421/421 460/423/423
f 155/4365/4279 152/136/136 165/150/150
f 454/464/464 459/437/437 458/422/422
f 453/443/443 458/422/422 452/463/463
f 463/465/465 474/439/439 459/437/437
f 505/471/471 514/1488/1488 515/472/472
f 510/467/467 514/1488/1488 505/471/471
f 516/474/474 512/469/469 513/468/468
f 513/468/468 507/470/470 511/473/473
f 517/475/475 513/468/468 511/473/473
f 299/261/261 520/478/478 518/484/484
f 525/476/476 524/490/490 512/469/469
f 529/479/479 528/483/483 527/477/477
f 531/480/480 533/482/482 530/488/488
f 531/480/480 532/487/487 534/481/481
f 520/478/478 527/477/477 518/484/484
f 528/483/483 519/4350/4264 518/484/484
f 531/480/480 530/488/488 521/485/485
f 522/486/486 523/4351/4265 532/487/487
f 530/488/488 533/482/482 526/489/489
f 521/485/485 520/478/478 299/261/261
f 530/488/488 525/476/476 520/478/478
f 525/476/476 530/488/488 524/490/490
f 535/514/514 506/513/513 536/495/495
f 538/504/504 539/493/493 537/492/492
f 542/491/491 541/494/494 537/492/492
f 537/492/492 536/495/495 506/513/513
f 546/508/508 547/507/507 444/400/400
f 553/496/496 547/507/507 552/497/497
f 555/499/499 543/498/498 552/497/497
f 553/496/496 557/559/559 556/501/501
f 556/501/501 557/559/559 559/502/502
f 545/505/505 557/559/559 553/496/496
f 554/500/500 552/497/497 546/508/508
f 556/501/501 550/510/510 549/512/512
f 550/510/510 556/501/501 558/503/503
f 553/496/496 556/501/501 547/507/507
f 556/501/501 549/512/512 547/507/507
f 408/4367/4281 368/335/335 410/385/385
f 508/515/515 538/504/504 537/492/492
f 507/470/470 537/492/492 506/513/513
f 368/335/335 505/471/471 535/514/514
f 509/516/516 544/506/506 538/504/504
f 507/470/470 512/469/469 508/515/515
f 368/335/335 510/467/467 505/471/471
f 529/479/479 525/476/476 516/474/474
f 538/504/504 543/498/498 539/493/493
f 555/499/499 542/491/491 539/493/493
f 338/312/312 563/520/520 331/313/313
f 338/312/312 564/1014/1014 563/520/520
f 474/439/439 565/522/522 475/438/438
f 565/522/522 1058/1099/1099 475/438/438
f 567/517/517 565/522/522 561/518/518
f 567/517/517 569/1018/1018 565/522/522
f 563/520/520 566/519/519 331/313/313
f 564/1014/1014 568/521/521 563/520/520
f 565/522/522 569/1018/1018 1058/1099/1099
f 352/326/326 570/528/528 353/325/325
f 570/528/528 1548/1632/1632 353/325/325
f 526/489/489 571/525/525 524/490/490
f 573/523/523 570/528/528 560/526/526
f 526/489/489 574/1495/1495 571/525/525
f 573/523/523 575/1494/1494 570/528/528
f 570/528/528 575/1494/1494 1548/1632/1632
f 571/525/525 572/524/524 524/490/490
f 574/1495/1495 576/527/527 571/525/525
f 490/456/456 577/531/531 488/457/457
f 544/506/506 578/532/532 545/505/505
f 581/529/529 578/532/532 580/533/533
f 581/529/529 580/533/533 579/530/530
f 490/456/456 582/4329/2405 577/531/531
f 578/532/532 2467/4369/2716 545/505/505
f 581/529/529 583/4370/2404 578/532/532
f 578/532/532 583/4370/2404 2467/4369/2716
f 580/533/533 562/534/534 561/518/518
f 580/533/533 544/506/506 509/516/516
f 579/530/530 561/518/518 463/465/465
f 572/524/524 562/534/534 509/516/516
f 560/526/526 352/326/326 326/332/332
f 566/519/519 562/534/534 560/526/526
f 561/518/518 474/439/439 463/465/465
f 566/519/519 560/526/526 326/332/332
f 87/75/75 91/78/78 369/536/536
f 113/97/97 371/340/340 370/342/342
f 370/342/342 372/343/343 114/111/111
f 374/346/346 373/345/345 116/103/103
f 118/538/538 375/347/347 374/346/346
f 377/350/350 378/349/349 122/539/539
f 377/350/350 121/540/540 120/113/113
f 125/219/219 379/353/353 380/338/338
f 124/337/337 126/541/541 380/338/338
f 116/103/103 373/345/345 371/340/340
f 378/349/349 379/353/353 125/219/219
f 372/343/343 376/351/351 120/113/113
f 45/38/38 364/414/414 65/56/56
f 86/76/76 367/535/535 50/95/95
f 165/150/150 455/542/542 166/148/148
f 207/198/198 465/432/432 464/431/431
f 468/434/434 469/435/435 215/543/543
f 468/434/434 214/544/544 213/186/186
f 208/183/183 467/436/436 213/186/186
f 241/276/276 218/275/275 368/335/335
f 275/253/253 510/467/467 274/254/254
f 518/484/484 519/4350/4264 300/281/281
f 522/486/486 521/485/485 302/270/270
f 304/546/546 523/4351/4265 522/486/486
f 302/270/270 521/485/485 299/261/261
f 29/33/33 30/36/36 221/549/549
f 244/224/224 245/223/223 105/88/88
f 106/108/108 246/225/225 244/224/224
f 122/539/539 257/226/226 256/228/228
f 256/228/228 255/229/229 119/115/115
f 248/234/234 109/551/551 108/91/91
f 248/234/234 249/233/233 110/550/550
f 125/219/219 126/541/541 259/220/220
f 123/151/151 258/235/235 259/220/220
f 245/223/223 247/231/231 108/91/91
f 119/115/115 255/229/229 246/225/225
f 249/233/233 258/235/235 123/151/151
f 28/34/34 219/548/548 20/107/107
f 21/16/16 241/276/276 82/73/73
f 410/385/385 540/552/552 420/387/387
f 445/415/415 548/509/509 546/508/508
f 550/510/510 448/554/554 447/403/403
f 550/510/510 551/511/511 449/553/553
f 444/400/400 549/512/512 447/403/403
f 133/197/197 127/196/196 220/201/201
f 141/132/132 310/285/285 140/135/135
f 327/307/307 328/4358/4272 201/194/194
f 215/543/543 337/4359/4273 336/308/308
f 336/308/308 335/310/310 212/189/189
f 212/189/189 335/310/310 202/180/180
f 55/57/57 67/61/61 153/557/557
f 101/85/85 171/154/154 170/156/156
f 170/156/156 172/157/157 102/101/101
f 177/160/160 176/159/159 107/93/93
f 110/550/550 178/161/161 177/160/160
f 182/164/164 183/163/163 118/538/538
f 182/164/164 117/537/537 115/104/104
f 124/337/337 187/167/167 188/152/152
f 123/151/151 126/541/541 188/152/152
f 107/93/93 176/159/159 171/154/154
f 183/163/163 187/167/167 124/337/337
f 172/157/157 181/165/165 115/104/104
f 12/8/8 133/197/197 26/31/31
f 54/58/58 151/556/556 16/80/80
f 227/218/218 319/558/558 231/215/215
f 290/278/278 346/328/328 345/327/327
f 355/329/329 356/330/330 304/546/546
f 355/329/329 303/545/545 301/272/272
f 291/268/268 354/322/322 301/272/272
f 364/414/414 361/409/409 152/136/136
f 398/372/372 480/440/440 394/375/375
f 491/459/459 493/4323/4255 441/412/412
f 498/461/461 497/460/460 446/406/406
f 449/553/553 499/4324/4256 498/461/461
f 446/406/406 497/460/460 440/397/397
f 30/36/36 133/197/197 221/549/549
f 67/61/61 364/414/414 153/557/557
f 91/78/78 241/276/276 369/536/536
f 585/560/560 586/574/574 131/119/119
f 128/117/117 587/562/562 584/565/565
f 584/565/565 585/560/560 130/118/118
f 587/562/562 593/607/607 592/665/665
f 590/563/563 591/742/742 589/564/564
f 593/607/607 594/734/734 592/665/665
f 586/574/574 598/662/662 597/575/575
f 600/566/566 602/568/568 147/121/121
f 600/566/566 601/570/570 603/567/567
f 600/566/566 144/123/123 138/128/128
f 596/572/572 601/570/570 600/566/566
f 142/131/131 604/656/656 605/569/569
f 596/572/572 599/573/573 605/569/569
f 586/574/574 597/575/575 596/572/572
f 607/584/584 608/582/582 609/581/581
f 609/581/581 611/686/686 610/583/583
f 615/576/576 613/580/580 612/577/577
f 615/576/576 617/657/657 616/579/579
f 612/577/577 613/580/580 609/581/581
f 616/579/579 611/686/686 609/581/581
f 607/584/584 610/583/583 589/564/564
f 620/595/595 637/605/605 587/562/562
f 162/138/138 622/658/658 621/586/586
f 621/586/586 622/658/658 624/588/588
f 620/595/595 626/596/596 637/605/605
f 621/586/586 618/592/592 157/144/144
f 621/586/586 623/589/589 619/591/591
f 167/147/147 625/594/594 628/590/590
f 619/591/591 623/589/589 628/590/590
f 619/591/591 625/594/594 626/596/596
f 636/600/600 634/660/660 633/601/601
f 638/603/603 639/608/608 632/598/598
f 640/604/604 641/661/661 636/600/600
f 632/598/598 635/602/602 633/601/601
f 640/604/604 635/602/602 632/598/598
f 593/607/607 629/606/606 630/597/597
f 629/606/606 638/603/603 630/597/597
f 644/614/614 647/613/613 646/617/617
f 661/609/609 662/615/615 659/610/610
f 661/609/609 658/611/611 660/625/625
f 646/617/617 648/631/631 645/619/619
f 654/620/620 653/612/612 649/621/621
f 652/623/623 655/632/632 654/620/620
f 664/626/626 668/616/616 669/627/627
f 663/629/629 666/628/628 669/627/627
f 649/621/621 653/612/612 644/614/614
f 659/610/610 668/616/616 664/626/626
f 648/631/631 660/625/625 656/624/624
f 663/629/629 667/630/630 655/632/632
f 661/609/609 682/640/640 683/639/639
f 681/643/643 682/640/640 661/609/609
f 682/640/640 685/745/745 686/641/641
f 684/642/642 685/745/745 682/640/640
f 688/644/644 689/647/647 669/627/627
f 669/627/627 689/647/647 687/645/645
f 691/646/646 692/1098/1098 689/647/647
f 689/647/647 692/1098/1098 690/648/648
f 684/642/642 681/643/643 675/649/649
f 678/653/653 667/630/630 687/645/645
f 680/651/651 687/645/645 690/648/648
f 676/638/638 671/633/633 647/613/613
f 662/615/615 683/639/639 688/644/644
f 683/639/639 686/641/641 691/646/646
f 671/633/633 673/636/636 670/634/634
f 675/649/649 672/652/652 670/634/634
f 677/650/650 679/637/637 676/638/638
f 677/650/650 678/653/653 680/651/651
f 157/144/144 618/592/592 588/561/561
f 588/561/561 618/592/592 620/595/595
f 630/597/597 631/599/599 594/734/734
f 593/607/607 630/597/597 594/734/734
f 602/568/568 643/618/618 642/654/654
f 602/568/568 603/567/567 644/614/614
f 650/655/655 651/622/622 605/569/569
f 605/569/569 651/622/622 649/621/621
f 603/567/567 649/621/621 644/614/614
f 674/635/635 615/576/576 614/578/578
f 674/635/635 679/637/637 617/657/657
f 586/574/574 595/571/571 138/128/128
f 642/654/654 643/618/618 622/658/658
f 622/658/658 643/618/618 645/619/619
f 628/590/590 658/611/611 657/659/659
f 656/624/624 658/611/611 628/590/590
f 645/619/619 656/624/624 624/588/588
f 591/742/742 608/582/582 607/584/584
f 591/742/742 607/584/584 589/564/564
f 675/649/649 673/636/636 634/660/660
f 641/661/661 685/745/745 684/642/642
f 636/600/600 684/642/642 675/649/649
f 585/560/560 589/564/564 586/574/574
f 587/562/562 592/665/665 584/565/565
f 589/564/564 606/585/585 598/662/662
f 670/634/634 672/652/652 648/631/631
f 677/650/650 676/638/638 653/612/612
f 655/632/632 678/653/653 677/650/650
f 653/612/612 676/638/638 647/613/613
f 672/652/652 681/643/643 660/625/625
f 592/665/665 594/734/734 696/666/666
f 693/669/669 592/665/665 695/667/667
f 693/669/669 694/663/663 590/563/563
f 590/563/563 719/664/664 591/742/742
f 697/668/668 698/693/693 694/663/663
f 695/667/667 699/671/671 697/668/668
f 700/670/670 698/693/693 697/668/668
f 709/674/674 710/680/680 712/676/676
f 713/684/684 715/737/737 714/739/739
f 702/681/681 707/673/673 612/577/577
f 709/674/674 707/673/673 702/681/681
f 704/683/683 710/680/680 709/674/674
f 713/684/684 714/739/739 705/685/685
f 705/685/685 716/679/679 717/678/678
f 704/683/683 706/687/687 717/678/678
f 707/673/673 711/675/675 708/672/672
f 714/739/739 718/677/677 716/679/679
f 705/685/685 714/739/739 716/679/679
f 694/663/663 720/690/690 719/664/664
f 700/670/670 723/692/692 698/693/693
f 728/694/694 727/696/696 633/601/601
f 728/694/694 730/746/746 729/695/695
f 729/695/695 730/746/746 732/697/697
f 735/704/704 736/701/701 737/700/700
f 738/699/699 739/748/748 737/700/700
f 732/697/697 739/748/748 738/699/699
f 633/601/601 727/696/696 724/702/702
f 733/703/703 736/701/701 735/704/704
f 729/695/695 725/706/706 724/702/702
f 729/695/695 731/698/698 726/705/705
f 733/703/703 734/707/707 738/699/699
f 726/705/705 731/698/698 738/699/699
f 740/708/708 744/751/751 743/711/711
f 742/710/710 746/750/750 741/709/709
f 742/710/710 700/670/670 699/671/671
f 695/667/667 743/711/711 699/671/671
f 767/713/713 768/725/725 766/714/714
f 766/714/714 770/723/723 769/716/716
f 775/717/717 768/725/725 767/713/713
f 780/720/720 779/722/722 769/716/716
f 772/724/724 771/727/727 766/714/714
f 773/726/726 770/723/723 766/714/714
f 775/717/717 777/729/729 772/724/724
f 775/717/717 776/719/719 778/728/728
f 780/720/720 782/1092/1092 783/730/730
f 773/726/726 782/1092/1092 780/720/720
f 783/730/730 787/1100/1100 786/731/731
f 786/731/731 787/1100/1100 778/728/728
f 776/719/719 784/733/733 778/728/728
f 594/734/734 631/599/599 724/702/702
f 724/702/702 725/706/706 696/666/666
f 741/709/709 701/689/689 700/670/670
f 748/741/741 747/743/743 708/672/672
f 711/675/675 749/736/736 748/741/741
f 711/675/675 712/676/676 750/735/735
f 718/677/677 754/752/752 717/678/678
f 717/678/678 754/752/752 753/740/740
f 772/724/724 722/688/688 701/689/689
f 772/724/724 777/729/729 722/688/688
f 719/664/664 703/682/682 702/681/681
f 748/741/741 728/694/694 634/660/660
f 735/704/704 737/700/700 756/744/744
f 748/741/741 749/736/736 730/746/746
f 730/746/746 749/736/736 751/747/747
f 739/748/748 758/755/755 756/744/744
f 757/749/749 758/755/755 739/748/748
f 732/697/697 751/747/747 757/749/749
f 773/726/726 771/727/727 741/709/709
f 746/750/750 782/1092/1092 773/726/726
f 704/683/683 719/664/664 721/691/691
f 726/705/705 740/708/708 696/666/666
f 726/705/705 734/707/707 744/751/751
f 750/735/735 767/713/713 765/715/715
f 765/715/715 769/716/716 751/747/747
f 774/718/718 767/713/713 753/740/740
f 755/753/753 776/719/719 774/718/718
f 779/722/722 781/721/721 759/754/754
f 779/722/722 758/755/755 757/749/749
f 763/756/756 785/732/732 786/731/731
f 762/758/758 764/757/757 786/731/731
f 759/754/754 781/721/721 785/732/732
f 769/716/716 757/749/749 751/747/747
f 755/753/753 762/758/758 784/733/733
f 741/709/709 771/727/727 701/689/689
f 310/285/285 597/575/575 598/662/662
f 313/286/286 789/760/760 316/292/292
f 316/292/292 790/759/759 788/816/816
f 792/820/820 794/763/763 793/817/817
f 792/820/820 795/1102/1102 794/763/763
f 798/4354/4268 800/773/773 801/772/772
f 802/765/765 804/767/767 803/810/810
f 802/765/765 805/771/771 806/766/766
f 810/768/768 808/1649/1649 807/769/769
f 797/762/762 799/764/764 805/771/771
f 807/769/769 808/1649/1649 801/772/772
f 795/1102/1102 800/773/773 798/4354/4268
f 795/1102/1102 798/4354/4268 794/763/763
f 812/778/778 813/776/776 652/623/623
f 334/299/299 815/775/775 814/774/774
f 790/759/759 822/785/785 815/775/775
f 820/777/777 821/1094/1094 343/304/304
f 819/784/784 821/1094/1094 820/777/777
f 652/623/623 813/776/776 816/782/782
f 813/776/776 815/775/775 819/784/784
f 333/306/306 814/774/774 812/778/778
f 812/778/778 814/774/774 813/776/776
f 818/780/780 820/777/777 341/309/309
f 816/782/782 819/784/784 820/777/777
f 1057/783/783 821/1094/1094 819/784/784
f 822/785/785 819/784/784 815/775/775
f 824/786/786 826/792/792 825/787/787
f 830/789/789 826/792/792 827/790/790
f 835/793/793 836/815/815 834/794/794
f 834/794/794 837/805/805 845/796/796
f 841/797/797 839/801/801 838/798/798
f 843/800/800 842/809/809 838/798/798
f 845/796/796 846/1019/1019 844/1021/1021
f 850/802/802 852/807/807 851/803/803
f 850/802/802 849/804/804 845/796/796
f 850/802/802 854/855/855 855/806/806
f 853/808/808 854/855/855 850/802/802
f 803/810/810 845/796/796 844/1021/1021
f 843/800/800 853/808/808 842/809/809
f 845/796/796 849/804/804 846/1019/1019
f 843/800/800 839/801/801 832/811/811
f 848/813/813 854/855/855 853/808/808
f 840/799/799 838/798/798 834/794/794
f 842/809/809 837/805/805 834/794/794
f 853/808/808 843/800/800 833/812/812
f 788/816/816 815/775/775 334/299/299
f 804/767/767 831/795/795 803/810/810
f 804/767/767 806/766/766 835/793/793
f 841/797/797 810/768/768 809/770/770
f 802/765/765 803/810/810 796/818/818
f 797/762/762 802/765/765 789/760/760
f 833/812/812 832/811/811 825/787/787
f 830/789/789 848/813/813 847/814/814
f 803/810/810 844/1021/1021 829/819/819
f 847/814/814 833/812/812 826/792/792
f 792/820/820 793/817/817 313/286/286
f 796/818/818 790/759/759 789/760/760
f 606/585/585 792/820/820 312/821/821
f 791/761/761 721/691/691 856/822/822
f 722/688/688 857/882/882 723/692/692
f 858/823/823 860/833/833 859/832/832
f 865/824/824 809/770/770 807/769/769
f 866/826/826 868/828/828 865/824/824
f 866/826/826 867/1726/1726 869/827/827
f 861/829/829 864/825/825 807/769/769
f 866/826/826 864/825/825 861/829/829
f 863/831/831 867/1726/1726 866/826/826
f 860/833/833 862/830/830 861/829/829
f 825/787/787 879/845/845 875/838/838
f 883/840/840 888/852/852 887/841/841
f 880/843/843 877/847/847 876/844/844
f 880/843/843 881/853/853 878/846/846
f 885/851/851 886/850/850 889/849/849
f 884/848/848 881/853/853 889/849/849
f 879/845/845 876/844/844 875/838/838
f 892/872/872 891/836/836 857/882/882
f 887/841/841 888/852/852 901/854/854
f 897/883/883 894/858/858 893/885/885
f 895/857/857 898/856/856 900/859/859
f 905/864/864 906/862/862 904/861/861
f 897/883/883 898/856/856 894/858/858
f 903/863/863 906/862/862 901/854/854
f 896/860/860 900/859/859 905/864/864
f 911/866/866 912/875/875 910/867/867
f 910/867/867 914/871/871 913/869/869
f 892/872/872 918/880/880 908/873/873
f 917/876/876 915/877/877 908/873/873
f 918/880/880 921/1097/1097 917/876/876
f 916/874/874 915/877/877 910/867/867
f 917/876/876 914/871/871 910/867/867
f 919/870/870 921/1097/1097 922/878/878
f 917/876/876 921/1097/1097 919/870/870
f 868/828/828 869/827/827 899/884/884
f 865/824/824 898/856/856 897/883/883
f 908/873/873 873/834/834 891/836/836
f 908/873/873 915/877/877 873/834/834
f 894/858/858 879/845/845 825/787/787
f 894/858/858 895/857/857 880/843/843
f 880/843/843 895/857/857 896/860/860
f 889/849/849 904/861/861 903/863/863
f 902/865/865 904/861/861 889/849/849
f 885/851/851 903/863/863 888/852/852
f 881/853/853 896/860/860 902/865/865
f 891/836/836 872/835/835 723/692/692
f 698/693/693 870/837/837 720/690/690
f 872/835/835 870/837/837 698/693/693
f 860/833/833 871/886/886 862/830/830
f 899/884/884 911/866/866 909/868/868
f 909/868/868 913/869/869 900/859/859
f 919/870/870 920/879/879 907/887/887
f 919/870/870 906/862/862 905/864/864
f 913/869/869 905/864/864 900/859/859
f 456/419/419 923/890/890 457/420/420
f 462/421/421 924/889/889 461/424/424
f 926/888/888 925/944/944 461/424/424
f 461/424/424 925/944/944 923/890/890
f 455/542/542 165/150/150 637/605/605
f 927/909/909 929/970/970 629/606/606
f 931/895/895 933/892/892 657/659/659
f 932/899/899 934/896/896 931/895/895
f 938/891/891 939/901/901 472/466/466
f 938/891/891 934/896/896 939/901/901
f 479/429/429 942/4371/4282 940/894/894
f 940/894/894 942/4371/4282 941/893/893
f 943/948/948 926/888/888 941/893/893
f 931/895/895 938/891/891 933/892/892
f 477/430/430 940/894/894 937/897/897
f 935/900/900 937/897/897 940/894/894
f 934/896/896 940/894/894 941/893/893
f 939/901/901 941/893/893 924/889/889
f 934/896/896 935/900/900 940/894/894
f 949/902/902 950/907/907 945/903/903
f 951/905/905 947/1088/1088 946/906/906
f 964/917/917 962/946/946 961/918/918
f 952/908/908 956/920/920 927/909/909
f 953/911/911 957/913/913 929/970/970
f 954/914/914 955/945/945 959/915/915
f 952/908/908 954/914/914 960/916/916
f 958/912/912 963/919/919 961/918/918
f 927/909/909 953/911/911 929/970/970
f 955/945/945 965/937/937 971/923/923
f 971/923/923 973/940/940 972/921/921
f 972/921/921 975/4372/2725 974/922/922
f 979/924/924 977/928/928 976/925/925
f 981/927/927 980/941/941 976/925/925
f 983/930/930 973/940/940 982/931/931
f 984/929/929 985/4334/4258 983/930/930
f 983/930/930 987/934/934 986/932/932
f 983/930/930 985/4334/4258 988/933/933
f 979/924/924 967/942/942 966/935/935
f 986/932/932 987/934/934 970/938/938
f 978/926/926 986/932/932 979/924/924
f 978/926/926 976/925/925 972/921/921
f 980/941/941 975/4372/2725 972/921/921
f 965/937/937 982/931/931 971/923/923
f 986/932/932 969/939/939 967/942/942
f 930/943/943 955/945/945 954/914/914
f 925/944/944 954/914/914 928/910/910
f 930/943/943 948/947/947 965/937/937
f 967/942/942 950/907/907 949/902/902
f 969/939/939 970/938/938 951/905/905
f 472/466/466 939/901/901 924/889/889
f 959/915/915 971/923/923 974/922/922
f 981/927/927 977/928/928 962/946/946
f 923/890/890 928/910/910 927/909/909
f 925/944/944 928/910/910 923/890/890
f 457/420/420 927/909/909 629/606/606
f 926/888/888 948/947/947 930/943/943
f 989/949/949 629/606/606 744/751/751
f 744/751/751 990/950/950 743/711/711
f 991/951/951 992/968/968 746/750/750
f 745/712/712 991/951/951 742/710/710
f 994/952/952 1003/966/966 949/902/902
f 1004/954/954 1003/966/966 995/955/955
f 997/957/957 1005/965/965 1004/954/954
f 1006/958/958 1007/982/982 999/959/959
f 1001/961/961 1008/967/967 1009/962/962
f 1000/964/964 1002/963/963 1009/962/962
f 999/959/959 1007/982/982 1008/967/967
f 746/750/750 1011/969/969 1010/1091/1091
f 1011/969/969 1012/1093/1093 1010/1091/1091
f 1013/4373/4283 1011/969/969 992/968/968
f 1014/971/971 1024/978/978 990/950/950
f 1019/972/972 1018/974/974 961/918/918
f 1019/972/972 1021/1008/1008 1020/973/973
f 1020/973/973 1021/1008/1008 1023/975/975
f 929/970/970 957/913/913 1015/977/977
f 1015/977/977 1016/980/980 1024/978/978
f 961/918/918 1018/974/974 1015/977/977
f 1020/973/973 1016/980/980 1015/977/977
f 1020/973/973 1022/976/976 1017/979/979
f 1025/1010/1010 992/968/968 991/951/951
f 1035/983/983 977/928/928 1027/984/984
f 1030/986/986 1036/989/989 1035/983/983
f 1030/986/986 1031/994/994 1037/988/988
f 1006/958/958 1039/1069/1069 1032/981/981
f 1034/991/991 1041/990/990 1040/992/992
f 1032/981/981 1041/990/990 1008/967/967
f 1031/994/994 1033/993/993 1040/992/992
f 1043/1000/1000 1013/4373/4283 992/968/968
f 1043/1000/1000 1135/1002/1002 1013/4373/4283
f 1046/995/995 1047/1003/1003 1045/996/996
f 1045/996/996 1049/4374/2822 1048/998/998
f 1053/1005/1005 1047/1003/1003 1046/995/995
f 1051/999/999 1055/1007/1007 1135/1002/1002
f 1051/999/999 1050/1001/1001 1045/996/996
f 1052/1004/1004 1049/4374/2822 1045/996/996
f 1053/1005/1005 1055/1007/1007 1051/999/999
f 1053/1005/1005 1054/4339/4259 1056/1006/1006
f 990/950/950 1024/978/978 743/711/711
f 1028/985/985 1027/984/984 949/902/902
f 1004/954/954 1030/986/986 1029/987/987
f 1004/954/954 1005/965/965 1031/994/994
f 1008/967/967 1034/991/991 1009/962/962
f 1009/962/962 1034/991/991 1033/993/993
f 1003/966/966 1029/987/987 1028/985/985
f 1035/983/983 1019/972/972 962/946/946
f 1035/983/983 1036/989/989 1021/1008/1008
f 1021/1008/1008 1036/989/989 1038/1009/1009
f 1052/1004/1004 1050/1001/1001 1025/1010/1010
f 1025/1010/1010 1050/1001/1001 1043/1000/1000
f 1016/980/980 1026/1011/1011 1024/978/978
f 1037/988/988 1046/995/995 1044/997/997
f 1044/997/997 1048/998/998 1038/1009/1009
f 1053/1005/1005 1046/995/995 1040/992/992
f 1042/1012/1012 1054/4339/4259 1053/1005/1005
f 822/785/785 564/1014/1014 1057/783/783
f 567/517/517 1060/1017/1017 569/1018/1018
f 568/521/521 1060/1017/1017 567/517/517
f 569/1018/1018 1059/1016/1016 1058/1099/1099
f 569/1018/1018 1062/1015/1015 1059/1016/1016
f 564/1014/1014 1061/1013/1013 568/521/521
f 846/1019/1019 1066/1030/1030 1063/1020/1020
f 846/1019/1019 1067/2158/2158 1066/1030/1030
f 1069/1026/1026 1070/1962/1962 1068/1095/1095
f 1071/1029/1029 1073/1028/1028 1072/1103/1103
f 1063/1020/1020 1066/1030/1030 1071/1029/1029
f 1077/1032/1032 1073/1028/1028 1076/1027/1027
f 1066/1030/1030 1075/1967/1967 1076/1027/1027
f 1081/1022/1022 1080/1024/1024 1074/1031/1031
f 1081/1022/1022 1079/1025/1025 1078/1023/1023
f 1067/2158/2158 1075/1967/1967 1066/1030/1030
f 1079/1025/1025 1070/1962/1962 1069/1026/1026
f 1073/1028/1028 1074/1031/1031 1072/1103/1103
f 965/937/937 1092/1042/1042 968/936/936
f 1083/1046/1046 1085/1035/1035 1084/1034/1034
f 1082/1041/1041 1083/1046/1046 1084/1034/1034
f 1092/1042/1042 1088/4342/2886 968/936/936
f 1090/4345/2878 1091/1044/1044 1089/1043/1043
f 1094/1033/1033 1093/4375/2880 1084/1034/1034
f 1092/1042/1042 1084/1034/1034 1093/4375/2880
f 1099/1036/1036 1097/1038/1038 1095/1039/1039
f 1087/1073/1073 1097/1038/1038 1096/1037/1037
f 1098/1040/1040 1095/1039/1039 1089/1043/1043
f 1086/1045/1045 1087/1073/1073 1085/1035/1035
f 1096/1037/1037 1094/1033/1033 1085/1035/1035
f 1087/1073/1073 1096/1037/1037 1085/1035/1035
f 1065/1047/1047 1086/1045/1045 1083/1046/1046
f 948/947/947 1064/1048/1048 1082/1041/1041
f 829/819/819 844/1021/1021 1063/1020/1020
f 1071/1029/1029 1072/1103/1103 1065/1047/1047
f 1063/1020/1020 1064/1048/1048 1060/1017/1017
f 1062/1015/1015 1064/1048/1048 948/947/947
f 829/819/819 1063/1020/1020 1061/1013/1013
f 1104/1064/1064 1103/1049/1049 1102/1050/1050
f 1106/4376/4284 1107/1052/1052 1105/1096/1096
f 1112/1051/1051 1080/1024/1024 1078/1023/1023
f 1114/1053/1053 1115/1058/1058 1117/1054/1054
f 1107/1052/1052 1078/1023/1023 1105/1096/1096
f 1109/1056/1056 1110/4355/4269 1115/1058/1058
f 1108/1057/1057 1107/1052/1052 1106/4376/4284
f 1112/1051/1051 1113/1062/1062 1111/1061/1061
f 1114/1053/1053 1116/1055/1055 1112/1051/1051
f 1112/1051/1051 1116/1055/1055 1113/1062/1062
f 1108/1057/1057 1114/1053/1053 1107/1052/1052
f 1121/1065/1065 1122/1066/1066 1119/1060/1060
f 1120/1063/1063 1123/2051/2051 1103/1049/1049
f 1103/1049/1049 1123/2051/2051 1118/1059/1059
f 1119/1060/1060 1120/1063/1063 1104/1064/1064
f 1132/1070/1070 1131/1072/1072 1127/1067/1067
f 1132/1070/1070 1125/1077/1077 1133/1071/1071
f 1133/1071/1071 1125/1077/1077 1134/1086/1086
f 1132/1070/1070 1097/1038/1038 1087/1073/1073
f 1131/1072/1072 1126/1068/1068 1127/1067/1067
f 1131/1072/1072 1133/1071/1071 1129/1074/1074
f 1124/1079/1079 1125/1077/1077 1086/1045/1045
f 1137/1078/1078 1136/1085/1085 1124/1079/1079
f 1137/1078/1078 1140/1083/1083 1136/1085/1085
f 1135/1002/1002 1141/1082/1082 1102/1050/1050
f 1100/1084/1084 1124/1079/1079 1086/1045/1045
f 1135/1002/1002 1011/969/969 1013/4373/4283
f 1101/1080/1080 1124/1079/1079 1100/1084/1084
f 1138/1081/1081 1104/1064/1064 1102/1050/1050
f 1119/1060/1060 1101/1080/1080 1100/1084/1084
f 1103/1049/1049 1118/1059/1059 1011/969/969
f 1117/1054/1054 1121/1065/1065 1113/1062/1062
f 1124/1079/1079 1136/1085/1085 1125/1077/1077
f 625/594/594 455/542/542 626/596/596
f 659/610/610 932/899/899 931/895/895
f 665/1087/1087 936/898/898 937/897/897
f 664/626/626 666/628/628 937/897/897
f 664/626/626 935/900/900 932/899/899
f 944/904/904 945/903/903 686/641/641
f 947/1088/1088 692/1098/1098 691/646/646
f 945/903/903 946/906/906 691/646/646
f 638/603/603 989/949/949 733/703/703
f 756/744/744 994/952/952 993/953/953
f 996/956/956 995/955/955 756/744/744
f 759/754/754 997/957/957 996/956/956
f 998/960/960 999/959/959 761/1089/1089
f 761/1089/1089 1001/961/961 1002/963/963
f 763/756/756 764/757/757 1002/963/963
f 995/955/955 994/952/952 756/744/744
f 761/1089/1089 999/959/959 1001/961/961
f 763/756/756 1000/964/964 997/957/957
f 1012/1093/1093 787/1100/1100 783/730/730
f 734/707/707 989/949/949 744/751/751
f 746/750/750 1010/1091/1091 782/1092/1092
f 1011/969/969 857/882/882 890/881/881
f 901/854/854 1106/4376/4284 1105/1096/1096
f 1109/1056/1056 1108/1057/1057 906/862/862
f 907/887/887 1110/4355/4269 1109/1056/1056
f 1108/1057/1057 1106/4376/4284 901/854/854
f 918/880/880 1118/1059/1059 921/1097/1097
f 142/131/131 599/573/573 597/575/575
f 812/778/778 651/622/622 650/655/655
f 665/1087/1087 666/628/628 818/780/780
f 663/629/629 816/782/782 818/780/780
f 652/623/623 816/782/782 663/629/629
f 611/686/686 791/761/761 610/583/583
f 680/651/651 824/786/786 823/788/788
f 828/791/791 827/790/790 690/648/648
f 690/648/648 827/790/790 824/786/786
f 1059/1016/1016 942/4371/4282 479/429/429
f 1059/1016/1016 941/893/893 942/4371/4282
f 988/933/933 1090/4345/2878 1089/1043/1043
f 705/685/685 706/687/687 721/691/691
f 874/839/839 875/838/838 752/738/738
f 761/1089/1089 883/840/840 882/842/842
f 877/847/847 754/752/752 718/677/677
f 877/847/847 878/846/846 755/753/753
f 761/1089/1089 764/757/757 886/850/850
f 762/758/758 884/848/848 886/850/850
f 876/844/844 718/677/677 752/738/738
f 878/846/846 884/848/848 762/758/758
f 777/729/729 890/881/881 722/688/688
f 1039/1069/1069 1126/1068/1068 1032/981/981
f 1129/1074/1074 1130/1076/1076 1042/1012/1012
f 1128/1075/1075 1041/990/990 1032/981/981
f 1055/1007/1007 1139/1101/1101 1135/1002/1002
f 584/565/565 693/669/669 590/563/563
f 708/672/672 614/578/578 612/577/577
f 616/579/579 617/657/657 715/737/737
f 616/579/579 713/684/684 611/686/686
f 639/608/608 735/704/704 640/604/604
f 641/661/661 735/704/704 685/745/745
f 747/743/743 673/636/636 614/578/578
f 617/657/657 679/637/637 715/737/737
f 795/1102/1102 858/823/823 859/832/832
f 795/1102/1102 859/832/832 800/773/773
f 882/842/842 887/841/841 830/789/789
f 897/883/883 893/885/885 832/811/811
f 848/813/813 887/841/841 854/855/855
f 897/883/883 839/801/801 809/770/770
f 929/970/970 990/950/950 629/606/606
f 951/905/905 1006/958/958 998/960/960
f 970/938/938 987/934/934 1039/1069/1069
f 1027/984/984 966/935/935 949/902/902
f 951/905/905 970/938/938 1006/958/958
f 1112/1051/1051 1111/1061/1061 1072/1103/1103
f 1080/1024/1024 1112/1051/1051 1074/1031/1031
f 1089/1043/1043 1127/1067/1067 1039/1069/1069
f 1097/1038/1038 1127/1067/1067 1095/1039/1039
f 823/788/788 874/839/839 715/737/737
f 760/1090/1090 882/842/842 828/791/791
f 685/745/745 993/953/953 944/904/904
f 947/1088/1088 998/960/960 760/1090/1090
f 854/855/855 1105/1096/1096 1068/1095/1095
f 1012/1093/1093 890/881/881 787/1100/1100
f 1145/1106/1106 1146/1138/1138 224/204/204
f 1142/1120/1120 1145/1106/1106 223/203/203
f 216/200/200 1144/1105/1105 1142/1120/1120
f 1150/1116/1116 1165/1130/1130 1144/1105/1105
f 1150/1116/1116 1151/1117/1117 1165/1130/1130
f 1152/1107/1107 1154/1198/1198 1155/1108/1108
f 238/209/209 1154/1198/1198 1152/1107/1107
f 1152/1107/1107 1153/1109/1109 1148/1112/1112
f 1152/1107/1107 1147/1113/1113 230/214/214
f 1148/1112/1112 1153/1109/1109 1157/1111/1111
f 232/216/216 1149/1114/1114 1157/1111/1111
f 1148/1112/1112 1149/1114/1114 1151/1117/1117
f 1144/1105/1105 1159/1132/1132 1158/1267/1267
f 1162/1118/1118 1163/1338/1338 1161/1119/1119
f 1159/1132/1132 1160/1359/1359 1158/1267/1267
f 1169/1124/1124 1170/1129/1129 1168/1122/1122
f 1174/1125/1125 1173/1201/1201 1171/1126/1126
f 1175/1128/1128 1176/1202/1202 1174/1125/1125
f 1168/1122/1122 1172/1127/1127 1171/1126/1126
f 1175/1128/1128 1172/1127/1127 1168/1122/1122
f 1159/1132/1132 1164/1131/1131 1166/1121/1121
f 1164/1131/1131 1169/1124/1124 1166/1121/1121
f 1179/1133/1133 1180/1135/1135 271/240/240
f 1179/1133/1133 1181/1137/1137 1182/1134/1134
f 1146/1138/1138 1184/1203/1203 1183/1141/1141
f 1146/1138/1138 1183/1141/1141 1178/1139/1139
f 1179/1133/1133 270/242/242 266/249/249
f 1178/1139/1139 1181/1137/1137 1179/1133/1133
f 276/252/252 1186/1205/1205 1187/1136/1136
f 1178/1139/1139 1185/1142/1142 1187/1136/1136
f 1191/1148/1148 1198/1147/1147 1196/1151/1151
f 1200/1143/1143 1194/1145/1145 1199/1159/1159
f 1200/1143/1143 1201/1149/1149 1195/1144/1144
f 1196/1151/1151 1197/1165/1165 1190/1152/1152
f 1205/1154/1154 1212/1166/1166 1211/1155/1155
f 1211/1155/1155 1210/1146/1146 1202/1157/1157
f 1208/1160/1160 1209/1164/1164 1215/1161/1161
f 1206/1163/1163 1213/1150/1150 1215/1161/1161
f 1197/1165/1165 1199/1159/1159 1193/1158/1158
f 1208/1160/1160 1214/1162/1162 1212/1166/1166
f 1202/1157/1157 1210/1146/1146 1191/1148/1148
f 1195/1144/1144 1213/1150/1150 1206/1163/1163
f 1217/1174/1174 1218/1176/1176 1219/1172/1172
f 1223/1167/1167 1222/1171/1171 1220/1168/1168
f 1219/1172/1172 1225/1309/1309 1224/1173/1173
f 1223/1167/1167 1227/1206/1206 1226/1170/1170
f 1220/1168/1168 1222/1171/1171 1219/1172/1172
f 1226/1170/1170 1225/1309/1309 1219/1172/1172
f 1217/1174/1174 1224/1173/1173 1161/1119/1119
f 1231/1184/1184 1232/1183/1183 1200/1143/1143
f 1200/1143/1143 1232/1183/1183 1233/1179/1179
f 1237/1182/1182 1238/1342/1342 1232/1183/1183
f 1232/1183/1183 1238/1342/1342 1239/1185/1185
f 1215/1161/1161 1245/1190/1190 1244/1186/1186
f 1243/1187/1187 1245/1190/1190 1215/1161/1161
f 1245/1190/1190 1250/1631/1631 1249/1191/1191
f 1248/1192/1192 1250/1631/1631 1245/1190/1190
f 1240/1189/1189 1230/1177/1177 1198/1147/1147
f 1201/1149/1149 1233/1179/1179 1243/1187/1187
f 1233/1179/1179 1239/1185/1185 1248/1192/1192
f 1235/1193/1193 1229/1196/1196 1228/1178/1178
f 1230/1177/1177 1234/1181/1181 1228/1178/1178
f 1241/1194/1194 1242/1197/1197 1247/1195/1195
f 1241/1194/1194 1246/1188/1188 1240/1189/1189
f 1237/1182/1182 1231/1184/1184 1235/1193/1193
f 1242/1197/1197 1214/1162/1162 1244/1186/1186
f 1247/1195/1195 1244/1186/1186 1249/1191/1191
f 1146/1138/1138 1177/1140/1140 266/249/249
f 1154/1198/1198 1189/1153/1153 1190/1152/1152
f 1188/1199/1199 1189/1153/1153 1154/1198/1198
f 1193/1158/1158 1194/1145/1145 1157/1111/1111
f 1157/1111/1111 1194/1145/1145 1192/1200/1200
f 1190/1152/1152 1193/1158/1158 1155/1108/1108
f 1163/1338/1338 1218/1176/1176 1217/1174/1174
f 1163/1338/1338 1217/1174/1174 1161/1119/1119
f 1235/1193/1193 1234/1181/1181 1173/1201/1201
f 1176/1202/1202 1238/1342/1342 1237/1182/1182
f 1174/1125/1125 1237/1182/1182 1235/1193/1193
f 1145/1106/1106 1161/1119/1119 1146/1138/1138
f 1144/1105/1105 1158/1267/1267 1142/1120/1120
f 1161/1119/1119 1216/1175/1175 1184/1203/1203
f 1228/1178/1178 1229/1196/1196 1197/1165/1165
f 1212/1166/1166 1242/1197/1197 1241/1194/1194
f 1241/1194/1194 1240/1189/1189 1210/1146/1146
f 1229/1196/1196 1231/1184/1184 1199/1159/1159
f 1210/1146/1146 1240/1189/1189 1198/1147/1147
f 230/214/214 1147/1113/1113 1143/1104/1104
f 1143/1104/1104 1147/1113/1113 1150/1116/1116
f 1166/1121/1121 1167/1123/1123 1160/1359/1359
f 1159/1132/1132 1166/1121/1121 1160/1359/1359
f 1180/1135/1135 1189/1153/1153 1188/1199/1199
f 1180/1135/1135 1182/1134/1134 1191/1148/1148
f 1203/1204/1204 1204/1156/1156 1187/1136/1136
f 1187/1136/1136 1204/1156/1156 1202/1157/1157
f 1182/1134/1134 1202/1157/1157 1191/1148/1148
f 1236/1180/1180 1223/1167/1167 1221/1169/1169
f 1236/1180/1180 1246/1188/1188 1227/1206/1206
f 318/293/293 1251/1209/1209 320/294/294
f 325/295/295 1252/1208/1208 324/298/298
f 1254/1207/1207 1253/1264/1264 324/298/298
f 324/298/298 1253/1264/1264 1251/1209/1209
f 319/558/558 227/218/218 1165/1130/1130
f 1255/1211/1211 1257/1365/1365 1164/1131/1131
f 1271/1219/1219 1270/1261/1261 1268/1220/1220
f 1259/1210/1210 1264/1216/1216 1266/1218/1218
f 1263/1214/1214 1269/1221/1221 1268/1220/1220
f 1255/1211/1211 1261/1213/1213 1257/1365/1365
f 1259/1210/1210 1260/1222/1222 1255/1211/1211
f 1261/1213/1213 1262/1215/1215 1257/1365/1365
f 1264/1216/1216 1265/1262/1262 1267/1217/1217
f 1274/1227/1227 1275/1229/1229 1273/1231/1231
f 1276/1223/1223 1277/1230/1230 350/314/314
f 1276/1223/1223 1275/1229/1229 1277/1230/1230
f 1207/1630/1630 1279/1226/1226 1280/1642/1642
f 360/320/320 1283/4377/4285 1281/1225/1225
f 1281/1225/1225 1283/4377/4285 1282/1224/1224
f 1284/1266/1266 1254/1207/1207 1282/1224/1224
f 1275/1229/1229 1281/1225/1225 1282/1224/1224
f 1277/1230/1230 1282/1224/1224 1252/1208/1208
f 1273/1231/1231 1276/1223/1223 349/316/316
f 1279/1226/1226 1281/1225/1225 1280/1642/1642
f 1278/1228/1228 1280/1642/1642 1281/1225/1225
f 1275/1229/1229 1278/1228/1228 1281/1225/1225
f 1288/1233/1233 1289/1238/1238 1287/1234/1234
f 1292/1236/1236 1291/1638/1638 1290/1237/1237
f 1265/1262/1262 1293/1257/1257 1294/1241/1241
f 1296/1239/1239 1297/1683/1683 1295/1240/1240
f 1294/1241/1241 1298/1253/1253 1296/1239/1239
f 1304/1242/1242 1302/1254/1254 1301/1243/1243
f 1306/1245/1245 1303/1244/1244 1301/1243/1243
f 1309/1247/1247 1311/4360/4274 1310/1248/1248
f 1310/1248/1248 1298/1253/1253 1308/1249/1249
f 1310/1248/1248 1311/4360/4274 1316/1250/1250
f 1310/1248/1248 1315/1251/1251 1314/1252/1252
f 1305/1246/1246 1314/1252/1252 1306/1245/1245
f 1302/1254/1254 1297/1683/1683 1296/1239/1239
f 1305/1246/1246 1301/1243/1243 1296/1239/1239
f 1306/1245/1245 1300/1260/1260 1299/1255/1255
f 1314/1252/1252 1315/1251/1251 1313/1258/1258
f 1293/1257/1257 1308/1249/1249 1294/1241/1241
f 1314/1252/1252 1312/1259/1259 1300/1260/1260
f 350/314/314 1277/1230/1230 1252/1208/1208
f 1267/1217/1217 1294/1241/1241 1295/1240/1240
f 1304/1242/1242 1303/1244/1244 1270/1261/1261
f 1251/1209/1209 1256/1212/1212 1255/1211/1211
f 320/294/294 1255/1211/1211 1164/1131/1131
f 1253/1264/1264 1256/1212/1212 1251/1209/1209
f 1254/1207/1207 1285/1265/1265 1258/1263/1263
f 1258/1263/1263 1265/1262/1262 1264/1216/1216
f 1253/1264/1264 1264/1216/1216 1256/1212/1212
f 1258/1263/1263 1285/1265/1265 1293/1257/1257
f 1300/1260/1260 1289/1238/1238 1288/1233/1233
f 1312/1259/1259 1313/1258/1258 1292/1236/1236
f 1158/1267/1267 1160/1359/1359 1319/1268/1268
f 1317/1287/1287 1320/1270/1270 1162/1118/1118
f 1162/1118/1118 1384/1271/1271 1163/1338/1338
f 1317/1287/1287 1158/1267/1267 1318/1269/1269
f 1327/1272/1272 1326/1276/1276 1171/1126/1126
f 1328/1282/1282 1329/1279/1279 1330/1278/1278
f 1331/1273/1273 1333/1343/1343 1334/1274/1274
f 1327/1272/1272 1333/1343/1343 1331/1273/1273
f 1334/1274/1274 1336/1346/1346 1335/1277/1277
f 1335/1277/1277 1336/1346/1346 1330/1278/1278
f 1171/1126/1126 1326/1276/1276 1321/1280/1280
f 1322/1281/1281 1329/1279/1279 1328/1282/1282
f 1331/1273/1273 1332/1275/1275 1324/1283/1283
f 1331/1273/1273 1323/1284/1284 1321/1280/1280
f 1324/1283/1283 1332/1275/1275 1335/1277/1277
f 1322/1281/1281 1325/1285/1285 1335/1277/1277
f 1318/1269/1269 1338/1289/1289 1337/1286/1286
f 1340/1288/1288 1339/1316/1316 1337/1286/1286
f 1337/1286/1286 1339/1316/1316 1320/1270/1270
f 1342/1290/1290 1343/1348/1348 1344/1294/1294
f 1346/1292/1292 1348/1347/1347 1347/1291/1291
f 1346/1292/1292 1340/1288/1288 1338/1289/1289
f 1318/1269/1269 1344/1294/1294 1338/1289/1289
f 1355/1297/1297 1356/1303/1303 1357/1299/1299
f 1359/1307/1307 1360/1360/1360 1361/1362/1362
f 1351/1296/1296 1354/1298/1298 1350/1295/1295
f 1361/1362/1362 1364/1300/1300 1363/1302/1302
f 1349/1304/1304 1351/1296/1296 1220/1168/1168
f 1355/1297/1297 1351/1296/1296 1349/1304/1304
f 1353/1306/1306 1356/1303/1303 1355/1297/1297
f 1359/1307/1307 1361/1362/1362 1358/1308/1308
f 1358/1308/1308 1363/1302/1302 1365/1301/1301
f 1353/1306/1306 1362/1310/1310 1365/1301/1301
f 1358/1308/1308 1361/1362/1362 1363/1302/1302
f 1320/1270/1270 1385/1313/1313 1384/1271/1271
f 1340/1288/1288 1388/1315/1315 1339/1316/1316
f 1391/1317/1317 1392/1322/1322 1390/1318/1318
f 1393/1320/1320 1394/1331/1331 1391/1317/1317
f 1396/1321/1321 1395/1324/1324 1390/1318/1318
f 1405/1326/1326 1394/1331/1331 1393/1320/1320
f 1399/1328/1328 1392/1322/1322 1391/1317/1317
f 1400/1330/1330 1398/1329/1329 1391/1317/1317
f 1405/1326/1326 1404/1325/1325 1410/1332/1332
f 1405/1326/1326 1409/1333/1333 1400/1330/1330
f 1399/1328/1328 1401/1644/1644 1396/1321/1321
f 1396/1321/1321 1401/1644/1644 1402/1334/1334
f 1408/1335/1335 1411/1635/1635 1410/1332/1332
f 1402/1334/1334 1411/1635/1635 1408/1335/1335
f 1404/1325/1325 1407/1336/1336 1410/1332/1332
f 1384/1271/1271 1352/1305/1305 1349/1304/1304
f 1367/1339/1339 1327/1272/1272 1173/1201/1201
f 1328/1282/1282 1330/1278/1278 1368/1341/1341
f 1333/1343/1343 1369/1349/1349 1370/1344/1344
f 1367/1339/1339 1369/1349/1349 1333/1343/1343
f 1372/1345/1345 1373/1355/1355 1336/1346/1346
f 1336/1346/1346 1373/1355/1355 1368/1341/1341
f 1334/1274/1274 1370/1344/1344 1372/1345/1345
f 1399/1328/1328 1398/1329/1329 1347/1291/1291
f 1348/1347/1347 1401/1644/1644 1399/1328/1328
f 1353/1306/1306 1384/1271/1271 1387/1314/1314
f 1324/1283/1283 1342/1290/1290 1319/1268/1268
f 1324/1283/1283 1325/1285/1285 1343/1348/1348
f 1389/1319/1319 1390/1318/1318 1370/1344/1344
f 1371/1350/1350 1393/1320/1320 1389/1319/1319
f 1380/1351/1351 1404/1325/1325 1403/1327/1327
f 1403/1327/1327 1393/1320/1320 1378/1353/1353
f 1395/1324/1324 1373/1355/1355 1372/1345/1345
f 1395/1324/1324 1397/1323/1323 1374/1354/1354
f 1382/1356/1356 1383/1358/1358 1408/1335/1335
f 1381/1357/1357 1406/1337/1337 1408/1335/1335
f 1390/1318/1318 1372/1345/1345 1370/1344/1344
f 1380/1351/1351 1382/1356/1356 1407/1336/1336
f 1374/1354/1354 1397/1323/1323 1406/1337/1337
f 1160/1359/1359 1167/1123/1123 1321/1280/1280
f 1321/1280/1280 1323/1284/1284 1319/1268/1268
f 1347/1291/1291 1341/1312/1312 1340/1288/1288
f 1367/1339/1339 1366/1340/1340 1350/1295/1295
f 1354/1298/1298 1369/1349/1349 1367/1339/1339
f 1354/1298/1298 1357/1299/1299 1371/1350/1350
f 1364/1300/1300 1379/1352/1352 1365/1301/1301
f 1365/1301/1301 1379/1352/1352 1378/1353/1353
f 1400/1330/1330 1386/1311/1311 1341/1312/1312
f 1400/1330/1330 1409/1333/1333 1386/1311/1311
f 1347/1291/1291 1398/1329/1329 1341/1312/1312
f 1412/1363/1363 1164/1131/1131 1343/1348/1348
f 1414/1366/1366 1426/1375/1375 1413/1364/1364
f 1419/1367/1367 1418/1371/1371 1268/1220/1220
f 1420/1368/1368 1422/1422/1422 1423/1369/1369
f 1419/1367/1367 1422/1422/1422 1420/1368/1368
f 1268/1220/1220 1418/1371/1371 1415/1372/1372
f 1420/1368/1368 1421/1370/1370 1417/1373/1373
f 1420/1368/1368 1416/1374/1374 1415/1372/1372
f 1257/1365/1365 1262/1215/1215 1415/1372/1372
f 1415/1372/1372 1416/1374/1374 1426/1375/1375
f 1343/1348/1348 1413/1364/1364 1344/1294/1294
f 1424/1376/1376 1425/1407/1407 1348/1347/1347
f 1345/1293/1293 1424/1376/1376 1346/1292/1292
f 1428/1424/1424 1425/1407/1407 1424/1376/1376
f 1430/1377/1377 1431/1391/1391 1288/1233/1233
f 1435/1379/1379 1431/1391/1391 1432/1380/1380
f 1434/1382/1382 1436/1390/1390 1435/1379/1379
f 1439/1383/1383 1440/1394/1394 1438/1384/1384
f 1442/1386/1386 1444/1392/1392 1445/1387/1387
f 1441/1389/1389 1443/1388/1388 1445/1387/1387
f 1438/1384/1384 1440/1394/1394 1444/1392/1392
f 1448/1395/1395 1303/1244/1244 1446/1396/1396
f 1450/1398/1398 1452/1401/1401 1448/1395/1395
f 1450/1398/1398 1451/1406/1406 1454/1400/1400
f 1439/1383/1383 1456/1594/1594 1455/1393/1393
f 1458/1403/1403 1460/1402/1402 1459/1404/1404
f 1455/1393/1393 1460/1402/1402 1444/1392/1392
f 1451/1406/1406 1457/1405/1405 1459/1404/1404
f 1348/1347/1347 1463/1408/1408 1462/1643/1643
f 1463/1408/1408 1464/1645/1645 1462/1643/1643
f 1465/4378/4286 1463/1408/1408 1425/1407/1407
f 1468/1409/1409 1469/1858/1858 1467/1410/1410
f 1470/1412/1412 1471/1416/1416 1468/1409/1409
f 1472/1420/1420 1465/4378/4286 1425/1407/1407
f 1476/1417/1417 1471/1416/1416 1470/1412/1412
f 1472/1420/1420 1674/1421/1421 1465/4378/4286
f 1474/1413/1413 1469/1858/1858 1468/1409/1409
f 1475/1415/1415 1473/1414/1414 1468/1409/1409
f 1476/1417/1417 1477/4361/4275 1479/1418/1418
f 1476/1417/1417 1478/1419/1419 1475/1415/1415
f 1475/1415/1415 1478/1419/1419 1674/1421/1421
f 1448/1395/1395 1419/1367/1367 1270/1261/1261
f 1422/1422/1422 1452/1401/1401 1453/1423/1423
f 1448/1395/1395 1452/1401/1401 1422/1422/1422
f 1474/1413/1413 1473/1414/1414 1428/1424/1424
f 1428/1424/1424 1473/1414/1414 1472/1420/1420
f 1416/1374/1374 1427/1425/1425 1426/1375/1375
f 1466/1411/1411 1467/1410/1410 1453/1423/1423
f 1454/1400/1400 1470/1412/1412 1466/1411/1411
f 1461/1426/1426 1477/4361/4275 1476/1417/1417
f 1476/1417/1417 1470/1412/1412 1459/1404/1404
f 1413/1364/1364 1426/1375/1375 1344/1294/1294
f 1447/1397/1397 1446/1396/1396 1288/1233/1233
f 1435/1379/1379 1450/1398/1398 1449/1399/1399
f 1435/1379/1379 1436/1390/1390 1451/1406/1406
f 1444/1392/1392 1458/1403/1403 1445/1387/1387
f 1445/1387/1387 1458/1403/1403 1457/1405/1405
f 1431/1391/1391 1449/1399/1399 1447/1397/1397
f 510/467/467 1183/1141/1141 1184/1203/1203
f 517/475/475 1481/1427/1427 1480/1489/1489
f 515/472/472 1482/1428/1428 517/475/475
f 1484/1433/1433 1485/1431/1431 1205/1154/1154
f 529/479/479 1490/1430/1430 1489/1429/1429
f 1491/1439/1439 1493/1646/1646 1492/1432/1432
f 1492/1432/1432 1493/1646/1646 534/481/481
f 1481/1427/1427 1494/1440/1440 1490/1430/1430
f 1484/1433/1433 1489/1429/1429 1485/1431/1431
f 528/483/483 1489/1429/1429 1484/1433/1433
f 1487/1435/1435 1491/1439/1439 1492/1432/1432
f 1488/1436/1436 1492/1432/1432 532/487/487
f 1550/1438/1438 1493/1646/1646 1491/1439/1439
f 1205/1154/1154 1485/1431/1431 1487/1435/1435
f 1485/1431/1431 1490/1430/1430 1491/1439/1439
f 1494/1440/1440 1491/1439/1439 1490/1430/1430
f 1496/1487/1487 1498/1450/1450 1497/1484/1484
f 1496/1487/1487 1500/1637/1637 1498/1450/1450
f 1502/1442/1442 1507/1448/1448 1506/1443/1443
f 1508/1445/1445 1507/1448/1448 1503/1446/1446
f 1510/1452/1452 1512/1454/1454 1511/1478/1478
f 1510/1452/1452 1515/1458/1458 1516/1453/1453
f 1513/4346/4260 1517/1460/1460 1518/1459/1459
f 1522/1455/1455 1521/3305/3246 1519/1456/1456
f 1500/1637/1637 1517/1460/1460 1513/4346/4260
f 1500/1637/1637 1513/4346/4260 1498/1450/1450
f 1509/1449/1449 1514/1451/1451 1515/1458/1458
f 1519/1456/1456 1521/3305/3246 1518/1459/1459
f 1525/1462/1462 1526/1510/1510 1524/1512/1512
f 1531/1461/1461 1532/1466/1466 1525/1462/1462
f 1533/1464/1464 1534/1483/1483 1531/1461/1461
f 1536/1465/1465 1535/1468/1468 1525/1462/1462
f 1536/1465/1465 1538/1477/1477 1537/1467/1467
f 1542/1469/1469 1540/1475/1475 1539/1470/1470
f 1544/1472/1472 1541/1471/1471 1539/1470/1470
f 1545/1474/1474 1546/1555/1555 1536/1465/1465
f 1536/1465/1465 1546/1555/1555 1547/1476/1476
f 1525/1462/1462 1535/1468/1468 1526/1510/1510
f 1542/1469/1469 1541/1471/1471 1527/1479/1479
f 1530/1481/1481 1546/1555/1555 1545/1474/1474
f 1540/1475/1475 1532/1466/1466 1531/1461/1461
f 1543/1473/1473 1539/1470/1470 1531/1461/1461
f 1511/1478/1478 1525/1462/1462 1524/1512/1512
f 1542/1469/1469 1545/1474/1474 1540/1475/1475
f 1545/1474/1474 1542/1469/1469 1528/1480/1480
f 1510/1452/1452 1511/1478/1478 1499/1485/1485
f 1509/1449/1449 1510/1452/1452 1482/1428/1428
f 1528/1480/1480 1527/1479/1479 1506/1443/1443
f 1508/1445/1445 1530/1481/1481 1529/1482/1482
f 1511/1478/1478 1524/1512/1512 1505/1486/1486
f 1529/1482/1482 1528/1480/1480 1507/1448/1448
f 1496/1487/1487 1497/1484/1484 515/472/472
f 1499/1485/1485 1481/1427/1427 1482/1428/1428
f 1216/1175/1175 1496/1487/1487 514/1488/1488
f 1480/1489/1489 1490/1430/1430 529/479/479
f 1512/1454/1454 1523/1463/1463 1511/1478/1478
f 1512/1454/1454 1516/1453/1453 1533/1464/1464
f 1544/1472/1472 1522/1455/1455 1520/1457/1457
f 576/527/527 1551/1493/1493 573/523/523
f 573/523/523 1551/1493/1493 575/1494/1494
f 1494/1440/1440 574/1495/1495 1550/1438/1438
f 575/1494/1494 1549/1491/1491 1548/1632/1632
f 574/1495/1495 1553/1492/1492 576/527/527
f 575/1494/1494 1552/1490/1490 1549/1491/1491
f 1293/1257/1257 1565/1505/1505 1307/1256/1256
f 1565/1505/1505 1557/1977/1977 1307/1256/1256
f 1559/1969/1969 1560/1507/1507 1558/1506/1506
f 1562/1509/1509 1564/1498/1498 1563/1497/1497
f 1561/1504/1504 1562/1509/1509 1563/1497/1497
f 1567/1496/1496 1566/1971/1971 1563/1497/1497
f 1565/1505/1505 1563/1497/1497 1566/1971/1971
f 1574/1499/1499 1573/1501/1501 1570/1502/1502
f 1571/1503/1503 1570/1502/1502 1558/1506/1506
f 1568/1508/1508 1569/1601/1601 1564/1498/1498
f 1572/1500/1500 1567/1496/1496 1564/1498/1498
f 1569/1601/1601 1573/1501/1501 1572/1500/1500
f 1569/1601/1601 1572/1500/1500 1564/1498/1498
f 1526/1510/1510 1575/1516/1516 1555/1511/1511
f 1555/1511/1511 1575/1516/1516 1576/1518/1518
f 1576/1518/1518 1578/1519/1519 1577/1641/1641
f 1526/1510/1510 1580/3825/3766 1575/1516/1516
f 1575/1516/1516 1582/3384/3325 1581/1517/1517
f 1583/1521/1521 1578/1519/1519 1581/1517/1517
f 1585/1523/1523 1586/3381/3322 1584/1640/1640
f 1590/1513/1513 1589/1522/1522 1587/1514/1514
f 1590/1513/1513 1588/1515/1515 1579/1520/1520
f 1578/1519/1519 1579/1520/1520 1577/1641/1641
f 1580/3825/3766 1582/3384/3325 1575/1516/1516
f 1589/1522/1522 1586/3381/3322 1585/1523/1523
f 1505/1486/1486 1524/1512/1512 1555/1511/1511
f 1576/1518/1518 1577/1641/1641 1556/1525/1525
f 1555/1511/1511 1554/1524/1524 1551/1493/1493
f 1505/1486/1486 1555/1511/1511 1553/1492/1492
f 1552/1490/1490 1554/1524/1524 1285/1265/1265
f 1556/1525/1525 1568/1508/1508 1562/1509/1509
f 1285/1265/1265 1554/1524/1524 1561/1504/1504
f 1495/1441/1441 1387/1314/1314 1591/1526/1526
f 1506/1443/1443 1602/1536/1536 1593/1527/1527
f 1595/1529/1529 1604/1542/1542 1603/1530/1530
f 1605/1532/1532 1606/1540/1540 1598/1533/1533
f 1605/1532/1532 1597/1534/1534 1596/1535/1535
f 1600/1537/1537 1606/1540/1540 1607/1538/1538
f 1599/1541/1541 1601/1539/1539 1607/1538/1538
f 1602/1536/1536 1596/1535/1535 1593/1527/1527
f 1386/1311/1311 1608/1586/1586 1388/1315/1315
f 1611/1582/1582 1610/1568/1568 1608/1586/1586
f 1612/1543/1543 1614/1551/1551 1613/1549/1549
f 1617/1544/1544 1520/1457/1457 1519/1456/1456
f 1620/1546/1546 1621/1548/1548 1617/1544/1544
f 1620/1546/1546 1622/3426/3367 1623/1547/1547
f 1614/1551/1551 1618/1552/1552 1615/1550/1550
f 1615/1550/1550 1616/1545/1545 1519/1456/1456
f 1620/1546/1546 1616/1545/1545 1615/1550/1550
f 1619/1553/1553 1622/3426/3367 1620/1546/1546
f 1603/1530/1530 1604/1542/1542 1626/1554/1554
f 1632/1591/1591 1625/1560/1560 1624/1585/1585
f 1627/1556/1556 1633/1559/1559 1634/1557/1557
f 1637/1561/1561 1636/1564/1564 1631/1562/1562
f 1628/1558/1558 1634/1557/1557 1637/1561/1561
f 1632/1591/1591 1633/1559/1559 1625/1560/1560
f 1629/1565/1565 1636/1564/1564 1626/1554/1554
f 1647/1570/1570 1648/1575/1575 1646/1571/1571
f 1649/1573/1573 1650/1579/1579 1647/1570/1570
f 1654/1576/1576 1653/1577/1577 1643/1583/1583
f 1644/1584/1584 1656/1647/1647 1654/1576/1576
f 1654/1576/1576 1648/1575/1575 1647/1570/1570
f 1655/1578/1578 1653/1577/1577 1647/1570/1570
f 1654/1576/1576 1656/1647/1647 1651/1574/1574
f 1651/1574/1574 1656/1647/1647 1657/1580/1580
f 1611/1582/1582 1644/1584/1584 1643/1583/1583
f 1625/1560/1560 1602/1536/1536 1506/1443/1443
f 1605/1532/1532 1627/1556/1556 1628/1558/1558
f 1625/1560/1560 1627/1556/1556 1605/1532/1532
f 1630/1563/1563 1631/1562/1562 1607/1538/1538
f 1607/1538/1538 1631/1562/1562 1629/1565/1565
f 1606/1540/1540 1628/1558/1558 1630/1563/1563
f 1599/1541/1541 1629/1565/1565 1604/1542/1542
f 1610/1568/1568 1640/1567/1567 1388/1315/1315
f 1640/1567/1567 1639/1569/1569 1339/1316/1316
f 1339/1316/1316 1639/1569/1569 1385/1313/1313
f 1614/1551/1551 1642/1587/1587 1618/1552/1552
f 1645/1572/1572 1646/1571/1571 1634/1557/1557
f 1635/1588/1588 1649/1573/1573 1645/1572/1572
f 1651/1574/1574 1636/1564/1564 1637/1561/1561
f 1651/1574/1574 1652/1581/1581 1638/1589/1589
f 1646/1571/1571 1637/1561/1561 1634/1557/1557
f 1621/1548/1548 1623/1547/1547 1635/1588/1588
f 1617/1544/1544 1633/1559/1559 1632/1591/1591
f 1643/1583/1583 1641/1566/1566 1610/1568/1568
f 1643/1583/1583 1653/1577/1577 1641/1566/1566
f 1665/1595/1595 1664/1597/1597 1660/1592/1592
f 1668/1596/1596 1667/1602/1602 1669/1629/1629
f 1665/1595/1595 1667/1602/1602 1668/1596/1596
f 1664/1597/1597 1659/1593/1593 1660/1592/1592
f 1664/1597/1597 1668/1596/1596 1662/1598/1598
f 1666/1606/1606 1667/1602/1602 1568/1508/1508
f 1665/1595/1595 1573/1501/1501 1569/1601/1601
f 1673/1624/1624 1672/1603/1603 1671/1604/1604
f 1677/1605/1605 1676/1628/1628 1666/1606/1606
f 1677/1605/1605 1678/1610/1610 1676/1628/1628
f 1674/1421/1421 1680/1609/1609 1671/1604/1604
f 1685/4379/4287 1686/1612/1612 1684/1639/1639
f 1682/1611/1611 1588/1515/1515 1587/1514/1514
f 1690/1613/1613 1692/1618/1618 1693/1614/1614
f 1687/1617/1617 1686/1612/1612 1685/4379/4287
f 1682/1611/1611 1683/1621/1621 1681/1620/1620
f 1690/1613/1613 1691/1615/1615 1682/1611/1611
f 1686/1612/1612 1587/1514/1514 1684/1639/1639
f 1688/1616/1616 1689/4347/4261 1692/1618/1618
f 1687/1617/1617 1690/1613/1613 1686/1612/1612
f 1682/1611/1611 1691/1615/1615 1683/1621/1621
f 1696/1625/1625 1697/1626/1626 1694/1619/1619
f 1695/1623/1623 1699/3550/3491 1672/1603/1603
f 1694/1619/1619 1695/1623/1623 1673/1624/1624
f 1672/1603/1603 1699/3550/3491 1698/1622/1622
f 1694/1619/1619 1670/1607/1607 1658/1627/1627
f 1672/1603/1603 1698/1622/1622 1463/1408/1408
f 1693/1614/1614 1696/1625/1625 1683/1621/1621
f 1666/1606/1606 1676/1628/1628 1667/1602/1602
f 1658/1627/1627 1666/1606/1606 1568/1508/1508
f 1674/1421/1421 1463/1408/1408 1465/4378/4286
f 1670/1607/1607 1666/1606/1606 1658/1627/1627
f 1679/1608/1608 1673/1624/1624 1671/1604/1604
f 276/252/252 1185/1142/1142 1183/1141/1141
f 1484/1433/1433 1204/1156/1156 1203/1204/1204
f 1208/1160/1160 1487/1435/1435 1488/1436/1436
f 1207/1630/1630 1209/1164/1164 1488/1436/1436
f 1205/1154/1154 1487/1435/1435 1208/1160/1160
f 1225/1309/1309 1495/1441/1441 1224/1173/1173
f 1247/1195/1195 1502/1442/1442 1501/1444/1444
f 1504/1447/1447 1503/1446/1446 1249/1191/1191
f 1249/1191/1191 1503/1446/1446 1502/1442/1442
f 1549/1491/1491 1283/4377/4285 360/320/320
f 1549/1491/1491 1282/1224/1224 1283/4377/4285
f 1316/1250/1250 1559/1969/1969 1558/1506/1506
f 1358/1308/1308 1362/1310/1310 1387/1314/1314
f 1592/1528/1528 1593/1527/1527 1375/1361/1361
f 1377/1633/1633 1595/1529/1529 1594/1531/1531
f 1597/1534/1534 1598/1533/1533 1380/1351/1351
f 1597/1534/1534 1379/1352/1352 1364/1300/1300
f 1382/1356/1356 1600/1537/1537 1601/1539/1539
f 1377/1633/1633 1383/1358/1358 1601/1539/1539
f 1598/1533/1533 1600/1537/1537 1382/1356/1356
f 1596/1535/1535 1364/1300/1300 1375/1361/1361
f 1409/1333/1333 1609/1590/1590 1386/1311/1311
f 1456/1594/1594 1659/1593/1593 1455/1393/1393
f 1662/1598/1598 1663/1599/1599 1461/1426/1426
f 1661/1600/1600 1460/1402/1402 1455/1393/1393
f 1478/1419/1419 1675/1636/1636 1674/1421/1421
f 1142/1120/1120 1317/1287/1287 1162/1118/1118
f 1350/1295/1295 1221/1169/1169 1220/1168/1168
f 1226/1170/1170 1227/1206/1206 1360/1360/1360
f 1226/1170/1170 1359/1307/1307 1225/1309/1309
f 1170/1129/1129 1328/1282/1282 1175/1128/1128
f 1366/1340/1340 1234/1181/1181 1221/1169/1169
f 1227/1206/1206 1246/1188/1188 1360/1360/1360
f 1176/1202/1202 1328/1282/1282 1238/1342/1342
f 1500/1637/1637 1612/1543/1543 1613/1549/1549
f 1500/1637/1637 1613/1549/1549 1517/1460/1460
f 1594/1531/1531 1603/1530/1530 1508/1445/1445
f 1632/1591/1591 1624/1585/1585 1527/1479/1479
f 1530/1481/1481 1603/1530/1530 1546/1555/1555
f 1632/1591/1591 1541/1471/1471 1520/1457/1457
f 1257/1365/1365 1413/1364/1364 1164/1131/1131
f 1292/1236/1236 1439/1383/1383 1437/1385/1385
f 1313/1258/1258 1315/1251/1251 1456/1594/1594
f 1446/1396/1396 1299/1255/1255 1288/1233/1233
f 1292/1236/1236 1313/1258/1258 1439/1383/1383
f 1682/1611/1611 1681/1620/1620 1577/1641/1641
f 1588/1515/1515 1682/1611/1611 1579/1520/1520
f 1558/1506/1506 1660/1592/1592 1456/1594/1594
f 1573/1501/1501 1660/1592/1592 1570/1502/1502
f 1149/1114/1114 319/558/558 1151/1117/1117
f 1273/1231/1231 1272/1232/1232 1192/1200/1200
f 1195/1144/1144 1274/1227/1227 1273/1231/1231
f 1206/1163/1163 1209/1164/1164 1280/1642/1642
f 1206/1163/1163 1278/1228/1228 1274/1227/1227
f 1286/1235/1235 1287/1234/1234 1239/1185/1185
f 1291/1638/1638 1250/1631/1631 1248/1192/1192
f 1287/1234/1234 1290/1237/1237 1248/1192/1192
f 1169/1124/1124 1412/1363/1363 1322/1281/1281
f 1368/1341/1341 1430/1377/1377 1429/1378/1378
f 1433/1381/1381 1432/1380/1380 1368/1341/1341
f 1374/1354/1354 1434/1382/1382 1433/1381/1381
f 1437/1385/1385 1438/1384/1384 1377/1633/1633
f 1377/1633/1633 1442/1386/1386 1443/1388/1388
f 1381/1357/1357 1383/1358/1358 1443/1388/1388
f 1432/1380/1380 1430/1377/1377 1368/1341/1341
f 1377/1633/1633 1438/1384/1384 1442/1386/1386
f 1381/1357/1357 1441/1389/1389 1434/1382/1382
f 1464/1645/1645 1411/1635/1635 1402/1334/1334
f 1325/1285/1285 1412/1363/1363 1343/1348/1348
f 1348/1347/1347 1462/1643/1643 1401/1644/1644
f 1463/1408/1408 1608/1586/1586 1609/1590/1590
f 1626/1554/1554 1685/4379/4287 1684/1639/1639
f 1688/1616/1616 1687/1617/1617 1636/1564/1564
f 1638/1589/1589 1689/4347/4261 1688/1616/1616
f 1687/1617/1617 1685/4379/4287 1626/1554/1554
f 1644/1584/1584 1698/1622/1622 1656/1647/1647
f 1238/1342/1342 1429/1378/1378 1286/1235/1235
f 1291/1638/1638 1437/1385/1385 1376/1634/1634
f 1546/1555/1555 1684/1639/1639 1584/1640/1640
f 1464/1645/1645 1609/1590/1590 1411/1635/1635
f 1501/1444/1444 1592/1528/1528 1360/1360/1360
f 1376/1634/1634 1594/1531/1531 1504/1447/1447
f 801/772/772 1701/1728/1728 1702/2170/2170
f 805/771/771 1730/1651/1651 806/766/766
f 810/768/768 1704/1716/1716 1703/1648/1648
f 1703/1648/1648 1701/1728/1728 801/772/772
f 1706/1652/1652 1707/1656/1656 1260/1222/1222
f 1709/1653/1653 1708/1655/1655 1263/1214/1214
f 1712/1654/1654 1713/1717/1717 1271/1219/1219
f 1706/1652/1652 1266/1218/1218 1711/1719/1719
f 1712/1654/1654 1269/1221/1221 1263/1214/1214
f 1707/1656/1656 1709/1653/1653 1261/1213/1213
f 1710/1718/1718 1711/1719/1719 1266/1218/1218
f 1714/1657/1657 1700/1662/1662 1715/1658/1658
f 1717/1659/1659 1718/1736/1736 1867/1660/1660
f 1716/1661/1661 1867/1660/1660 1715/1658/1658
f 1723/1663/1663 836/815/815 835/793/793
f 1722/1664/1664 1724/1672/1672 1723/1663/1663
f 1726/1665/1665 1727/1668/1668 1725/1666/1666
f 1726/1665/1665 1728/1676/1676 1729/1667/1667
f 1729/1667/1667 1732/1678/1678 1731/1679/1679
f 851/803/803 1734/1674/1674 1736/1670/1670
f 1733/1669/1669 1735/1671/1671 1736/1670/1670
f 1738/1673/1673 1739/1681/1681 1736/1670/1670
f 1736/1670/1670 1739/1681/1681 1737/1675/1675
f 1733/1669/1669 1705/1650/1650 1740/1722/1722
f 1728/1676/1676 1737/1675/1675 1729/1667/1667
f 1730/1651/1651 1733/1669/1669 1722/1664/1664
f 1742/1680/1680 1741/1677/1677 1737/1675/1675
f 1723/1663/1663 1726/1665/1665 840/799/799
f 1723/1663/1663 1724/1672/1672 1728/1676/1676
f 1737/1675/1675 1741/1677/1677 1729/1667/1667
f 1744/1682/1682 1743/1700/1700 1295/1240/1240
f 1744/1682/1682 1745/1698/1698 1743/1700/1700
f 1743/1700/1700 1756/1702/1702 1711/1719/1719
f 1747/1684/1684 1748/1690/1690 1746/1685/1685
f 1746/1685/1685 1748/1690/1690 1750/1686/1686
f 1309/1247/1247 1753/1699/1699 1755/1691/1691
f 1753/1699/1699 1745/1698/1698 1755/1691/1691
f 1755/1691/1691 1759/2159/2159 1758/1693/1693
f 1757/1694/1694 1759/2159/2159 1755/1691/1691
f 1750/1686/1686 1757/1694/1694 1749/1687/1687
f 1752/1689/1689 1761/1697/1697 1760/1696/1696
f 1302/1254/1254 1746/1685/1685 1744/1682/1682
f 1744/1682/1682 1746/1685/1685 1749/1687/1687
f 1748/1690/1690 1752/1689/1689 1750/1686/1686
f 1760/1696/1696 1759/2159/2159 1757/1694/1694
f 1743/1700/1700 1753/1699/1699 1756/1702/1702
f 1752/1689/1689 1760/1696/1696 1757/1694/1694
f 1770/1707/1707 1769/1708/1708 1768/1709/1709
f 1773/1710/1710 1774/1712/1712 1762/1695/1695
f 1776/1711/1711 1777/2169/2169 1774/1712/1712
f 1775/1713/1713 1777/2169/2169 1776/1711/1711
f 1771/1715/1715 1765/1703/1703 1732/1678/1678
f 1773/1710/1710 1761/1697/1697 1767/1705/1705
f 1776/1711/1711 1773/1710/1710 1770/1707/1707
f 1776/1711/1711 1770/1707/1707 1765/1703/1703
f 1765/1703/1703 1768/1709/1709 1764/1704/1704
f 1770/1707/1707 1767/1705/1705 1766/1706/1706
f 1730/1651/1651 1722/1664/1664 835/793/793
f 1725/1666/1666 1727/1668/1668 1704/1716/1716
f 1295/1240/1240 1743/1700/1700 1710/1718/1718
f 1713/1717/1717 1748/1690/1690 1747/1684/1684
f 1700/1662/1662 1702/2170/2170 1716/1661/1661
f 799/764/764 1714/1657/1657 1719/1720/1720
f 1719/1720/1720 1763/1721/1721 1705/1650/1650
f 1772/1714/1714 1771/1715/1715 1741/1677/1677
f 1741/1677/1677 1771/1715/1715 1732/1678/1678
f 1706/1652/1652 1714/1657/1657 1707/1656/1656
f 1706/1652/1652 1711/1719/1719 1719/1720/1720
f 1756/1702/1702 1763/1721/1721 1719/1720/1720
f 1751/1688/1688 1767/1705/1705 1752/1689/1689
f 1780/1730/1730 1782/1731/1731 1781/1733/1733
f 1703/1648/1648 1704/1716/1716 1784/1723/1723
f 1784/1723/1723 1786/1799/1799 1785/1725/1725
f 1785/1725/1725 1786/1799/1799 869/827/827
f 1703/1648/1648 1783/1724/1724 1778/1727/1727
f 1778/1727/1727 1783/1724/1724 1785/1725/1725
f 863/831/831 1779/1729/1729 1785/1725/1725
f 1778/1727/1727 1779/1729/1729 1782/1731/1731
f 873/834/834 1789/1768/1768 1788/1734/1734
f 872/835/835 1788/1734/1734 870/837/837
f 871/886/886 860/833/833 1787/1732/1732
f 1797/1743/1743 1791/1742/1742 1790/1735/1735
f 1790/1735/1735 1792/1739/1739 1720/1738/1738
f 1794/1740/1740 1792/1739/1739 1790/1735/1735
f 1781/1733/1733 1797/1743/1743 1716/1661/1661
f 1792/1739/1739 1795/1741/1741 1793/1737/1737
f 1798/1744/1744 1800/1949/1949 1799/1745/1745
f 1805/1801/1801 1806/1759/1759 1801/1758/1758
f 1810/1750/1750 1816/1760/1760 1815/1751/1751
f 1808/1752/1752 1809/1761/1761 1804/1755/1755
f 1813/1747/1747 1814/1757/1757 1818/1748/1748
f 1811/1756/1756 1817/1802/1802 1818/1748/1748
f 1816/1760/1760 1813/1747/1747 1819/1749/1749
f 1807/1754/1754 1803/1753/1753 1801/1758/1758
f 1809/1761/1761 1817/1802/1802 1811/1756/1756
f 1821/1762/1762 912/875/875 911/866/866
f 1822/1764/1764 1823/1766/1766 1821/1762/1762
f 1826/1770/1770 1827/1803/1803 1789/1768/1768
f 1825/1767/1767 1826/1770/1770 1789/1768/1768
f 1821/1762/1762 1824/1769/1769 916/874/874
f 1821/1762/1762 1823/1766/1766 1825/1767/1767
f 922/878/878 1830/1771/1771 1829/1765/1765
f 1829/1765/1765 1830/1771/1771 1825/1767/1767
f 1836/1773/1773 1835/1775/1775 1768/1709/1709
f 1840/1783/1783 1816/1760/1760 1841/1784/1784
f 1845/1785/1785 1841/1784/1784 1846/1781/1781
f 1835/1775/1775 1832/1787/1787 1831/1782/1782
f 1835/1775/1775 1837/1774/1774 1833/1786/1786
f 1833/1786/1786 1837/1774/1774 1838/1777/1777
f 1843/1778/1778 1847/1780/1780 1844/1779/1779
f 1838/1777/1777 1847/1780/1780 1843/1778/1778
f 1819/1749/1749 1844/1779/1779 1841/1784/1784
f 1850/1790/1790 1852/1794/1794 1851/1791/1791
f 1856/1793/1793 1855/1805/1805 1851/1791/1791
f 1857/1795/1795 1858/2173/2173 1854/1796/1796
f 1854/1796/1796 1852/1794/1794 1850/1790/1790
f 1854/1796/1796 1858/2173/2173 1856/1793/1793
f 1798/1744/1744 1857/1795/1795 1853/1797/1797
f 1786/1799/1799 1803/1753/1753 1802/1800/1800
f 1801/1758/1758 1803/1753/1753 1784/1723/1723
f 916/874/874 1824/1769/1769 1789/1768/1768
f 1836/1773/1773 1769/1708/1708 1793/1737/1737
f 1795/1741/1741 1837/1774/1774 1836/1773/1773
f 1798/1744/1744 1853/1797/1797 1800/1949/1949
f 1831/1782/1782 1832/1787/1787 1806/1759/1759
f 1833/1786/1786 1808/1752/1752 1807/1754/1754
f 1833/1786/1786 1834/1788/1788 1809/1761/1761
f 1819/1749/1749 1818/1748/1748 1843/1778/1778
f 1817/1802/1802 1842/1789/1789 1843/1778/1778
f 1832/1787/1787 1807/1754/1754 1806/1759/1759
f 1834/1788/1788 1842/1789/1789 1817/1802/1802
f 1789/1768/1768 1798/1744/1744 1788/1734/1734
f 1787/1732/1732 870/837/837 1796/1746/1746
f 1827/1803/1803 1848/1798/1798 1798/1744/1744
f 1779/1729/1729 871/886/886 1782/1731/1731
f 1820/1763/1763 911/866/866 1802/1800/1800
f 1804/1755/1755 1822/1764/1764 1820/1763/1763
f 1812/1804/1804 1828/1772/1772 1829/1765/1765
f 1811/1756/1756 1814/1757/1757 1829/1765/1765
f 1804/1755/1755 1811/1756/1756 1822/1764/1764
f 1849/1792/1792 1851/1791/1791 1839/1776/1776
f 1855/1805/1805 1847/1780/1780 1839/1776/1776
f 1712/1654/1654 1862/1808/1808 1863/1806/1806
f 1423/1369/1369 1865/1882/1882 1864/1807/1807
f 1864/1807/1807 1865/1882/1882 1863/1806/1806
f 1859/1809/1809 1862/1808/1808 1712/1654/1654
f 1417/1373/1373 1421/1370/1370 1864/1807/1807
f 1859/1809/1809 1861/1810/1810 1864/1807/1807
f 1876/1884/1884 1715/1658/1658 1866/1819/1819
f 1869/1812/1812 1870/1898/1898 1868/1813/1813
f 1873/1814/1814 1872/1818/1818 1871/1815/1815
f 1873/1814/1814 1875/1883/1883 1874/1817/1817
f 1871/1815/1815 1872/1818/1818 1869/1812/1812
f 1874/1817/1817 1870/1898/1898 1869/1812/1812
f 1715/1658/1658 1867/1660/1660 1868/1813/1813
f 1427/1425/1425 1876/1884/1884 1877/1820/1820
f 1878/1824/1824 1879/1821/1821 1424/1376/1376
f 1426/1375/1375 1877/1820/1820 1878/1824/1824
f 1883/1906/1906 1939/1879/1879 1879/1821/1821
f 1866/1819/1819 1881/1951/1951 1882/1823/1823
f 1883/1906/1906 1884/1950/1950 1939/1879/1879
f 1900/1828/1828 1904/1831/1831 1905/1829/1829
f 1903/1839/1839 1902/1830/1830 1905/1829/1829
f 1886/1832/1832 1888/1886/1886 1887/1833/1833
f 1893/1835/1835 1892/1887/1887 1886/1832/1832
f 1891/1837/1837 1894/1840/1840 1893/1835/1835
f 1895/1827/1827 1898/1826/1826 1896/2161/2161
f 1892/1887/1887 1888/1886/1886 1886/1832/1832
f 1896/2161/2161 1898/1826/1826 1900/1828/1828
f 1899/1838/1838 1903/1839/1839 1894/1840/1840
f 1913/1843/1843 1914/1852/1852 1915/1851/1851
f 1897/1825/1825 1916/1846/1846 1917/1845/1845
f 1920/1848/1848 1921/1850/1850 1905/1829/1829
f 1905/1829/1829 1921/1850/1850 1919/1856/1856
f 1921/1850/1850 1922/1849/1849 1915/1851/1851
f 1917/1845/1845 1920/1848/1848 1904/1831/1831
f 1909/1842/1842 1912/1844/1844 1908/1841/1841
f 1918/1847/1847 1922/1849/1849 1920/1848/1848
f 1909/1842/1842 1766/1706/1706 1906/1853/1853
f 1910/1855/1855 1913/1843/1843 1909/1842/1842
f 1910/1855/1855 1911/1888/1888 1914/1852/1852
f 1911/1888/1888 1919/1856/1856 1914/1852/1852
f 1924/1857/1857 1923/1860/1860 1467/1410/1410
f 1924/1857/1857 1926/1862/1862 1925/1859/1859
f 1879/1821/1821 1930/1878/1878 1929/1865/1865
f 1925/1859/1859 1926/1862/1862 1932/1863/1863
f 1930/1878/1878 1934/1867/1867 1929/1865/1865
f 1474/1413/1413 1927/1866/1866 1924/1857/1857
f 1924/1857/1857 1927/1866/1866 1928/1861/1861
f 1932/1863/1863 1933/2163/2163 1479/1418/1418
f 1928/1861/1861 1933/2163/2163 1932/1863/1863
f 1934/1867/1867 1933/2163/2163 1928/1861/1861
f 1937/1868/1868 1938/1880/1880 1936/1869/1869
f 1944/1874/1874 1938/1880/1880 1937/1868/1868
f 1942/1871/1871 1946/1939/1939 1945/1876/1876
f 1942/1871/1871 1941/1873/1873 1936/1869/1869
f 1944/1874/1874 1946/1939/1939 1942/1871/1871
f 1940/1872/1872 2136/1877/1877 1939/1879/1879
f 1940/1872/1872 1945/1876/1876 2136/1877/1877
f 1713/1717/1717 1863/1806/1806 1886/1832/1832
f 1889/1881/1881 1890/1836/1836 1865/1882/1882
f 1865/1882/1882 1890/1836/1836 1886/1832/1832
f 1908/1841/1841 1873/1814/1814 1721/1816/1816
f 1912/1844/1844 1913/1843/1843 1875/1883/1883
f 1908/1841/1841 1912/1844/1844 1873/1814/1814
f 1880/1822/1822 1927/1866/1866 1474/1413/1413
f 1929/1865/1865 1927/1866/1866 1880/1822/1822
f 1884/1950/1950 1941/1873/1873 1940/1872/1872
f 1884/1950/1950 1940/1872/1872 1939/1879/1879
f 1417/1373/1373 1861/1810/1810 1876/1884/1884
f 1861/1810/1810 1860/1811/1811 1876/1884/1884
f 1923/1860/1860 1890/1836/1836 1889/1881/1881
f 1923/1860/1860 1925/1859/1859 1891/1837/1837
f 1901/1885/1885 1902/1830/1830 1932/1863/1863
f 1899/1838/1838 1925/1859/1859 1932/1863/1863
f 1868/1813/1813 1870/1898/1898 1881/1951/1951
f 1866/1819/1819 1868/1813/1813 1881/1951/1951
f 1915/1851/1851 1937/1868/1868 1935/1870/1870
f 1943/1875/1875 1937/1868/1868 1915/1851/1851
f 1876/1884/1884 1866/1819/1819 1877/1820/1820
f 1878/1824/1824 1883/1906/1906 1879/1821/1821
f 1888/1886/1886 1907/1854/1854 1906/1853/1853
f 1910/1855/1855 1907/1854/1854 1892/1887/1887
f 1894/1840/1840 1911/1888/1888 1910/1855/1855
f 1903/1839/1839 1919/1856/1856 1911/1888/1888
f 1794/1740/1740 1950/1895/1895 1952/1889/1889
f 1955/1894/1894 1956/1893/1893 1952/1889/1889
f 1947/1896/1896 1950/1895/1895 1794/1740/1740
f 1874/1817/1817 1953/1892/1892 1948/1897/1897
f 1948/1897/1897 1953/1892/1892 1955/1894/1894
f 1947/1896/1896 1949/1899/1899 1955/1894/1894
f 1954/1891/1891 1956/1893/1893 1953/1892/1892
f 1957/1900/1900 1787/1732/1732 1961/1901/1901
f 1799/1745/1745 1958/1904/1904 1796/1746/1746
f 1800/1949/1949 1959/1903/1903 1799/1745/1745
f 1964/1905/1905 1884/1950/1950 1883/1906/1906
f 1963/1907/1907 1883/1906/1906 1962/1909/1909
f 1882/1823/1823 1961/1901/1901 1962/1909/1909
f 1881/1951/1951 1960/1902/1902 1882/1823/1823
f 1961/1901/1901 1796/1746/1746 1965/1908/1908
f 1965/1908/1908 1966/1946/1946 1963/1907/1907
f 1958/1904/1904 1966/1946/1946 1965/1908/1908
f 1982/1914/1914 1983/1920/1920 1980/1912/1912
f 1987/1916/1916 1989/1924/1924 1991/1918/1918
f 1982/1914/1914 1990/1919/1919 1991/1918/1918
f 1980/1912/1912 1977/1911/1911 1978/1910/1910
f 1987/1916/1916 1986/1915/1915 1989/1924/1924
f 1980/1912/1912 1983/1920/1920 1985/1921/1921
f 1991/1918/1918 1992/1923/1923 1985/1921/1921
f 1980/1912/1912 1984/1922/1922 1979/1925/1925
f 1988/1926/1926 1992/1923/1923 1989/1924/1924
f 1936/1869/1869 1994/1929/1929 1993/1927/1927
f 1996/1928/1928 1995/1931/1931 1993/1927/1927
f 1996/1928/1928 1998/1941/1941 1997/1930/1930
f 2003/1932/1932 2004/1934/1934 2002/1937/1937
f 2003/1932/1932 2005/1935/1935 2006/1933/1933
f 1997/1930/1930 1998/1941/1941 2006/1933/1933
f 1999/1936/1936 1994/1929/1929 1936/1869/1869
f 2002/1937/1937 2004/1934/1934 2007/1938/1938
f 1999/1936/1936 2000/1959/1959 1996/1928/1928
f 1996/1928/1928 2000/1959/1959 2001/1940/1940
f 2006/1933/1933 2008/2164/2164 2007/1938/1938
f 2001/1940/1940 2008/2164/2164 2006/1933/1933
f 1959/1903/1903 2009/1943/1943 1958/1904/1904
f 2012/1945/1945 2013/1960/1960 2010/1942/1942
f 1966/1946/1946 2012/1945/1945 1963/1907/1907
f 1951/1890/1890 1952/1889/1889 1967/1947/1947
f 1954/1891/1891 1968/1952/1952 1969/1948/1948
f 1969/1948/1948 1970/1956/1956 1956/1893/1893
f 1956/1893/1893 1970/1956/1956 1967/1947/1947
f 1979/1925/1925 1984/1922/1922 1959/1903/1903
f 1999/1936/1936 1941/1873/1873 1884/1950/1950
f 1964/1905/1905 2000/1959/1959 1999/1936/1936
f 1948/1897/1897 1949/1899/1899 1960/1902/1902
f 1935/1870/1870 1993/1927/1927 1969/1948/1948
f 1975/1953/1953 2003/1932/1932 2002/1937/1937
f 1995/1931/1931 1970/1956/1956 1969/1948/1948
f 1995/1931/1931 1997/1930/1930 1971/1955/1955
f 1975/1953/1953 1976/1957/1957 2005/1935/1935
f 1971/1955/1955 1997/1930/1930 2005/1935/1935
f 2011/1944/1944 1959/1903/1903 1985/1921/1921
f 1947/1896/1896 1957/1900/1900 1960/1902/1902
f 1967/1947/1947 1978/1910/1910 1849/1792/1792
f 1981/1913/1913 1978/1910/1910 1967/1947/1947
f 1971/1955/1955 1982/1914/1914 1981/1913/1913
f 1972/1917/1917 1987/1916/1916 1973/1958/1958
f 1973/1958/1958 1987/1916/1916 1990/1919/1919
f 1971/1955/1955 1976/1957/1957 1990/1919/1919
f 1964/1905/1905 2010/1942/1942 2001/1940/1940
f 2013/1960/1960 2008/2164/2164 2001/1940/1940
f 1075/1967/1967 2016/1963/1963 1076/1027/1027
f 2018/2172/2172 2019/4380/4288 1081/1022/1022
f 1081/1022/1022 2019/4380/4288 2017/1964/1964
f 2021/2171/2171 1077/1032/1032 2016/1963/1963
f 1067/2158/2158 2014/1966/1966 1075/1967/1967
f 1079/1025/1025 2017/1964/1964 2015/1961/1961
f 2021/2171/2171 2018/2172/2172 1077/1032/1032
f 2014/1966/1966 2020/1965/1965 1075/1967/1967
f 2022/1701/1701 1557/1977/1977 1756/1702/1702
f 2024/1968/1968 1560/1507/1507 1559/1969/1969
f 1574/1499/1499 2030/2165/2165 2029/1976/1976
f 2024/1968/1968 2030/2165/2165 1574/1499/1499
f 1557/1977/1977 1565/1505/1505 2025/1972/1972
f 2025/1972/1972 2026/1975/1975 1756/1702/1702
f 1572/1500/1500 2029/1976/1976 1567/1496/1496
f 1567/1496/1496 2027/1974/1974 1566/1971/1971
f 1566/1971/1971 2027/1974/1974 2025/1972/1972
f 2038/1979/1979 2039/1982/1982 2036/1980/1980
f 2037/1978/1978 2040/1997/1997 2038/1979/1979
f 2038/1979/1979 2044/1984/1984 2045/1981/1981
f 2038/1979/1979 2040/1997/1997 2046/1983/1983
f 2050/1986/1986 2051/1999/1999 2049/1988/1988
f 2053/1989/1989 2055/3834/3775 2054/1990/1990
f 2042/1998/1998 2052/1991/1991 2054/1990/1990
f 2061/1992/1992 2060/2001/2001 2057/1993/1993
f 2061/1992/1992 2058/1994/1994 2056/1995/1995
f 2047/1985/1985 2048/1987/1987 2041/2000/2000
f 2037/1978/1978 2042/1998/1998 2040/1997/1997
f 2059/1996/1996 2056/1995/1995 2049/1988/1988
f 2039/1982/1982 2045/1981/1981 2047/1985/1985
f 2060/2001/2001 2055/3834/3775 2053/1989/1989
f 2039/1982/1982 2047/1985/1985 2041/2000/2000
f 2032/2003/2003 2037/1978/1978 2036/1980/1980
f 2036/1980/1980 2041/2000/2000 2033/2002/2002
f 2033/2002/2002 2021/2171/2171 2016/1963/1963
f 2026/1975/1975 2032/2003/2003 2016/1963/1963
f 1763/1721/1721 2026/1975/1975 2020/1965/1965
f 2027/1974/1974 2032/2003/2003 2026/1975/1975
f 2034/2004/2004 2032/2003/2003 2028/1973/1973
f 2062/2160/2160 2063/2006/2006 1810/1750/1750
f 2017/1964/1964 2019/4380/4288 2067/2005/2005
f 2068/2007/2007 2069/2052/2052 1117/1054/1054
f 2062/2160/2160 2017/1964/1964 2063/2006/2006
f 2066/2008/2008 2068/2007/2007 1115/1058/1058
f 1810/1750/1750 2063/2006/2006 2065/2009/2009
f 2067/2005/2005 2069/2052/2052 2068/2007/2007
f 2070/2012/2012 2071/2011/2011 2067/2005/2005
f 2071/2011/2011 2069/2052/2052 2067/2005/2005
f 2063/2006/2006 2068/2007/2007 2065/2009/2009
f 1827/1803/1803 1826/1770/1770 1118/1059/1059
f 1120/1063/1063 2072/2014/2014 1123/2051/2051
f 2073/2013/2013 1122/1066/1066 2071/2011/2011
f 2072/2014/2014 1120/1063/1063 1122/1066/1066
f 2075/2015/2015 2078/2047/2047 2035/2016/2016
f 2079/2018/2018 2078/2047/2047 2075/2015/2015
f 2082/2049/2049 2083/2037/2037 2081/2050/2050
f 2083/2037/2037 2084/2168/2168 2081/2050/2050
f 2091/2021/2021 2092/2024/2024 2090/2022/2022
f 2093/2023/2023 2086/2026/2026 2090/2022/2022
f 2093/2023/2023 2095/2036/2036 2094/2025/2025
f 2097/2027/2027 2096/2029/2029 2091/2021/2021
f 2097/2027/2027 2099/2055/2055 2098/2028/2028
f 2098/2028/2028 2099/2055/2055 2101/2030/2030
f 2041/2000/2000 2048/1987/1987 2090/2022/2022
f 2097/2027/2027 2058/1994/1994 2087/2033/2033
f 2089/2035/2035 2099/2055/2055 2097/2027/2027
f 2096/2029/2029 2092/2024/2024 2091/2021/2021
f 2096/2029/2029 2098/2028/2028 2093/2023/2023
f 2093/2023/2023 2098/2028/2028 2100/2031/2031
f 2102/2053/2053 2103/2054/2054 2104/2044/2044
f 2103/2054/2054 2107/2043/2043 2104/2044/2044
f 2110/2040/2040 2112/3878/3819 2111/2041/2041
f 2114/2045/2045 2113/2046/2046 2106/4348/4262
f 2106/4348/4262 2113/2046/2046 2084/2168/2168
f 2083/2037/2037 2106/4348/4262 2084/2168/2168
f 2102/2053/2053 2104/2044/2044 2105/2038/2038
f 2107/2043/2043 2108/2039/2039 2105/2038/2038
f 2114/2045/2045 2112/3878/3819 2110/2040/2040
f 2033/2002/2002 2041/2000/2000 2085/2032/2032
f 2088/2034/2034 2087/2033/2033 2035/2016/2016
f 2079/2018/2018 2089/2035/2035 2088/2034/2034
f 2077/2048/2048 2102/2053/2053 2105/2038/2038
f 2072/2014/2014 2082/2049/2049 2081/2050/2050
f 2077/2048/2048 2082/2049/2049 2072/2014/2014
f 1123/2051/2051 2081/2050/2050 1848/1798/1798
f 2071/2011/2011 1121/1065/1065 1117/1054/1054
f 2086/2026/2026 2103/2054/2054 2102/2053/2053
f 2109/2042/2042 2111/2041/2041 2101/2030/2030
f 2077/2048/2048 2085/2032/2032 2102/2053/2053
f 1901/1885/1885 2119/2061/2061 2118/2065/2065
f 2116/2057/2057 2120/2062/2062 2122/2058/2058
f 1669/1629/1629 2125/2067/2067 2124/2060/2060
f 2124/2060/2060 2125/2067/2067 2122/2058/2058
f 2116/2057/2057 2115/2056/2056 2120/2062/2062
f 2119/2061/2061 2124/2060/2060 2118/2065/2065
f 2118/2065/2065 2124/2060/2060 2120/2062/2062
f 2126/2064/2064 2121/2059/2059 2122/2058/2058
f 2130/2068/2068 2131/2072/2072 2128/2069/2069
f 2133/2071/2071 2129/2162/2162 2128/2069/2069
f 1678/1610/1610 2126/2064/2064 1676/1628/1628
f 1678/1610/1610 2134/2107/2107 2123/2063/2063
f 1680/1609/1609 2135/2073/2073 1679/1608/1608
f 2135/2073/2073 2134/2107/2107 1678/1610/1610
f 1930/1878/1878 1674/1421/1421 1675/1636/1636
f 2136/1877/1877 2139/2139/2139 2137/2103/2103
f 2147/2074/2074 2148/2087/2087 2146/2075/2075
f 2152/2079/2079 2148/2087/2087 2147/2074/2074
f 2153/2081/2081 2154/3931/3872 2152/2079/2079
f 2156/2082/2082 2157/2088/2088 2158/2084/2084
f 2149/2077/2077 2143/2086/2086 2142/2104/2104
f 2144/2089/2089 2151/2080/2080 2147/2074/2074
f 2140/2090/2090 2144/2089/2089 2141/2076/2076
f 2150/2078/2078 2155/2083/2083 2149/2077/2077
f 2152/2079/2079 2156/2082/2082 2150/2078/2078
f 2152/2079/2079 2154/3931/3872 2157/2088/2088
f 2149/2077/2077 2155/2083/2083 2143/2086/2086
f 2159/2091/2091 2163/2100/2100 2162/2092/2092
f 2166/2093/2093 2167/2101/2101 2165/2094/2094
f 2137/2103/2103 2168/2102/2102 2160/2099/2099
f 2139/2139/2139 2169/2098/2098 2161/2097/2097
f 2170/2096/2096 2169/2098/2098 2165/2094/2094
f 2139/2139/2139 2161/2097/2097 2137/2103/2103
f 2143/2086/2086 2131/2072/2072 2130/2068/2068
f 2143/2086/2086 2145/2085/2085 2133/2071/2071
f 2132/2105/2105 2134/2107/2107 2159/2091/2091
f 2134/2107/2107 2138/2106/2106 2160/2099/2099
f 2126/2064/2064 2125/2067/2067 1669/1629/1629
f 2144/2089/2089 2162/2092/2092 2153/2081/2081
f 2158/2084/2084 2166/2093/2093 2164/2095/2095
f 2132/2105/2105 2034/2004/2004 2123/2063/2063
f 2137/2103/2103 2138/2106/2106 2135/2073/2073
f 2135/2073/2073 2138/2106/2106 2134/2107/2107
f 2136/1877/1877 2137/2103/2103 1680/1609/1609
f 2172/2108/2108 2178/2116/2116 2079/2018/2018
f 2133/2071/2071 2179/2117/2117 2174/2110/2110
f 2176/2112/2112 2179/2117/2117 2180/2113/2113
f 2175/2115/2115 2177/2114/2114 2180/2113/2113
f 2172/2108/2108 2175/2115/2115 2178/2116/2116
f 2181/2118/2118 2011/1944/1944 2080/2020/2020
f 2013/1960/1960 2136/1877/1877 2182/2119/2119
f 2012/1945/1945 2183/2120/2120 2013/1960/1960
f 2185/2151/2151 2186/2127/2127 2190/2155/2155
f 2187/2122/2122 2191/2152/2152 2192/2123/2123
f 2192/2123/2123 2193/2126/2126 2189/2125/2125
f 2186/2127/2127 2193/2126/2126 2190/2155/2155
f 2195/2134/2134 2196/2133/2133 2184/2121/2121
f 2197/2128/2128 2198/2136/2136 2110/2040/2040
f 2201/2129/2129 2198/2136/2136 2197/2128/2128
f 2202/2131/2131 2203/3997/3938 2201/2129/2129
f 2201/2129/2129 2203/3997/3938 2205/2137/2137
f 2198/2136/2136 2204/2132/2132 2199/2135/2135
f 2199/2135/2135 2204/2132/2132 2195/2134/2134
f 2183/2120/2120 2207/2146/2146 2206/2138/2138
f 2208/2147/2147 2210/2142/2142 2209/2141/2141
f 2212/2140/2140 2211/2144/2144 2209/2141/2141
f 2212/2140/2140 2214/2149/2149 2213/2143/2143
f 2215/2145/2145 2169/2098/2098 2139/2139/2139
f 2207/2146/2146 2216/2157/2157 2215/2145/2145
f 2215/2145/2145 2210/2142/2142 2208/2147/2147
f 2215/2145/2145 2216/2157/2157 2212/2140/2140
f 2212/2140/2140 2216/2157/2157 2217/2148/2148
f 2079/2018/2018 2178/2116/2116 2186/2127/2127
f 2133/2071/2071 2187/2122/2122 2188/2124/2124
f 2188/2124/2124 2189/2125/2125 2180/2113/2113
f 2180/2113/2113 2189/2125/2125 2186/2127/2127
f 2012/1945/1945 2207/2146/2146 2183/2120/2120
f 1966/1946/1946 2218/2150/2150 2207/2146/2146
f 2009/1943/1943 2218/2150/2150 1966/1946/1946
f 2208/2147/2147 2209/2141/2141 2192/2123/2123
f 2211/2144/2144 2193/2126/2126 2192/2123/2123
f 2211/2144/2144 2213/2143/2143 2194/2153/2153
f 2204/2132/2132 2219/2154/2154 2196/2133/2133
f 2190/2155/2155 2197/2128/2128 2109/2042/2042
f 2200/2130/2130 2197/2128/2128 2193/2126/2126
f 2194/2153/2153 2202/2131/2131 2200/2130/2130
f 2207/2146/2146 2220/2156/2156 2216/2157/2157
f 851/803/803 1735/1671/1671 2014/1966/1966
f 2015/1961/1961 1739/1681/1681 1738/1673/1673
f 1735/1671/1671 1733/1669/1669 2014/1966/1966
f 2023/1970/1970 1559/1969/1969 1758/1693/1693
f 1813/1747/1747 2065/2009/2009 2066/2008/2008
f 1812/1804/1804 1814/1757/1757 2066/2008/2008
f 1826/1770/1770 1830/1771/1771 922/878/878
f 1846/1781/1781 2075/2015/2015 2074/2017/2017
f 2076/2019/2019 2075/2015/2015 1846/1781/1781
f 1857/1795/1795 2080/2020/2020 1858/2173/2173
f 1896/2161/2161 2115/2056/2056 2023/1970/1970
f 1900/1828/1828 1902/1830/1830 2118/2065/2065
f 1896/2161/2161 1900/1828/1828 2117/2066/2066
f 2127/2070/2070 2128/2069/2069 1918/1847/1847
f 2128/2069/2069 1922/1849/1849 1918/1847/1847
f 1934/1867/1867 1675/1636/1636 1933/2163/2163
f 1973/1958/1958 2172/2108/2108 2171/2109/2109
f 2173/2111/2111 2174/2110/2110 1975/1953/1953
f 1975/1953/1953 2176/2112/2112 2177/2114/2114
f 1973/1958/1958 1976/1957/1957 2177/2114/2114
f 1975/1953/1953 2174/2110/2110 2176/2112/2112
f 2080/2020/2020 1992/1923/1923 1988/1926/1926
f 2007/1938/1938 2182/2119/2119 1945/1876/1876
f 2013/1960/1960 2182/2119/2119 2008/2164/2164
f 1709/1653/1653 1876/1884/1884 1860/1811/1811
f 1709/1653/1653 1860/1811/1811 1708/1655/1655
f 1762/1695/1695 1897/1825/1825 1895/1827/1827
f 1885/1834/1834 1887/1833/1833 1748/1690/1690
f 1721/1816/1816 1871/1815/1815 1720/1738/1738
f 1720/1738/1738 1871/1815/1815 1867/1660/1660
f 1906/1853/1853 1766/1706/1706 1751/1688/1688
f 1762/1695/1695 1774/1712/1712 1916/1846/1846
f 1908/1841/1841 1769/1708/1708 1766/1706/1706
f 1774/1712/1712 1777/2169/2169 1918/1847/1847
f 1887/1833/1833 1906/1853/1853 1751/1688/1688
f 2023/1970/1970 2116/2057/2057 2024/1968/1968
f 2024/1968/1968 2116/2057/2057 2121/2059/2059
f 2121/2059/2059 2123/2063/2063 2028/1973/1973
f 2035/2016/2016 2130/2068/2068 2127/2070/2070
f 2037/1978/1978 2140/2090/2090 2141/2076/2076
f 2141/2076/2076 2146/2075/2075 2053/1989/1989
f 2149/2077/2077 2058/1994/1994 2057/1993/1993
f 2146/2075/2075 2057/1993/1993 2053/1989/1989
f 2149/2077/2077 2142/2104/2104 2043/2167/2167
f 2142/2104/2104 2130/2068/2068 2035/2016/2016
f 1849/1792/1792 1977/1911/1911 1850/1790/1790
f 1856/1793/1793 1986/1915/1915 1972/1917/1917
f 1979/1925/1925 1853/1797/1797 1850/1790/1790
f 1856/1793/1793 1858/2173/2173 1988/1926/1926
f 1797/1743/1743 1957/1900/1900 1791/1742/1742
f 2089/2035/2035 2185/2151/2151 2190/2155/2155
f 2195/2134/2134 2184/2121/2121 2084/2168/2168
f 2199/2135/2135 2113/2046/2046 2110/2040/2040
f 2199/2135/2135 2195/2134/2134 2084/2168/2168
f 1780/1730/1730 1781/1733/1733 1702/2170/2170
f 1701/1728/1728 1780/1730/1730 1702/2170/2170
f 1793/1737/1737 1721/1816/1816 1720/1738/1738
f 1731/1679/1679 1805/1801/1801 1801/1758/1758
f 1739/1681/1681 1815/1751/1751 1742/1680/1680
f 1768/1709/1709 1831/1782/1782 1764/1704/1704
f 1772/1714/1714 1840/1783/1783 1845/1785/1785
f 1764/1704/1704 1831/1782/1782 1805/1801/1801
f 1815/1751/1751 1840/1783/1783 1772/1714/1714
f 1704/1716/1716 1727/1668/1668 1801/1758/1758
f 1874/1817/1817 1875/1883/1883 1954/1891/1891
f 1882/1823/1823 1962/1909/1909 1878/1824/1824
f 1944/1874/1874 2002/1937/1937 1946/1939/1939
f 1974/1954/1954 2002/1937/1937 1943/1875/1875
f 1875/1883/1883 1913/1843/1843 1968/1952/1952
f 2021/2171/2171 2070/2012/2012 2067/2005/2005
f 2018/2172/2172 2067/2005/2005 2019/4380/4288
f 2049/1988/1988 2091/2021/2021 2048/1987/1987
f 2058/1994/1994 2091/2021/2021 2056/1995/1995
f 2087/2033/2033 2043/2167/2167 2035/2016/2016
f 2136/1877/1877 2183/2120/2120 2139/2139/2139
f 2145/2085/2085 2155/2083/2083 2191/2152/2152
f 2169/2098/2098 2208/2147/2147 2165/2094/2094
f 2164/2095/2095 2208/2147/2147 2191/2152/2152
f 2133/2071/2071 2145/2085/2085 2187/2122/2122
f 2015/1961/1961 2062/2160/2160 1739/1681/1681
f 1845/1785/1785 2074/2017/2017 2031/2166/2166
f 2129/2162/2162 2173/2111/2111 1974/1954/1954
f 2031/2166/2166 2127/2070/2070 1918/1847/1847
f 1972/1917/1917 2171/2109/2109 2076/2019/2019
f 2222/2174/2174 2225/2187/2182 391/2175/359
f 362/2179/334 2224/2178/2176 2221/2234/2224
f 2221/2234/2224 2222/2174/2174 390/2176/358
f 2229/2180/2177 2230/2186/2181 2232/2181/2178
f 2229/2180/2177 2231/2182/2179 405/2183/364
f 2225/2187/2182 2236/2278/2268 2235/2190/2185
f 2225/2187/2182 2235/2190/2185 2227/2188/2183
f 2227/2188/2183 2230/2186/2181 2229/2180/2177
f 2229/2180/2177 404/2184/365 397/2192/370
f 2227/2188/2183 2228/2191/2186 2234/2185/2180
f 399/2193/371 2233/2281/2271 2234/2185/2180
f 2239/2194/2187 2240/2283/2273 2242/2195/2188
f 419/2197/379 2240/2283/2273 2239/2194/2187
f 2246/2201/2193 2295/2253/2243 2224/2178/2176
f 2246/2201/2193 2247/2203/2195 2295/2253/2243
f 2238/2200/2192 2243/2205/2196 2247/2203/2195
f 2239/2194/2187 2241/2196/2189 2238/2200/2192
f 2239/2194/2187 2237/2202/2194 413/2204/386
f 2238/2200/2192 2241/2196/2189 2245/2199/2191
f 421/2206/388 2243/2205/2196 2245/2199/2191
f 2250/2211/2201 2266/2227/2217 2264/2212/2202
f 2271/2208/2198 2272/2228/2218 2259/2209/2199
f 2271/2208/2198 2258/2210/2200 2270/2220/2210
f 2264/2212/2202 2265/2230/2220 2251/2214/2204
f 2268/2215/2205 2267/2226/2216 2253/2216/2206
f 2255/2218/2208 2269/2231/2221 2268/2215/2205
f 2262/2221/2211 2274/2229/2219 2275/2222/2212
f 2261/2224/2214 2263/2223/2213 2275/2222/2212
f 2253/2216/2206 2267/2226/2216 2250/2211/2201
f 2259/2209/2199 2274/2229/2219 2262/2221/2211
f 2265/2230/2220 2270/2220/2210 2257/2219/2209
f 2261/2224/2214 2273/2225/2215 2269/2231/2221
f 2224/2178/2176 2278/2255/2245 2277/2464/2438
f 2279/2232/2222 2280/2553/2527 2276/2233/2223
f 2278/2255/2245 2281/2548/2522 2277/2464/2438
f 2283/2244/2234 2284/2243/2233 2285/2242/2232
f 2285/2242/2232 2287/2483/2457 2286/2240/2230
f 2291/2235/2225 2289/2239/2229 2288/2236/2226
f 2291/2235/2225 2293/2282/2272 2292/2238/2228
f 2288/2236/2226 2289/2239/2229 2285/2242/2232
f 2292/2238/2228 2287/2483/2457 2285/2242/2232
f 2283/2244/2234 2286/2240/2230 2276/2233/2223
f 2302/2248/2238 2300/2285/2275 2299/2249/2239
f 2303/2251/2241 2304/2256/2246 2298/2246/2236
f 2305/2252/2242 2306/2286/2276 2302/2248/2238
f 2278/2255/2245 2294/2254/2244 2296/2245/2235
f 2294/2254/2244 2303/2251/2241 2296/2245/2235
f 2298/2246/2236 2301/2250/2240 2299/2249/2239
f 2305/2252/2242 2301/2250/2240 2298/2246/2236
f 2271/2208/2198 2314/2266/2256 2315/2259/2249
f 2313/2269/2259 2314/2266/2256 2271/2208/2198
f 2317/2260/2250 2318/2271/2261 2275/2222/2212
f 2275/2222/2212 2318/2271/2261 2316/2261/2251
f 2314/2266/2256 2325/2556/2530 2326/2267/2257
f 2324/2268/2258 2325/2556/2530 2314/2266/2256
f 2328/2270/2260 2329/2742/2715 2318/2271/2261
f 2318/2271/2261 2329/2742/2715 2327/2272/2262
f 2309/2257/2247 2319/2263/2253 2307/2258/2248
f 2320/2273/2263 2308/2276/2266 2307/2258/2248
f 2311/2274/2264 2322/2264/2254 2310/2265/2255
f 2311/2274/2264 2312/2277/2267 2323/2275/2265
f 2324/2268/2258 2313/2269/2259 2320/2273/2263
f 2312/2277/2267 2273/2225/2215 2316/2261/2251
f 2323/2275/2265 2316/2261/2251 2327/2272/2262
f 2310/2265/2255 2309/2257/2247 2266/2227/2217
f 2272/2228/2218 2315/2259/2249 2317/2260/2250
f 2315/2259/2249 2326/2267/2257 2328/2270/2260
f 2222/2174/2174 2276/2233/2223 2225/2187/2182
f 2224/2178/2176 2277/2464/2438 2221/2234/2224
f 2276/2233/2223 2282/2241/2231 2236/2278/2268
f 2307/2258/2248 2308/2276/2266 2265/2230/2220
f 2311/2274/2264 2310/2265/2255 2267/2226/2216
f 2269/2231/2221 2312/2277/2267 2311/2274/2264
f 2267/2226/2216 2310/2265/2255 2266/2227/2217
f 2308/2276/2266 2313/2269/2259 2270/2220/2210
f 413/2204/386 2237/2202/2194 2223/2177/2175
f 2223/2177/2175 2237/2202/2194 2246/2201/2193
f 2296/2245/2235 2297/2247/2237 2281/2548/2522
f 2278/2255/2245 2296/2245/2235 2281/2548/2522
f 2231/2182/2179 2232/2181/2178 2250/2211/2201
f 2231/2182/2179 2249/2213/2203 2248/2279/2269
f 2234/2185/2180 2254/2217/2207 2253/2216/2206
f 2252/2280/2270 2254/2217/2207 2234/2185/2180
f 2232/2181/2178 2253/2216/2206 2250/2211/2201
f 2321/2262/2252 2291/2235/2225 2290/2237/2227
f 2321/2262/2252 2322/2264/2254 2293/2282/2272
f 2225/2187/2182 2226/2189/2184 397/2192/370
f 2240/2283/2273 2249/2213/2203 2251/2214/2204
f 2248/2279/2269 2249/2213/2203 2240/2283/2273
f 2257/2219/2209 2258/2210/2200 2245/2199/2191
f 2245/2199/2191 2258/2210/2200 2256/2284/2274
f 2251/2214/2204 2257/2219/2209 2242/2195/2188
f 2280/2553/2527 2284/2243/2233 2283/2244/2234
f 2280/2553/2527 2283/2244/2234 2276/2233/2223
f 2320/2273/2263 2319/2263/2253 2300/2285/2275
f 2306/2286/2276 2325/2556/2530 2324/2268/2258
f 2302/2248/2238 2324/2268/2258 2320/2273/2263
f 480/2741/440 2235/2190/2185 2236/2278/2268
f 487/2288/447 2331/2287/2277 2330/2355/2340
f 485/2350/444 2332/2289/2278 487/2288/447
f 2334/2303/2289 2335/2292/2281 2255/2218/2208
f 496/2293/451 2337/2291/2280 2336/2290/2279
f 2341/2301/2287 2343/2739/2713 2342/2298/2285
f 2342/2298/2285 2343/2739/2713 504/2299/453
f 2331/2287/2277 2344/2302/2288 2337/2291/2280
f 2466/2300/2286 2343/2739/2713 2341/2301/2287
f 2255/2218/2208 2335/2292/2281 2339/2305/2291
f 2335/2292/2281 2337/2291/2280 2341/2301/2287
f 2334/2303/2289 2336/2290/2279 2335/2292/2281
f 495/2294/458 2336/2290/2279 2334/2303/2289
f 2339/2305/2291 2341/2301/2287 2342/2298/2285
f 2340/2296/2283 2342/2298/2285 2338/2297/2284
f 2344/2302/2288 2341/2301/2287 2337/2291/2280
f 2345/2349/2335 2347/2308/2294 2346/2352/2337
f 2345/2349/2335 2350/2728/2702 2347/2308/2294
f 2353/2310/2296 2355/2312/2298 2354/2344/2330
f 2353/2310/2296 2356/2316/2302 2357/2311/2297
f 2358/4362/4276 2359/2318/2304 2360/2317/2303
f 2364/2313/2299 2362/2785/2748 2361/2314/2300
f 2350/2728/2702 2358/4362/4276 2347/2308/2294
f 2351/2307/2293 2352/2309/2295 2356/2316/2302
f 2361/2314/2300 2362/2785/2748 2360/2317/2303
f 2350/2728/2702 2359/2318/2304 2358/4362/4276
f 2367/2319/2305 2369/2325/2311 2368/2320/2306
f 2372/2322/2308 2369/2325/2311 2370/2323/2309
f 2374/2326/2312 2376/2343/2329 2375/2327/2313
f 2375/2327/2313 2377/2333/2319 2379/2329/2315
f 2379/2329/2315 2380/2433/2407 2378/2435/2409
f 2383/2330/2316 2384/2340/2326 2382/2331/2317
f 2383/2330/2316 2381/2332/2318 2379/2329/2315
f 2391/2334/2320 2390/2338/2324 2387/2335/2321
f 2392/2337/2323 2389/2342/2328 2387/2335/2321
f 2383/2330/2316 2396/2589/2563 2397/2339/2325
f 2395/2341/2327 2396/2589/2563 2383/2330/2316
f 2388/2336/2322 2387/2335/2321 2375/2327/2313
f 2389/2342/2328 2377/2333/2319 2375/2327/2313
f 2354/2344/2330 2379/2329/2315 2378/2435/2409
f 2392/2337/2323 2395/2341/2327 2389/2342/2328
f 2379/2329/2315 2381/2332/2318 2380/2433/2407
f 2392/2337/2323 2390/2338/2324 2385/2345/2331
f 2394/2347/2333 2396/2589/2563 2395/2341/2327
f 2395/2341/2327 2392/2337/2323 2386/2346/2332
f 2345/2349/2335 2346/2352/2337 485/2350/444
f 2348/2353/2338 2331/2287/2277 2332/2289/2278
f 2282/2241/2231 2345/2349/2335 484/2351/2336
f 2330/2355/2340 2337/2291/2280 496/2293/451
f 2355/2312/2298 2373/2328/2314 2354/2344/2330
f 2355/2312/2298 2357/2311/2297 2374/2326/2312
f 2391/2334/2320 2364/2313/2299 2363/2315/2301
f 2353/2310/2296 2354/2344/2330 2348/2353/2338
f 2351/2307/2293 2353/2310/2296 2332/2289/2278
f 2386/2346/2332 2385/2345/2331 2368/2320/2306
f 2372/2322/2308 2394/2347/2333 2393/2348/2334
f 2354/2344/2330 2378/2435/2409 2365/2354/2339
f 2393/2348/2334 2386/2346/2332 2369/2325/2311
f 536/2356/495 2399/2363/2344 2398/2357/2341
f 542/2424/491 2400/2361/2343 541/2360/494
f 2402/2359/2342 2401/2420/2397 541/2360/494
f 540/2362/552 410/2364/385 2295/2253/2243
f 410/2364/385 535/2358/514 2398/2357/2341
f 541/2360/494 2401/2420/2397 2399/2363/2344
f 2405/2375/2352 2406/2373/2350 2404/2372/2349
f 2407/4381/4257 2408/2370/2347 2410/2733/2707
f 2411/2365/2345 2406/2373/2350 2412/2377/2354
f 2411/2365/2345 2412/2377/2354 555/2366/499
f 2413/2369/2346 2415/4382/4289 2414/2371/2348
f 559/2368/502 2415/4382/4289 2413/2369/2346
f 2416/2422/2399 2402/2359/2342 2414/2371/2348
f 2412/2377/2354 2414/2371/2348 2400/2361/2343
f 2404/2372/2349 2411/2365/2345 554/2367/500
f 2409/2376/2353 2410/2733/2707 2413/2369/2346
f 2408/2370/2347 2413/2369/2346 2410/2733/2707
f 2406/2373/2350 2413/2369/2346 2414/2371/2348
f 2406/2373/2350 2409/2376/2353 2413/2369/2346
f 2417/2385/2362 2420/2644/2618 2294/2254/2244
f 2426/2378/2355 2427/2383/2360 2423/2379/2356
f 2428/2381/2358 2425/2729/2703 2424/2382/2359
f 2441/2393/2370 2439/2425/2401 2438/2394/2371
f 2417/2385/2362 2435/2390/2367 2420/2644/2618
f 2429/2384/2361 2432/2396/2373 2417/2385/2362
f 2435/2390/2367 2436/2392/2369 2420/2644/2618
f 2430/2387/2364 2431/2423/2400 2433/2388/2365
f 2429/2384/2361 2430/2387/2364 2434/2389/2366
f 2437/2391/2368 2440/2395/2372 2438/2394/2371
f 2431/2423/2400 2442/2415/2392 2444/2399/2376
f 2444/2399/2376 2447/2411/2388 2446/2397/2374
f 2446/2397/2374 2448/3333/3274 2445/2398/2375
f 2451/2401/2378 2447/2411/2388 2449/2402/2379
f 2450/2400/2377 2452/4352/4266 2451/2401/2378
f 2461/2403/2380 2460/2407/2384 2457/2404/2381
f 2462/2406/2383 2459/2412/2389 2457/2404/2381
f 2451/2401/2378 2464/2410/2387 2463/2408/2385
f 2451/2401/2378 2452/4352/4266 2465/2409/2386
f 2458/2405/2382 2457/2404/2381 2446/2397/2374
f 2459/2412/2389 2448/3333/3274 2446/2397/2374
f 2461/2403/2380 2454/2418/2395 2453/2413/2390
f 2463/2408/2385 2464/2410/2387 2456/2416/2393
f 2458/2405/2382 2463/2408/2385 2461/2403/2380
f 2442/2415/2392 2449/2402/2379 2444/2399/2376
f 2463/2408/2385 2455/2417/2394 2454/2418/2395
f 2399/2363/2344 2418/2386/2363 2417/2385/2362
f 2401/2420/2397 2418/2386/2363 2399/2363/2344
f 2398/2357/2341 2417/2385/2362 2294/2254/2244
f 2402/2359/2342 2421/2421/2398 2419/2419/2396
f 2419/2419/2396 2431/2423/2400 2430/2387/2364
f 2401/2420/2397 2430/2387/2364 2418/2386/2363
f 2419/2419/2396 2421/2421/2398 2442/2415/2392
f 2454/2418/2395 2427/2383/2360 2426/2378/2355
f 2455/2417/2394 2456/2416/2393 2428/2381/2358
f 555/2366/499 2412/2377/2354 2400/2361/2343
f 2433/2388/2365 2444/2399/2376 2445/2398/2375
f 2462/2406/2383 2460/2407/2384 2439/2425/2401
f 581/2427/529 2469/2426/2402 583/2430/2404
f 2344/2302/2288 582/2431/2405 2466/2300/2286
f 2469/2426/2402 2471/2461/2435 2470/2429/2403
f 2469/2426/2402 577/2428/531 582/2431/2405
f 2344/2302/2288 2471/2461/2435 2469/2426/2402
f 583/2430/2404 2468/2432/2406 2467/2743/2716
f 583/2430/2404 2470/2429/2403 2468/2432/2406
f 2380/2433/2407 2475/2444/2418 2472/2434/2408
f 2380/2433/2407 2476/3296/3237 2475/2444/2418
f 2472/2434/2408 2475/2444/2418 2477/2446/2420
f 2477/2446/2420 2479/2440/2414 2478/2732/2706
f 2475/2444/2418 2480/2945/2893 2481/2445/2419
f 2482/2441/2415 2479/2440/2414 2481/2445/2419
f 2484/2443/2417 2485/2941/2889 2483/2731/2705
f 2490/2436/2410 2488/2442/2416 2487/2437/2411
f 2490/2436/2410 2489/2438/2412 2486/2439/2413
f 2479/2440/2414 2486/2439/2413 2478/2732/2706
f 2476/3296/3237 2480/2945/2893 2475/2444/2418
f 2488/2442/2416 2485/2941/2889 2484/2443/2417
f 2442/2415/2392 2496/2458/2432 2443/2414/2391
f 2491/2457/2431 2492/2456/2430 2493/2448/2422
f 2492/2456/2430 2494/2449/2423 2493/2448/2422
f 2496/2458/2432 2495/3395/3336 2443/2414/2391
f 2496/2458/2432 2493/2448/2422 2497/3386/3327
f 2498/2447/2421 2497/3386/3327 2493/2448/2422
f 2502/3392/3333 2503/2460/2434 2501/2459/2433
f 2508/2450/2424 2506/2454/2428 2505/2451/2425
f 2499/2455/2429 2500/2704/2678 2494/2449/2423
f 2504/2453/2427 2498/2447/2421 2494/2449/2423
f 2500/2704/2678 2506/2454/2428 2504/2453/2427
f 2507/2452/2426 2505/2451/2425 2501/2459/2433
f 2500/2704/2678 2504/2453/2427 2494/2449/2423
f 2472/2434/2408 2473/2462/2436 2471/2461/2435
f 2470/2429/2403 2473/2462/2436 2421/2421/2398
f 2365/2354/2339 2472/2434/2408 2471/2461/2435
f 2421/2421/2398 2473/2462/2436 2491/2457/2431
f 2474/2463/2437 2499/2455/2429 2492/2456/2430
f 2365/2354/2339 2378/2435/2409 2472/2434/2408
f 2477/2446/2420 2478/2732/2706 2474/2463/2437
f 2277/2464/2438 2281/2548/2522 2511/2465/2439
f 2279/2232/2222 2569/2468/2442 2280/2553/2527
f 2509/2500/2474 2277/2464/2438 2510/2466/2440
f 2509/2500/2474 2512/2467/2441 2279/2232/2222
f 2517/2481/2455 2518/2549/2523 2519/2551/2525
f 2524/2471/2445 2525/2475/2449 2526/2472/2446
f 2516/2470/2444 2523/2473/2447 2515/2469/2443
f 2519/2551/2525 2528/2476/2450 2527/2477/2451
f 2513/2478/2452 2516/2470/2444 2288/2236/2226
f 2521/2479/2453 2525/2475/2449 2524/2471/2445
f 2524/2471/2445 2516/2470/2444 2513/2478/2452
f 2517/2481/2455 2519/2551/2525 2514/2482/2456
f 2521/2479/2453 2522/2484/2458 2529/2474/2448
f 2514/2482/2456 2527/2477/2451 2529/2474/2448
f 2514/2482/2456 2519/2551/2525 2527/2477/2451
f 2532/2485/2459 2531/2489/2463 2299/2249/2239
f 2534/2495/2469 2535/2492/2466 2536/2491/2465
f 2539/2486/2460 2540/2557/2531 2542/2487/2461
f 2532/2485/2459 2540/2557/2531 2539/2486/2460
f 2542/2487/2461 2545/2558/2532 2544/2490/2464
f 2544/2490/2464 2545/2558/2532 2536/2491/2465
f 2299/2249/2239 2531/2489/2463 2530/2493/2467
f 2533/2494/2468 2535/2492/2466 2534/2495/2469
f 2539/2486/2460 2541/2488/2462 2538/2496/2470
f 2539/2486/2460 2537/2497/2471 2530/2493/2467
f 2538/2496/2470 2541/2488/2462 2544/2490/2464
f 2533/2494/2468 2543/2498/2472 2544/2490/2464
f 2567/2501/2475 2565/2505/2479 2564/2499/2473
f 2564/2499/2473 2565/2505/2479 2512/2467/2441
f 2510/2466/2440 2566/2502/2476 2564/2499/2473
f 2512/2467/2441 2570/2506/2480 2569/2468/2442
f 2567/2501/2475 2573/2508/2482 2565/2505/2479
f 2574/2509/2483 2575/2535/2509 2576/2512/2486
f 2578/2511/2485 2580/2559/2533 2577/2510/2484
f 2578/2511/2485 2567/2501/2475 2566/2502/2476
f 2510/2466/2440 2576/2512/2486 2566/2502/2476
f 2582/2514/2488 2585/2526/2500 2584/2515/2489
f 2584/2515/2489 2586/2524/2498 2583/2517/2491
f 2589/2518/2492 2585/2526/2500 2582/2514/2488
f 2592/2521/2495 2590/2523/2497 2583/2517/2491
f 2597/2525/2499 2596/2528/2502 2584/2515/2489
f 2598/2527/2501 2586/2524/2498 2584/2515/2489
f 2589/2518/2492 2599/2530/2504 2597/2525/2499
f 2589/2518/2492 2588/2520/2494 2600/2529/2503
f 2592/2521/2495 2601/2737/2711 2602/2531/2505
f 2598/2527/2501 2601/2737/2711 2592/2521/2495
f 2602/2531/2505 2603/2744/2717 2595/2532/2506
f 2595/2532/2506 2603/2744/2717 2600/2529/2503
f 2588/2520/2494 2593/2534/2508 2600/2529/2503
f 2521/2479/2453 2569/2468/2442 2571/2507/2481
f 2538/2496/2470 2574/2509/2483 2511/2465/2439
f 2538/2496/2470 2543/2498/2472 2575/2535/2509
f 2553/2536/2510 2582/2514/2488 2581/2516/2490
f 2581/2516/2490 2583/2517/2491 2554/2538/2512
f 2587/2519/2493 2582/2514/2488 2555/2539/2513
f 2557/2541/2515 2588/2520/2494 2587/2519/2493
f 2590/2523/2497 2591/2522/2496 2560/2542/2516
f 2590/2523/2497 2559/2543/2517 2558/2544/2518
f 2562/2545/2519 2594/2533/2507 2595/2532/2506
f 2561/2547/2521 2563/2546/2520 2595/2532/2506
f 2560/2542/2516 2591/2522/2496 2594/2533/2507
f 2583/2517/2491 2558/2544/2518 2554/2538/2512
f 2557/2541/2515 2561/2547/2521 2593/2534/2508
f 2281/2548/2522 2297/2247/2237 2530/2493/2467
f 2530/2493/2467 2537/2497/2471 2511/2465/2439
f 2577/2510/2484 2568/2504/2478 2567/2501/2475
f 2547/2552/2526 2546/2554/2528 2515/2469/2443
f 2523/2473/2447 2526/2472/2446 2553/2536/2510
f 2523/2473/2447 2552/2537/2511 2547/2552/2526
f 2529/2474/2448 2556/2540/2514 2555/2539/2513
f 2528/2476/2450 2556/2540/2514 2529/2474/2448
f 2597/2525/2499 2572/2503/2477 2568/2504/2478
f 2597/2525/2499 2599/2530/2504 2572/2503/2477
f 2569/2468/2442 2520/2480/2454 2513/2478/2452
f 2547/2552/2526 2532/2485/2459 2300/2285/2275
f 2534/2495/2469 2536/2491/2465 2549/2555/2529
f 2540/2557/2531 2552/2537/2511 2554/2538/2512
f 2547/2552/2526 2552/2537/2511 2540/2557/2531
f 2558/2544/2518 2559/2543/2517 2545/2558/2532
f 2545/2558/2532 2559/2543/2517 2549/2555/2529
f 2542/2487/2461 2554/2538/2512 2558/2544/2518
f 2598/2527/2501 2596/2528/2502 2577/2510/2484
f 2580/2559/2533 2601/2737/2711 2598/2527/2501
f 2577/2510/2484 2596/2528/2502 2568/2504/2478
f 2349/2306/2292 2571/2507/2481 2604/2560/2534
f 2609/2561/2535 2363/2315/2301 2361/2314/2300
f 2605/2599/2573 2610/2570/2544 2606/2569/2543
f 2613/2563/2537 2614/3035/2976 2616/2564/2538
f 2613/2563/2537 2615/2565/2539 2609/2561/2535
f 2607/2566/2540 2608/2562/2536 2361/2314/2300
f 2612/2567/2541 2614/3035/2976 2613/2563/2537
f 2613/2563/2537 2608/2562/2536 2607/2566/2540
f 2610/2570/2544 2611/2568/2542 2607/2566/2540
f 2368/2320/2306 2619/2580/2554 2618/2571/2545
f 2621/2573/2547 2623/2586/2560 2622/2574/2548
f 2627/2576/2550 2628/2584/2558 2626/2577/2551
f 2627/2576/2550 2625/2578/2552 2624/2579/2553
f 2630/2581/2555 2628/2584/2558 2632/2582/2556
f 2629/2585/2559 2631/2583/2557 2632/2582/2556
f 2619/2580/2554 2624/2579/2553 2618/2571/2545
f 2622/2574/2548 2623/2586/2560 2636/2588/2562
f 2635/2624/2598 2634/2594/2568 2633/2625/2599
f 2637/2590/2564 2639/2593/2567 2641/2591/2565
f 2646/2595/2569 2645/2598/2572 2644/2596/2570
f 2638/2592/2566 2641/2591/2565 2646/2595/2569
f 2635/2624/2598 2639/2593/2567 2634/2594/2568
f 2642/2587/2561 2645/2598/2572 2636/2588/2562
f 2572/2503/2477 2648/2623/2597 2573/2508/2482
f 2655/2616/2590 2654/2602/2576 2648/2623/2597
f 2657/2604/2578 2660/2611/2585 2659/2605/2579
f 2659/2605/2579 2661/2609/2583 2658/2607/2581
f 2666/2610/2584 2665/2613/2587 2659/2605/2579
f 2667/2612/2586 2661/2609/2583 2659/2605/2579
f 2662/2608/2582 2669/2740/2714 2670/2614/2588
f 2667/2612/2586 2669/2740/2714 2662/2608/2582
f 2655/2616/2590 2668/2618/2592 2664/2617/2591
f 2667/2612/2586 2665/2613/2587 2664/2617/2591
f 2668/2618/2592 2669/2740/2714 2667/2612/2586
f 2610/2570/2544 2649/2619/2593 2611/2568/2542
f 2640/2620/2594 2657/2604/2578 2656/2606/2580
f 2656/2606/2580 2658/2607/2581 2641/2591/2565
f 2662/2608/2582 2663/2615/2589 2647/2621/2595
f 2662/2608/2582 2645/2598/2572 2646/2595/2569
f 2658/2607/2581 2646/2595/2569 2641/2591/2565
f 2615/2565/2539 2616/2564/2538 2640/2620/2594
f 2609/2561/2535 2639/2593/2567 2635/2624/2598
f 2664/2617/2591 2652/2600/2574 2654/2602/2576
f 2664/2617/2591 2665/2613/2587 2652/2600/2574
f 2634/2594/2568 2619/2580/2554 2368/2320/2306
f 2627/2576/2550 2637/2590/2564 2638/2592/2566
f 2634/2594/2568 2637/2590/2564 2627/2576/2550
f 2643/2597/2571 2644/2596/2570 2632/2582/2556
f 2632/2582/2556 2644/2596/2570 2642/2587/2561
f 2628/2584/2558 2638/2592/2566 2643/2597/2571
f 2629/2585/2559 2642/2587/2561 2623/2586/2560
f 2654/2602/2576 2651/2601/2575 2573/2508/2482
f 2651/2601/2575 2650/2603/2577 2565/2505/2479
f 2565/2505/2479 2650/2603/2577 2570/2506/2480
f 2671/2626/2600 2294/2254/2244 2575/2535/2509
f 2674/2628/2602 2677/2642/2616 2426/2378/2355
f 2682/2630/2604 2687/2639/2613 2686/2631/2605
f 2686/2631/2605 2677/2642/2616 2680/2633/2607
f 2678/2634/2608 2679/2656/2630 2676/2635/2609
f 2684/2637/2611 2685/2641/2615 2689/2638/2612
f 2683/2640/2614 2688/2643/2617 2689/2638/2612
f 2676/2635/2609 2679/2656/2630 2688/2643/2617
f 2693/2646/2620 2692/2650/2624 2438/2394/2371
f 2690/2645/2619 2722/2652/2626 2672/2627/2601
f 2696/2647/2621 2697/2688/2662 2699/2648/2622
f 2693/2646/2620 2697/2688/2662 2696/2647/2621
f 2420/2644/2618 2436/2392/2369 2691/2651/2625
f 2691/2651/2625 2694/2654/2628 2722/2652/2626
f 2438/2394/2371 2692/2650/2624 2691/2651/2625
f 2696/2647/2621 2698/2649/2623 2695/2653/2627
f 2696/2647/2621 2694/2654/2628 2691/2651/2625
f 2703/2657/2631 2460/2407/2384 2700/2658/2632
f 2706/2660/2634 2707/2668/2642 2711/2661/2635
f 2706/2660/2634 2710/2662/2636 2703/2657/2631
f 2678/2634/2608 2704/2700/2674 2702/2655/2629
f 2709/2664/2638 2713/2667/2641 2714/2665/2639
f 2707/2668/2642 2708/2666/2640 2714/2665/2639
f 2702/2655/2629 2713/2667/2641 2688/2643/2617
f 2575/2535/2509 2672/2627/2601 2576/2512/2486
f 2716/2669/2643 2717/2670/2644 2580/2559/2533
f 2579/2513/2487 2716/2669/2643 2578/2511/2485
f 2580/2559/2533 2719/2671/2645 2718/2736/2710
f 2719/2671/2645 2720/2738/2712 2718/2736/2710
f 2721/4383/4290 2719/2671/2645 2717/2670/2644
f 2724/2689/2663 2717/2670/2644 2716/2669/2643
f 2726/2672/2646 2729/2677/2651 2728/2673/2647
f 2728/2673/2647 2730/3609/3550 2727/2675/2649
f 2731/2680/2654 2729/2677/2651 2726/2672/2646
f 2733/2683/2657 2721/4383/4290 2717/2670/2644
f 2733/2683/2657 2777/2684/2658 2721/4383/4290
f 2735/2676/2650 2734/2679/2653 2728/2673/2647
f 2736/2678/2652 2730/3609/3550 2728/2673/2647
f 2731/2680/2654 2737/2682/2656 2735/2676/2650
f 2731/2680/2654 2732/4353/4267 2738/2681/2655
f 2735/2676/2650 2737/2682/2656 2777/2684/2658
f 2694/2654/2628 2723/2685/2659 2722/2652/2626
f 2711/2661/2635 2726/2672/2646 2725/2674/2648
f 2725/2674/2648 2727/2675/2649 2712/2686/2660
f 2731/2680/2654 2726/2672/2646 2714/2665/2639
f 2715/2687/2661 2732/4353/4267 2731/2680/2654
f 2672/2627/2601 2722/2652/2626 2576/2512/2486
f 2701/2659/2633 2700/2658/2632 2426/2378/2355
f 2686/2631/2605 2687/2639/2613 2707/2668/2642
f 2686/2631/2605 2706/2660/2634 2705/2663/2637
f 2689/2638/2612 2709/2664/2638 2708/2666/2640
f 2688/2643/2617 2709/2664/2638 2689/2638/2612
f 2677/2642/2616 2705/2663/2637 2701/2659/2633
f 2703/2657/2631 2693/2646/2620 2439/2425/2401
f 2697/2688/2662 2710/2662/2636 2712/2686/2660
f 2703/2657/2631 2710/2662/2636 2697/2688/2662
f 2736/2678/2652 2734/2679/2653 2724/2689/2663
f 2724/2689/2663 2734/2679/2653 2733/2683/2657
f 2741/4384/4291 2742/2691/2665 2740/2730/2704
f 2744/2690/2664 2489/2438/2412 2487/2437/2411
f 2749/2692/2666 2751/2696/2670 2752/2693/2667
f 2745/2697/2671 2742/2691/2665 2741/4384/4291
f 2744/2690/2664 2748/2713/2687 2743/2712/2686
f 2749/2692/2666 2750/2694/2668 2744/2690/2664
f 2742/2691/2665 2487/2437/2411 2740/2730/2704
f 2746/2695/2669 2747/4363/4277 2751/2696/2670
f 2744/2690/2664 2750/2694/2668 2748/2713/2687
f 2745/2697/2671 2749/2692/2666 2742/2691/2665
f 2756/2701/2675 2755/2703/2677 2753/2698/2672
f 2762/2702/2676 2758/2708/2682 2763/2726/2700
f 2756/2701/2675 2758/2708/2682 2762/2702/2676
f 2757/2720/2694 2758/2708/2682 2499/2455/2429
f 2756/2701/2675 2506/2454/2428 2500/2704/2678
f 2755/2703/2677 2754/2699/2673 2753/2698/2672
f 2755/2703/2677 2762/2702/2676 2760/2705/2679
f 2767/2717/2691 2766/2709/2683 2765/2710/2684
f 2769/2714/2688 2770/2718/2692 2768/2711/2685
f 2772/2716/2690 2773/3237/3178 2766/2709/2683
f 2768/2711/2685 2772/2716/2690 2767/2717/2691
f 2766/2709/2683 2773/3237/3178 2771/2715/2689
f 2775/2719/2693 2774/2725/2699 2757/2720/2694
f 2775/2719/2693 2776/2724/2698 2774/2725/2699
f 2777/2684/2658 2780/2723/2697 2765/2710/2684
f 2752/2693/2667 2769/2714/2688 2748/2713/2687
f 2757/2720/2694 2774/2725/2699 2758/2708/2682
f 2739/2727/2701 2757/2720/2694 2499/2455/2429
f 2777/2684/2658 2719/2671/2645 2721/4383/4290
f 2764/2721/2695 2757/2720/2694 2739/2727/2701
f 2778/2722/2696 2767/2717/2691 2765/2710/2684
f 2768/2711/2685 2764/2721/2695 2739/2727/2701
f 2766/2709/2683 2771/2715/2689 2719/2671/2645
f 2221/2234/2224 2509/2500/2474 2279/2232/2222
f 2515/2469/2443 2290/2237/2227 2288/2236/2226
f 2292/2238/2228 2293/2282/2272 2518/2549/2523
f 2292/2238/2228 2517/2481/2455 2287/2483/2457
f 2304/2256/2246 2534/2495/2469 2305/2252/2242
f 2306/2286/2276 2534/2495/2469 2325/2556/2530
f 2546/2554/2528 2319/2263/2253 2290/2237/2227
f 2293/2282/2272 2322/2264/2254 2518/2549/2523
f 2350/2728/2702 2605/2599/2573 2606/2569/2543
f 2350/2728/2702 2606/2569/2543 2359/2318/2304
f 2620/2575/2549 2622/2574/2548 2372/2322/2308
f 2635/2624/2598 2633/2625/2599 2385/2345/2331
f 2394/2347/2333 2622/2574/2548 2396/2589/2563
f 2635/2624/2598 2390/2338/2324 2363/2315/2301
f 2420/2644/2618 2672/2627/2601 2294/2254/2244
f 2428/2381/2358 2678/2634/2608 2675/2636/2610
f 2456/2416/2393 2464/2410/2387 2704/2700/2674
f 2700/2658/2632 2453/2413/2390 2426/2378/2355
f 2428/2381/2358 2456/2416/2393 2678/2634/2608
f 2744/2690/2664 2743/2712/2686 2478/2732/2706
f 2489/2438/2412 2744/2690/2664 2486/2439/2413
f 2501/2459/2433 2753/2698/2672 2704/2700/2674
f 2506/2454/2428 2753/2698/2672 2505/2451/2425
f 2243/2205/2196 540/2362/552 2247/2203/2195
f 2259/2209/2199 2405/2375/2352 2404/2372/2349
f 2404/2372/2349 2403/2374/2351 2256/2284/2274
f 2262/2221/2211 2263/2223/2213 2410/2733/2707
f 2260/2295/2282 2407/4381/4257 2410/2733/2707
f 2262/2221/2211 2409/2376/2353 2405/2375/2352
f 2422/2380/2357 2423/2379/2356 2326/2267/2257
f 2425/2729/2703 2329/2742/2715 2328/2270/2260
f 2423/2379/2356 2424/2382/2359 2328/2270/2260
f 2303/2251/2241 2671/2626/2600 2533/2494/2468
f 2549/2555/2529 2674/2628/2602 2673/2629/2603
f 2560/2542/2516 2682/2630/2604 2681/2632/2606
f 2681/2632/2606 2680/2633/2607 2549/2555/2529
f 2675/2636/2610 2676/2635/2609 2551/2734/2708
f 2562/2545/2519 2563/2546/2520 2685/2641/2615
f 2551/2734/2708 2683/2640/2614 2685/2641/2615
f 2562/2545/2519 2684/2637/2611 2682/2630/2604
f 2680/2633/2607 2674/2628/2602 2549/2555/2529
f 2551/2734/2708 2676/2635/2609 2683/2640/2614
f 2720/2738/2712 2603/2744/2717 2602/2531/2505
f 2580/2559/2533 2718/2736/2710 2601/2737/2711
f 2543/2498/2472 2671/2626/2600 2575/2535/2509
f 2719/2671/2645 2648/2623/2597 2653/2622/2596
f 2636/2588/2562 2741/4384/4291 2740/2730/2704
f 2647/2621/2595 2747/4363/4277 2746/2695/2669
f 2746/2695/2669 2745/2697/2671 2645/2598/2572
f 2745/2697/2671 2741/4384/4291 2636/2588/2562
f 2668/2618/2592 2771/2715/2689 2669/2740/2714
f 399/2193/371 2228/2191/2186 2235/2190/2185
f 2334/2303/2289 2254/2217/2207 2252/2280/2270
f 2261/2224/2214 2339/2305/2291 2340/2296/2283
f 2260/2295/2282 2263/2223/2213 2340/2296/2283
f 2255/2218/2208 2339/2305/2291 2261/2224/2214
f 2287/2483/2457 2349/2306/2292 2286/2240/2230
f 2323/2275/2265 2367/2319/2305 2366/2321/2307
f 2371/2324/2310 2370/2323/2309 2327/2272/2262
f 2327/2272/2262 2370/2323/2309 2367/2319/2305
f 2468/2432/2406 2415/4382/4289 559/2368/502
f 2468/2432/2406 2414/2371/2348 2415/4382/4289
f 2465/2409/2386 2502/3392/3333 2501/2459/2433
f 2514/2482/2456 2522/2484/2458 2571/2507/2481
f 2617/2572/2546 2618/2571/2545 2548/2550/2524
f 2551/2734/2708 2621/2573/2547 2620/2575/2549
f 2625/2578/2552 2626/2577/2551 2557/2541/2515
f 2625/2578/2552 2556/2540/2514 2528/2476/2450
f 2561/2547/2521 2630/2581/2555 2631/2583/2557
f 2551/2734/2708 2563/2546/2520 2631/2583/2557
f 2626/2577/2551 2630/2581/2555 2561/2547/2521
f 2624/2579/2553 2528/2476/2450 2548/2550/2524
f 2599/2530/2504 2653/2622/2596 2572/2503/2477
f 2704/2700/2674 2754/2699/2673 2702/2655/2629
f 2760/2705/2679 2761/2706/2680 2715/2687/2661
f 2759/2707/2681 2713/2667/2641 2702/2655/2629
f 2737/2682/2656 2779/2745/2718 2777/2684/2658
f 2720/2738/2712 2653/2622/2596 2603/2744/2717
f 2366/2321/2307 2617/2572/2546 2518/2549/2523
f 2550/2735/2709 2620/2575/2549 2371/2324/2310
f 2325/2556/2530 2673/2629/2603 2422/2380/2357
f 2425/2729/2703 2675/2636/2610 2550/2735/2709
f 2396/2589/2563 2740/2730/2704 2483/2731/2705
f 2781/2746/2719 2782/2757/2723 956/2747/920
f 2787/2749/2720 2783/2756/2722 958/2750/912
f 2785/2752/2721 2786/2827/2790 964/2753/917
f 2784/2828/2791 2788/2825/2788 960/2755/916
f 2781/2746/2719 960/2755/916 2788/2825/2788
f 2785/2752/2721 963/2754/919 958/2750/912
f 2782/2757/2723 2787/2749/2720 953/2751/911
f 2790/2758/2724 2791/2780/2743 2789/2781/2744
f 2790/2758/2724 2789/2781/2744 974/2759/922
f 2793/2761/2726 2794/2773/2736 2796/2762/2727
f 2792/2764/2729 2794/2773/2736 2793/2761/2726
f 2798/2777/2740 2791/2780/2743 2799/2767/2730
f 984/2766/929 2798/2777/2740 2799/2767/2730
f 2801/2769/2732 2802/3297/3238 2799/2767/2730
f 2799/2767/2730 2802/3297/3238 2800/2770/2733
f 2789/2781/2744 2805/2779/2742 2788/2825/2788
f 2794/2773/2736 2803/2772/2735 2796/2762/2727
f 2806/2775/2738 2802/3297/3238 2801/2769/2732
f 2796/2762/2727 2801/2769/2732 2795/2763/2728
f 2803/2772/2735 2807/2776/2739 2806/2775/2738
f 2790/2758/2724 2793/2761/2726 2795/2763/2728
f 980/2765/941 2793/2761/2726 2790/2758/2724
f 2789/2781/2744 2798/2777/2740 2805/2779/2742
f 2803/2772/2735 2806/2775/2738 2801/2769/2732
f 2356/2316/2302 2826/2783/2746 2357/2311/2297
f 2360/2317/2303 2811/3037/2978 2812/3289/3230
f 2364/2313/2299 2814/2826/2789 2813/2784/2747
f 2813/2784/2747 2811/3037/2978 2360/2317/2303
f 2815/2786/2749 2809/2791/2754 2816/2787/2750
f 2819/2788/2751 2820/3042/2983 2906/2789/2752
f 2818/2790/2753 2906/2789/2752 2816/2787/2750
f 2824/2792/2755 2376/2343/2329 2374/2326/2312
f 2823/2793/2756 2825/2797/2760 2824/2792/2755
f 2382/2331/2317 2829/2803/2766 2830/2795/2758
f 2827/2794/2757 2828/2796/2759 2830/2795/2758
f 2827/2794/2757 2810/2782/2745 2831/2830/2793
f 2832/2798/2761 2835/2801/2764 2834/2799/2762
f 2832/2798/2761 2833/2805/2768 2836/2800/2763
f 2836/2800/2763 2838/2807/2770 2837/2808/2771
f 2840/2802/2765 2841/2810/2773 2830/2795/2758
f 2830/2795/2758 2841/2810/2773 2839/2804/2767
f 2824/2792/2755 2832/2798/2761 2388/2336/2322
f 2824/2792/2755 2825/2797/2760 2833/2805/2768
f 2833/2805/2768 2839/2804/2767 2836/2800/2763
f 2826/2783/2746 2827/2794/2757 2823/2793/2756
f 2843/2809/2772 2842/2806/2769 2839/2804/2767
f 2839/2804/2767 2842/2806/2769 2836/2800/2763
f 2847/2813/2776 2848/2820/2783 2808/2774/2737
f 2851/2816/2779 2853/2818/2781 2852/2817/2780
f 2856/2821/2784 2858/3288/3229 2857/2819/2782
f 2857/2819/2782 2858/3288/3229 2848/2820/2783
f 2851/2816/2779 2845/2811/2774 2846/2812/2775
f 2854/2823/2786 2850/2814/2777 2838/2807/2770
f 2847/2813/2776 2807/2776/2739 2845/2811/2774
f 2857/2819/2782 2851/2816/2779 2850/2814/2777
f 2857/2819/2782 2847/2813/2776 2851/2816/2779
f 2850/2814/2777 2852/2817/2780 2849/2815/2778
f 2781/2746/2719 2815/2786/2749 2782/2757/2723
f 2781/2746/2719 2788/2825/2788 2817/2824/2787
f 2805/2779/2742 2844/2829/2792 2817/2824/2787
f 2804/2771/2734 2845/2811/2774 2803/2772/2735
f 2826/2783/2746 2823/2793/2756 2374/2326/2312
f 2834/2799/2762 2835/2801/2764 2814/2826/2789
f 974/2759/922 2789/2781/2744 2784/2828/2791
f 2786/2827/2790 2794/2773/2736 2792/2764/2729
f 2352/2309/2295 2815/2786/2749 2817/2824/2787
f 2809/2791/2754 2812/3289/3230 2818/2790/2753
f 2817/2824/2787 2844/2829/2792 2810/2782/2745
f 2855/2822/2785 2854/2823/2786 2842/2806/2769
f 2842/2806/2769 2854/2823/2786 2838/2807/2770
f 2785/2752/2721 2861/2833/2796 2862/2831/2794
f 2863/2832/2795 2864/2918/2872 2862/2831/2794
f 1023/2834/975 2864/2918/2872 2863/2832/2795
f 2859/2837/2798 2861/2833/2796 2785/2752/2721
f 2859/2837/2798 2860/2838/2799 2863/2832/2795
f 1017/2839/979 1022/2835/976 2863/2832/2795
f 1026/2840/1011 2866/2921/2875 2867/2841/2800
f 2868/2885/2839 2870/2843/2801 991/2845/951
f 1024/2842/978 2867/2841/2800 2868/2885/2839
f 2880/2849/2806 2890/2860/2817 2891/2850/2807
f 2889/2859/2816 2881/2851/2808 2891/2850/2807
f 2872/2852/2809 2883/2915/2869 2882/2853/2810
f 2885/2855/2812 2884/2916/2870 2872/2852/2809
f 2875/2857/2814 2886/2861/2818 2885/2855/2812
f 2876/2848/2805 2887/2847/2804 2877/3298/3239
f 2884/2916/2870 2883/2915/2869 2872/2852/2809
f 2877/3298/3239 2887/2847/2804 2880/2849/2806
f 2879/2858/2815 2889/2859/2816 2886/2861/2818
f 2893/2862/2819 2895/2871/2827 2894/2863/2820
f 2893/2862/2819 2892/2864/2821 1048/2865/998
f 2894/2863/2820 2895/2871/2827 2899/2873/2828
f 2870/2843/2801 2902/2912/2866 2901/2867/2823
f 2902/2912/2866 2903/2870/2826 2901/2867/2823
f 2903/2870/2826 2900/3299/3240 2897/2868/2824
f 2893/2862/2819 2896/2869/2825 2897/2868/2824
f 1052/2872/1004 2896/2869/2825 2893/2862/2819
f 2897/2868/2824 2900/3299/3240 2899/2873/2828
f 2899/2873/2828 2900/3299/3240 1056/2874/1006
f 2866/2921/2875 2816/2787/2750 2904/2883/2837
f 2907/2876/2830 2908/3124/3065 2905/2877/2831
f 2911/2878/2832 2910/2882/2836 2909/2879/2833
f 2911/2878/2832 2913/2920/2874 2912/2881/2835
f 2816/2787/2750 2906/2789/2752 2905/2877/2831
f 2909/2879/2833 2910/2882/2836 2907/2876/2830
f 2912/2881/2835 2908/3124/3065 2907/2876/2830
f 2914/3127/3068 2935/2913/2867 2870/2843/2801
f 2904/2883/2837 2915/3183/3124 2916/2884/2838
f 2914/3127/3068 2917/3182/3123 2935/2913/2867
f 2888/2846/2803 2922/2892/2846 2923/2886/2840
f 2925/2887/2841 2926/2895/2849 2891/2850/2807
f 2891/2850/2807 2926/2895/2849 2924/2901/2855
f 2929/2890/2844 2930/2897/2851 2932/2896/2850
f 2926/2895/2849 2934/2894/2848 2932/2896/2850
f 2927/2889/2843 2846/2812/2775 2918/2898/2852
f 2920/2900/2854 2929/2890/2844 2927/2889/2843
f 2920/2900/2854 2921/2917/2871 2930/2897/2851
f 2923/2886/2840 2925/2887/2841 2890/2860/2817
f 2927/2889/2843 2931/2891/2845 2928/2888/2842
f 2933/2893/2847 2934/2894/2848 2925/2887/2841
f 2921/2917/2871 2924/2901/2855 2930/2897/2851
f 2938/2902/2856 2939/2914/2868 2937/2903/2857
f 2944/2908/2862 2939/2914/2868 2938/2902/2856
f 2942/2905/2859 2946/3143/3084 2945/2910/2864
f 2940/2906/2860 3016/2911/2865 2935/2913/2867
f 2940/2906/2860 2945/2910/2864 3016/2911/2865
f 2942/2905/2859 2941/2907/2861 2937/2903/2857
f 2944/2908/2862 2946/3143/3084 2942/2905/2859
f 2866/2921/2875 2904/2883/2837 2867/2841/2800
f 2868/2885/2839 2914/3127/3068 2870/2843/2801
f 2883/2915/2869 2919/2899/2853 2918/2898/2852
f 2920/2900/2854 2919/2899/2853 2884/2916/2870
f 2886/2861/2818 2921/2917/2871 2920/2900/2854
f 2889/2859/2816 2924/2901/2855 2921/2917/2871
f 2786/2827/2790 2862/2831/2794 2872/2852/2809
f 2864/2918/2872 2874/2856/2813 2872/2852/2809
f 2873/2919/2873 2874/2856/2813 2864/2918/2872
f 2928/2888/2842 2911/2878/2832 2822/2880/2834
f 2931/2891/2845 2929/2890/2844 2913/2920/2874
f 2928/2888/2842 2931/2891/2845 2911/2878/2832
f 2869/2844/2802 2896/2869/2825 1052/2872/1004
f 2901/2867/2823 2896/2869/2825 2869/2844/2802
f 2917/3182/3123 2941/2907/2861 2940/2906/2860
f 2917/3182/3123 2940/2906/2860 2935/2913/2867
f 1017/2839/979 2860/2838/2799 2866/2921/2875
f 2860/2838/2799 2865/2836/2797 2866/2921/2875
f 2892/2864/2821 2894/2863/2820 2875/2857/2814
f 2892/2864/2821 2874/2856/2813 2873/2919/2873
f 2879/2858/2815 2894/2863/2820 2899/2873/2828
f 2878/2922/2876 2881/2851/2808 2899/2873/2828
f 2905/2877/2831 2908/3124/3065 2915/3183/3124
f 2904/2883/2837 2905/2877/2831 2915/3183/3124
f 2932/2896/2850 2938/2902/2856 2936/2904/2858
f 2943/2909/2863 2938/2902/2856 2932/2896/2850
f 2949/2923/2877 1091/2938/1044 1090/2924/2878
f 1099/2929/1036 2952/3301/3242 2951/2930/2882
f 2949/2923/2877 2952/3301/3242 1099/2929/1036
f 2947/2778/2741 1088/2937/2886 2805/2779/2742
f 1094/2935/1033 2953/2934/2884 1093/2926/2880
f 1093/2926/2880 2953/2934/2884 2950/2927/2881
f 1088/2937/2886 1092/2928/1042 2950/2927/2881
f 2950/2927/2881 2954/2936/2885 2805/2779/2742
f 1096/2931/1037 2951/2930/2882 1094/2935/1033
f 2480/2945/2893 2957/2939/2887 2481/2445/2419
f 2959/3290/3231 2482/2441/2415 2957/2939/2887
f 2490/2436/2410 2963/4385/4292 2962/2942/2890
f 2961/3291/3232 2963/4385/4292 2490/2436/2410
f 2959/3290/3231 2961/3291/3232 2482/2441/2415
f 2476/3296/3237 2956/2944/2892 2480/2945/2893
f 2488/2442/2416 2962/2942/2890 2960/2940/2888
f 2956/2944/2892 2958/2943/2891 2480/2945/2893
f 2970/2946/2894 2972/2967/2915 2971/2947/2895
f 2971/2947/2895 2973/2952/2900 2969/2948/2896
f 2971/2947/2895 2972/2967/2915 2976/2949/2897
f 2971/2947/2895 2975/2950/2898 2977/2951/2899
f 2974/2968/2916 2978/2955/2903 2979/2954/2902
f 2980/2953/2901 2981/3840/3781 2979/2954/2902
f 2987/2956/2904 2988/2969/2917 2986/2957/2905
f 2994/2960/2908 2992/2964/2912 2991/2961/2909
f 2994/2960/2908 2990/2966/2914 2989/2963/2911
f 2973/2952/2900 2977/2951/2899 2984/2959/2907
f 2990/2966/2914 2981/3840/3781 2980/2953/2901
f 2984/2959/2907 2985/2958/2906 2982/2965/2913
f 2970/2946/2894 2974/2968/2916 2972/2967/2915
f 2993/2962/2910 2991/2961/2909 2986/2957/2905
f 2973/2952/2900 2984/2959/2907 2982/2965/2913
f 2953/2934/2884 2964/2970/2918 2954/2936/2885
f 2966/2972/2920 2964/2970/2918 2955/2933/2883
f 2964/2970/2918 2970/2946/2894 2969/2948/2896
f 2969/2948/2896 2982/2965/2913 2965/2971/2919
f 2954/2936/2885 2964/2970/2918 2957/2939/2887
f 2965/2971/2919 2959/3290/3231 2957/2939/2887
f 2844/2829/2792 2954/2936/2885 2958/2943/2891
f 2878/2922/2876 2997/2980/2927 2999/2984/2931
f 2996/2974/2922 3000/2978/2926 3002/2975/2923
f 3003/2977/2925 3004/2983/2930 3002/2975/2923
f 1134/2979/1086 3004/2983/2930 3003/2977/2925
f 3006/2982/2929 3001/2976/2924 3002/2975/2923
f 2996/2974/2922 2995/2973/2921 3000/2978/2926
f 2999/2984/2931 3003/2977/2925 3000/2978/2926
f 2997/2980/2927 3003/2977/2925 2999/2984/2931
f 1140/2986/1083 3006/2982/2929 1136/3031/1085
f 1141/2990/1082 3007/2988/2933 1138/2989/1081
f 1140/2986/1083 3008/3027/2969 3005/2981/2928
f 2902/2912/2866 1135/2991/1002 1139/2987/1101
f 3007/2988/2933 3008/3027/2969 1140/2986/1083
f 3013/2992/2934 3014/2996/2938 3011/2993/2935
f 3015/2995/2937 3012/3295/3236 3011/2993/2935
f 3016/2911/2865 3019/3257/3198 3017/3026/2968
f 3023/2997/2939 3025/3008/2950 3024/2998/2940
f 3028/3000/2942 3025/3008/2950 3023/2997/2939
f 3027/3002/2944 3029/3884/3825 3028/3000/2942
f 3035/3005/2947 3036/3009/2951 3038/3007/2949
f 3028/3000/2942 3035/3005/2947 3033/3004/2946
f 3028/3000/2942 3029/3884/3825 3036/3009/2951
f 3034/3003/2945 3031/3011/2953 3030/3029/2971
f 3022/3012/2954 3026/3001/2943 3023/2997/2939
f 3020/3013/2955 3022/3012/2954 3021/2999/2941
f 3033/3004/2946 3037/3006/2948 3034/3003/2945
f 3034/3003/2945 3037/3006/2948 3031/3011/2953
f 3039/3014/2956 3042/3023/2965 3041/3015/2957
f 3047/3016/2958 3048/3024/2966 3046/3017/2959
f 3019/3257/3198 3044/3020/2962 3017/3026/2968
f 3017/3026/2968 3043/3025/2967 3040/3022/2964
f 3019/3257/3198 3049/3021/2963 3044/3020/2962
f 3050/3019/2961 3049/3021/2963 3046/3017/2959
f 3009/3028/2970 2966/2972/2920 3005/2981/2928
f 3017/3026/2968 3018/3030/2972 3007/2988/2933
f 3007/2988/2933 3018/3030/2972 3008/3027/2969
f 3016/2911/2865 3017/3026/2968 1141/2990/1082
f 3031/3011/2953 3014/2996/2938 3013/2992/2934
f 3031/3011/2953 3032/3010/2952 3015/2995/2937
f 3009/3028/2970 3008/3027/2969 3039/3014/2956
f 3008/3027/2969 3018/3030/2972 3040/3022/2964
f 3006/2982/2929 3004/2983/2930 1134/2979/1086
f 3022/3012/2954 3041/3015/2957 3027/3002/2944
f 3038/3007/2949 3047/3016/2958 3045/3018/2960
f 2813/2784/2747 2814/2826/2789 3055/3032/2973
f 3052/3039/2980 3057/3040/2981 3053/3083/3024
f 3058/3034/2975 3059/3111/3052 2616/2564/2538
f 3055/3032/2973 3059/3111/3052 3058/3034/2975
f 2813/2784/2747 3054/3033/2974 3051/3036/2977
f 2612/2567/2541 3056/3038/2979 3058/3034/2975
f 3051/3036/2977 3054/3033/2974 3058/3034/2975
f 3051/3036/2977 3056/3038/2979 3057/3040/2981
f 3105/3048/2989 3063/3049/2990 3060/3041/2982
f 3053/3083/3024 3105/3048/2989 2818/2790/2753
f 3062/3045/2986 3064/3047/2988 3061/3043/2984
f 3060/3041/2982 3062/3045/2986 2821/3044/2985
f 3065/3046/2987 3062/3045/2986 3060/3041/2982
f 3071/3064/3005 3078/3050/2991 3082/3052/2993
f 3067/3112/3053 3068/3063/3004 3066/3062/3003
f 3069/3053/2994 3071/3064/3005 3070/3054/2995
f 3076/3055/2996 3077/3061/3002 3074/3056/2997
f 3079/3059/3000 3083/3113/3054 3084/3051/2992
f 3078/3050/2991 3081/3060/3001 3084/3051/2992
f 3077/3061/3002 3083/3113/3054 3079/3059/3000
f 3075/3058/2999 3072/3057/2998 3066/3062/3003
f 3088/3065/3006 3087/3069/3010 2852/2817/2780
f 3089/3076/3017 3071/3064/3005 3090/3074/3015
f 3091/3077/3018 3090/3074/3015 3092/3073/3014
f 3082/3052/2993 3098/3071/3012 3090/3074/3015
f 3087/3069/3010 3086/3080/3021 3085/3075/3016
f 3093/3078/3019 3095/3066/3007 3096/3068/3009
f 3087/3069/3010 3095/3066/3007 3093/3078/3019
f 3096/3068/3009 3101/3072/3013 3100/3070/3011
f 3100/3070/3011 3101/3072/3013 3098/3071/3012
f 2652/2600/2574 3104/3096/3037 3103/3084/3025
f 2651/2601/2575 3103/3084/3025 2650/2603/2577
f 2649/2619/2593 2610/2570/2544 3102/3082/3023
f 3107/3085/3026 3109/3181/3122 3108/3086/3027
f 3112/3088/3029 2660/2611/2585 2657/2604/2578
f 3111/3090/3031 3113/3092/3033 3112/3088/3029
f 3118/3097/3038 3119/3114/3055 3104/3096/3037
f 3112/3088/3029 3116/3094/3035 2666/2610/2584
f 3112/3088/3029 3113/3092/3033 3117/3093/3034
f 2670/2614/2588 3120/3098/3039 3115/3091/3032
f 3115/3091/3032 3120/3098/3039 3117/3093/3034
f 3117/3093/3034 3118/3097/3038 3104/3096/3037
f 3123/3099/3040 3124/3103/3044 3122/3100/3041
f 3126/3102/3043 3125/3110/3051 3122/3100/3041
f 3130/3106/3047 3131/3303/3244 3129/3104/3045
f 3129/3104/3045 3124/3103/3044 3123/3099/3040
f 3129/3104/3045 3131/3303/3244 3126/3102/3043
f 3107/3085/3026 3130/3106/3047 3128/3105/3046
f 3056/3038/2979 2649/2619/2593 3057/3040/2981
f 3110/3089/3030 2657/2604/2578 3073/3108/3049
f 3074/3056/2997 3111/3090/3031 3110/3089/3030
f 3080/3109/3050 3114/3095/3036 3115/3091/3032
f 3079/3059/3000 3081/3060/3001 3115/3091/3032
f 3074/3056/2997 3079/3059/3000 3111/3090/3031
f 3121/3101/3042 3122/3100/3041 3097/3067/3008
f 3125/3110/3051 3101/3072/3013 3097/3067/3008
f 3059/3111/3052 3072/3057/2998 3073/3108/3049
f 3066/3062/3003 3072/3057/2998 3055/3032/2973
f 2666/2610/2584 3116/3094/3035 3104/3096/3037
f 3088/3065/3006 2853/2818/2781 3061/3043/2984
f 3064/3047/2988 3095/3066/3007 3088/3065/3006
f 3107/3085/3026 3128/3105/3046 3109/3181/3122
f 3085/3075/3016 3086/3080/3021 3068/3063/3004
f 3093/3078/3019 3094/3079/3020 3077/3061/3002
f 3093/3078/3019 3076/3055/2996 3075/3058/2999
f 3083/3113/3054 3099/3081/3022 3100/3070/3011
f 3082/3052/2993 3084/3051/2992 3100/3070/3011
f 3094/3079/3020 3099/3081/3022 3083/3113/3054
f 3086/3080/3021 3075/3058/2999 3068/3063/3004
f 3104/3096/3037 3107/3085/3026 3103/3084/3025
f 3102/3082/3023 2650/2603/2577 3106/3087/3028
f 3119/3114/3055 3127/3107/3048 3107/3085/3026
f 3065/3046/2987 3137/3120/3061 3139/3117/3058
f 3141/3119/3060 3140/3121/3062 3139/3117/3058
f 3133/3115/3056 3140/3121/3062 3134/3116/3057
f 3135/3122/3063 3137/3120/3061 3065/3046/2987
f 2912/2881/2835 3134/3116/3057 3132/3123/3064
f 3135/3122/3063 3136/3125/3066 3141/3119/3060
f 3132/3123/3064 3134/3116/3057 3141/3119/3060
f 3144/3126/3067 2917/3182/3123 2914/3127/3068
f 2915/3183/3124 3145/3129/3070 2916/2884/2838
f 3143/3128/3069 2914/3127/3068 3142/3150/3091
f 2916/2884/2838 3146/3130/3071 3142/3150/3091
f 2937/2903/2857 3158/3135/3076 3157/3131/3072
f 3161/3138/3079 3162/3139/3080 3160/3141/3082
f 3165/3132/3073 3167/3145/3086 3166/3133/3074
f 3165/3132/3073 3164/3134/3075 3157/3131/3072
f 3166/3133/3074 3167/3145/3086 3171/3136/3077
f 3161/3138/3079 3170/3137/3078 3171/3136/3077
f 3159/3140/3081 3158/3135/3076 2937/2903/2857
f 3160/3141/3082 3162/3139/3080 3163/3142/3083
f 3165/3132/3073 3168/3178/3119 3169/3144/3085
f 3159/3140/3081 3168/3178/3119 3165/3132/3073
f 3169/3144/3085 3172/3300/3241 3171/3136/3077
f 3171/3136/3077 3172/3300/3241 3163/3142/3083
f 3173/3146/3087 3102/3082/3023 3146/3130/3071
f 3108/3086/3027 3174/3148/3089 3106/3087/3028
f 3109/3181/3122 3175/3147/3088 3108/3086/3027
f 3146/3130/3071 3106/3087/3028 3176/3149/3090
f 3174/3148/3089 3177/3172/3113 3176/3149/3090
f 3176/3149/3090 3177/3172/3113 3143/3128/3069
f 3181/3155/3096 3183/3161/3102 3182/3153/3094
f 3184/3157/3098 3187/3165/3106 3188/3159/3100
f 3181/3155/3096 3186/3160/3101 3188/3159/3100
f 3182/3153/3094 3183/3161/3102 3191/3162/3103
f 3188/3159/3100 3193/3164/3105 3191/3162/3103
f 3182/3153/3094 3179/3152/3093 3178/3151/3092
f 3184/3157/3098 3185/3156/3097 3187/3165/3106
f 3182/3153/3094 3190/3163/3104 3189/3166/3107
f 3192/3167/3108 3193/3164/3105 3187/3165/3106
f 3196/3171/3112 3195/3179/3120 3194/3168/3109
f 3175/3147/3088 3197/3169/3110 3174/3148/3089
f 3177/3172/3113 3196/3171/3112 3143/3128/3069
f 3135/3122/3063 3173/3146/3087 3145/3129/3070
f 3151/3173/3114 3178/3151/3092 3121/3101/3042
f 3180/3154/3095 3178/3151/3092 3151/3173/3114
f 3153/3175/3116 3181/3155/3096 3180/3154/3095
f 3154/3158/3099 3184/3157/3098 3155/3176/3117
f 3155/3176/3117 3184/3157/3098 3186/3160/3101
f 3153/3175/3116 3156/3177/3118 3186/3160/3101
f 3144/3126/3067 3194/3168/3109 3169/3144/3085
f 3195/3179/3120 3172/3300/3241 3169/3144/3085
f 3138/3118/3059 3139/3117/3058 3151/3173/3114
f 3133/3115/3056 3147/3184/3125 3148/3180/3121
f 3140/3121/3062 3152/3174/3115 3151/3173/3114
f 3148/3180/3121 3152/3174/3115 3140/3121/3062
f 3189/3166/3107 3190/3163/3104 3175/3147/3088
f 3159/3140/3081 2941/2907/2861 2917/3182/3123
f 3144/3126/3067 3168/3178/3119 3159/3140/3081
f 3132/3123/3064 3136/3125/3066 3145/3129/3070
f 2936/2904/2858 3157/3131/3072 3148/3180/3121
f 3150/3185/3126 3161/3138/3079 3160/3141/3082
f 3164/3134/3075 3166/3133/3074 3153/3175/3116
f 3164/3134/3075 3152/3174/3115 3148/3180/3121
f 3153/3175/3116 3166/3133/3074 3170/3137/3078
f 3150/3185/3126 3156/3177/3118 3170/3137/3078
f 3198/3170/3111 3175/3147/3088 3191/3162/3103
f 3199/3292/3233 3200/3188/3129 3069/3053/2994
f 2962/2942/2890 2963/4385/4292 3201/3187/3128
f 3206/3189/3130 3207/3229/3170 2752/2693/2667
f 3069/3053/2994 3200/3188/3129 3203/3192/3133
f 3201/3187/3128 3207/3229/3170 3206/3189/3130
f 3202/3215/3156 3231/3214/3155 3201/3187/3128
f 3199/3292/3233 2962/2942/2890 3200/3188/3129
f 3205/3190/3131 3206/3189/3130 2751/2696/2670
f 3231/3214/3155 3207/3229/3170 3201/3187/3128
f 3200/3188/3129 3206/3189/3130 3203/3192/3133
f 3209/3193/3134 3210/3233/3174 2968/3194/3135
f 3213/3196/3137 3210/3233/3174 3209/3193/3134
f 3217/3198/3139 3219/3204/3145 3218/3199/3140
f 3221/3200/3141 3220/3208/3149 3217/3198/3139
f 3224/3201/3142 3226/3213/3154 3225/3202/3143
f 3224/3201/3142 3222/3203/3144 3218/3199/3140
f 3227/3205/3146 3228/3232/3173 3230/3206/3147
f 3221/3200/3141 3228/3232/3173 3227/3205/3146
f 2982/2965/2913 2985/2958/2906 3218/3199/3140
f 3221/3200/3141 2992/2964/2912 3215/3210/3151
f 3223/3212/3153 3228/3232/3173 3221/3200/3141
f 3220/3208/3149 3219/3204/3145 3217/3198/3139
f 3224/3201/3142 3227/3205/3146 3229/3207/3148
f 3220/3208/3149 3227/3205/3146 3224/3201/3142
f 3119/3114/3055 3118/3097/3038 2771/2715/2689
f 2772/2716/2690 3233/3217/3158 2773/3237/3178
f 3233/3217/3158 2772/2716/2690 2770/2718/2692
f 3232/3216/3157 2770/2718/2692 3231/3214/3155
f 3236/3235/3176 3237/3222/3163 3235/3236/3177
f 3237/3222/3163 3238/3302/3243 3235/3236/3177
f 3239/3230/3171 3240/3231/3172 3241/3226/3167
f 3240/3231/3172 3242/3225/3166 3241/3226/3167
f 3245/3219/3160 3246/4093/4034 3244/3220/3161
f 3251/3227/3168 3250/3228/3169 3248/4356/4270
f 3239/3230/3171 3241/3226/3167 3247/3223/3164
f 3242/3225/3166 3249/3224/3165 3247/3223/3164
f 3251/3227/3168 3246/4093/4034 3245/3219/3160
f 3248/4356/4270 3250/3228/3169 3238/3302/3243
f 3237/3222/3163 3248/4356/4270 3238/3302/3243
f 3231/3214/3155 2769/2714/2688 2752/2693/2667
f 3222/3203/3144 3240/3231/3172 3239/3230/3171
f 3243/3221/3162 3244/3220/3161 3230/3206/3147
f 2965/2971/2919 2982/2965/2913 3214/3209/3150
f 3216/3211/3152 3215/3210/3151 2968/3194/3135
f 3213/3196/3137 3223/3212/3153 3216/3211/3152
f 3212/3234/3175 3239/3230/3171 3247/3223/3164
f 3233/3217/3158 3236/3235/3176 3235/3236/3177
f 2773/3237/3178 3235/3236/3177 3127/3107/3048
f 3212/3234/3175 3236/3235/3176 3233/3217/3158
f 3212/3234/3175 3214/3209/3150 3239/3230/3171
f 3256/3238/3179 3260/3244/3185 3213/3196/3137
f 3015/2995/2937 3254/3247/3188 3253/3240/3181
f 3258/3242/3183 3259/3246/3187 3261/3243/3184
f 3257/3245/3186 3254/3247/3188 3261/3243/3184
f 3256/3238/3179 3258/3242/3183 3260/3244/3185
f 3195/3179/3120 3016/2911/2865 3262/3248/3189
f 3268/3285/3226 3269/3255/3196 3271/3282/3223
f 3264/3250/3191 3266/3286/3227 3267/3251/3192
f 3267/3251/3192 3272/3254/3195 3270/3253/3194
f 3269/3255/3196 3272/3254/3195 3271/3282/3223
f 3275/3265/3206 3277/3262/3203 3276/3261/3202
f 3263/3249/3190 3279/3264/3205 3274/3256/3197
f 3281/3258/3199 3283/3267/3208 3282/3259/3200
f 3281/3258/3199 3280/3260/3201 3276/3261/3202
f 3278/3263/3204 3049/3021/2963 3019/3257/3198
f 3279/3264/3205 3284/3284/3225 3278/3263/3204
f 3278/3263/3204 3277/3262/3203 3275/3265/3206
f 3281/3258/3199 3284/3284/3225 3285/3266/3207
f 3278/3263/3204 3284/3284/3225 3281/3258/3199
f 3286/3268/3209 3198/3170/3111 3234/3218/3159
f 3196/3171/3112 3263/3249/3190 3195/3179/3120
f 3288/3270/3211 3289/3275/3216 3245/3219/3160
f 3292/3271/3212 3289/3275/3216 3288/3270/3211
f 3291/3273/3214 3293/4153/4094 3292/3271/3212
f 3294/3279/3220 3295/3278/3219 3287/3269/3210
f 3292/3271/3212 3293/4153/4094 3298/3277/3218
f 3296/3274/3215 3297/3276/3217 3294/3279/3220
f 3289/3275/3216 3297/3276/3217 3296/3274/3215
f 3271/3282/3223 3288/3270/3211 3243/3221/3162
f 3290/3272/3213 3288/3270/3211 3272/3254/3195
f 3273/3281/3222 3291/3273/3214 3290/3272/3213
f 3279/3264/3205 3299/3283/3224 3284/3284/3225
f 3213/3196/3137 3260/3244/3185 3269/3255/3196
f 3015/2995/2937 3264/3250/3191 3265/3252/3193
f 3261/3243/3184 3270/3253/3194 3269/3255/3196
f 3265/3252/3193 3270/3253/3194 3261/3243/3184
f 3196/3171/3112 3279/3264/3205 3263/3249/3190
f 3197/3169/3110 3300/3280/3221 3177/3172/3113
f 3177/3172/3113 3300/3280/3221 3279/3264/3205
f 3275/3265/3206 3276/3261/3202 3267/3251/3192
f 3280/3260/3201 3282/3259/3200 3273/3281/3222
f 3280/3260/3201 3272/3254/3195 3267/3251/3192
f 3297/3276/3217 3301/3287/3228 3295/3278/3219
f 3052/3039/2980 3053/3083/3024 2812/3289/3230
f 2811/3037/2978 3052/3039/2980 2812/3289/3230
f 3061/3043/2984 2822/2880/2834 2821/3044/2985
f 2837/2808/2771 3067/3112/3053 3066/3062/3003
f 2841/2810/2773 3070/3054/2995 2843/2809/2772
f 2852/2817/2780 3085/3075/3016 2849/2815/2778
f 2855/2822/2785 3089/3076/3017 3091/3077/3018
f 2849/2815/2778 3085/3075/3016 3067/3112/3053
f 3070/3054/2995 3089/3076/3017 2855/2822/2785
f 2814/2826/2789 2835/2801/2764 3066/3062/3003
f 2912/2881/2835 2913/2920/2874 3133/3115/3056
f 2916/2884/2838 3142/3150/3091 2868/2885/2839
f 2944/2908/2862 3160/3141/3082 2946/3143/3084
f 3149/3186/3127 3160/3141/3082 2943/2909/2863
f 2913/2920/2874 2929/2890/2844 3147/3184/3125
f 2959/3290/3231 3202/3215/3156 3201/3187/3128
f 2961/3291/3232 3201/3187/3128 2963/4385/4292
f 2986/2957/2905 3217/3198/3139 2985/2958/2906
f 2992/2964/2912 3217/3198/3139 2991/2961/2909
f 3215/3210/3151 2983/3294/3235 2968/3194/3135
f 3016/2911/2865 3263/3249/3190 3019/3257/3198
f 3032/3010/2952 3037/3006/2948 3266/3286/3227
f 3049/3021/2963 3275/3265/3206 3046/3017/2959
f 3045/3018/2960 3275/3265/3206 3266/3286/3227
f 3015/2995/2937 3032/3010/2952 3264/3250/3191
f 2382/2331/2317 2828/2796/2759 2956/2944/2892
f 2960/2940/2888 2841/2810/2773 2840/2802/2765
f 2828/2796/2759 2827/2794/2757 2956/2944/2892
f 2948/2925/2879 1090/2924/2878 2800/2770/2733
f 3080/3109/3050 3081/3060/3001 3205/3190/3131
f 3078/3050/2991 3203/3192/3133 3205/3190/3131
f 3118/3097/3038 3120/3098/3039 2670/2614/2588
f 3092/3073/3014 3209/3193/3134 3208/3195/3136
f 3211/3197/3138 3209/3193/3134 3092/3073/3014
f 3130/3106/3047 3234/3218/3159 3131/3303/3244
f 2877/3298/3239 2995/2973/2921 2948/2925/2879
f 2880/2849/2806 2881/2851/2808 2999/2984/2931
f 2877/3298/3239 2880/2849/2806 2998/2985/2932
f 3010/2994/2936 3011/2993/2935 2933/2893/2847
f 3011/2993/2935 2934/2894/2848 2933/2893/2847
f 2903/2870/2826 1139/2987/1101 2900/3299/3240
f 3155/3176/3117 3256/3238/3179 3255/3239/3180
f 3252/3241/3182 3253/3240/3181 3150/3185/3126
f 3155/3176/3117 3156/3177/3118 3259/3246/3187
f 3150/3185/3126 3257/3245/3186 3259/3246/3187
f 3150/3185/3126 3253/3240/3181 3257/3245/3186
f 3234/3218/3159 3193/3164/3105 3192/3167/3108
f 3163/3142/3083 3262/3248/3189 2945/2910/2864
f 3195/3179/3120 3262/3248/3189 3172/3300/3241
f 2787/2749/2720 2866/2921/2875 2865/2836/2797
f 2787/2749/2720 2865/2836/2797 2783/2756/2722
f 2808/2774/2737 2888/2846/2803 2876/2848/2805
f 2871/2854/2811 2882/2853/2810 2794/2773/2736
f 2822/2880/2834 2909/2879/2833 2821/3044/2985
f 2821/3044/2985 2909/2879/2833 2906/2789/2752
f 2918/2898/2852 2846/2812/2775 2804/2771/2734
f 2808/2774/2737 2848/2820/2783 2922/2892/2846
f 2928/2888/2842 2853/2818/2781 2846/2812/2775
f 2848/2820/2783 2858/3288/3229 2933/2893/2847
f 2882/2853/2810 2918/2898/2852 2804/2771/2734
f 2948/2925/2879 2996/2974/2922 2949/2923/2877
f 2949/2923/2877 2996/2974/2922 3001/2976/2924
f 3001/2976/2924 3005/2981/2928 2955/2933/2883
f 2968/3194/3135 3013/2992/2934 3010/2994/2936
f 2970/2946/2894 3020/3013/2955 3021/2999/2941
f 3021/2999/2941 3024/2998/2940 2980/2953/2901
f 3034/3003/2945 2992/2964/2912 2989/2963/2911
f 3034/3003/2945 3030/3029/2971 2983/3294/3235
f 3024/2998/2940 2989/2963/2911 2980/2953/2901
f 3030/3029/2971 3013/2992/2934 2968/3194/3135
f 3121/3101/3042 3179/3152/3093 3123/3099/3040
f 3126/3102/3043 3185/3156/3097 3154/3158/3099
f 3189/3166/3107 3128/3105/3046 3123/3099/3040
f 3126/3102/3043 3131/3303/3244 3192/3167/3108
f 3105/3048/2989 3173/3146/3087 3063/3049/2990
f 3223/3212/3153 3268/3285/3226 3271/3282/3223
f 3294/3279/3220 3287/3269/3210 3238/3302/3243
f 3296/3274/3215 3294/3279/3220 3238/3302/3243
f 3296/3274/3215 3250/3228/3169 3245/3219/3160
f 2967/3293/3234 3010/2994/2936 2933/2893/2847
f 3154/3158/3099 3255/3239/3180 3211/3197/3138
f 2960/2940/2888 3199/3292/3233 2841/2810/2773
f 3091/3077/3018 3208/3195/3136 2967/3293/3234
f 3012/3295/3236 3252/3241/3182 3149/3186/3127
f 1515/1458/1458 3323/3307/3248 1516/1453/1453
f 1518/1459/1459 3303/3429/3370 3307/3820/3761
f 1522/1455/1455 3305/3376/3317 3304/3304/3245
f 3304/3304/3245 3303/3429/3370 1518/1459/1459
f 3308/3309/3250 3310/3312/3253 3309/3308/3249
f 3309/3308/3249 1534/1483/1483 1533/1464/1464
f 3312/3310/3251 3313/3313/3254 3314/3311/3252
f 1537/1467/1467 3311/3321/3262 3314/3311/3252
f 3316/3314/3255 3317/3319/3260 3319/3315/3256
f 3316/3314/3255 3318/3316/3257 3315/3317/3258
f 3314/3311/3252 3322/3324/3265 3321/3318/3259
f 3320/3320/3261 3322/3324/3265 3314/3311/3252
f 3312/3310/3251 3306/3306/3247 3324/3374/3315
f 3319/3315/3256 3326/3326/3267 3325/3322/3263
f 3323/3307/3248 3312/3310/3251 3308/3309/3250
f 3328/3323/3264 3327/3325/3266 3321/3318/3259
f 3309/3308/3249 3310/3312/3253 3317/3319/3260
f 3309/3308/3249 3316/3314/3255 1543/1473/1473
f 3317/3319/3260 3321/3318/3259 3319/3315/3256
f 3321/3318/3259 3327/3325/3266 3319/3315/3256
f 3329/3327/3268 3330/3330/3271 2432/2396/2373
f 3336/3328/3269 3333/3331/3272 2437/2391/2368
f 3334/3329/3270 3335/3377/3318 2441/2393/2370
f 3330/3330/3271 3336/3328/3269 2435/2390/2367
f 3331/3378/3319 3332/3375/3316 2434/2389/2366
f 3329/3327/3268 2434/2389/2366 3332/3375/3316
f 3334/3329/3270 2440/2395/2372 2437/2391/2368
f 3338/3332/3273 3339/3348/3289 3337/3352/3293
f 3338/3332/3273 3337/3352/3293 2445/2398/2375
f 3340/3349/3290 3339/3348/3289 3342/3334/3275
f 2450/2400/2377 3340/3349/3290 3342/3334/3275
f 3337/3352/3293 3343/3351/3292 3332/3375/3316
f 3344/3336/3277 3347/3344/3285 3348/3337/3278
f 3346/3339/3280 3347/3344/3285 3344/3336/3277
f 3350/3340/3281 3351/3814/3755 3342/3334/3275
f 3342/3334/3275 3351/3814/3755 3349/3341/3282
f 3338/3332/3273 3344/3336/3277 3345/3338/3279
f 2459/2412/2389 3344/3336/3277 3338/3332/3273
f 3347/3344/3285 3352/3343/3284 3348/3337/3278
f 3354/3346/3287 3351/3814/3755 3350/3340/3281
f 3348/3337/3278 3350/3340/3281 3345/3338/3279
f 3352/3343/3284 3355/3347/3288 3354/3346/3287
f 3337/3352/3293 3340/3349/3290 3343/3351/3292
f 3352/3343/3284 3354/3346/3287 3350/3340/3281
f 3357/3353/3294 3302/3358/3299 3358/3354/3295
f 3361/3355/3296 3362/3462/3403 3591/3356/3297
f 3360/3357/3298 3591/3356/3297 3358/3354/3295
f 3372/3363/3304 3373/3368/3309 3356/3345/3286
f 3375/3364/3305 3376/3365/3306 3374/3366/3307
f 3378/3367/3308 3379/3819/3760 3373/3368/3309
f 3377/3370/3311 3379/3819/3760 3378/3367/3308
f 3367/3359/3300 3374/3366/3307 3366/3360/3301
f 3375/3364/3305 3370/3361/3302 3371/3362/3303
f 3368/3371/3312 3367/3359/3300 3326/3326/3267
f 3372/3363/3304 3355/3347/3288 3370/3361/3302
f 3378/3367/3308 3372/3363/3304 3375/3364/3305
f 3378/3367/3308 3375/3364/3305 3367/3359/3300
f 1514/1451/1451 3357/3353/3294 3359/3372/3313
f 3302/3358/3299 3307/3820/3761 3360/3357/3298
f 3359/3372/3313 3365/3373/3314 3306/3306/3247
f 3369/3369/3310 3368/3371/3312 3327/3325/3266
f 3327/3325/3266 3368/3371/3312 3326/3326/3267
f 3329/3327/3268 3357/3353/3294 3330/3330/3271
f 3329/3327/3268 3332/3375/3316 3359/3372/3313
f 3343/3351/3292 3365/3373/3314 3359/3372/3313
f 3353/3342/3283 3370/3361/3302 3352/3343/3284
f 3323/3307/3248 3308/3309/3250 1533/1464/1464
f 3315/3317/3258 3318/3316/3257 3305/3376/3317
f 2445/2398/2375 3337/3352/3293 3331/3378/3319
f 3335/3377/3318 3347/3344/3285 3346/3339/3280
f 1582/3384/3325 3381/3379/3320 1581/1517/1517
f 1590/1513/1513 3385/4386/4293 3384/3382/3323
f 3383/3822/3763 3385/4386/4293 1590/1513/1513
f 3387/3821/3762 1583/1521/1521 3381/3379/3320
f 3387/3821/3762 3383/3822/3763 1583/1521/1521
f 1580/3825/3766 3380/3385/3326 1582/3384/3325
f 1589/1522/1522 3384/3382/3323 3382/3380/3321
f 3380/3385/3326 3386/3383/3324 1582/3384/3325
f 3388/3350/3291 2495/3395/3336 3343/3351/3292
f 3394/3391/3332 2503/2460/2434 2502/3392/3333
f 3394/3391/3332 3396/3815/3756 2508/2450/2424
f 2508/2450/2424 3396/3815/3756 3395/3394/3335
f 2504/2453/2427 3395/3394/3335 2498/2447/2421
f 2497/3386/3327 3390/3388/3329 3389/3387/3328
f 2498/2447/2421 3390/3388/3329 2497/3386/3327
f 2495/3395/3336 2496/2458/2432 3389/3387/3328
f 3389/3387/3328 3391/3389/3330 3343/3351/3292
f 3403/3397/3338 3404/3400/3341 3402/3398/3339
f 3405/3396/3337 3406/3415/3356 3403/3397/3338
f 3403/3397/3338 3407/3402/3343 3408/3399/3340
f 3403/3397/3338 3406/3415/3356 3409/3401/3342
f 3413/3404/3345 3415/3417/3358 3414/3406/3347
f 3419/3407/3348 3420/3854/3795 3418/3408/3349
f 3416/3416/3357 3417/3409/3350 3418/3408/3349
f 3427/3410/3351 3425/3419/3360 3424/3411/3352
f 3427/3410/3351 3426/3412/3353 3422/3413/3354
f 3405/3396/3337 3416/3416/3357 3406/3415/3356
f 3423/3414/3355 3422/3413/3354 3414/3406/3347
f 3404/3400/3341 3408/3399/3340 3411/3403/3344
f 3425/3419/3360 3420/3854/3795 3419/3407/3348
f 3411/3403/3344 3412/3405/3346 3410/3418/3359
f 3404/3400/3341 3411/3403/3344 3410/3418/3359
f 3391/3389/3330 3397/3421/3362 3381/3379/3320
f 3398/3420/3361 3387/3821/3762 3381/3379/3320
f 3365/3373/3314 3391/3389/3330 3386/3383/3324
f 3390/3388/3329 3397/3421/3362 3391/3389/3330
f 3399/3422/3363 3397/3421/3362 3392/3390/3331
f 3397/3421/3362 3405/3396/3337 3402/3398/3339
f 3402/3398/3339 3410/3418/3359 3398/3420/3361
f 3304/3304/3245 3305/3376/3317 3430/3423/3364
f 3430/3423/3364 3433/3505/3446 3432/3425/3366
f 3432/3425/3366 3433/3505/3446 1623/1547/1547
f 3434/3428/3369 3436/3430/3371 3435/3449/3390
f 3428/3427/3368 3431/3431/3372 3436/3430/3371
f 3304/3304/3245 3429/3424/3365 3428/3427/3368
f 3428/3427/3368 3429/3424/3365 3432/3425/3366
f 1619/1553/1553 3431/3431/3372 3432/3425/3366
f 3446/3499/3440 3447/3445/3386 3437/3444/3385
f 3438/3435/3376 3449/3446/3387 3448/3436/3377
f 3451/3437/3378 3452/3443/3384 3441/3438/3379
f 3444/3441/3382 3453/3500/3441 3454/3433/3374
f 3443/3432/3373 3445/3442/3383 3454/3433/3374
f 3449/3446/3387 3443/3432/3373 3455/3434/3375
f 3452/3443/3384 3453/3500/3441 3444/3441/3382
f 3450/3440/3381 3440/3439/3380 3437/3444/3385
f 1641/1566/1566 3457/3456/3397 3456/3447/3388
f 1642/1587/1587 1614/1551/1551 3458/3448/3389
f 1640/1567/1567 3456/3447/3388 1639/1569/1569
f 3460/3450/3391 3462/3454/3395 3461/3451/3392
f 3461/3451/3392 1650/1579/1579 1649/1573/1573
f 3468/3458/3399 3469/3501/3442 3457/3456/3397
f 3466/3455/3396 3468/3458/3399 3457/3456/3397
f 3461/3451/3392 3462/3454/3395 3466/3455/3396
f 3461/3451/3392 3465/3457/3398 1655/1578/1578
f 3464/3453/3394 3467/3459/3400 3466/3455/3396
f 1657/1580/1580 3467/3459/3400 3464/3453/3394
f 3495/3468/3409 3473/3469/3410 3470/3461/3402
f 3435/3449/3390 3495/3468/3409 3360/3357/3298
f 3472/3465/3406 3474/3467/3408 3471/3463/3404
f 3470/3461/3402 3472/3465/3406 3363/3464/3405
f 3475/3466/3407 3472/3465/3406 3470/3461/3402
f 3478/3480/3421 3449/3446/3387 3479/3481/3422
f 3486/3472/3413 3485/3476/3417 3374/3366/3307
f 3487/3482/3423 3479/3481/3422 3488/3478/3419
f 3485/3476/3417 3477/3485/3426 3476/3479/3420
f 3480/3483/3424 3489/3473/3414 3490/3475/3416
f 3485/3476/3417 3489/3473/3414 3480/3483/3424
f 3490/3475/3416 3492/3477/3418 3483/3470/3411
f 3483/3470/3411 3492/3477/3418 3484/3471/3412
f 3455/3434/3375 3484/3471/3412 3479/3481/3422
f 3494/3487/3428 3497/3762/3703 3496/3488/3429
f 3501/3490/3431 3502/3494/3435 3500/3491/3432
f 3504/3493/3434 3503/3504/3445 3500/3491/3432
f 3507/3496/3437 3508/3829/3770 3506/3497/3438
f 3506/3497/3438 3502/3494/3435 3501/3490/3431
f 3506/3497/3438 3508/3829/3770 3504/3493/3434
f 3494/3487/3428 3507/3496/3437 3505/3498/3439
f 3476/3479/3420 3477/3485/3426 3447/3445/3386
f 3480/3483/3424 3481/3484/3425 3452/3443/3384
f 3480/3483/3424 3451/3437/3378 3450/3440/3381
f 3453/3500/3441 3482/3486/3427 3483/3470/3411
f 3455/3434/3375 3454/3433/3374 3483/3470/3411
f 3481/3484/3425 3482/3486/3427 3453/3500/3441
f 3477/3485/3426 3450/3440/3381 3447/3445/3386
f 3457/3456/3397 3494/3487/3428 3456/3447/3388
f 3458/3448/3389 1639/1569/1569 3493/3489/3430
f 3469/3501/3442 3498/3495/3436 3494/3487/3428
f 3431/3431/3372 1642/1587/1587 3436/3430/3371
f 3441/3438/3379 3460/3450/3391 3459/3452/3393
f 3459/3452/3393 1649/1573/1573 3439/3502/3443
f 3444/3441/3382 3445/3442/3383 3464/3453/3394
f 3442/3503/3444 3463/3460/3401 3464/3453/3394
f 3441/3438/3379 3444/3441/3382 3460/3450/3391
f 3499/3492/3433 3500/3491/3432 3491/3474/3415
f 3503/3504/3445 3492/3477/3418 3491/3474/3415
f 3433/3505/3446 3440/3439/3380 3439/3502/3443
f 3437/3444/3385 3440/3439/3380 3430/3423/3364
f 1655/1578/1578 3465/3457/3398 3457/3456/3397
f 3486/3472/3413 3376/3365/3306 3471/3463/3404
f 3474/3467/3408 3489/3473/3414 3486/3472/3413
f 3494/3487/3428 3505/3498/3439 3497/3762/3703
f 3509/3823/3764 3510/3507/3448 3438/3435/3376
f 3384/3382/3323 3385/4386/4293 3511/3506/3447
f 3515/3508/3449 3516/3551/3492 1693/1614/1614
f 3438/3435/3376 3510/3507/3448 3513/3510/3451
f 3511/3506/3447 3516/3551/3492 3515/3508/3449
f 3517/3513/3454 3518/3512/3453 3511/3506/3447
f 3509/3823/3764 3384/3382/3323 3510/3507/3448
f 3514/3509/3450 3515/3508/3449 1692/1618/1618
f 3510/3507/3448 3515/3508/3449 3513/3510/3451
f 3518/3512/3453 3516/3551/3492 3511/3506/3447
f 3469/3501/3442 3468/3458/3399 1698/1622/1622
f 1695/1623/1623 3519/3515/3456 1699/3550/3491
f 3520/3514/3455 1697/1626/1626 3518/3512/3453
f 3519/3515/3456 1695/1623/1623 1697/1626/1626
f 3523/3516/3457 3524/3555/3496 3401/3517/3458
f 3526/3519/3460 3524/3555/3496 3523/3516/3457
f 3529/3521/3462 3530/3526/3467 3528/3522/3463
f 3533/3523/3464 3534/3532/3473 3532/3524/3465
f 3533/3523/3464 3531/3525/3466 3528/3522/3463
f 3538/3527/3468 3537/3531/3472 3529/3521/3462
f 3540/3528/3469 3542/3554/3495 3543/3529/3470
f 3538/3527/3468 3542/3554/3495 3540/3528/3469
f 3537/3531/3472 3530/3526/3467 3529/3521/3462
f 3533/3523/3464 3540/3528/3469 3541/3530/3471
f 3537/3531/3472 3540/3528/3469 3533/3523/3464
f 3410/3418/3359 3412/3405/3346 3528/3522/3463
f 3538/3527/3468 3426/3412/3353 3535/3534/3475
f 3539/3536/3477 3542/3554/3495 3538/3527/3468
f 3545/3556/3497 3546/3538/3479 3544/3549/3490
f 3546/3538/3479 3548/3818/3759 3544/3549/3490
f 3549/3552/3493 3550/3553/3494 3551/3545/3486
f 3550/3553/3494 3552/3544/3485 3551/3545/3486
f 3557/3541/3482 3558/3974/3915 3556/3542/3483
f 3561/3546/3487 3560/3547/3488 3559/4364/4278
f 3546/3538/3479 3559/4364/4278 3548/3818/3759
f 3549/3552/3493 3551/3545/3486 3553/3539/3480
f 3552/3544/3485 3554/3540/3481 3553/3539/3480
f 3561/3546/3487 3558/3974/3915 3557/3541/3482
f 3559/4364/4278 3560/3547/3488 3548/3818/3759
f 3519/3515/3456 3545/3556/3497 3544/3549/3490
f 1699/3550/3491 3544/3549/3490 3498/3495/3436
f 3521/3548/3489 3545/3556/3497 3519/3515/3456
f 3518/3512/3453 1696/1625/1625 1693/1614/1614
f 3531/3525/3466 3550/3553/3494 3549/3552/3493
f 3555/3543/3484 3556/3542/3483 3543/3529/3470
f 3398/3420/3361 3410/3418/3359 3527/3533/3474
f 3536/3535/3476 3535/3534/3475 3401/3517/3458
f 3526/3519/3460 3539/3536/3477 3536/3535/3476
f 3521/3548/3489 3549/3552/3493 3553/3539/3480
f 3521/3548/3489 3527/3533/3474 3549/3552/3493
f 3334/3329/3270 3563/3559/3500 3564/3557/3498
f 2699/2648/2622 3568/3638/3579 3567/3558/3499
f 3567/3558/3499 3568/3638/3579 3564/3557/3498
f 3562/3561/3502 3563/3559/3500 3334/3329/3270
f 2695/2653/2627 2698/2649/2623 3567/3558/3499
f 3562/3561/3502 3566/3562/3503 3567/3558/3499
f 3588/3577/3518 3583/3568/3509 3589/3567/3508
f 3580/3566/3507 3587/3569/3510 3589/3567/3508
f 3570/3570/3511 3574/3635/3576 3573/3571/3512
f 3579/3573/3514 3586/3578/3519 3585/3574/3515
f 3585/3574/3515 3584/3636/3577 3570/3570/3511
f 3571/3565/3506 3576/3564/3505 3572/3826/3767
f 3582/3576/3517 3588/3577/3518 3586/3578/3519
f 3584/3636/3577 3574/3635/3576 3570/3570/3511
f 3572/3826/3767 3576/3564/3505 3580/3566/3507
f 3617/3632/3573 3358/3354/3295 3590/3586/3527
f 3596/3581/3522 3595/3585/3526 3594/3582/3523
f 3593/3579/3520 3597/3701/3642 3592/3580/3521
f 3596/3581/3522 3599/3639/3580 3598/3584/3525
f 3358/3354/3295 3591/3356/3297 3592/3580/3521
f 3594/3582/3523 3595/3585/3526 3593/3579/3520
f 3598/3584/3525 3597/3701/3642 3593/3579/3520
f 3575/3563/3504 3602/3590/3531 3603/3587/3528
f 3589/3567/3508 3611/3595/3536 3610/3602/3543
f 3609/3592/3533 3611/3595/3536 3589/3567/3508
f 3613/3593/3534 3614/3597/3538 3615/3596/3537
f 3611/3595/3536 3616/3598/3539 3615/3596/3537
f 3603/3587/3528 3609/3592/3533 3587/3569/3510
f 3605/3589/3530 3612/3594/3535 3604/3588/3529
f 3606/3591/3532 3616/3598/3539 3609/3592/3533
f 3605/3589/3530 3371/3362/3303 3600/3599/3540
f 3607/3601/3542 3608/3637/3578 3614/3597/3538
f 3607/3601/3542 3613/3593/3534 3605/3589/3530
f 3608/3637/3578 3610/3602/3543 3614/3597/3538
f 2723/2685/2659 3617/3632/3573 3618/3603/3544
f 2722/2652/2626 3618/3603/3544 3619/3618/3559
f 3619/3618/3559 3621/3604/3545 2716/2669/2643
f 3624/3606/3547 3625/3611/3552 3623/3607/3548
f 3624/3606/3547 3622/3608/3549 2727/2675/2649
f 3623/3607/3548 3625/3611/3552 3627/3612/3553
f 3621/3604/3545 3632/3630/3571 3631/3614/3555
f 3632/3630/3571 3633/3616/3557 3631/3614/3555
f 3624/3606/3547 3628/3615/3556 3629/3610/3551
f 2736/2678/2652 3628/3615/3556 3624/3606/3547
f 3629/3610/3551 3630/3827/3768 3627/3612/3553
f 3627/3612/3553 3630/3827/3768 2738/2681/2655
f 3633/3616/3557 3630/3827/3768 3629/3610/3551
f 3636/3726/3667 3644/3631/3572 3621/3604/3545
f 3590/3586/3527 3634/3750/3691 3635/3617/3558
f 3636/3726/3667 3637/3763/3704 3644/3631/3572
f 3639/3619/3560 3641/3628/3569 3640/3620/3561
f 3643/3622/3563 3641/3628/3569 3639/3619/3560
f 3647/3624/3565 3649/3740/3681 3648/3627/3568
f 3647/3624/3565 3646/3626/3567 3640/3620/3561
f 3643/3622/3563 3649/3740/3681 3647/3624/3565
f 3645/3625/3566 3690/3629/3570 3644/3631/3572
f 3645/3625/3566 3648/3627/3568 3690/3629/3570
f 2695/2653/2627 3566/3562/3503 3617/3632/3573
f 3566/3562/3503 3565/3560/3501 3617/3632/3573
f 3622/3608/3549 3623/3607/3548 3579/3573/3514
f 3622/3608/3549 3578/3575/3516 3577/3633/3574
f 3582/3576/3517 3623/3607/3548 3627/3612/3553
f 3581/3634/3575 3583/3568/3509 3627/3612/3553
f 3592/3580/3521 3597/3701/3642 3634/3750/3691
f 3590/3586/3527 3592/3580/3521 3634/3750/3691
f 3615/3596/3537 3639/3619/3560 3638/3621/3562
f 3642/3623/3564 3639/3619/3560 3615/3596/3537
f 3617/3632/3573 3590/3586/3527 3618/3603/3544
f 3619/3618/3559 3636/3726/3667 3621/3604/3545
f 3574/3635/3576 3601/3600/3541 3600/3599/3540
f 3586/3578/3519 3608/3637/3578 3607/3601/3542
f 3607/3601/3542 3601/3600/3541 3584/3636/3577
f 3588/3577/3518 3610/3602/3543 3608/3637/3578
f 3335/3377/3318 3564/3557/3498 3570/3570/3511
f 3577/3633/3574 3578/3575/3516 3568/3638/3579
f 3568/3638/3579 3578/3575/3516 3570/3570/3511
f 3604/3588/3529 3596/3581/3522 3364/3583/3524
f 3612/3594/3535 3613/3593/3534 3599/3639/3580
f 3604/3588/3529 3612/3594/3535 3596/3581/3522
f 3620/3605/3546 3628/3615/3556 2736/2678/2652
f 3631/3614/3555 3628/3615/3556 3620/3605/3546
f 3637/3763/3704 3646/3626/3567 3645/3625/3566
f 3637/3763/3704 3645/3625/3566 3644/3631/3572
f 3650/3641/3582 3653/3646/3587 3654/3642/3583
f 3581/3634/3575 3657/3645/3586 3658/3650/3591
f 2763/2726/2700 3660/3649/3590 3659/3644/3585
f 3659/3644/3585 3660/3649/3590 3654/3642/3583
f 3661/3648/3589 3652/3643/3584 3654/3642/3583
f 3650/3641/3582 3651/3640/3581 3653/3646/3587
f 3657/3645/3586 3659/3644/3585 3658/3650/3591
f 3658/3650/3591 3659/3644/3585 3653/3646/3587
f 3664/3652/3593 3665/3656/3597 3663/3653/3594
f 3668/3655/3596 3667/3824/3765 3663/3653/3594
f 3672/3657/3598 3673/3668/3609 3671/3658/3599
f 3680/3662/3603 3682/4071/4012 3681/3663/3604
f 3681/3663/3604 3673/3668/3609 3672/3657/3598
f 3685/3665/3606 3686/3669/3610 3687/3666/3607
f 3669/3674/3615 3678/3672/3613 3670/3659/3600
f 3677/3661/3602 3684/3667/3608 3676/3660/3601
f 3681/3663/3604 3682/4071/4012 3686/3669/3610
f 3681/3663/3604 3685/3665/3606 3677/3661/3602
f 3676/3660/3601 3675/3671/3612 3674/3690/3631
f 3678/3672/3613 3679/3664/3605 3672/3657/3598
f 3676/3660/3601 3684/3667/3608 3675/3671/3612
f 2776/2724/2698 3661/3648/3589 2774/2725/2699
f 2776/2724/2698 3688/3688/3629 3655/3647/3588
f 2780/2723/2697 3689/3673/3614 2778/2722/2696
f 3689/3673/3614 3688/3688/3629 2776/2724/2698
f 3632/3630/3571 2777/2684/2658 2779/2745/2718
f 3690/3629/3570 3693/3799/3740 3691/3687/3628
f 3694/3675/3616 3696/3684/3625 3695/3676/3617
f 3698/3677/3618 3700/3685/3626 3699/3678/3619
f 3705/3680/3621 3704/3682/3623 3699/3678/3619
f 3693/3799/3740 3703/3681/3622 3691/3687/3628
f 3691/3687/3628 3702/3686/3627 3701/3683/3624
f 3693/3799/3740 3704/3682/3623 3703/3681/3622
f 3661/3648/3589 3660/3649/3590 2763/2726/2700
f 3678/3672/3613 3695/3676/3617 3680/3662/3603
f 3687/3666/3607 3698/3677/3618 3697/3679/3620
f 3666/3689/3630 3399/3422/3363 3655/3647/3588
f 3691/3687/3628 3692/3691/3632 3689/3673/3614
f 3690/3629/3570 3691/3687/3628 2780/2723/2697
f 3689/3673/3614 3692/3691/3632 3688/3688/3629
f 3675/3671/3612 3665/3656/3597 3664/3652/3593
f 3675/3671/3612 3683/3670/3611 3668/3655/3596
f 3666/3689/3630 3688/3688/3629 3694/3675/3616
f 3688/3688/3629 3692/3691/3632 3701/3683/3624
f 3475/3466/3407 3708/3698/3639 3709/3692/3633
f 3715/3697/3638 3714/3696/3637 3709/3692/3633
f 3711/3694/3635 3714/3696/3637 3712/3695/3636
f 3706/3699/3640 3708/3698/3639 3475/3466/3407
f 3598/3584/3525 3712/3695/3636 3710/3700/3641
f 3710/3700/3641 3712/3695/3636 3715/3697/3638
f 3706/3699/3640 3713/3702/3643 3715/3697/3638
f 3726/3703/3644 3458/3448/3389 3746/3704/3645
f 3497/3762/3703 3727/3706/3647 3496/3488/3429
f 3496/3488/3429 3728/3707/3648 3493/3489/3430
f 3737/3713/3654 3738/3717/3658 3735/3714/3655
f 3737/3713/3654 3740/3718/3659 3741/3716/3657
f 3732/3711/3652 3739/3722/3663 3741/3716/3657
f 3735/3714/3655 3729/3709/3650 3730/3708/3649
f 3732/3711/3652 3731/3710/3651 3739/3722/3663
f 3735/3714/3655 3738/3717/3658 3743/3719/3660
f 3741/3716/3657 3744/3721/3662 3743/3719/3660
f 3735/3714/3655 3742/3720/3661 3733/3723/3664
f 3734/3724/3665 3744/3721/3662 3739/3722/3663
f 3749/3725/3666 3637/3763/3704 3636/3726/3667
f 3635/3617/3558 3746/3704/3645 3747/3744/3685
f 3634/3750/3691 3745/3705/3646 3635/3617/3558
f 3748/3727/3668 3636/3726/3667 3747/3744/3685
f 3640/3620/3561 3751/3732/3673 3750/3728/3669
f 3753/3735/3676 3754/3736/3677 3752/3738/3679
f 3757/3729/3670 3758/3742/3683 3756/3730/3671
f 3757/3729/3670 3755/3731/3672 3750/3728/3669
f 3756/3730/3671 3758/3742/3683 3760/3733/3674
f 3753/3735/3676 3759/3734/3675 3760/3733/3674
f 3761/3737/3678 3751/3732/3673 3640/3620/3561
f 3752/3738/3679 3754/3736/3677 3762/3739/3680
f 3757/3729/3670 3763/3760/3701 3764/3741/3682
f 3761/3737/3678 3763/3760/3701 3757/3729/3670
f 3764/3741/3682 3765/3828/3769 3760/3733/3674
f 3760/3733/3674 3765/3828/3769 3762/3739/3680
f 3746/3704/3645 3493/3489/3430 3766/3743/3684
f 3766/3743/3684 3767/3747/3688 3748/3727/3668
f 3728/3707/3648 3767/3747/3688 3766/3743/3684
f 3727/3706/3647 3768/3746/3687 3728/3707/3648
f 3772/3749/3690 3771/3761/3702 3770/3745/3686
f 3767/3747/3688 3772/3749/3690 3748/3727/3668
f 3710/3700/3641 3713/3702/3643 3745/3705/3646
f 3638/3621/3562 3750/3728/3669 3720/3751/3692
f 3722/3753/3694 3753/3735/3676 3752/3738/3679
f 3755/3731/3672 3756/3730/3671 3724/3755/3696
f 3755/3731/3672 3723/3756/3697 3720/3751/3692
f 3724/3755/3696 3756/3730/3671 3759/3734/3675
f 3722/3753/3694 3725/3757/3698 3759/3734/3675
f 3769/3748/3689 3727/3706/3647 3743/3719/3660
f 3706/3699/3640 3726/3703/3644 3745/3705/3646
f 3716/3758/3699 3730/3708/3649 3499/3492/3433
f 3724/3755/3696 3737/3713/3654 3736/3715/3656
f 3736/3715/3656 3730/3708/3649 3716/3758/3699
f 3717/3712/3653 3732/3711/3652 3718/3759/3700
f 3724/3755/3696 3725/3757/3698 3740/3718/3659
f 3718/3759/3700 3732/3711/3652 3740/3718/3659
f 3749/3725/3666 3770/3745/3686 3764/3741/3682
f 3771/3761/3702 3765/3828/3769 3764/3741/3682
f 3707/3693/3634 3709/3692/3633 3716/3758/3699
f 3711/3694/3635 3719/3752/3693 3720/3751/3692
f 3720/3751/3692 3723/3756/3697 3714/3696/3637
f 3714/3696/3637 3723/3756/3697 3716/3758/3699
f 3733/3723/3664 3742/3720/3661 3727/3706/3647
f 3761/3737/3678 3646/3626/3567 3637/3763/3704
f 3749/3725/3666 3763/3760/3701 3761/3737/3678
f 3774/3764/3705 3775/3772/3713 3526/3519/3460
f 3668/3655/3596 3778/3773/3714 3777/3766/3707
f 3780/3768/3709 3778/3773/3714 3782/3769/3710
f 3779/3771/3712 3781/3770/3711 3782/3769/3710
f 3774/3764/3705 3779/3771/3712 3775/3772/3713
f 3783/3813/3754 3784/3779/3720 3785/3810/3751
f 3786/3774/3715 3788/3807/3748 3789/3775/3716
f 3789/3775/3716 3791/3778/3719 3790/3777/3718
f 3784/3779/3720 3791/3778/3719 3785/3810/3751
f 3793/3780/3721 3769/3748/3689 3547/3537/3478
f 3794/3781/3722 3795/3786/3727 3557/3541/3482
f 3799/3782/3723 3801/4198/4139 3800/3783/3724
f 3800/3783/3724 3795/3786/3727 3794/3781/3722
f 3796/3790/3731 3802/3789/3730 3819/3805/3746
f 3800/3783/3724 3801/4198/4139 3804/3787/3728
f 3797/3785/3726 3803/3788/3729 3796/3790/3731
f 3795/3786/3727 3803/3788/3729 3797/3785/3726
f 3771/3761/3702 3690/3629/3570 3805/3791/3732
f 3807/3801/3742 3809/3797/3738 3808/3796/3737
f 3812/3793/3734 3813/3803/3744 3811/3794/3735
f 3812/3793/3734 3810/3795/3736 3808/3796/3737
f 3806/3792/3733 3816/3804/3745 3814/3798/3739
f 3815/3800/3741 3809/3797/3738 3807/3801/3742
f 3812/3793/3734 3817/3812/3753 3818/3802/3743
f 3815/3800/3741 3817/3812/3753 3812/3793/3734
f 3815/3800/3741 3704/3682/3623 3693/3799/3740
f 3816/3804/3745 3817/3812/3753 3815/3800/3741
f 3772/3749/3690 3806/3792/3733 3771/3761/3702
f 3807/3801/3742 3808/3796/3737 3789/3775/3716
f 3810/3795/3736 3811/3794/3735 3792/3808/3749
f 3810/3795/3736 3791/3778/3719 3789/3775/3716
f 3803/3788/3729 3820/3809/3750 3802/3789/3730
f 3785/3810/3751 3794/3781/3722 3555/3543/3484
f 3792/3808/3749 3799/3782/3723 3798/3784/3725
f 3798/3784/3725 3794/3781/3722 3791/3778/3719
f 3816/3804/3745 3821/3811/3752 3817/3812/3753
f 3526/3519/3460 3775/3772/3713 3784/3779/3720
f 3668/3655/3596 3786/3774/3715 3787/3776/3717
f 3787/3776/3717 3790/3777/3718 3782/3769/3710
f 3782/3769/3710 3790/3777/3718 3784/3779/3720
f 3772/3749/3690 3816/3804/3745 3806/3792/3733
f 3767/3747/3688 3822/3806/3747 3816/3804/3745
f 3768/3746/3687 3822/3806/3747 3767/3747/3688
f 3336/3328/3269 3617/3632/3573 3565/3560/3501
f 3336/3328/3269 3565/3560/3501 3333/3331/3272
f 3356/3345/3286 3575/3563/3504 3571/3565/3506
f 3569/3572/3513 3573/3571/3512 3347/3344/3285
f 3364/3583/3524 3594/3582/3523 3363/3464/3405
f 3363/3464/3405 3594/3582/3523 3591/3356/3297
f 3600/3599/3540 3371/3362/3303 3353/3342/3283
f 3356/3345/3286 3373/3368/3309 3602/3590/3531
f 3604/3588/3529 3376/3365/3306 3371/3362/3303
f 3373/3368/3309 3379/3819/3760 3606/3591/3532
f 3573/3571/3512 3600/3599/3540 3353/3342/3283
f 3393/3393/3334 3650/3641/3582 3394/3391/3332
f 3394/3391/3332 3650/3641/3582 3652/3643/3584
f 3652/3643/3584 3655/3647/3588 3392/3390/3331
f 3401/3517/3458 3664/3652/3593 3662/3654/3595
f 3405/3396/3337 3669/3674/3615 3670/3659/3600
f 3670/3659/3600 3671/3658/3599 3419/3407/3348
f 3676/3660/3601 3426/3412/3353 3424/3411/3352
f 3676/3660/3601 3674/3690/3631 3421/3817/3758
f 3671/3658/3599 3424/3411/3352 3419/3407/3348
f 3674/3690/3631 3664/3652/3593 3401/3517/3458
f 3499/3492/3433 3729/3709/3650 3501/3490/3431
f 3504/3493/3434 3731/3710/3651 3717/3712/3653
f 3733/3723/3664 3505/3498/3439 3501/3490/3431
f 3504/3493/3434 3508/3829/3770 3734/3724/3665
f 3495/3468/3409 3726/3703/3644 3473/3469/3410
f 3539/3536/3477 3783/3813/3754 3785/3810/3751
f 3796/3790/3731 3819/3805/3746 3548/3818/3759
f 3797/3785/3726 3796/3790/3731 3548/3818/3759
f 3797/3785/3726 3560/3547/3488 3557/3541/3482
f 3434/3428/3369 3435/3449/3390 3307/3820/3761
f 3303/3429/3370 3434/3428/3369 3307/3820/3761
f 3471/3463/3404 3364/3583/3524 3363/3464/3405
f 3325/3322/3263 3446/3499/3440 3437/3444/3385
f 3322/3324/3265 3448/3436/3377 3328/3323/3264
f 3374/3366/3307 3476/3479/3420 3366/3360/3301
f 3369/3369/3310 3478/3480/3421 3487/3482/3423
f 3305/3376/3317 3318/3316/3257 3437/3444/3385
f 3366/3360/3301 3476/3479/3420 3446/3499/3440
f 3448/3436/3377 3478/3480/3421 3369/3369/3310
f 3598/3584/3525 3599/3639/3580 3711/3694/3635
f 3635/3617/3558 3747/3744/3685 3619/3618/3559
f 3643/3622/3563 3752/3738/3679 3649/3740/3681
f 3599/3639/3580 3613/3593/3534 3719/3752/3693
f 3721/3754/3695 3752/3738/3679 3642/3623/3564
f 3387/3821/3762 3517/3513/3454 3511/3506/3447
f 3383/3822/3763 3511/3506/3447 3385/4386/4293
f 3414/3406/3347 3529/3521/3462 3412/3405/3346
f 3426/3412/3353 3529/3521/3462 3422/3413/3354
f 3535/3534/3475 3421/3817/3758 3401/3517/3458
f 3690/3629/3570 3806/3792/3733 3693/3799/3740
f 3683/3670/3611 3684/3667/3608 3788/3807/3748
f 3704/3682/3623 3807/3801/3742 3699/3678/3619
f 3668/3655/3596 3683/3670/3611 3786/3774/3715
f 3697/3679/3620 3807/3801/3742 3788/3807/3748
f 1537/1467/1467 3313/3313/3254 3380/3385/3326
f 3382/3380/3321 3322/3324/3265 3320/3320/3261
f 3313/3313/3254 3312/3310/3251 3380/3385/3326
f 3393/3393/3334 2502/3392/3333 3349/3341/3282
f 3443/3432/3373 3513/3510/3451 3514/3509/3450
f 3442/3503/3444 3445/3442/3383 3514/3509/3450
f 3468/3458/3399 3467/3459/3400 1657/1580/1580
f 3488/3478/3419 3523/3516/3457 3522/3518/3459
f 3525/3520/3461 3523/3516/3457 3488/3478/3419
f 3507/3496/3437 3547/3537/3478 3508/3829/3770
f 3572/3826/3767 3651/3640/3581 3393/3393/3334
f 3580/3566/3507 3583/3568/3509 3658/3650/3591
f 3572/3826/3767 3580/3566/3507 3656/3651/3592
f 3662/3654/3595 3663/3653/3594 3606/3591/3532
f 3663/3653/3594 3616/3598/3539 3606/3591/3532
f 3633/3616/3557 2779/2745/2718 3630/3827/3768
f 3718/3759/3700 3774/3764/3705 3773/3765/3706
f 3776/3767/3708 3777/3766/3707 3722/3753/3694
f 3722/3753/3694 3780/3768/3709 3781/3770/3711
f 3718/3759/3700 3725/3757/3698 3781/3770/3711
f 3722/3753/3694 3777/3766/3707 3780/3768/3709
f 3547/3537/3478 3744/3721/3662 3734/3724/3665
f 3762/3739/3680 3805/3791/3732 3648/3627/3568
f 3771/3761/3702 3805/3791/3732 3765/3828/3769
f 3382/3380/3321 3509/3823/3764 3322/3324/3265
f 3487/3482/3423 3522/3518/3459 3400/3816/3757
f 3667/3824/3765 3776/3767/3708 3721/3754/3695
f 3400/3816/3757 3662/3654/3595 3606/3591/3532
f 3717/3712/3653 3773/3765/3706 3525/3520/3461
f 3834/3830/3771 3823/3832/3773 2050/1986/1986
f 3824/3831/3772 2051/1999/1999 2050/1986/1986
f 3827/3833/3774 3826/4298/4240 2054/1990/1990
f 2054/1990/1990 3826/4298/4240 3825/4299/4241
f 2061/1992/1992 3830/3869/3810 3829/3835/3776
f 3828/3836/3777 3830/3869/3810 2061/1992/1992
f 3831/3837/3778 2046/1983/1983 3833/3858/3799
f 2044/1984/1984 3831/3837/3778 2045/1981/1981
f 2046/1983/1983 3825/4299/4241 3833/3858/3799
f 3824/3831/3772 3828/3836/3777 2059/1996/1996
f 2045/1981/1981 3834/3830/3771 2047/1985/1985
f 2060/2001/2001 3829/3835/3776 3827/3833/3774
f 2979/2954/2902 3837/4305/4247 3836/4307/4249
f 3838/3839/3780 3837/4305/4247 2979/2954/2902
f 3839/3841/3782 2976/2949/2897 3840/4306/4248
f 3843/3843/3784 2988/2969/2917 2987/2956/2904
f 3847/3845/3786 3842/3844/3785 2987/2956/2904
f 3845/3846/3787 3846/4054/3995 2994/2960/2908
f 2994/2960/2908 3846/4054/3995 3844/3847/3788
f 2977/2951/2899 3847/3845/3786 2984/2959/2907
f 2990/2966/2914 3844/3847/3788 3838/3839/3780
f 2975/2950/2898 3839/3841/3782 2977/2951/2899
f 2976/2949/2897 3836/4307/4249 3840/4306/4248
f 3843/3843/3784 3845/3846/3787 2993/2962/2910
f 3849/3848/3789 3409/3401/3342 3851/4290/4231
f 3854/3850/3791 3852/3852/3793 3413/3404/3345
f 3853/3851/3792 3415/3417/3358 3413/3404/3345
f 3857/3853/3794 3856/4289/4230 3418/3408/3349
f 3418/3408/3349 3856/4289/4230 3855/4291/4232
f 3427/3410/3351 3860/3954/3895 3859/3855/3796
f 3858/3856/3797 3860/3954/3895 3427/3410/3351
f 3409/3401/3342 3855/4291/4232 3851/4290/4231
f 3853/3851/3792 3858/3856/3797 3423/3414/3355
f 3408/3399/3340 3854/3850/3791 3411/3403/3344
f 3425/3419/3360 3859/3855/3796 3857/3853/3794
f 3407/3402/3343 3849/3848/3789 3408/3399/3340
f 3831/3837/3778 3862/3860/3801 3863/3857/3798
f 3831/3837/3778 3833/3858/3799 3862/3860/3801
f 3839/3841/3782 3840/4306/4248 3863/3857/3798
f 3839/3841/3782 3862/3860/3801 3864/3861/3802
f 3849/3848/3789 3851/4290/4231 3864/3861/3802
f 3850/3849/3790 3862/3860/3801 3865/3859/3800
f 3874/3862/3803 3876/3866/3807 3875/3863/3804
f 3874/3862/3803 3877/3867/3808 3878/3865/3806
f 2094/2025/2025 2095/2036/2036 3878/3865/3806
f 3875/3863/3804 3879/3871/3812 3880/3868/3809
f 3881/3870/3811 3882/3876/3817 3880/3868/3809
f 2101/2030/2030 3882/3876/3817 3881/3870/3811
f 3885/4387/4294 3886/3919/3860 3884/3874/3815
f 3887/3875/3816 3886/3919/3860 3885/4387/4294
f 3874/3862/3803 3873/3864/3805 3888/3873/3814
f 3880/3868/3809 3885/4387/4294 3884/3874/3815
f 3887/3875/3816 3885/4387/4294 3880/3868/3809
f 3875/3863/3804 3876/3866/3807 3879/3871/3812
f 3878/3865/3806 3881/3870/3811 3879/3871/3812
f 2100/2031/2031 3881/3870/3811 3878/3865/3806
f 2103/2054/2054 3888/3873/3814 2107/2043/2043
f 3891/3877/3818 3890/3923/3864 2111/2041/2041
f 3892/4301/4243 3893/4302/4244 2114/2045/2045
f 2114/2045/2045 3893/4302/4244 3891/3877/3818
f 3896/3879/3820 3897/3889/3830 3895/3880/3821
f 3895/3880/3821 3897/3889/3830 3899/3882/3823
f 3027/3002/2944 3898/3883/3824 3899/3882/3823
f 3905/3887/3828 3906/3890/3831 3904/3888/3829
f 3904/3888/3829 3906/3890/3831 3038/3007/2949
f 3909/3922/3863 3906/3890/3831 3908/3891/3832
f 3902/3886/3827 3904/3888/3829 3899/3882/3823
f 3899/3882/3823 3904/3888/3829 3036/3009/2951
f 3907/3921/3862 3908/3891/3832 3903/3885/3826
f 3895/3880/3821 3898/3883/3824 3901/3892/3833
f 3894/3881/3822 3901/3892/3833 3900/3895/3836
f 3903/3885/3826 3905/3887/3828 3902/3886/3827
f 3908/3891/3832 3905/3887/3828 3903/3885/3826
f 3043/3025/2967 3911/3899/3840 3910/3893/3834
f 3914/3896/3837 3048/3024/2966 3047/3016/2958
f 3050/3019/2961 3916/4126/4067 3915/3898/3839
f 3044/3020/2962 3915/3898/3839 3911/3899/3840
f 3901/3892/3833 3042/3023/2965 3912/3894/3835
f 3042/3023/2965 3040/3022/2964 3910/3893/3834
f 3914/3896/3837 3916/4126/4067 3050/3019/2961
f 3921/3912/3853 4145/3904/3845 3909/3922/3863
f 3925/3900/3841 3924/3905/3846 3923/3911/3852
f 3922/3902/3843 3869/3901/3842 3866/3907/3848
f 3919/3909/3850 3926/3906/3847 3922/3902/3843
f 3924/3905/3846 3921/3912/3853 3920/3910/3851
f 3925/3900/3841 3927/3903/3844 3924/3905/3846
f 3922/3902/3843 3927/3903/3844 3925/3900/3841
f 3929/3913/3854 3889/3918/3859 3928/3914/3855
f 3934/3915/3856 3935/4149/4090 3933/3916/3857
f 3929/3913/3854 3934/3915/3856 3930/3917/3858
f 3886/3919/3860 3918/3908/3849 3866/3907/3848
f 3919/3909/3850 3918/3908/3849 3886/3919/3860
f 3883/3872/3813 3863/3857/3798 3917/3920/3861
f 3917/3920/3861 3928/3914/3855 2108/2039/2039
f 3930/3917/3858 3892/4301/4243 3889/3918/3859
f 3920/3910/3851 3921/3912/3853 3908/3891/3832
f 3911/3899/3840 3928/3914/3855 3910/3893/3834
f 3910/3893/3834 3928/3914/3855 3917/3920/3861
f 2094/2025/2025 3877/3867/3808 3888/3873/3814
f 3890/3923/3864 3882/3876/3817 2101/2030/2030
f 3027/3002/2944 3041/3015/2957 3901/3892/3833
f 3913/3897/3838 3047/3016/2958 3038/3007/2949
f 3937/3924/3865 3939/3936/3877 3938/3925/3866
f 3938/3925/3866 3939/3936/3877 3943/3929/3870
f 2153/2081/2081 3942/3930/3871 3943/3929/3870
f 3944/3932/3873 3946/3934/3875 3945/3933/3874
f 3945/3933/3874 3946/3934/3875 2158/2084/2084
f 3951/3982/3923 3946/3934/3875 3949/3935/3876
f 3948/3981/3922 3949/3935/3876 3940/3927/3868
f 3938/3925/3866 3942/3930/3871 3950/3937/3878
f 3936/3926/3867 3950/3937/3878 3947/3943/3884
f 3940/3927/3868 3944/3932/3873 3941/3928/3869
f 3941/3928/3869 3945/3933/3874 3943/3929/3870
f 3943/3929/3870 3945/3933/3874 2157/2088/2088
f 3949/3935/3876 3944/3932/3873 3940/3927/3868
f 3953/3938/3879 2167/2101/2101 2166/2093/2093
f 2168/2102/2102 3955/3944/3885 3954/3940/3881
f 2170/2096/2096 3957/4009/3950 3956/3941/3882
f 3950/3937/3878 2163/2100/2100 3958/3942/3883
f 2163/2100/2100 2160/2099/2099 3954/3940/3881
f 3953/3938/3879 3957/4009/3950 2170/2096/2096
f 2161/2097/2097 3956/3941/3882 3955/3944/3885
f 3960/3945/3886 3962/3950/3891 3961/3946/3887
f 3532/3524/3465 3534/3532/3473 3965/3948/3889
f 3960/3945/3886 3964/3949/3890 3965/3948/3889
f 3961/3946/3887 3966/3956/3897 3967/3953/3894
f 3969/4388/4295 3970/3985/3926 3968/3957/3898
f 3543/3529/3470 3972/3959/3900 3971/3955/3896
f 3971/3955/3896 3972/3959/3900 3967/3953/3894
f 3973/3958/3899 3970/3985/3926 3969/4388/4295
f 3961/3946/3887 3962/3950/3891 3966/3956/3897
f 3541/3530/3471 3971/3955/3896 3965/3948/3889
f 3965/3948/3889 3971/3955/3896 3966/3956/3897
f 3960/3945/3886 3959/3947/3888 3985/3952/3893
f 3967/3953/3894 3969/4388/4295 3968/3957/3898
f 3973/3958/3899 3969/4388/4295 3967/3953/3894
f 3975/3969/3910 4038/3965/3906 3951/3982/3923
f 3980/3960/3901 3979/3966/3907 3978/3968/3909
f 3979/3966/3907 3975/3969/3910 3974/3967/3908
f 3981/3962/3903 3983/3964/3905 3980/3960/3901
f 3980/3960/3901 3983/3964/3905 3979/3966/3907
f 3981/3962/3903 3871/3961/3902 3868/3970/3911
f 3982/3972/3913 3984/3963/3904 3981/3962/3903
f 3550/3553/3494 3985/3952/3893 3552/3544/3485
f 3988/3973/3914 3987/3984/3925 3556/3542/3483
f 3989/4294/4236 3990/4295/4237 3561/3546/3487
f 3561/3546/3487 3990/4295/4237 3988/3973/3914
f 3992/3975/3916 3986/3980/3921 3991/3976/3917
f 3996/3977/3918 3998/4042/3983 3997/3978/3919
f 3992/3975/3916 3996/3977/3918 3995/3979/3920
f 3974/3967/3908 3975/3969/3910 3949/3935/3876
f 3955/3944/3885 3991/3976/3917 3954/3940/3881
f 3954/3940/3881 3991/3976/3917 3976/3983/3924
f 3532/3524/3465 3964/3949/3890 3985/3952/3893
f 3987/3984/3925 3972/3959/3900 3543/3529/3470
f 2153/2081/2081 2162/2092/2092 3950/3937/3878
f 3952/3939/3880 2166/2093/2093 2158/2084/2084
f 3970/3985/3926 3977/3971/3912 3868/3970/3911
f 3982/3972/3913 3977/3971/3912 3970/3985/3926
f 3963/3951/3892 3865/3859/3800 3976/3983/3924
f 3976/3983/3924 3991/3976/3917 3554/3540/3481
f 3995/3979/3920 3989/4294/4236 3986/3980/3921
f 3999/3992/3933 4004/3993/3934 4003/4045/3986
f 4005/3986/3927 4006/4046/3987 4001/3987/3928
f 4001/3987/3928 4008/4047/3988 4009/3989/3930
f 4001/3987/3928 4006/4046/3987 4008/4047/3988
f 3999/3992/3933 4002/3990/3931 4007/3991/3932
f 3891/3877/3818 4011/4002/3943 4010/3994/3935
f 4010/3994/3935 4011/4002/3943 4014/3995/3936
f 2202/2131/2131 4013/3996/3937 4014/3995/3936
f 4017/4014/3955 4018/3998/3939 4016/4000/3941
f 4014/3995/3936 4015/3999/3940 2205/2137/2137
f 4012/4001/3942 4015/3999/3940 4011/4002/3943
f 4016/4000/3941 4015/3999/3940 4012/4001/3942
f 4020/4003/3944 4021/4005/3946 4019/4011/3952
f 4020/4003/3944 4022/4006/3947 4023/4004/3945
f 2213/2143/2143 2214/2149/2149 4023/4004/3945
f 4019/4011/3952 4021/4005/3946 4024/4007/3948
f 4023/4004/3945 4025/4010/3951 4024/4007/3948
f 2217/2148/2148 4025/4010/3951 4023/4004/3945
f 4028/4012/3953 4027/4049/3990 2220/2156/2156
f 4029/4013/3954 2196/2133/2133 2219/2154/2154
f 2218/2150/2150 4028/4012/3953 2207/2146/2146
f 3926/3906/3847 4035/4021/3962 4037/4015/3956
f 4030/4022/3963 4031/4026/3967 4035/4021/3962
f 4032/4023/3964 4038/3965/3906 4039/4018/3959
f 4039/4018/3959 4041/4020/3961 4034/4025/3966
f 4034/4025/3966 4041/4020/3961 4035/4021/3962
f 4040/4017/3958 4042/4019/3960 4039/4018/3959
f 4047/4030/3971 4044/4028/3969 4045/4027/3968
f 3930/3917/3858 4043/4033/3974 4017/4014/3955
f 4046/4032/3973 4049/4296/4238 4043/4033/3974
f 4047/4030/3971 4049/4296/4238 4046/4032/3973
f 4050/4041/3982 3992/3975/3916 4027/4049/3990
f 3994/4034/3975 4052/4038/3979 4051/4035/3976
f 4054/4037/3978 4053/4048/3989 4051/4035/3976
f 4056/4039/3980 3998/4042/3983 3996/3977/3918
f 4055/4040/3981 4057/4297/4239 4056/4039/3980
f 4055/4040/3981 3996/3977/3918 3992/3975/3916
f 4056/4039/3980 4052/4038/3979 3994/4034/3975
f 4056/4039/3980 4057/4297/4239 4054/4037/3978
f 4060/4043/3984 4059/4287/4228 4050/4041/3982
f 4004/3993/3934 4031/4026/3967 4030/4022/3963
f 4032/4023/3964 4033/4024/3965 4006/4046/3987
f 4008/4047/3988 4033/4024/3965 4034/4025/3966
f 4007/3991/3932 4009/3989/3930 4034/4025/3966
f 4004/3993/3934 4007/3991/3932 4031/4026/3967
f 4028/4012/3953 4050/4041/3982 4027/4049/3990
f 4058/4044/3985 2218/2150/2150 4029/4013/3954
f 4001/3987/3928 4020/4003/3944 4019/4011/3952
f 4001/3987/3928 4002/3990/3931 4022/4006/3947
f 2194/2153/2153 2213/2143/2143 4022/4006/3947
f 3993/4036/3977 4051/4035/3976 4040/4017/3958
f 4053/4048/3989 4041/4020/3961 4042/4019/3960
f 4051/4035/3976 4042/4019/3960 4040/4017/3958
f 4018/3998/3939 2219/2154/2154 4015/3999/3940
f 3890/3923/3864 4010/3994/3935 3999/3992/3933
f 4002/3990/3931 4010/3994/3935 4013/3996/3937
f 2194/2153/2153 4002/3990/3931 4013/3996/3937
f 4027/4049/3990 4025/4010/3951 2217/2148/2148
f 4027/4049/3990 4026/4008/3949 4025/4010/3951
f 4037/4015/3956 4045/4027/3968 3931/4029/3970
f 4048/4031/3972 4045/4027/3968 4037/4015/3956
f 4059/4287/4228 4057/4297/4239 4055/4040/3981
f 4059/4287/4228 4055/4040/3981 4050/4041/3982
f 4063/4050/3991 4064/4057/3998 4062/4051/3992
f 4062/4051/3992 4065/4059/4000 4066/4053/3994
f 4069/4389/4296 4070/4108/4049 4068/4062/4003
f 3225/3202/3143 3226/3213/3154 4072/4055/3996
f 4063/4050/3991 4071/4056/3997 4072/4055/3996
f 3230/3206/3147 4074/4064/4005 4073/4058/3999
f 4073/4058/3999 4074/4064/4005 4066/4053/3994
f 4075/4063/4004 4070/4108/4049 4069/4389/4296
f 4063/4050/3991 4061/4052/3993 4103/4061/4002
f 4066/4053/3994 4069/4389/4296 4068/4062/4003
f 4075/4063/4004 4069/4389/4296 4066/4053/3994
f 4062/4051/3992 4064/4057/3998 4065/4059/4000
f 3229/3207/3148 4073/4058/3999 4072/4055/3996
f 4072/4055/3996 4073/4058/3999 4065/4059/4000
f 4077/4065/4006 4079/4075/4016 4078/4066/4007
f 3680/3662/3603 4085/4072/4013 4086/4070/4011
f 4078/4066/4007 4079/4075/4016 4086/4070/4011
f 4089/4073/4014 4090/4076/4017 3687/3666/3607
f 4088/4074/4015 4090/4076/4017 4089/4073/4014
f 4091/4111/4052 4090/4076/4017 4084/4077/4018
f 4076/4067/4008 4087/4078/4019 4080/4095/4036
f 4081/4068/4009 4088/4074/4015 4082/4069/4010
f 4086/4070/4011 4089/4073/4014 3686/3669/3610
f 4082/4069/4010 4089/4073/4014 4086/4070/4011
f 4083/4110/4051 4084/4077/4018 4081/4068/4009
f 4078/4066/4007 4085/4072/4013 4087/4078/4019
f 4084/4077/4018 4088/4074/4015 4081/4068/4009
f 4096/4079/4020 4098/4084/4025 4095/4090/4031
f 4094/4091/4032 4205/4083/4024 4091/4111/4052
f 4096/4079/4020 4101/4082/4023 4098/4084/4025
f 4097/4081/4022 4101/4082/4023 4096/4079/4020
f 4097/4081/4022 3870/4080/4021 3867/4086/4027
f 4100/4088/4029 4102/4085/4026 4097/4081/4022
f 4098/4084/4025 4094/4091/4032 4093/4089/4030
f 3240/3231/3172 4103/4061/4002 3242/3225/3166
f 4105/4092/4033 4104/4107/4048 3244/3220/3161
f 4107/4308/4250 4108/4309/4251 3251/3227/3168
f 3251/3227/3168 4108/4309/4251 4105/4092/4033
f 4111/4096/4037 3700/3685/3626 3698/3677/3618
f 3702/3686/3627 4113/4100/4041 4112/4098/4039
f 3705/3680/3621 4115/4217/4158 4114/4099/4040
f 3696/3684/3625 3701/3683/3624 4112/4098/4039
f 4111/4096/4037 4115/4217/4158 3705/3680/3621
f 3703/3681/3622 4114/4099/4040 4113/4100/4041
f 4087/4078/4019 3696/3684/3625 4109/4094/4035
f 4119/4101/4042 4106/4106/4047 4118/4102/4043
f 4122/4103/4044 4123/4227/4168 4121/4104/4045
f 4119/4101/4042 4122/4103/4044 4120/4105/4046
f 3225/3202/3143 4071/4056/3997 4103/4061/4002
f 4104/4107/4048 4074/4064/4005 3230/3206/3147
f 3680/3662/3603 3695/3676/3617 4087/4078/4019
f 4110/4097/4038 3698/3677/3618 3687/3666/3607
f 4070/4108/4049 4092/4087/4028 3867/4086/4027
f 4100/4088/4029 4092/4087/4028 4070/4108/4049
f 4067/4060/4001 3864/3861/3802 4099/4109/4050
f 4120/4105/4046 4107/4308/4250 4106/4106/4047
f 4099/4109/4050 4118/4102/4043 3249/3224/3165
f 4093/4089/4030 4094/4091/4032 4084/4077/4018
f 4113/4100/4041 4118/4102/4043 4112/4098/4039
f 4112/4098/4039 4118/4102/4043 4099/4109/4050
f 4128/4118/4059 4131/4119/4060 4130/4172/4113
f 4126/4112/4053 4127/4173/4114 4125/4113/4054
f 4125/4113/4054 4132/4174/4115 4134/4116/4057
f 4128/4118/4059 4129/4115/4056 4133/4117/4058
f 4125/4113/4054 4127/4173/4114 4132/4174/4115
f 4136/4122/4063 4137/4123/4064 4135/4128/4069
f 3282/3259/3200 3283/3267/3208 4141/4120/4061
f 4136/4122/4063 4140/4121/4062 4141/4120/4061
f 4135/4128/4069 4137/4123/4064 4138/4124/4065
f 3285/3266/3207 4142/4127/4068 4141/4120/4061
f 4141/4120/4061 4142/4127/4068 4138/4124/4065
f 4102/4085/4026 4151/4134/4075 4153/4131/4072
f 4146/4129/4070 4154/4135/4076 4147/4130/4071
f 4148/4136/4077 4149/4140/4081 4151/4134/4075
f 4143/4137/4078 4145/3904/3845 4147/4130/4071
f 4150/4139/4080 4155/4133/4074 4151/4134/4075
f 4147/4130/4071 4155/4133/4074 4150/4139/4080
f 4156/4148/4089 3929/3913/3854 4174/4171/4112
f 3932/4141/4082 4159/4147/4088 4158/4142/4083
f 4161/4144/4085 3935/4149/4090 3934/3915/3856
f 4163/4146/4087 4162/4175/4116 4158/4142/4083
f 4160/4145/4086 4164/4304/4246 4161/4144/4085
f 4160/4145/4086 3934/3915/3856 3929/3913/3854
f 4161/4144/4085 4159/4147/4088 3932/4141/4082
f 4161/4144/4085 4164/4304/4246 4163/4146/4087
f 4105/4092/4033 4166/4155/4096 4165/4150/4091
f 4165/4150/4091 4166/4155/4096 4168/4151/4092
f 3291/3273/3214 4167/4152/4093 4168/4151/4092
f 4172/4161/4102 4173/4157/4098 4171/4158/4099
f 4168/4151/4092 4170/4156/4097 3298/3277/3218
f 4171/4158/4099 4170/4156/4097 4169/4154/4095
f 4169/4154/4095 4170/4156/4097 4166/4155/4096
f 4175/4159/4100 4174/4171/4112 3299/3283/3224
f 3300/3280/3221 4175/4159/4100 3279/3264/3205
f 4176/4160/4101 3295/3278/3219 3301/3287/3228
f 4180/4165/4106 4178/4163/4104 4177/4162/4103
f 4120/4105/4046 4181/4168/4109 4172/4161/4102
f 4182/4167/4108 4183/4303/4245 4181/4168/4109
f 4180/4165/4106 4183/4303/4245 4182/4167/4108
f 4185/4169/4110 4184/4281/4222 4156/4148/4089
f 4104/4107/4048 4165/4150/4091 4128/4118/4059
f 4129/4115/4056 4165/4150/4091 4167/4152/4093
f 3273/3281/3222 4129/4115/4056 4167/4152/4093
f 4174/4171/4112 4142/4127/4068 3285/3266/3207
f 4174/4171/4112 4139/4125/4066 4142/4127/4068
f 4153/4131/4072 4177/4162/4103 4116/4164/4105
f 4179/4166/4107 4177/4162/4103 4153/4131/4072
f 4184/4281/4222 4164/4304/4246 4160/4145/4086
f 4184/4281/4222 4160/4145/4086 4156/4148/4089
f 4131/4119/4060 4149/4140/4081 4148/4136/4077
f 4143/4137/4078 4144/4138/4079 4127/4173/4114
f 4133/4117/4058 4134/4116/4057 4150/4139/4080
f 4132/4174/4115 4144/4138/4079 4150/4139/4080
f 4131/4119/4060 4133/4117/4058 4149/4140/4081
f 4175/4159/4100 4156/4148/4089 4174/4171/4112
f 4186/4170/4111 3300/3280/3221 4176/4160/4101
f 4125/4113/4054 4136/4122/4063 4135/4128/4069
f 3273/3281/3222 3282/3259/3200 4140/4121/4062
f 4125/4113/4054 4129/4115/4056 4140/4121/4062
f 4157/4143/4084 4158/4142/4083 4146/4129/4070
f 4162/4175/4116 4155/4133/4074 4154/4135/4076
f 4158/4142/4083 4154/4135/4076 4146/4129/4070
f 4173/4157/4098 3301/3287/3228 4170/4156/4097
f 4187/4182/4123 4189/4183/4124 4188/4236/4177
f 4192/4176/4117 4193/4237/4178 4191/4177/4118
f 4191/4177/4118 4196/4238/4179 4197/4179/4120
f 4191/4177/4118 4193/4237/4178 4196/4238/4179
f 4187/4182/4123 4194/4180/4121 4195/4181/4122
f 3984/3963/3904 4201/4190/4131 4202/4184/4125
f 4206/4186/4127 4209/4188/4129 4207/4187/4128
f 4198/4191/4132 4199/4195/4136 4201/4190/4131
f 4203/4192/4133 4205/4083/4024 4207/4187/4128
f 4207/4187/4128 4210/4189/4130 4208/4194/4135
f 4208/4194/4135 4210/4189/4130 4201/4190/4131
f 3988/3973/3914 4212/4201/4142 4211/4196/4137
f 3799/3782/3723 4216/4199/4140 4217/4197/4138
f 4211/4196/4137 4212/4201/4142 4217/4197/4138
f 4215/4230/4171 4219/4203/4144 4214/4204/4145
f 4217/4197/4138 4218/4202/4143 3804/3787/3728
f 4214/4204/4145 4218/4202/4143 4213/4200/4141
f 4213/4200/4141 4218/4202/4143 4212/4201/4142
f 4223/4207/4148 4220/4206/4147 4221/4205/4146
f 3995/3979/3920 4225/4210/4151 4215/4230/4171
f 4222/4209/4150 4226/4310/4252 4225/4210/4151
f 4223/4207/4148 4226/4310/4252 4222/4209/4150
f 4228/4213/4154 4229/4214/4155 4227/4215/4156
f 3811/3794/3735 3813/3803/3744 4231/4211/4152
f 4228/4213/4154 4230/4212/4153 4231/4211/4152
f 4227/4215/4156 4229/4214/4155 4232/4216/4157
f 3818/3802/3743 4234/4219/4160 4231/4211/4152
f 4231/4211/4152 4234/4219/4160 4232/4216/4157
f 4117/4220/4161 4237/4224/4165 4236/4221/4162
f 4239/4223/4164 4238/4234/4175 4236/4221/4162
f 4240/4228/4169 4119/4101/4042 4245/4235/4176
f 4242/4225/4166 4123/4227/4168 4122/4103/4044
f 4241/4226/4167 4243/4311/4253 4242/4225/4166
f 4242/4225/4166 4237/4224/4165 4117/4220/4161
f 4242/4225/4166 4243/4311/4253 4239/4223/4164
f 4241/4226/4167 4122/4103/4044 4119/4101/4042
f 4246/4231/4172 4245/4235/4176 3821/3811/3752
f 3822/3806/3747 4246/4231/4172 3816/3804/3745
f 4244/4229/4170 3802/3789/3730 3820/3809/3750
f 4248/4232/4173 4247/4285/4226 4240/4228/4169
f 4191/4177/4118 4228/4213/4154 4227/4215/4156
f 3792/3808/3749 3811/3794/3735 4230/4212/4153
f 4191/4177/4118 4194/4180/4121 4230/4212/4153
f 4235/4222/4163 4236/4221/4162 4206/4186/4127
f 4238/4234/4175 4210/4189/4130 4209/4188/4129
f 4236/4221/4162 4209/4188/4129 4206/4186/4127
f 4219/4203/4144 3820/3809/3750 4218/4202/4143
f 3987/3984/3925 4211/4196/4137 4187/4182/4123
f 3792/3808/3749 4194/4180/4121 4216/4199/4140
f 4194/4180/4121 4211/4196/4137 4216/4199/4140
f 4245/4235/4176 4234/4219/4160 3818/3802/3743
f 4245/4235/4176 4233/4218/4159 4234/4219/4160
f 4202/4184/4125 4221/4205/4146 4200/4185/4126
f 4224/4208/4149 4221/4205/4146 4202/4184/4125
f 4247/4285/4226 4243/4311/4253 4241/4226/4167
f 4247/4285/4226 4241/4226/4167 4240/4228/4169
f 4189/4183/4124 4199/4195/4136 4198/4191/4132
f 4203/4192/4133 4204/4193/4134 4193/4237/4178
f 4196/4238/4179 4204/4193/4134 4208/4194/4135
f 4195/4181/4122 4197/4179/4120 4208/4194/4135
f 4189/4183/4124 4195/4181/4122 4199/4195/4136
f 4246/4231/4172 4240/4228/4169 4245/4235/4176
f 4249/4233/4174 3822/3806/3747 4244/4229/4170
f 4258/4239/4180 4259/4245/4186 4257/4240/4181
f 4258/4239/4180 4266/4244/4185 4265/4243/4184
f 4263/4242/4183 4262/4241/4182 4265/4243/4184
f 4257/4240/4181 4259/4245/4186 4261/4246/4187
f 4265/4243/4184 4267/4286/4227 4261/4246/4187
f 4264/4248/4189 4267/4286/4227 4265/4243/4184
f 4271/4251/4192 4273/4254/4195 4272/4252/4193
f 4271/4251/4192 4275/4255/4196 4274/4253/4194
f 4269/4250/4191 4268/4249/4190 4274/4253/4194
f 4272/4252/4193 4273/4254/4195 4277/4256/4197
f 4274/4253/4194 4278/4282/4223 4277/4256/4197
f 4270/4258/4199 4278/4282/4223 4274/4253/4194
f 4292/4259/4200 4029/4013/3954 4260/4247/4188
f 4060/4043/3984 4294/4262/4203 4059/4287/4228
f 4058/4044/3985 4280/4261/4202 4060/4043/3984
f 4281/4263/4204 4283/4269/4210 4282/4264/4205
f 4281/4263/4204 4286/4268/4209 4287/4267/4208
f 4282/4264/4205 4283/4269/4210 4289/4270/4211
f 4287/4267/4208 4291/4288/4229 4289/4270/4211
f 4284/4266/4207 4285/4265/4206 4287/4267/4208
f 4290/4272/4213 4291/4288/4229 4287/4267/4208
f 4295/4273/4214 4176/4160/4101 4288/4271/4212
f 4186/4170/4111 4292/4259/4200 4185/4169/4110
f 4185/4169/4110 4279/4260/4201 4184/4281/4222
f 4280/4261/4202 4244/4229/4170 4276/4257/4198
f 4249/4233/4174 4295/4273/4214 4248/4232/4173
f 4248/4232/4173 4293/4274/4215 4247/4285/4226
f 4296/4275/4216 4249/4233/4174 4280/4261/4202
f 4296/4275/4216 4058/4044/3985 4292/4259/4200
f 4296/4275/4216 4186/4170/4111 4295/4273/4214
f 4253/4276/4217 4281/4263/4204 4179/4166/4107
f 4238/4234/4175 4284/4266/4207 4255/4278/4219
f 4255/4278/4219 4284/4266/4207 4286/4268/4209
f 4253/4276/4217 4256/4280/4221 4286/4268/4209
f 4279/4260/4201 4267/4286/4227 4264/4248/4189
f 4294/4262/4203 4276/4257/4198 4277/4256/4197
f 4255/4278/4219 4271/4251/4192 4224/4208/4149
f 4053/4048/3989 4269/4250/4191 4251/4283/4224
f 4255/4278/4219 4256/4280/4221 4275/4255/4196
f 4251/4283/4224 4269/4250/4191 4275/4255/4196
f 4293/4274/4215 4291/4288/4229 4290/4272/4213
f 4279/4260/4201 4260/4247/4188 4261/4246/4187
f 4251/4283/4224 4258/4239/4180 4048/4031/3972
f 4162/4175/4116 4263/4242/4183 4253/4276/4217
f 4253/4276/4217 4263/4242/4183 4266/4244/4185
f 4251/4283/4224 4256/4280/4221 4266/4244/4185
f 4294/4262/4203 4278/4282/4223 4270/4258/4199
f 4293/4274/4215 4288/4271/4212 4289/4270/4211
f 4061/4052/3993 4062/4051/3992 3843/3843/3784
f 3845/3846/3787 4062/4051/3992 3846/4054/3995
f 3841/3842/3783 4067/4060/4001 4061/4052/3993
f 3846/4054/3995 4068/4062/4003 3848/4293/4235
f 3857/3853/3794 4077/4065/4006 4076/4067/4008
f 4076/4067/4008 4080/4095/4036 3851/4290/4231
f 3859/3855/3796 3860/3954/3895 4081/4068/4009
f 3861/4292/4233 4083/4110/4051 4081/4068/4009
f 3857/3853/3794 3859/3855/3796 4077/4065/4006
f 4096/4079/4020 4095/4090/4031 3871/3961/3902
f 4096/4079/4020 3872/4280/4234 3870/4080/4021
f 4095/4090/4031 4093/4089/4030 3868/3970/3911
f 3868/3970/3911 4093/4089/4030 4083/4110/4051
f 3906/3890/3831 4126/4112/4053 4124/4114/4055
f 4139/4125/4066 4174/4171/4112 3915/3898/3839
f 3914/3896/3837 4135/4128/4069 3916/4126/4067
f 3916/4126/4067 4139/4125/4066 3915/3898/3839
f 3909/3922/3863 4145/3904/3845 4143/4137/4078
f 4145/3904/3845 3927/3903/3844 4146/4129/4070
f 4124/4114/4055 4135/4128/4069 3913/3897/3838
f 3931/4029/3970 4157/4143/4084 4146/4129/4070
f 3909/3922/3863 4143/4137/4078 4126/4112/4053
f 4187/4182/4123 4188/4236/4177 3973/3958/3899
f 3982/3972/3913 4198/4191/4132 3984/3963/3904
f 3989/4294/4236 4215/4230/4171 4214/4204/4145
f 3989/4294/4236 4214/4204/4145 4213/4200/4141
f 3988/3973/3914 3990/4295/4237 4213/4200/4141
f 4200/4185/4126 4220/4206/4147 3994/4034/3975
f 4222/4209/4150 3998/4042/3983 3994/4034/3975
f 4188/4236/4177 4198/4191/4132 3982/3972/3913
f 4048/4031/3972 4257/4240/4181 4047/4030/3971
f 4047/4030/3971 4257/4240/4181 4260/4247/4188
f 4054/4037/3978 4268/4249/4190 4053/4048/3989
f 4054/4037/3978 4057/4297/4239 4270/4258/4199
f 3959/3947/3888 3961/3946/3887 3853/3851/3792
f 3858/3856/3797 3961/3946/3887 3860/3954/3895
f 3850/3849/3790 3963/3951/3892 3959/3947/3888
f 3860/3954/3895 3968/3957/3898 3861/4292/4233
f 3827/3833/3774 3937/3924/3865 3936/3926/3867
f 3936/3926/3867 3947/3943/3884 3833/3858/3799
f 3829/3835/3776 3830/3869/3810 3940/3927/3868
f 3827/3833/3774 3829/3835/3776 3937/3924/3865
f 3835/4300/4242 3948/3981/3922 3940/3927/3868
f 3980/3960/3901 3872/4280/4234 3871/3961/3902
f 3980/3960/3901 3978/3968/3909 3869/3901/3842
f 3978/3968/3909 3974/3967/3908 3866/3907/3848
f 3866/3907/3848 3974/3967/3908 3948/3981/3922
f 4090/4076/4017 4192/4176/4117 4190/4178/4119
f 4233/4218/4159 4245/4235/4176 4114/4099/4040
f 4115/4217/4158 4233/4218/4159 4114/4099/4040
f 4111/4096/4037 4227/4215/4156 4115/4217/4158
f 4091/4111/4052 4205/4083/4024 4203/4192/4133
f 4205/4083/4024 4101/4082/4023 4206/4186/4127
f 4091/4111/4052 4203/4192/4133 4192/4176/4117
f 4190/4178/4119 4227/4215/4156 4110/4097/4038
f 4116/4164/4105 4235/4222/4163 4206/4186/4127
f 3999/3992/3933 4003/4045/3986 3887/3875/3816
f 3919/3909/3850 4030/4022/3963 3926/3906/3847
f 3892/4301/4243 4017/4014/3955 4016/4000/3941
f 3891/3877/3818 3893/4302/4244 4012/4001/3942
f 3892/4301/4243 4016/4000/3941 4012/4001/3942
f 3931/4029/3970 4044/4028/3969 3932/4141/4082
f 4046/4032/3973 3935/4149/4090 3932/4141/4082
f 4003/4045/3986 4030/4022/3963 3919/3909/3850
f 4179/4166/4107 4282/4264/4205 4180/4165/4106
f 4180/4165/4106 4282/4264/4205 4288/4271/4212
f 4163/4146/4087 4262/4241/4182 4162/4175/4116
f 4163/4146/4087 4164/4304/4246 4264/4248/4189
f 3873/3864/3805 3875/3863/3804 3824/3831/3772
f 3828/3836/3777 3875/3863/3804 3830/3869/3810
f 3832/3838/3779 3883/3872/3813 3873/3864/3805
f 3830/3869/3810 3884/3874/3815 3835/4300/4242
f 3838/3839/3780 3896/3879/3820 3894/3881/3822
f 3894/3881/3822 3900/3895/3836 3840/4306/4248
f 3844/3847/3788 3846/4054/3995 3903/3885/3826
f 3848/4293/4235 3907/3921/3862 3903/3885/3826
f 3838/3839/3780 3844/3847/3788 3896/3879/3820
f 3925/3900/3841 3923/3911/3852 3870/4080/4021
f 3925/3900/3841 3872/4280/4234 3869/3901/3842
f 3923/3911/3852 3920/3910/3851 3867/4086/4027
f 3867/4086/4027 3920/3910/3851 3907/3921/3862
f 3946/3934/3875 4005/3986/3927 4000/3988/3929
f 4026/4008/3949 4027/4049/3990 3956/3941/3882
f 3953/3938/3879 4019/4011/3952 3957/4009/3950
f 3957/4009/3950 4026/4008/3949 3956/3941/3882
f 3951/3982/3923 4038/3965/3906 4032/4023/3964
f 4038/3965/3906 3983/3964/3905 4040/4017/3958
f 4000/3988/3929 4019/4011/3952 3952/3939/3880
f 3951/3982/3923 4032/4023/3964 4005/3986/3927
f 4128/4118/4059 4130/4172/4113 4075/4063/4004
f 4100/4088/4029 4148/4136/4077 4102/4085/4026
f 4107/4308/4250 4172/4161/4102 4171/4158/4099
f 4107/4308/4250 4171/4158/4099 4169/4154/4095
f 4105/4092/4033 4108/4309/4251 4169/4154/4095
f 4116/4164/4105 4178/4163/4104 4117/4220/4161
f 4182/4167/4108 4123/4227/4168 4117/4220/4161
f 4130/4172/4113 4148/4136/4077 4100/4088/4029
f 4224/4208/4149 4272/4252/4193 4223/4207/4148
f 4223/4207/4148 4272/4252/4193 4276/4257/4198
f 4239/4223/4164 4285/4265/4206 4238/4234/4175
f 4239/4223/4164 4243/4311/4253 4290/4272/4213
f 392/410/410 2223/4316/2175 362/334/334
f 48/43/43 2221/4312/2224 390/358/358
f 407/413/413 2233/4318/2271 399/371/371
f 437/411/411 2248/4390/2269 419/379/379
f 423/4314/4254 2244/4313/2197 2256/4315/2274
f 2248/4390/2269 437/411/411 405/364/364
f 407/413/413 441/412/412 2252/4317/2270
f 2330/4325/2340 486/446/446 487/447/447
f 2260/4330/2282 2338/4321/2284 499/4324/4256
f 551/511/511 2408/4326/2347 2407/4331/4257
f 2333/4322/2290 2252/4317/2270 441/412/412
f 545/505/505 2467/4369/2716 559/502/502
f 2403/4327/2351 548/509/509 445/415/415
f 449/553/553 551/511/511 2407/4331/4257
f 504/453/453 2466/4328/2286 490/456/456
f 960/916/916 959/915/915 2784/4336/2791
f 985/4334/4258 2797/4333/2731 2800/4335/2733
f 2792/4332/2729 981/927/927 964/917/917
f 991/951/951 2869/4341/2802 1025/1010/1010
f 1048/998/998 2873/4391/2873 1038/1009/1009
f 2878/4340/2876 2898/4338/2829 1054/4339/4259
f 1038/1009/1009 2873/4391/2873 1023/975/975
f 1130/1076/1076 2997/4344/2927 2878/4340/2876
f 968/936/936 2947/4343/2741 984/929/929
f 1042/1012/1012 1130/1076/1076 2878/4340/2876
f 1498/1450/1450 3302/3358/3299 1514/1451/1451
f 1513/4346/4260 3307/3820/3761 3302/3358/3299
f 1537/1467/1467 1538/1477/1477 3311/3321/3262
f 3315/3317/3258 1544/1472/1472 1543/1473/1473
f 1538/1477/1477 1547/1476/1476 3320/3320/3261
f 1544/1472/1472 3315/3317/3258 1522/1455/1455
f 3383/3822/3763 1579/1520/1520 1583/1521/1521
f 1623/1547/1547 3439/3502/3443 1635/1588/1588
f 1652/1581/1581 3463/3460/3401 3442/3503/3444
f 1537/1467/1467 1580/3825/3766 1526/1510/1510
f 1638/1589/1589 3442/3503/3444 3512/3511/3452
f 2046/1983/1983 2042/1998/1998 3825/4299/4241
f 3889/3918/3859 2083/2037/2037 2108/2039/2039
f 3889/3918/3859 3892/4301/4243 2106/4348/4262
f 222/280/280 1143/1104/1104 216/200/200
f 276/252/252 278/282/282 1186/1205/1205
f 1188/1199/1199 286/277/277 271/240/240
f 278/282/282 300/281/281 1203/1204/1204
f 240/4349/4263 1156/1115/1115 1192/1200/1200
f 1480/1489/1489 516/474/474 517/475/475
f 356/330/330 1279/1226/1226 1207/1630/1630
f 1272/1232/1232 346/328/328 290/278/278
f 304/546/546 356/330/330 1207/1630/1630
f 534/481/481 1550/1438/1438 526/489/489
f 1483/1434/1434 1203/1204/1204 300/281/281
f 1207/1630/1630 1486/1437/1437 523/4351/4265
f 353/325/325 1548/1632/1632 360/320/320
f 2434/2389/2366 2433/2388/2365 3331/3378/3319
f 2452/4352/4266 3341/3335/3276 3349/3341/3282
f 3346/3339/3280 2462/2406/2383 2441/2393/2370
f 2716/2669/2643 3620/3605/3546 2724/2689/2663
f 2722/2652/2626 3619/3618/3559 2579/2513/2487
f 2732/4353/4267 3626/3613/3554 2738/2681/2655
f 2712/2686/2660 3577/3633/3574 2699/2648/2622
f 2727/2675/2649 3577/3633/3574 2712/2686/2660
f 3581/3634/3575 3626/3613/3554 2732/4353/4267
f 2761/2706/2680 3657/3645/3586 3581/3634/3575
f 2443/2414/2391 3388/3350/3291 2450/2400/2377
f 2715/2687/2661 2761/2706/2680 3581/3634/3575
f 794/763/763 1700/1662/1662 799/764/764
f 798/4354/4268 1702/2170/2170 1700/1662/1662
f 851/803/803 852/807/807 1734/1674/1674
f 1725/1666/1666 841/797/797 840/799/799
f 852/807/807 855/806/806 1738/1673/1673
f 2018/2172/2172 1074/1031/1031 1077/1032/1032
f 920/879/879 1828/1772/1772 1812/1804/1804
f 851/803/803 1067/2158/2158 846/1019/1019
f 907/887/887 1812/1804/1804 2064/2010/2010
f 2976/2949/2897 2974/2968/2916 3836/4307/4249
f 3249/3224/3165 4106/4106/4047 3237/3222/3163
f 4106/4106/4047 4107/4308/4250 3248/4356/4270
f 132/192/192 588/561/561 128/117/117
f 11/12/12 584/565/565 130/118/118
f 142/131/131 150/195/195 604/656/656
f 169/4357/4271 627/593/593 657/659/659
f 147/121/121 642/654/654 194/193/193
f 150/195/195 201/194/194 650/655/655
f 788/816/816 317/291/291 316/292/292
f 657/659/659 933/892/892 465/432/432
f 811/779/779 650/655/655 201/194/194
f 215/543/543 665/1087/1087 817/781/781
f 475/438/438 1058/1099/1099 479/429/429
f 657/659/659 465/432/432 207/198/198
f 215/543/543 469/435/435 936/898/898
f 343/304/304 1057/783/783 338/312/312
f 1266/1218/1218 1267/1217/1217 1710/1718/1718
f 1311/4360/4274 1754/1692/1692 1758/1693/1693
f 1271/1219/1219 1747/1684/1684 1304/1242/1242
f 1880/1822/1822 1428/1424/1424 1424/1376/1376
f 1426/1375/1375 1878/1824/1824 1345/1293/1293
f 1477/4361/4275 1931/1864/1864 1479/1418/1418
f 1901/1885/1885 1931/1864/1864 1477/4361/4275
f 1453/1423/1423 1889/1881/1881 1423/1369/1369
f 1663/1599/1599 2119/2061/2061 1901/1885/1885
f 1307/1256/1256 2022/1701/1701 1309/1247/1247
f 1461/1426/1426 1663/1599/1599 1901/1885/1885
f 2347/2308/2294 2809/2791/2754 2352/2309/2295
f 2358/4362/4276 2812/3289/3230 2809/2791/2754
f 2382/2331/2317 2384/2340/2326 2829/2803/2766
f 2834/2799/2762 2391/2334/2320 2388/2336/2322
f 2384/2340/2326 2397/2339/2325 2840/2802/2765
f 2391/2334/2320 2834/2799/2762 2364/2313/2299
f 2961/3291/3232 2486/2439/2413 2482/2441/2415
f 2663/2615/2589 3114/3095/3036 3080/3109/3050
f 2382/2331/2317 2476/3296/3237 2380/2433/2407
f 2647/2621/2595 3080/3109/3050 3204/3191/3132
f 3409/3401/3342 3416/3416/3357 3855/4291/4232
f 3986/3980/3921 3546/3538/3479 3554/3540/3481
f 3986/3980/3921 3989/4294/4236 3559/4364/4278
